AAA	NTGA	Anaa Airport		French Polynesia	-17.3526	-145.5100	Pacific/Tahiti
AAB	YARY	Arrabury Airport		Australia	-26.7000	141.0500	Australia/Brisbane
AAC	HEAR	El Arish International Airport	El Arish	Egypt	31.0733	33.8358	Africa/Cairo
AAD	HCAD	Adado Airport	Adado	Somalia	6.0958	46.6375	Africa/Nairobi
AAE	DABB	Annaba Airport	Annabah	Algeria	36.8222	7.8092	Africa/Algiers
AAF	KAAF	Apalachicola Regional Airport	Apalachicola	United States	29.7275	-85.0275	America/New_York
AAG	SSYA	Arapoti Airport	Arapoti	Brazil	-24.1039	-49.7891	America/Sao_Paulo
AAH	EDKA	Aachen-Merzbruck Airport	Aachen	Germany	50.8231	6.1864	Europe/Berlin
AAI	SWRA	Arraias Airport	Arraias	Brazil	-13.0239	-46.8856	America/Araguaina
AAJ	SMCA	Cayana Airstrip	Awaradam	Suriname	3.8987	-55.5779	America/Paramaribo
AAK	NGUK	Buariki Airport	Buariki	Kiribati	0.1853	173.6370	Pacific/Tarawa
AAL	EKYT	Aalborg Airport	Aalborg	Denmark	57.0928	9.8492	Europe/Berlin
AAM	FAMD	Malamala Airport	Malamala	South Africa	-24.8181	31.5446	Africa/Johannesburg
AAN	OMAL	Al Ain International Airport	Al Ain	United Arab Emirates	24.2617	55.6092	Asia/Dubai
AAO	SVAN	Anaco Airport	Anaco	Venezuela	9.4302	-64.4707	America/Caracas
AAP	WALS	Aji Pangeran Tumenggung Pranoto International Airport	Samarinda	Indonesia	-0.3736	117.2556	Asia/Makassar
AAQ	URKA	Anapa Airport	Anapa	Russia	45.0021	37.3473	Europe/Moscow
AAR	EKAH	Aarhus Airport	Aarhus	Denmark	56.3000	10.6190	Europe/Berlin
AAT	ZWAT	Altay Air Base	Altay	China	47.7499	88.0858	Asia/Shanghai
AAU	NSAU	Asau Airport	Asau	Samoa	-13.5058	-172.6280	Pacific/Apia
AAV	RPMA	Allah Valley Airport	Surallah	Philippines	6.3668	124.7510	Asia/Manila
AAW	OPAB	Abbottabad Airport	Abbottabad	Pakistan	34.2000	73.2500	Asia/Karachi
AAX	SBAX	Araxa Airport	Araxa	Brazil	-19.5632	-46.9604	America/Sao_Paulo
AAY	OYGD	Al Ghaidah International Airport		Yemen	16.1917	52.1750	Asia/Riyadh
AAZ	MGQZ	Quezaltenango Airport	Quezaltenango	Guatemala	14.8656	-91.5020	America/Guatemala
ABA	UNAA	Abakan Airport	Abakan	Russia	53.7400	91.3850	Asia/Krasnoyarsk
ABB	DNAS	Asaba International Airport	Asaba	Nigeria	6.2033	6.6589	Africa/Lagos
ABC	LEAB	Albacete-Los Llanos Airport	Albacete	Spain	38.9485	-1.8635	Europe/Madrid
ABD	OIAA	Abadan Airport	Abadan	Iran	30.3711	48.2283	Asia/Tehran
ABE	KABE	Lehigh Valley International Airport	Allentown	United States	40.6521	-75.4408	America/New_York
ABF	NGAB	Abaiang Airport	Abaiang	Kiribati	1.7986	173.0410	Pacific/Tarawa
ABG	YABI	Abingdon Downs Airport		Australia	-17.6167	143.1670	Australia/Brisbane
ABH	YAPH	Alpha Airport		Australia	-23.6461	146.5840	Australia/Brisbane
ABI	KABI	Abilene Regional Airport	Abilene	United States	32.4113	-99.6819	America/Chicago
ABJ	DIAP	Port Bouet Airport	Abidjan	Côte d'Ivoire	5.2614	-3.9263	Africa/Abidjan
ABK	HAKD	Kabri Dehar Airport	Kabri Dehar	Ethiopia	6.7340	44.2530	Africa/Nairobi
ABL	PAFM	Ambler Airport	Ambler	United States	67.1063	-157.8570	America/Anchorage
ABM	YBAM	Bamaga Injinoo Airport		Australia	-10.9508	142.4590	Australia/Brisbane
ABN	SMBN	Albina Airport	Albina	Suriname	5.5127	-54.0501	America/Cayenne
ABO	DIAO	Aboisso Airport	Aboisso	Côte d'Ivoire	5.4619	-3.2347	Africa/Abidjan
ABQ	KABQ	Albuquerque International Sunport Airport	Albuquerque	United States	35.0402	-106.6090	America/Denver
ABR	KABR	Aberdeen Regional Airport	Aberdeen	United States	45.4491	-98.4218	America/Chicago
ABS	HEBL	Abu Simbel Airport	Abu Simbel	Egypt	22.3760	31.6117	Africa/Cairo
ABT	OEBA	Al Baha Airport		Saudi Arabia	20.2961	41.6343	Asia/Riyadh
ABU	WRKA	Haliwen Airport	Atambua-Timor Island	Indonesia	-9.0730	124.9050	Asia/Makassar
ABV	DNAA	Nnamdi Azikiwe International Airport	Abuja	Nigeria	9.0068	7.2632	Africa/Lagos
ABX	YMAY	Albury Airport	Albury	Australia	-36.0678	146.9580	Australia/Melbourne
ABY	KABY	Southwest Georgia Regional Airport	Albany	United States	31.5355	-84.1945	America/New_York
ABZ	EGPD	Aberdeen Dyce Airport	Aberdeen	United Kingdom	57.2019	-2.1978	Europe/London
ACA	MMAA	General Juan N Alvarez International Airport	Acapulco	Mexico	16.7571	-99.7540	America/Mexico_City
ACB	KACB	Antrim County Airport	Bellaire	United States	44.9886	-85.1984	America/Detroit
ACC	DGAA	Kotoka International Airport	Accra	Ghana	5.6052	-0.1668	Africa/Abidjan
ACD	SKAD	Alcides Fernandez Airport	Acandi	Colombia	8.5167	-77.3000	America/Bogota
ACE	GCRR	Lanzarote Airport	Lanzarote Island	Spain	28.9455	-13.6052	Atlantic/Canary
ACF	ZWAL	Aral Talim Airport	Aral	China	40.4358	81.2641	Asia/Shanghai
ACH	LSZR	St Gallen Altenrhein Airport	Altenrhein	Switzerland	47.4850	9.5608	Europe/Vienna
ACI	EGJA	Alderney Airport	Saint Anne	Guernsey	49.7061	-2.2147	Europe/London
ACJ	VCCA	Anuradhapura Air Force Base	Anuradhapura	Sri Lanka	8.3015	80.4279	Asia/Colombo
ACK	KACK	Nantucket Memorial Airport	Nantucket	United States	41.2531	-70.0602	America/New_York
ACN	MMCC	Ciudad Acuna New International Airport	Ciudad Acuna	Mexico	29.3329	-101.0990	America/Matamoros
ACP	OITM	Sahand Airport	Maragheh	Iran	37.3480	46.1279	Asia/Tehran
ACR	SKAC	Araracuara Airport	Araracuara	Colombia	-0.5833	-72.4083	America/Bogota
ACS	UNKS	Achinsk Airport	Achinsk	Russia	56.2683	90.5708	Asia/Krasnoyarsk
ACT	KACT	Waco Regional Airport	Waco	United States	31.6113	-97.2305	America/Chicago
ACV	KACV	California Redwood Coast-Humboldt County Airport	Arcata/Eureka	United States	40.9781	-124.1090	America/Los_Angeles
ACX	ZUYI	Xingyi Airport	Xingyi	China	25.0864	104.9594	Asia/Shanghai
ACY	KACY	Atlantic City International Airport	Atlantic City	United States	39.4576	-74.5772	America/New_York
ACZ	OIZB	Zabol Airport		Iran	31.0983	61.5439	Asia/Tehran
ADA	LTAF	Adana Airport	Adana	Turkey	36.9822	35.2804	Europe/Istanbul
ADB	LTBJ	Adnan Menderes International Airport	Izmir	Turkey	38.2924	27.1570	Europe/Istanbul
ADC	AYAN	Andakombe Airport	Andekombe	Papua New Guinea	-7.1372	145.7447	Pacific/Port_Moresby
ADD	HAAB	Bole International Airport	Addis Ababa	Ethiopia	8.9779	38.7993	Africa/Nairobi
ADE	OYAA	Aden International Airport	Aden	Yemen	12.8295	45.0288	Asia/Riyadh
ADF	LTCP	Adiyaman Airport	Adiyaman	Turkey	37.7314	38.4689	Europe/Istanbul
ADG	KADG	Lenawee County Airport	Adrian	United States	41.8677	-84.0773	America/Detroit
ADH	UEEA	Aldan Airport	Aldan	Russia	58.6028	125.4090	Asia/Yakutsk
ADI	FYAR	Arandis Airport	Arandis	Namibia	-22.4622	14.9800	Africa/Windhoek
ADJ	OJAM	Amman-Marka International Airport	Amman	Jordan	31.9727	35.9916	Asia/Amman
ADK	PADK	Adak Airport	Adak Island	United States	51.8780	-176.6460	America/Adak
ADL	YPAD	Adelaide International Airport	Adelaide	Australia	-34.9450	138.5310	Australia/Adelaide
ADM	KADM	Ardmore Municipal Airport	Ardmore	United States	34.3030	-97.0196	America/Chicago
ADN	SKAN	Andes Airport	Andes	Colombia	5.6667	-75.8833	America/Bogota
ADO	YAMK	Andamooka Airport		Australia	-30.4383	137.1370	Australia/Adelaide
ADP	VCCG	Ampara Airport	Ampara	Sri Lanka	7.3369	81.6303	Asia/Colombo
ADQ	PADQ	Kodiak Airport	Kodiak	United States	57.7500	-152.4940	America/Anchorage
ADR	KPHH	Robert F Swinnie Airport	Andrews	United States	33.4517	-79.5262	America/New_York
ADS	KADS	Addison Airport	Dallas	United States	32.9686	-96.8364	America/Chicago
ADT	KADH	Ada Municipal Airport	Ada	United States	34.8043	-96.6713	America/Chicago
ADU	OITL	Ardabil Airport	Ardabil	Iran	38.3257	48.4244	Asia/Tehran
ADW	KADW	Andrews Air Force Base	Camp Springs	United States	38.8108	-76.8670	America/New_York
ADX	EGQL	RAF Leuchars	St. Andrews	United Kingdom	56.3729	-2.8684	Europe/London
ADY	FAAL	Alldays Airport	Alldays	South Africa	-22.6790	29.0555	Africa/Johannesburg
ADZ	SKSP	Gustavo Rojas Pinilla International Airport	San Andres	Colombia	12.5836	-81.7112	America/Bogota
AEA	NGTB	Abemama Atoll Airport	Abemama Atoll	Kiribati	0.4908	173.8290	Pacific/Tarawa
AEB	ZBGS	Tian Yang Air Base	Baise	China	23.7206	106.9600	Asia/Shanghai
AEG	WIME	Aek Godang Airport	Padang Sidempuan	Indonesia	1.4001	99.4305	Asia/Jakarta
AEH	FTTC	Abeche Airport		Chad	13.8470	20.8443	Africa/Ndjamena
AEL	KAEL	Albert Lea Municipal Airport	Albert Lea	United States	43.6815	-93.3672	America/Chicago
AEM	UHTG	Amgu Airport	Amgu	Russia	45.8413	137.6736	Asia/Vladivostok
AEO	GQNA	Aioun el Atrouss Airport	Aioun El Atrouss	Mauritania	16.7113	-9.6379	Africa/Abidjan
AEP	SABE	Jorge Newbery Airpark	Buenos Aires	Argentina	-34.5592	-58.4156	America/Argentina/Buenos_Aires
AER	URSS	Sochi International Airport	Sochi	Russia	43.4499	39.9566	Europe/Moscow
AES	ENAL	Alesund Airport	Alesund	Norway	62.5625	6.1197	Europe/Berlin
AET	PFAL	Allakaket Airport	Allakaket	United States	66.5518	-152.6220	America/Anchorage
AEU	OIBA	Abumusa Island Airport		Iran	25.8757	55.0330	Asia/Tehran
AEX	KAEX	Alexandria International Airport	Alexandria	United States	31.3274	-92.5498	America/Chicago
AEY	BIAR	Akureyri Airport	Akureyri	Iceland	65.6600	-18.0727	Africa/Abidjan
AFA	SAMR	Suboficial Ay Santiago Germano Airport	San Rafael	Argentina	-34.5883	-68.4039	America/Argentina/Mendoza
AFD	FAPA	Port Alfred Airport	Port Alfred	South Africa	-33.5542	26.8777	Africa/Johannesburg
AFE	PAFE	Kake Airport	Kake	United States	56.9614	-133.9100	America/Sitka
AFF	KAFF	USAF Academy Airfield	Colorado Springs	United States	38.9697	-104.8130	America/Denver
AFI	SKAM	Amalfi Airport	Amalfi	Colombia	6.9167	-75.0667	America/Bogota
AFL	SBAT	Alta Floresta Airport	Alta Floresta	Brazil	-9.8664	-56.1050	America/Cuiaba
AFN	KAFN	Jaffrey Airport Silver Ranch Airport	Jaffrey	United States	42.8051	-72.0030	America/New_York
AFO	KAFO	Afton Municipal Airport	Afton	United States	42.7112	-110.9420	America/Denver
AFR	AYAF	Afore Airstrip	Afore	Papua New Guinea	-9.1422	148.3908	Pacific/Port_Moresby
AFS	UZSN	Sugraly Airport	Zarafshan	Uzbekistan	41.6139	64.2332	Asia/Samarkand
AFT	AGAF	Afutara Aerodrome	Bila	Solomon Islands	-9.1914	160.9486	Pacific/Guadalcanal
AFW	KAFW	Fort Worth Alliance Airport	Fort Worth	United States	32.9876	-97.3188	America/Chicago
AFY	LTAH	Afyon Airport	Afyonkarahisar	Turkey	38.7264	30.6011	Europe/Istanbul
AFZ	OIMS	Sabzevar National Airport	Sabzevar	Iran	36.1681	57.5952	Asia/Tehran
AGA	GMAD	Al Massira Airport	Agadir	Morocco	30.3250	-9.4131	Africa/Casablanca
AGB	EDMA	Augsburg Airport	Augsburg	Germany	48.4253	10.9317	Europe/Berlin
AGC	KAGC	Allegheny County Airport	Pittsburgh	United States	40.3544	-79.9302	America/New_York
AGE	EDWG	Wangerooge Airport	Wangerooge	Germany	53.7828	7.9139	Europe/Berlin
AGF	LFBA	Agen-La Garenne Airport	Agen/La Garenne	France	44.1747	0.5906	Europe/Paris
AGH	ESTA	Angelholm-Helsingborg Airport	Angelholm	Sweden	56.2961	12.8471	Europe/Berlin
AGI	SMWA	Wageningen Airport Airport	Wageningen Airport	Suriname	5.7667	-56.6333	America/Paramaribo
AGJ	RORA	Aguni Airport	Aguni	Japan	26.5925	127.2410	Asia/Tokyo
AGL	AYWG	Wanigela Airport		Papua New Guinea	-9.3375	149.1556	Pacific/Port_Moresby
AGN	PAGN	Angoon Seaplane Base	Angoon	United States	57.5036	-134.5850	America/Juneau
AGO	KAGO	Magnolia Municipal Airport	Magnolia	United States	33.2280	-93.2170	America/Chicago
AGP	LEMG	Malaga Airport	Malaga	Spain	36.6749	-4.4991	Europe/Madrid
AGQ	LGAG	Agrinion Airport	Agrinion	Greece	38.6020	21.3512	Europe/Athens
AGR	VIAG	Agra Airport		India	27.1558	77.9609	Asia/Kolkata
AGS	KAGS	Augusta Regional At Bush Field	Augusta	United States	33.3699	-81.9645	America/New_York
AGT	SGES	Guarani International Airport	Ciudad del Este	Paraguay	-25.4600	-54.8400	America/Asuncion
AGU	MMAS	Jesus Teran International Airport	Aguascalientes	Mexico	21.7056	-102.3180	America/Mexico_City
AGV	SVAC	Oswaldo Guevara Mujica Airport	Acarigua	Venezuela	9.5534	-69.2379	America/Caracas
AGX	VOAT	Agatti Airport		India	10.8237	72.1760	Asia/Kolkata
AGZ	FAAG	Aggeneys Airport	Aggeneys	South Africa	-29.2818	18.8139	Africa/Johannesburg
AHB	OEAB	Abha Regional Airport	Abha	Saudi Arabia	18.2404	42.6566	Asia/Riyadh
AHC	KAHC	Amedee Army Air Field	Herlong	United States	40.2662	-120.1530	America/Los_Angeles
AHE	NTHE	Ahe Airport	Ahe Atoll	French Polynesia	-14.4281	-146.2570	Pacific/Tahiti
AHF	K37V	Arapahoe Municipal Airport	Arapahoe	United States	40.3416	-99.9078	America/Chicago
AHH	KAHH	Amery Municipal Airport	Amery	United States	45.2811	-92.3754	America/Chicago
AHI	WAPA	Amahai Airport	Amahai-Seram Island	Indonesia	-3.3480	128.9260	Asia/Jayapura
AHJ	ZUHY	Ngawa Hongyuan Airport	Hongyuan	China	32.5292	102.3569	Asia/Shanghai
AHL	SYAH	Aishalton Airport	Aishalton	Guyana	2.4865	-59.3134	America/Guyana
AHM	KS03	Ashland Municipal Sumner Parker Field	Ashland	United States	42.1903	-122.6610	America/Los_Angeles
AHN	KAHN	Athens Ben Epps Airport	Athens	United States	33.9486	-83.3263	America/New_York
AHO	LIEA	Alghero / Fertilia Airport	Alghero	Italy	40.6321	8.2908	Europe/Rome
AHS	MHAH	Ahuas Airport	Ahuas	Honduras	15.4722	-84.3522	America/Tegucigalpa
AHU	GMTA	Cherif Al Idrissi Airport	Al Hoceima	Morocco	35.1771	-3.8395	Africa/Casablanca
AHZ	LFHU	L'alpe D'huez Airport	Bourg	France	45.0883	6.0847	Europe/Paris
AIA	KAIA	Alliance Municipal Airport	Alliance	United States	42.0532	-102.8040	America/Denver
AID	KAID	Anderson Municipal Darlington Field	Anderson	United States	40.1086	-85.6130	America/Indiana/Indianapolis
AIE	AYAO	Aiome Airport	Aiome	Papua New Guinea	-5.1457	144.7307	Pacific/Port_Moresby
AIF	SBAS	Marcelo Pires Halzhausen Airport	Assis	Brazil	-22.6400	-50.4531	America/Sao_Paulo
AIG	FEFY	Yalinga Airport	Yalinga	Central African Republic	6.5200	23.2600	Africa/Lagos
AII	HDAS	Ali-Sabieh Airport	Ali-Sabieh	Djibouti	11.1469	42.7200	Africa/Nairobi
AIK	KAIK	Aiken Municipal Airport	Aiken	United States	33.6494	-81.6850	America/New_York
AIN	PAWI	Wainwright Airport	Wainwright	United States	70.6380	-159.9950	America/Anchorage
AIO	KAIO	Atlantic Municipal Airport	Atlantic	United States	41.4073	-95.0469	America/Chicago
AIP	VIAX	Adampur Air Force Station		India	31.4338	75.7588	Asia/Kolkata
AIR	SSOU	Aripuanã Airport	Aripuanã	Brazil	-10.1856	-59.4578	America/Cuiaba
AIS	NGTR	Arorae Island Airport	Arorae Island	Kiribati	-2.6161	176.8030	Pacific/Tarawa
AIT	NCAI	Aitutaki Airport	Aitutaki	Cook Islands	-18.8309	-159.7640	Pacific/Rarotonga
AIU	NCAT	Enua Airport	Atiu Island	Cook Islands	-19.9678	-158.1190	Pacific/Rarotonga
AIV	KAIV	George Downer Airport	Aliceville	United States	33.1065	-88.1978	America/Chicago
AIZ	KAIZ	Lee C Fine Memorial Airport	Kaiser Lake Ozark	United States	38.0960	-92.5495	America/Chicago
AJA	LFKJ	Ajaccio-Napoleon Bonaparte Airport	Ajaccio/Napoleon Bonaparte	France	41.9236	8.8029	Europe/Paris
AJF	OESK	Al-Jawf Domestic Airport	Al-Jawf	Saudi Arabia	29.7851	40.1000	Asia/Riyadh
AJI	LTCO	Agri Airport	Agri	Turkey	39.6545	43.0260	Europe/Istanbul
AJJ	GQNJ	Akjoujt Airport	Akjoujt	Mauritania	19.7330	-14.3832	Africa/Abidjan
AJK	OIHR	Arak Airport	Araak	Iran	34.1381	49.8473	Asia/Tehran
AJL	VELP	Lengpui Airport	Aizawl	India	23.8406	92.6197	Asia/Kolkata
AJN	FMCV	Ouani Airport	Ouani	Comoros	-12.1317	44.4303	Africa/Nairobi
AJR	ESNX	Arvidsjaur Airport	Arvidsjaur	Sweden	65.5903	19.2819	Europe/Berlin
AJU	SBAR	Santa Maria Airport	Aracaju	Brazil	-10.9840	-37.0703	America/Maceio
AJY	DRZA	Mano Dayak International Airport	Agadez	Niger	16.9660	8.0001	Africa/Lagos
AKA	ZLAK	Ankang Airport	Ankang	China	32.7081	108.9310	Asia/Shanghai
AKB	PAAK	Atka Airport	Atka	United States	52.2203	-174.2060	America/Adak
AKC	KAKR	Akron Fulton International Airport	Akron	United States	41.0375	-81.4669	America/New_York
AKD	VAAK	Akola Airport		India	20.6990	77.0586	Asia/Kolkata
AKE	FOGA	Akiéni Airport	Akiéni	Gabon	-1.1333	13.9000	Africa/Lagos
AKF	HLKF	Kufra Airport	Kufra	Libya	24.1787	23.3140	Africa/Tripoli
AKH	OEPS	Prince Sultan Air Base		Saudi Arabia	24.0627	47.5805	Asia/Riyadh
AKI	PFAK	Akiak Airport	Akiak	United States	60.9029	-161.2310	America/Anchorage
AKJ	RJEC	Asahikawa Airport	Asahikawa	Japan	43.6708	142.4470	Asia/Tokyo
AKK	PAKH	Akhiok Airport	Akhiok	United States	56.9387	-154.1830	America/Anchorage
AKL	NZAA	Auckland International Airport	Auckland	New Zealand	-37.0081	174.7920	Pacific/Auckland
AKN	PAKN	King Salmon Airport	King Salmon	United States	58.6768	-156.6490	America/Anchorage
AKO	KAKO	Colorado Plains Regional Airport	Akron	United States	40.1756	-103.2220	America/Denver
AKP	PAKP	Anaktuvuk Pass Airport	Anaktuvuk Pass	United States	68.1336	-151.7430	America/Anchorage
AKQ	WIAG	Menggala Airport	Menggala-Sumatra Island	Indonesia	-4.4894	105.2170	Asia/Jakarta
AKR	DNAK	Akure Airport	Akure	Nigeria	7.2467	5.3010	Africa/Lagos
AKS	AGGA	Auki Airport	Auki	Solomon Islands	-8.7026	160.6820	Pacific/Guadalcanal
AKT	LCRA	RAF Akrotiri		Cyprus	34.5904	32.9879	Asia/Nicosia
AKU	ZWAK	Aksu Airport	Aksu	China	41.2625	80.2917	Asia/Shanghai
AKV	CYKO	Akulivik Airport	Akulivik	Canada	60.8186	-78.1486	America/Iqaluit
AKW	OIAG	Aghajari Airport	Omidiyeh	Iran	30.7444	49.6772	Asia/Tehran
AKX	UATT	Aktobe Airport	Aktyubinsk	Kazakhstan	50.2458	57.2067	Asia/Aqtobe
AKY	VYSW	Sittwe Airport	Sittwe	Myanmar	20.1327	92.8726	Asia/Yangon
ALA	UAAA	Almaty Airport	Almaty	Kazakhstan	43.3521	77.0405	Asia/Almaty
ALB	KALB	Albany International Airport	Albany	United States	42.7483	-73.8017	America/New_York
ALC	LEAL	Alicante International Airport	Alicante	Spain	38.2822	-0.5582	Europe/Madrid
ALD	SPAR	Alerta Airport	Fortaleza	Peru	-11.6830	-69.3330	America/Lima
ALF	ENAT	Alta Airport	Alta	Norway	69.9761	23.3717	Europe/Berlin
ALG	DAAG	Houari Boumediene Airport	Algiers	Algeria	36.6910	3.2154	Africa/Algiers
ALH	YABA	Albany Airport	Albany	Australia	-34.9433	117.8090	Australia/Perth
ALI	KALI	Alice International Airport	Alice	United States	27.7409	-98.0269	America/Chicago
ALJ	FAAB	Alexander Bay Airport	Alexander Bay	South Africa	-28.5750	16.5333	Africa/Johannesburg
ALL	LIMG	Villanova D'Albenga International Airport	Albenga	Italy	44.0506	8.1274	Europe/Rome
ALM	KALM	Alamogordo White Sands Regional Airport	Alamogordo	United States	32.8399	-105.9910	America/Denver
ALN	KALN	St Louis Regional Airport	Alton/St Louis	United States	38.8903	-90.0460	America/Chicago
ALO	KALO	Waterloo Regional Airport	Waterloo	United States	42.5571	-92.4003	America/Chicago
ALP	OSAP	Aleppo International Airport	Aleppo	Syria	36.1807	37.2244	Asia/Damascus
ALQ	SSLT	Alegrete Novo Airport	Alegrete	Brazil	-29.8127	-55.8934	America/Sao_Paulo
ALR	NZLX	Alexandra Airport	Alexandra	New Zealand	-45.2117	169.3730	Pacific/Auckland
ALS	KALS	San Luis Valley Regional Bergman Field	Alamosa	United States	37.4349	-105.8670	America/Denver
ALT	SDWQ	Alenquer Airport	Alenquer	Brazil	-1.9169	-54.7228	America/Santarem
ALU	HCMA	Alula Airport	Alula	Somalia	11.9582	50.7480	Africa/Nairobi
ALW	KALW	Walla Walla Regional Airport	Walla Walla	United States	46.0949	-118.2880	America/Los_Angeles
ALX	KALX	Thomas C Russell Field	Alexander City	United States	32.9147	-85.9630	America/Chicago
ALY	HEAX	El Nouzha Airport	Alexandria	Egypt	31.1839	29.9489	Africa/Cairo
AMA	KAMA	Rick Husband Amarillo International Airport	Amarillo	United States	35.2194	-101.7060	America/Chicago
AMB	FMNE	Ambilobe Airport		Madagascar	-13.1884	48.9880	Africa/Nairobi
AMC	FTTN	Am Timan Airport	Am Timan	Chad	11.0340	20.2740	Africa/Ndjamena
AMD	VAAH	Sardar Vallabhbhai Patel International Airport	Ahmedabad	India	23.0772	72.6347	Asia/Kolkata
AMH	HAAM	Arba Minch Airport		Ethiopia	6.0394	37.5905	Africa/Nairobi
AMI	WADA	Selaparang Airport	Mataram-Lombok Island	Indonesia	-8.5607	116.0950	Asia/Makassar
AMJ	SNAR	Cirilo Queiroz Airport	Almenara	Brazil	-16.1839	-40.6672	America/Sao_Paulo
AMK	K00C	Animas Air Park	Durango	United States	37.2032	-107.8690	America/Denver
AMM	OJAI	Queen Alia International Airport	Amman	Jordan	31.7226	35.9932	Asia/Amman
AMN	KAMN	Gratiot Community Airport	Alma	United States	43.3221	-84.6880	America/Detroit
AMO	FTTU	Mao Airport	Mao	Chad	14.1456	15.3144	Africa/Ndjamena
AMP	FMSY	Ampanihy Airport	Ampanihy	Madagascar	-24.6997	44.7342	Africa/Nairobi
AMQ	WAPP	Pattimura Airport Ambon	Ambon	Indonesia	-3.7103	128.0890	Asia/Jayapura
AMS	EHAM	Amsterdam Airport Schiphol	Amsterdam	Netherlands, Kingdom of the	52.3086	4.7639	Europe/Brussels
AMT	YAMT	Amata Airport		Australia	-26.1083	131.2070	Australia/Adelaide
AMU	AYAM	Amanab Airport	Amanab	Papua New Guinea	-3.5860	141.2143	Pacific/Port_Moresby
AMV	ULDD	Amderma Airport	Amderma	Russia	69.7633	61.5564	Europe/Moscow
AMW	KAMW	Ames Municipal Airport	Ames	United States	41.9920	-93.6218	America/Chicago
AMX	YAMM	Ammaroo Airport		Australia	-21.7383	135.2420	Australia/Darwin
AMZ	NZAR	Ardmore Airport	Manurewa	New Zealand	-37.0297	174.9730	Pacific/Auckland
ANB	KANB	Anniston Metropolitan Airport	Anniston	United States	33.5882	-85.8581	America/Chicago
ANC	PANC	Ted Stevens Anchorage International Airport	Anchorage	United States	61.1744	-149.9960	America/Anchorage
AND	KAND	Anderson Regional Airport	Anderson	United States	34.4946	-82.7094	America/New_York
ANE	LFJR	Angers-Loire Airport	Angers/Marce	France	47.5603	-0.3122	Europe/Paris
ANF	SCFA	Cerro Moreno Airport	Antofagasta	Chile	-23.4445	-70.4451	America/Santiago
ANG	LFBU	Angouleme-Brie-Champniers Airport	Angouleme/Brie/Champniers	France	45.7292	0.2215	Europe/Paris
ANI	PANI	Aniak Airport	Aniak	United States	61.5816	-159.5430	America/Anchorage
ANJ	FCBZ	Zanaga Airport	Zanaga	Congo	-2.8500	13.8170	Africa/Lagos
ANK	LTAD	Etimesgut Air Base	Ankara	Turkey	39.9498	32.6886	Europe/Istanbul
ANM	FMNH	Antsirabato Airport		Madagascar	-14.9994	50.3202	Africa/Nairobi
ANN	PANT	Annette Island Airport	Annette	United States	55.0424	-131.5720	America/Metlakatla
ANO	FQAG	Angoche Airport	Angoche	Mozambique	-16.1819	39.9452	Africa/Maputo
ANP	KANP	Lee Airport	Annapolis	United States	38.9429	-76.5684	America/New_York
ANQ	KANQ	Tri State Steuben County Airport	Angola	United States	41.6397	-85.0835	America/Indiana/Indianapolis
ANR	EBAW	Antwerp International Airport (Deurne)	Antwerp	Belgium	51.1894	4.4603	Europe/Brussels
ANS	SPHY	Andahuaylas Airport	Andahuaylas	Peru	-13.7064	-73.3504	America/Lima
ANU	TAPA	V.C. Bird International Airport	St. George	Antigua and Barbuda	17.1367	-61.7927	America/Puerto_Rico
ANV	PANV	Anvik Airport	Anvik	United States	62.6467	-160.1910	America/Anchorage
ANW	KANW	Ainsworth Municipal Airport	Ainsworth	United States	42.5792	-99.9930	America/Chicago
ANX	ENAN	Andoya Airport	Andenes	Norway	69.2925	16.1442	Europe/Berlin
ANY	KANY	Anthony Municipal Airport	Anthony	United States	37.1585	-98.0796	America/Chicago
AOC	EDAC	Altenburg-Nobitz Airport	Altenburg	Germany	50.9819	12.5064	Europe/Berlin
AOE	LTBY	Anadolu University Airport	Eskisehir	Turkey	39.8099	30.5194	Europe/Istanbul
AOG	ZYAS	Anshan Air Base	Anshan	China	41.1053	122.8540	Asia/Shanghai
AOH	KAOH	Lima Allen County Airport	Lima	United States	40.7069	-84.0267	America/New_York
AOI	LIPY	Ancona / Falconara Airport	Ancona	Italy	43.6163	13.3623	Europe/Rome
AOJ	RJSA	Aomori Airport	Aomori	Japan	40.7347	140.6910	Asia/Tokyo
AOK	LGKP	Karpathos Airport	Karpathos Island	Greece	35.4214	27.1460	Europe/Athens
AOL	SARL	Paso De Los Libres Airport	Paso de los Libres	Argentina	-29.6894	-57.1521	America/Argentina/Cordoba
AOM	OOAD	Adam Airport	Adam	Oman	22.4931	57.3819	Asia/Dubai
AOO	KAOO	Altoona Blair County Airport	Altoona	United States	40.2964	-78.3200	America/New_York
AOP	SPAS	Alferez FAP Alfredo Vladimir Sara Bauer Airport	Andoas	Peru	-2.7961	-76.4666	America/Lima
AOR	WMKA	Sultan Abdul Halim Airport	Alor Satar	Malaysia	6.1897	100.3980	Asia/Singapore
AOT	LIMW	Aosta Airport	Aosta	Italy	45.7385	7.3687	Europe/Rome
AOU	VLAP	Attopeu Airport	Attopeu	Laos	14.8147	106.8217	Asia/Bangkok
AOY	OIBI	Asaloyeh Airport	Asaloyeh	Iran	27.4814	52.6155	Asia/Tehran
APA	KAPA	Centennial Airport	Denver	United States	39.5701	-104.8490	America/Denver
APB	SLAP	Apolo Airport	Apolo	Bolivia	-14.7356	-68.4119	America/La_Paz
APC	KAPC	Napa County Airport	Napa	United States	38.2132	-122.2810	America/Los_Angeles
APE	SPAO	San Juan Aposento Airport	San Juan Aposento	Peru	-15.3539	-75.1671	America/Lima
APF	KAPF	Naples Municipal Airport	Naples	United States	26.1526	-81.7753	America/New_York
APG	KAPG	Phillips Army Air Field	Aberdeen Proving Grounds(Aberdeen)	United States	39.4662	-76.1688	America/New_York
APH	KAPH	A P Hill Aaf (Fort A P Hill) Airport	Fort A. P. Hill	United States	38.0689	-77.3183	America/New_York
API	SKAP	Gomez Nino Apiay Air Base	Apiay	Colombia	4.0761	-73.5627	America/Bogota
APJ	ZUPL	Ali Pulan Airport	Burang	China	30.3910	81.1380	Asia/Shanghai
APK	NTGD	Apataki Airport	Apataki	French Polynesia	-15.5736	-146.4150	Pacific/Tahiti
APL	FQNP	Nampula Airport	Nampula	Mozambique	-15.1056	39.2818	Africa/Maputo
APN	KAPN	Alpena County Regional Airport	Alpena	United States	45.0781	-83.5603	America/Detroit
APO	SKLC	Antonio Roldan Betancourt Airport	Carepa	Colombia	7.8120	-76.7164	America/Bogota
APQ	SNAL	Arapiraca Airport	Arapiraca	Brazil	-9.7754	-36.6292	America/Maceio
APS	SWNS	Anapolis Airport	Anapolis	Brazil	-16.3623	-48.9271	America/Sao_Paulo
APT	KAPT	Marion County Brown Field	Jasper	United States	35.0607	-85.5853	America/Chicago
APU	SSAP	Apucarana Airport	Apucarana	Brazil	-23.6095	-51.3845	America/Sao_Paulo
APV	KAPV	Apple Valley Airport	Apple Valley	United States	34.5753	-117.1860	America/Los_Angeles
APW	NSFA	Faleolo International Airport	Apia	Samoa	-13.8300	-172.0080	Pacific/Apia
APX	SSOG	Arapongas Airport	Arapongas	Brazil	-23.3529	-51.4917	America/Sao_Paulo
APY	SNAI	Alto Parnaiba Airport	Alto Parnaiba	Brazil	-9.0836	-45.9506	America/Fortaleza
APZ	SAHZ	Zapala Airport	Zapala	Argentina	-38.9755	-70.1136	America/Argentina/Salta
AQA	SBAQ	Araraquara Airport	Araraquara	Brazil	-21.8120	-48.1330	America/Sao_Paulo
AQB	MGQC	Santa Cruz del Quiche Airport	Santa Cruz del Quiche	Guatemala	15.0122	-91.1506	America/Guatemala
AQG	ZSAQ	Anqing Airport	Anqing	China	30.5822	117.0500	Asia/Shanghai
AQI	OEPA	Hafr Al Batin Airport	Qaisumah	Saudi Arabia	28.3352	46.1251	Asia/Riyadh
AQJ	OJAQ	Aqaba King Hussein International Airport	Aqaba	Jordan	29.6116	35.0181	Asia/Amman
AQM	SWNI	Nova Vida Airport	Ariquemes	Brazil	-10.1781	-62.8256	America/Porto_Velho
AQP	SPQU	Rodriguez Ballon International Airport	Arequipa	Peru	-16.3411	-71.5831	America/Lima
ARA	KARA	Acadiana Regional Airport	New Iberia	United States	30.0378	-91.8839	America/Chicago
ARB	KARB	Ann Arbor Municipal Airport	Ann Arbor	United States	42.2230	-83.7456	America/Detroit
ARC	PARC	Arctic Village Airport	Arctic Village	United States	68.1147	-145.5790	America/Anchorage
ARD	WATM	Mali Airport	Alor Island	Indonesia	-8.1323	124.5970	Asia/Makassar
ARE	TJAB	Antonio Nery Juarbe Pol Airport	Arecibo	Puerto Rico	18.4500	-66.6753	America/Puerto_Rico
ARG	KARG	Walnut Ridge Regional Airport	Walnut Ridge	United States	36.1247	-90.9251	America/Chicago
ARH	ULAA	Talagi Airport	Archangelsk	Russia	64.6003	40.7167	Europe/Moscow
ARI	SCAR	Chacalluta Airport	Arica	Chile	-18.3485	-70.3387	America/Lima
ARJ	WAJA	Arso Airport	Arso-Papua Island	Indonesia	-2.9333	140.7833	Asia/Jayapura
ARK	HTAR	Arusha Airport	Arusha	Tanzania	-3.3678	36.6333	Africa/Nairobi
ARL	DFER	Arly Airport	Arly	Burkina Faso	11.5970	1.4830	Africa/Abidjan
ARM	YARM	Armidale Airport	Armidale	Australia	-30.5281	151.6170	Australia/Sydney
ARN	ESSA	Stockholm-Arlanda Airport	Stockholm	Sweden	59.6519	17.9186	Europe/Berlin
ARR	SAVR	D. Casimiro Szlapelis Airport	Alto Rio Senguerr	Argentina	-45.0136	-70.8122	America/Argentina/Catamarca
ARS	SWEC	Estancia das Cascatas Airport	Aragarcas	Brazil	-15.8967	-52.0956	America/Cuiaba
ART	KART	Watertown International Airport	Watertown	United States	43.9919	-76.0217	America/New_York
ARU	SBAU	Aracatuba Airport	Aracatuba	Brazil	-21.1413	-50.4247	America/Sao_Paulo
ARV	KARV	Lakeland-Noble F. Lee Memorial field	Minocqua-Woodruff	United States	45.9279	-89.7309	America/Chicago
ARW	LRAR	Arad International Airport	Arad	Romania	46.1766	21.2620	Europe/Bucharest
ARY	YARA	Ararat Airport		Australia	-37.3094	142.9890	Australia/Melbourne
ARZ	FNZE	N'zeto Airport	N'zeto	Angola	-7.2594	12.8631	Africa/Lagos
ASA	HHSB	Assab International Airport	Asab	Eritrea	13.0718	42.6450	Africa/Nairobi
ASB	UTAA	Ashgabat Airport	Ashgabat	Turkmenistan	37.9868	58.3610	Asia/Ashgabat
ASC	SLAS	Ascencion De Guarayos Airport	Ascension de Guarayos	Bolivia	-15.9303	-63.1567	America/La_Paz
ASD	MYAF	Andros Town Airport		Bahamas	24.6979	-77.7956	America/Toronto
ASE	KASE	Aspen-Pitkin Co/Sardy Field	Aspen	United States	39.2232	-106.8690	America/Denver
ASF	URWA	Astrakhan Airport	Astrakhan	Russia	46.2833	48.0063	Europe/Astrakhan
ASG	NZAS	Ashburton Aerodrome		New Zealand	-43.9033	171.7970	Pacific/Auckland
ASH	KASH	Boire Field	Nashua	United States	42.7817	-71.5148	America/New_York
ASI	FHAW	RAF Ascension Island	Ascension Island	Saint Helena, Ascension and Tristan da Cunha	-7.9696	-14.3937	Africa/Abidjan
ASJ	RJKA	Amami Airport	Amami	Japan	28.4306	129.7130	Asia/Tokyo
ASK	DIYO	Yamoussoukro Airport	Yamoussoukro	Côte d'Ivoire	6.9032	-5.3656	Africa/Abidjan
ASL	KASL	Harrison County Airport	Marshall	United States	32.5205	-94.3078	America/Chicago
ASM	HHAS	Asmara International Airport	Asmara	Eritrea	15.2919	38.9107	Africa/Nairobi
ASN	KASN	Talladega Municipal Airport	Talladega	United States	33.5699	-86.0509	America/Chicago
ASO	HASO	Asosa Airport	Asosa	Ethiopia	10.0185	34.5863	Africa/Nairobi
ASP	YBAS	Alice Springs Airport	Alice Springs	Australia	-23.8067	133.9020	Australia/Darwin
ASQ	KTMT	Austin Airport	Austin	United States	39.4680	-117.1950	America/Los_Angeles
ASR	LTAU	Kayseri Erkilet Airport	Kayseri	Turkey	38.7704	35.4954	Europe/Istanbul
AST	KAST	Astoria Regional Airport	Astoria	United States	46.1580	-123.8790	America/Los_Angeles
ASU	SGAS	Silvio Pettirossi International Airport	Asuncion	Paraguay	-25.2400	-57.5200	America/Asuncion
ASV	HKAM	Amboseli Airport	Amboseli National Park	Kenya	-2.6451	37.2531	Africa/Nairobi
ASW	HESN	Aswan International Airport	Aswan	Egypt	23.9644	32.8200	Africa/Cairo
ASX	KASX	John F Kennedy Memorial Airport	Ashland	United States	46.5485	-90.9190	America/Chicago
ASY	KASY	Ashley Municipal Airport	Ashley	United States	46.0239	-99.3526	America/Chicago
ATA	SPHZ	Comandante FAP German Arias Graziani Airport	Anta	Peru	-9.3474	-77.5984	America/Lima
ATB	HSAT	Atbara Airport	Atbara	Sudan	17.7103	34.0570	Africa/Khartoum
ATC	MYCA	Arthur's Town Airport	Arthur's Town	Bahamas	24.6294	-75.6738	America/Toronto
ATD	AGAT	Uru Harbour Airport	Atoifi	Solomon Islands	-8.8733	161.0110	Pacific/Guadalcanal
ATE	K80F	Antlers Municipal Airport	Antlers	United States	34.1926	-95.6499	America/Chicago
ATF	SEAM	Chachoan Airport	Ambato	Ecuador	-1.2121	-78.5746	America/Guayaquil
ATH	LGAV	Eleftherios Venizelos International Airport	Athens	Greece	37.9364	23.9445	Europe/Athens
ATI	SUAG	Artigas International Airport	Artigas	Uruguay	-30.4007	-56.5079	America/Montevideo
ATJ	FMME	Antsirabe Airport	Antsirabe	Madagascar	-19.8392	47.0637	Africa/Nairobi
ATK	PATQ	Atqasuk Edward Burnell Sr Memorial Airport	Atqasuk	United States	70.4673	-157.4360	America/Anchorage
ATL	KATL	Hartsfield Jackson Atlanta International Airport	Atlanta	United States	33.6367	-84.4281	America/New_York
ATM	SBHT	Altamira Airport	Altamira	Brazil	-3.2539	-52.2540	America/Santarem
ATO	KUNI	Ohio University Snyder Field	Athens/Albany	United States	39.2110	-82.2314	America/New_York
ATP	AYAI	Aitape Airport	Aitape	Papua New Guinea	-3.1436	142.3468	Pacific/Port_Moresby
ATQ	VIAR	Sri Guru Ram Dass Jee International Airport Amritsar	Amritsar	India	31.7096	74.7973	Asia/Kolkata
ATR	GQPA	Atar International Airport	Atar	Mauritania	20.5068	-13.0432	Africa/Abidjan
ATS	KATS	Artesia Municipal Airport	Artesia	United States	32.8525	-104.4680	America/Denver
ATU	PAAT	Casco Cove Coast Guard Station	Attu	United States	52.8325	173.1756	America/Adak
ATV	FTTI	Ati Airport	Ati	Chad	13.2389	18.3133	Africa/Ndjamena
ATW	KATW	Appleton International Airport	Appleton	United States	44.2581	-88.5191	America/Chicago
ATY	KATY	Watertown Regional Airport	Watertown	United States	44.9140	-97.1547	America/Chicago
ATZ	HEAT	Assiut International Airport	Assiut	Egypt	27.0465	31.0120	Africa/Cairo
AUA	TNCA	Queen Beatrix International Airport	Oranjestad	Aruba	12.5014	-70.0152	America/Puerto_Rico
AUC	SKUC	Santiago Perez Airport	Arauca	Colombia	7.0689	-70.7369	America/Bogota
AUD	YAGD	Augustus Downs Airport		Australia	-18.5150	139.8780	Australia/Brisbane
AUF	LFLA	Auxerre-Branches Airport	Auxerre/Branches	France	47.8502	3.4971	Europe/Paris
AUG	KAUG	Augusta State Airport	Augusta	United States	44.3206	-69.7973	America/New_York
AUH	OMAA	Abu Dhabi International Airport	Abu Dhabi	United Arab Emirates	24.4330	54.6511	Asia/Dubai
AUJ	AYAT	Ambunti Airport	Ambunti	Papua New Guinea	-4.2157	142.8232	Pacific/Port_Moresby
AUK	PAUK	Alakanuk Airport	Alakanuk	United States	62.6800	-164.6599	America/Nome
AUM	KAUM	Austin Municipal Airport	Austin	United States	43.6650	-92.9334	America/Chicago
AUN	KAUN	Auburn Municipal Airport	Auburn	United States	38.9548	-121.0820	America/Los_Angeles
AUO	KAUO	Auburn Opelika Robert G. Pitts Airport	Auburn	United States	32.6151	-85.4340	America/Chicago
AUQ	NTMN	Hiva Oa-Atuona Airport		French Polynesia	-9.7688	-139.0110	Pacific/Marquesas
AUR	LFLW	Aurillac Airport	Aurillac	France	44.8914	2.4219	Europe/Paris
AUS	KAUS	Austin Bergstrom International Airport	Austin	United States	30.1945	-97.6699	America/Chicago
AUT	WPAT	Atauro Airport	Atauro	Timor-Leste	-8.2105	125.6160	Asia/Dili
AUU	YAUR	Aurukun Airport		Australia	-13.3539	141.7210	Australia/Brisbane
AUW	KAUW	Wausau Downtown Airport	Wausau	United States	44.9262	-89.6266	America/Chicago
AUX	SWGN	Araguaina Airport	Araguaina	Brazil	-7.2279	-48.2405	America/Araguaina
AUY	NVVA	Anelghowhat Airport	Anelghowhat	Vanuatu	-20.2492	169.7710	Pacific/Efate
AUZ	KARR	Aurora Municipal Airport	Chicago/Aurora	United States	41.7719	-88.4757	America/Chicago
AVA	ZUAS	Anshun Huangguoshu Airport	Anshun	China	26.2606	105.8733	Asia/Shanghai
AVB	LIPA	Aviano Air Base	Aviano	Italy	46.0319	12.5965	Europe/Rome
AVG	YAUV	Auvergne Airport		Australia	-15.7000	130.0000	Australia/Darwin
AVI	MUCA	Maximo Gomez Airport	Ciego de Avila	Cuba	22.0271	-78.7896	America/Havana
AVK	ZMAH	Arvaikheer Airport	Arvaikheer	Mongolia	46.2503	102.8020	Asia/Ulaanbaatar
AVL	KAVL	Asheville Regional Airport	Asheville	United States	35.4362	-82.5418	America/New_York
AVN	LFMV	Avignon-Caumont Airport	Avignon/Caumont	France	43.9073	4.9018	Europe/Paris
AVO	KAVO	Avon Park Executive Airport	Avon Park	United States	27.5912	-81.5278	America/New_York
AVP	KAVP	Wilkes Barre Scranton International Airport	Wilkes-Barre/Scranton	United States	41.3385	-75.7234	America/New_York
AVR	LPAR	Alverca Airport	Alverca	Portugal	38.8854	-9.0283	Europe/Lisbon
AVU	AGGJ	Avu Avu Airport		Solomon Islands	-9.8683	160.4106	Pacific/Guadalcanal
AVV	YMAV	Avalon Airport	Melbourne	Australia	-38.0394	144.4690	Australia/Melbourne
AVW	KAVQ	Marana Regional Airport	Tucson	United States	32.4096	-111.2180	America/Phoenix
AVX	KAVX	Catalina Airport	Avalon	United States	33.4049	-118.4160	America/Los_Angeles
AWA	HALA	Awassa Airport	Awassa	Ethiopia	7.0670	38.5000	Africa/Nairobi
AWB	AYAW	Awaba Airport	Awaba	Papua New Guinea	-8.0061	142.7484	Pacific/Port_Moresby
AWD	NVVB	Aniwa Airport	Aniwa	Vanuatu	-19.2400	169.6050	Pacific/Efate
AWK	PWAK	Wake Island Airfield	Wake Island	United States Minor Outlying Islands	19.2821	166.6360	Pacific/Tarawa
AWM	KAWM	West Memphis Municipal Airport	West Memphis	United States	35.1351	-90.2344	America/Chicago
AWN	YADS	Alton Downs Airport		Australia	-26.5333	139.2670	Australia/Adelaide
AWP	YAUS	Austral Downs Airport		Australia	-20.5000	137.7500	Australia/Darwin
AWZ	OIAW	Ahwaz Airport	Ahwaz	Iran	31.3374	48.7620	Asia/Tehran
AXA	TQPF	Wallblake Airport	The Valley	Anguilla	18.2048	-63.0551	America/Puerto_Rico
AXC	YAMC	Aramac Airport		Australia	-22.9667	145.2420	Australia/Brisbane
AXD	LGAL	Dimokritos Airport	Alexandroupolis	Greece	40.8559	25.9563	Europe/Athens
AXE	SSXX	Xanxere Airport	Xanxere	Brazil	-26.8756	-52.3731	America/Sao_Paulo
AXF	ZBAL	Alxa Left Banner Bayanhot Airport	Bayanhot	China	38.7483	105.5886	Asia/Shanghai
AXG	KAXA	Algona Municipal Airport	Algona	United States	43.0779	-94.2720	America/Chicago
AXJ	RJDA	Amakusa Airport		Japan	32.4825	130.1590	Asia/Tokyo
AXK	OYAT	Ataq Airport		Yemen	14.5513	46.8262	Asia/Riyadh
AXL	YALX	Alexandria Homestead Airport		Australia	-19.0602	136.7100	Australia/Darwin
AXM	SKAR	El Eden Airport	Armenia	Colombia	4.4528	-75.7664	America/Bogota
AXN	KAXN	Chandler Field	Alexandria	United States	45.8663	-95.3947	America/Chicago
AXP	MYAP	Spring Point Airport	Spring Point	Bahamas	22.4418	-73.9709	America/Toronto
AXR	NTGU	Arutua Airport		French Polynesia	-15.2483	-146.6170	Pacific/Tahiti
AXS	KAXS	Altus Quartz Mountain Regional Airport	Altus	United States	34.6964	-99.3403	America/Chicago
AXT	RJSK	Akita Airport	Akita	Japan	39.6156	140.2190	Asia/Tokyo
AXU	HAAX	Axum Airport		Ethiopia	14.1468	38.7728	Africa/Nairobi
AXV	KAXV	Neil Armstrong Airport	Wapakoneta	United States	40.4934	-84.2989	America/New_York
AXX	KAXX	Angel Fire Airport	Angel Fire	United States	36.4220	-105.2900	America/Denver
AYG	SKYA	Yaguara Airport	San Vicente Del Caguan	Colombia	1.5442	-73.9333	America/Bogota
AYJ	VEAY	Ayodhya Airport	Ayodhya	India	26.7480	82.1508	Asia/Kolkata
AYK	UAUR	Arkalyk North Airport	Arkalyk	Kazakhstan	50.3186	66.9528	Asia/Qostanay
AYL	YANL	Anthony Lagoon Airport		Australia	-18.0181	135.5351	Australia/Darwin
AYN	ZHAY	Anyang Airport	Anyang	China	36.1339	114.3440	Asia/Shanghai
AYO	SGAY	Juan De Ayolas Airport	Ayolas	Paraguay	-27.3700	-56.8500	America/Asuncion
AYP	SPHO	Coronel FAP Alfredo Mendivil Duarte Airport	Ayacucho	Peru	-13.1548	-74.2044	America/Lima
AYQ	YAYE	Ayers Rock Connellan Airport	Ayers Rock	Australia	-25.1861	130.9760	Australia/Darwin
AYR	YAYR	Ayr Airport		Australia	-19.5844	147.3290	Australia/Brisbane
AYS	KAYS	Waycross Ware County Airport	Waycross	United States	31.2491	-82.3955	America/New_York
AYT	LTAI	Antalya International Airport	Antalya	Turkey	36.8987	30.8005	Europe/Istanbul
AYU	AYAY	Aiyura Airport	Aiyura Valley	Papua New Guinea	-6.3381	145.9042	Pacific/Port_Moresby
AYX	SPAY	Teniente General Gerardo Perez Pinedo Airport	Atalaya	Peru	-10.7291	-73.7665	America/Lima
AZA	KIWA	Phoenix-Mesa-Gateway Airport	Phoenix	United States	33.3078	-111.6550	America/Phoenix
AZD	OIYY	Shahid Sadooghi Airport	Yazd	Iran	31.9049	54.2765	Asia/Tehran
AZH	VEAH	Azamgarh Airport	Azamgarh	India	26.1533	83.1183	Asia/Kolkata
AZI	OMAD	Al Bateen Executive Airport		United Arab Emirates	24.4283	54.4581	Asia/Dubai
AZL	SWTU	Fazenda Tucunare Airport	Sapezal	Brazil	-13.4655	-58.8669	America/Cuiaba
AZN	UZFA	Andijan Airport	Andijan	Uzbekistan	40.7277	72.2940	Asia/Tashkent
AZO	KAZO	Kalamazoo Battle Creek International Airport	Kalamazoo	United States	42.2349	-85.5521	America/Detroit
AZP	MMJC	Atizapan De Zaragoza Airport		Mexico	19.5748	-99.2888	America/Mexico_City
AZR	DAUA	Touat Cheikh Sidi Mohamed Belkebir Airport		Algeria	27.8376	-0.1864	Africa/Algiers
AZS	MDCY	Samana El Catey International Airport	Samana	Dominican Republic	19.2670	-69.7420	America/Santo_Domingo
AZZ	FNAM	Ambriz Airport	Ambriz	Angola	-7.8622	13.1161	Africa/Lagos
BAA	AYBL	Bialla Airport	Bialla	Papua New Guinea	-5.3294	151.0061	Pacific/Port_Moresby
BAB	KBAB	Beale Air Force Base	Marysville	United States	39.1361	-121.4370	America/Los_Angeles
BAD	KBAD	Barksdale Air Force Base	Bossier City	United States	32.5018	-93.6627	America/Chicago
BAE	LFMR	Barcelonnette - Saint-Pons Airport	Le Castellet	France	44.3883	6.6103	Europe/Paris
BAF	KBAF	Westfield-Barnes Regional Airport	Westfield/Springfield	United States	42.1578	-72.7156	America/New_York
BAG	RPUB	Loakan Airport	Baguio City	Philippines	16.3751	120.6200	Asia/Manila
BAH	OBBI	Bahrain International Airport	Manama	Bahrain	26.2708	50.6336	Asia/Qatar
BAI	MRBA	Buenos Aires Airport	Punta Arenas	Costa Rica	9.1636	-83.3299	America/Costa_Rica
BAL	LTCJ	Batman Airport	Batman	Turkey	37.9290	41.1166	Europe/Istanbul
BAM	KBAM	Battle Mountain Airport	Battle Mountain	United States	40.5990	-116.8740	America/Los_Angeles
BAN	FZVR	Basongo Airport	Basongo	DR Congo	-4.3170	20.4330	Africa/Maputo
BAO	VTED	Udorn Air Base	Ban Mak Khaen	Thailand	17.3830	102.8000	Asia/Bangkok
BAQ	SKBQ	Ernesto Cortissoz International Airport	Barranquilla	Colombia	10.8896	-74.7808	America/Bogota
BAR	ZJQH	Qionghai Boao Airport	Qionghai	China	19.1406	110.4589	Asia/Shanghai
BAS	AGGE	Ballalae Airport	Ballalae	Solomon Islands	-6.9907	155.8867	Pacific/Guadalcanal
BAT	SBBT	Chafei Amsei Airport	Barretos	Brazil	-20.5845	-48.5941	America/Sao_Paulo
BAU	SBBU	Bauru Airport	Bauru	Brazil	-22.3450	-49.0538	America/Sao_Paulo
BAV	ZBOW	Baotou Airport	Baotou	China	40.5600	109.9970	Asia/Shanghai
BAX	UNBB	Barnaul Airport	Barnaul	Russia	53.3638	83.5385	Asia/Barnaul
BAY	LRBM	Tautii Magheraus Airport	Baia Mare	Romania	47.6584	23.4700	Europe/Bucharest
BAZ	SWBC	Barcelos Airport	Barcelos	Brazil	-0.9813	-62.9196	America/Manaus
BBA	SCBA	Balmaceda Airport	Balmaceda	Chile	-45.9161	-71.6895	America/Santiago
BBB	KBBB	Benson Municipal Airport	Benson	United States	45.3319	-95.6506	America/Chicago
BBC	KBYY	Bay City Municipal Airport	Bay City	United States	28.9733	-95.8635	America/Chicago
BBD	KBBD	Curtis Field	Brady	United States	31.1793	-99.3239	America/Chicago
BBE	YBBE	Big Bell Airport	Big Bell	Australia	-27.3286	117.6730	Australia/Perth
BBG	NGTU	Butaritari Atoll Airport	Butaritari Atoll	Kiribati	3.0858	172.8110	Pacific/Tarawa
BBH	EDBH	Barth Airport		Germany	54.3375	12.6997	Europe/Berlin
BBI	VEBS	Biju Patnaik Airport	Bhubaneswar	India	20.2444	85.8178	Asia/Kolkata
BBJ	EDRB	Bitburg Airport	Bitburg	Germany	49.9453	6.5650	Europe/Berlin
BBK	FBKE	Kasane Airport	Kasane	Botswana	-17.8329	25.1624	Africa/Maputo
BBL	YLLE	Ballera Airport		Australia	-27.4083	141.8080	Australia/Brisbane
BBM	VDBG	Battambang Airport	Battambang	Cambodia	13.0956	103.2240	Asia/Bangkok
BBN	WBGZ	Bario Airport	Bario	Malaysia	3.7339	115.4790	Asia/Kuching
BBO	HCMI	Berbera Airport	Berbera	Somalia	10.3892	44.9411	Africa/Nairobi
BBP	EGHJ	Bembridge Airport	Bembridge	United Kingdom	50.6781	-1.1094	Europe/London
BBQ	TAPH	Codrington Airport	Codrington	Antigua and Barbuda	17.6358	-61.8286	America/Puerto_Rico
BBR	TFFB	Baillif Airport	Basse Terre	Guadeloupe	16.0133	-61.7422	America/Puerto_Rico
BBS	EGLK	Blackbushe Airport	Yateley	United Kingdom	51.3239	-0.8475	Europe/London
BBT	FEFT	Berberati Airport	Berberati	Central African Republic	4.2216	15.7864	Africa/Lagos
BBU	LRBS	Baneasa International Airport	Bucharest	Romania	44.5032	26.1021	Europe/Bucharest
BBV	DIGN	Nero-Mer Airport	Grand-Bereby	Côte d'Ivoire	4.6434	-6.9240	Africa/Abidjan
BBW	KBBW	Broken Bow Municipal Airport	Broken Bow	United States	41.4365	-99.6422	America/Chicago
BBX	KLOM	Wings Field	Philadelphia	United States	40.1375	-75.2651	America/New_York
BBY	FEFM	Bambari Airport	Bambari	Central African Republic	5.8469	20.6475	Africa/Lagos
BBZ	FLZB	Zambezi Airport	Zambezi	Zambia	-13.5361	23.1085	Africa/Maputo
BCA	MUBA	Gustavo Rizo Airport	Baracoa	Cuba	20.3653	-74.5062	America/Havana
BCB	KBCB	Virginia Tech Montgomery Executive Airport	Blacksburg	United States	37.2076	-80.4078	America/New_York
BCD	RPVB	Bacolod-Silay City International Airport	Bacolod City	Philippines	10.7764	123.0150	Asia/Manila
BCE	KBCE	Bryce Canyon Airport	Bryce Canyon	United States	37.7064	-112.1450	America/Denver
BCF	FEGU	Bouca Airport	Bouca	Central African Republic	6.5170	18.2670	Africa/Lagos
BCG	SYBE	Bemichi Airport	Bemichi	Guyana	7.7000	-59.1667	America/Guyana
BCH	WPEC	Cakung Airport	Baucau	Timor-Leste	-8.4890	126.4010	Asia/Dili
BCI	YBAR	Barcaldine Airport	Barcaldine	Australia	-23.5653	145.3070	Australia/Brisbane
BCL	MRBC	Barra del Colorado Airport	Pococi	Costa Rica	10.7687	-83.5856	America/Costa_Rica
BCM	LRBC	Bacau Airport	Bacau	Romania	46.5219	26.9103	Europe/Bucharest
BCN	LEBL	Barcelona International Airport	Barcelona	Spain	41.2971	2.0785	Europe/Madrid
BCO	HABC	Baco Airport	Baco	Ethiopia	5.7829	36.5620	Africa/Nairobi
BCR	SWNK	Novo Campo Airport	Boca Do Acre	Brazil	-8.8346	-67.3124	America/Manaus
BCS	65LA	Southern Seaplane Airport	Belle Chasse	United States	29.8661	-90.0222	America/Chicago
BCT	KBCT	Boca Raton Airport	Boca Raton	United States	26.3785	-80.1077	America/New_York
BCX	UWUB	Beloretsk Airport	Beloretsk	Russia	53.9381	58.3400	Asia/Yekaterinburg
BDA	TXKF	L.F. Wade International International Airport	Hamilton	Bermuda	32.3640	-64.6787	Atlantic/Bermuda
BDB	YBUD	Bundaberg Airport	Bundaberg	Australia	-24.9039	152.3190	Australia/Brisbane
BDC	SNBC	Barra do Corda Airport	Barra Do Corda	Brazil	-5.5025	-45.2158	America/Fortaleza
BDD	YBAU	Badu Island Airport		Australia	-10.1500	142.1734	Australia/Brisbane
BDE	KBDE	Baudette International Airport	Baudette	United States	48.7284	-94.6122	America/Chicago
BDF	3IS8	Rinkenberger Restricted Landing Area	Bradford	United States	41.2309	-89.6157	America/Chicago
BDG	KBDG	Blanding Municipal Airport	Blanding	United States	37.5833	-109.4830	America/Denver
BDH	OIBL	Bandar Lengeh Airport	Bandar Lengeh	Iran	26.5320	54.8248	Asia/Tehran
BDI	FSSB	Bird Island Airport	Bird Island	Seychelles	-3.7247	55.2053	Asia/Dubai
BDJ	WAOO	Syamsudin Noor Airport	Banjarmasin-Borneo Island	Indonesia	-3.4424	114.7630	Asia/Makassar
BDK	DIBU	Soko Airport	Bondoukou	Côte d'Ivoire	8.0172	-2.7619	Africa/Abidjan
BDL	KBDL	Bradley International Airport	Hartford	United States	41.9389	-72.6832	America/New_York
BDM	LTBG	Bandirma Airport	Bandirma	Turkey	40.3180	27.9777	Europe/Istanbul
BDN	OPTH	Talhar Airport	Badin	Pakistan	24.8415	68.8384	Asia/Karachi
BDO	WICC	Husein Sastranegara International Airport	Bandung-Java Island	Indonesia	-6.9006	107.5760	Asia/Jakarta
BDP	VNCG	Bhadrapur Airport	Bhadrapur	Nepal	26.5708	88.0796	Asia/Kathmandu
BDQ	VABO	Vadodara Airport	Vadodara	India	22.3362	73.2263	Asia/Kolkata
BDR	KBDR	Igor I Sikorsky Memorial Airport	Bridgeport	United States	41.1635	-73.1262	America/New_York
BDS	LIBR	Brindisi / Casale Airport	Brindisi	Italy	40.6576	17.9470	Europe/Rome
BDT	FZFD	Gbadolite Airport		DR Congo	4.2532	20.9753	Africa/Lagos
BDU	ENDU	Bardufoss Airport	Malselv	Norway	69.0558	18.5404	Europe/Berlin
BDV	FZRB	Moba Airport	Moba	DR Congo	-7.0670	29.7830	Africa/Maputo
BDW	YBDF	Bedford Downs Airport		Australia	-17.2867	127.4630	Australia/Perth
BDX	K00F	Broadus Airport	Broadus	United States	45.4725	-105.4540	America/Denver
BDY	KS05	Bandon State Airport	Bandon	United States	43.0865	-124.4080	America/Los_Angeles
BDZ	AYBG	Baindoung Airport		Papua New Guinea	-6.3472	146.9422	Pacific/Port_Moresby
BEB	EGPL	Benbecula Airport	Balivanich	United Kingdom	57.4811	-7.3628	Europe/London
BEC	KBEC	Beech Factory Airport	Wichita	United States	37.6945	-97.2150	America/Chicago
BED	KBED	Laurence G Hanscom Field	Bedford	United States	42.4700	-71.2890	America/New_York
BEF	MNBL	Bluefields Airport	Bluefileds	Nicaragua	11.9910	-83.7741	America/Managua
BEG	LYBE	Belgrade Nikola Tesla Airport	Belgrad	Serbia	44.8184	20.3091	Europe/Belgrade
BEH	KBEH	Southwest Michigan Regional Airport	Benton Harbor	United States	42.1286	-86.4285	America/Detroit
BEI	HABE	Beica Airport	Beica	Ethiopia	9.3864	34.5219	Africa/Nairobi
BEJ	WALK	Barau(Kalimaru) Airport	Tanjung Redep-Borneo Island	Indonesia	2.1555	117.4320	Asia/Makassar
BEK	VIBY	Bareilly Air Force Station		India	28.4221	79.4508	Asia/Kolkata
BEL	SBBE	Val de Cans/Julio Cezar Ribeiro International Airport	Belem	Brazil	-1.3793	-48.4763	America/Belem
BEM	GMMD	Beni Mellal Airport		Morocco	32.4000	-6.3333	Africa/Casablanca
BEN	HLLB	Benina International Airport	Benghazi	Libya	32.0968	20.2695	Africa/Tripoli
BEO	YPEC	Aeropelican Airport		Australia	-33.0667	151.6480	Australia/Sydney
BEP	VOBI	Bellary Airport	Bellary	India	15.1628	76.8828	Asia/Kolkata
BEQ	EGXH	RAF Honington	Thetford	United Kingdom	52.3426	0.7729	Europe/London
BER	EDDB	Berlin Brandenburg Airport	Berlin	Germany	52.3667	13.5033	Europe/Berlin
BES	LFRB	Brest Bretagne Airport	Brest/Guipavas	France	48.4479	-4.4185	Europe/Paris
BET	PABE	Bethel Airport	Bethel	United States	60.7798	-161.8380	America/Anchorage
BEU	YBIE	Bedourie Airport		Australia	-24.3461	139.4600	Australia/Brisbane
BEV	LLBS	Be'er Sheva (Teyman) Airport	Beersheva	Israel	31.2870	34.7230	Asia/Jerusalem
BEW	FQBR	Beira Airport	Beira	Mozambique	-19.7964	34.9076	Africa/Maputo
BEX	EGUB	RAF Benson	Benson	United Kingdom	51.6164	-1.0958	Europe/London
BEY	OLBA	Beirut Rafic Hariri International Airport	Beirut	Lebanon	33.8209	35.4884	Asia/Beirut
BEZ	NGBR	Beru Airport	Beru	Kiribati	-1.3547	176.0070	Pacific/Tarawa
BFA	SGBN	Bahia Negra Airport	Bahia Negra	Paraguay	-20.2246	-58.1792	America/Asuncion
BFD	KBFD	Bradford Regional Airport	Bradford	United States	41.8031	-78.6401	America/New_York
BFE	EDLI	Bielefeld Airport	Bielefeld	Germany	51.9647	8.5444	Europe/Berlin
BFF	KBFF	Western Neb. Rgnl/William B. Heilig Airport	Scottsbluff	United States	41.8740	-103.5960	America/Denver
BFG	KU07	Bullfrog Basin Airport	Glen Canyon Natl Rec Area	United States	37.5458	-110.7130	America/Denver
BFH	SBBI	Bacacheri Airport	Curitiba	Brazil	-25.4051	-49.2320	America/Sao_Paulo
BFI	KBFI	Boeing Field King County International Airport	Seattle	United States	47.5300	-122.3020	America/Los_Angeles
BFJ	ZUBJ	Bijie Feixiong Airport	Bijie	China	27.2667	105.4792	Asia/Shanghai
BFK	KBKF	Buckley Air Force Base	Aurora	United States	39.7017	-104.7520	America/Denver
BFL	KBFL	Meadows Field	Bakersfield	United States	35.4336	-119.0570	America/Los_Angeles
BFM	KBFM	Mobile Downtown Airport	Mobile	United States	30.6268	-88.0681	America/Chicago
BFN	FABL	J B M Hertzog International Airport	Bloemfontain	South Africa	-29.0927	26.3024	Africa/Johannesburg
BFO	FVCZ	Buffalo Range Airport	Chiredzi	Zimbabwe	-21.0081	31.5786	Africa/Maputo
BFP	KBVI	Beaver County Airport	Beaver Falls	United States	40.7725	-80.3914	America/New_York
BFR	KBFR	Virgil I Grissom Municipal Airport	Bedford	United States	38.8400	-86.4454	America/Indiana/Indianapolis
BFS	EGAA	Belfast International Airport	Belfast	United Kingdom	54.6575	-6.2158	Europe/London
BFT	KARW	Beaufort County Airport	Beaufort	United States	32.4122	-80.6344	America/New_York
BFU	ZSBB	Bengbu Airport	Bengbu	China	32.8477	117.3202	Asia/Shanghai
BFV	VTUO	Buri Ram Airport		Thailand	15.2295	103.2530	Asia/Bangkok
BFW	DAOS	Sidi Bel Abbes Airport		Algeria	35.1718	-0.5933	Africa/Algiers
BFX	FKKU	Bafoussam Airport	Bafoussam	Cameroon	5.5369	10.3546	Africa/Lagos
BGA	SKBG	Palonegro Airport	Bucaramanga	Colombia	7.1265	-73.1848	America/Bogota
BGB	FOGB	Booue Airport	Booue	Gabon	-0.1000	11.9500	Africa/Lagos
BGC	LPBG	Braganca Airport		Portugal	41.8578	-6.7071	Europe/Lisbon
BGD	KBGD	Hutchinson County Airport	Borger	United States	35.7009	-101.3940	America/Chicago
BGE	KBGE	Decatur County Industrial Air Park	Bainbridge	United States	30.9715	-84.6374	America/New_York
BGF	FEFF	Bangui M'Poko International Airport	Bangui	Central African Republic	4.3985	18.5188	Africa/Lagos
BGG	LTCU	Bingöl Airport	Bingöl	Turkey	38.8611	40.5925	Europe/Istanbul
BGH	GQNE	Abbaye Airport	Boghe	Mauritania	16.6333	-14.2000	Africa/Abidjan
BGI	TBPB	Sir Grantley Adams International Airport	Bridgetown	Barbados	13.0746	-59.4925	America/Barbados
BGJ	BIBF	Borgarfjordur eystri Airport	Borgarfjordur eystri	Iceland	65.5164	-13.8050	Africa/Abidjan
BGL	VNBL	Baglung Airport	Baglung	Nepal	28.2128	83.6663	Asia/Kathmandu
BGM	KBGM	Greater Binghamton/Edwin A Link field	Binghamton	United States	42.2087	-75.9798	America/New_York
BGN	UESG	Belaya Gora Airport	Belaya Gora	Russia	68.5569	146.2347	Asia/Srednekolymsk
BGO	ENBR	Bergen Airport Flesland	Bergen	Norway	60.2934	5.2181	Europe/Berlin
BGQ	PAGQ	Big Lake Airport	Big Lake	United States	61.5361	-149.8140	America/Anchorage
BGR	KBGR	Bangor International Airport	Bangor	United States	44.8074	-68.8281	America/New_York
BGS	KBPG	Big Spring Mc Mahon-Wrinkle Airport	Big Spring	United States	32.2126	-101.5220	America/Chicago
BGT	KE51	Bagdad Airport	Bagdad	United States	34.5959	-113.1700	America/Phoenix
BGU	FEFG	Bangassou Airport	Bangassou	Central African Republic	4.7850	22.7810	Africa/Lagos
BGV	SSBG	Aeroclube de Bento Goncalves Airport	Bento Goncalves	Brazil	-29.1483	-51.5364	America/Sao_Paulo
BGW	ORBI	Baghdad International Airport	Baghdad	Iraq	33.2625	44.2346	Asia/Baghdad
BGX	SBBG	Comandante Gustavo Kraemer Airport	Bage	Brazil	-31.3905	-54.1122	America/Sao_Paulo
BGY	LIME	Bergamo / Orio Al Serio Airport	Bergamo	Italy	45.6739	9.7042	Europe/Rome
BGZ	LPBR	Braga Municipal Aerodrome	Braga	Portugal	41.5871	-8.4451	Europe/Lisbon
BHA	SESV	Los Perales Airport	Bahia de Caraquez	Ecuador	-0.6081	-80.4027	America/Guayaquil
BHB	KBHB	Hancock County-Bar Harbor Airport	Bar Harbor	United States	44.4500	-68.3615	America/New_York
BHD	EGAC	George Best Belfast City Airport	Belfast	United Kingdom	54.6181	-5.8725	Europe/London
BHE	NZWB	Woodbourne Airport	Blenheim	New Zealand	-41.5183	173.8700	Pacific/Auckland
BHF	SKCP	Cupica Airport	Bahia Solano	Colombia	6.6919	-77.4772	America/Bogota
BHG	MHBL	Brus Laguna Airport	Brus Laguna	Honduras	15.7631	-84.5436	America/Tegucigalpa
BHH	OEBH	Bisha Airport		Saudi Arabia	19.9844	42.6209	Asia/Riyadh
BHI	SAZB	Comandante Espora Airport	Bahia Blanca	Argentina	-38.7250	-62.1693	America/Argentina/Buenos_Aires
BHJ	VABJ	Bhuj Airport	Bhuj	India	23.2878	69.6702	Asia/Kolkata
BHK	UZSB	Bukhara Airport	Bukhara	Uzbekistan	39.7750	64.4833	Asia/Samarkand
BHM	KBHM	Birmingham-Shuttlesworth International Airport	Birmingham	United States	33.5629	-86.7535	America/Chicago
BHN	OYBN	Beihan Airport		Yemen	14.7820	45.7201	Asia/Riyadh
BHO	VABP	Bhopal Airport	Bhopal	India	23.2875	77.3374	Asia/Kolkata
BHP	VNBJ	Bhojpur Airport	Bhojpur	Nepal	27.1474	87.0508	Asia/Kathmandu
BHQ	YBHI	Broken Hill Airport	Broken Hill	Australia	-32.0014	141.4720	Australia/Broken_Hill
BHR	VNBP	Bharatpur Airport	Bharatpur	Nepal	27.6781	84.4294	Asia/Kathmandu
BHS	YBTH	Bathurst Airport	Bathurst	Australia	-33.4094	149.6520	Australia/Sydney
BHU	VABV	Bhavnagar Airport	Bhavnagar	India	21.7522	72.1852	Asia/Kolkata
BHV	OPBW	Bahawalpur Airport	Bahawalpur	Pakistan	29.3481	71.7180	Asia/Karachi
BHW	OPBG	Bhagatanwala Airport	Bhagatanwala	Pakistan	32.0561	72.9484	Asia/Karachi
BHX	EGBB	Birmingham International Airport	Birmingham	United Kingdom	52.4539	-1.7480	Europe/London
BHY	ZGBH	Beihai Airport	Beihai	China	21.5394	109.2940	Asia/Shanghai
BIA	LFKB	Bastia-Poretta Airport	Bastia/Poretta	France	42.5527	9.4837	Europe/Paris
BIB	HCMB	Baidoa Airport	Baidoa	Somalia	3.1022	43.6286	Africa/Nairobi
BID	KBID	Block Island State Airport	Block Island	United States	41.1681	-71.5778	America/New_York
BIE	KBIE	Beatrice Municipal Airport	Beatrice	United States	40.3013	-96.7541	America/Chicago
BIF	KBIF	Biggs Army Air Field (Fort Bliss)	Fort Bliss/El Paso	United States	31.8495	-106.3800	America/Denver
BIG	PABI	Allen Army Airfield	Delta Junction Ft Greely	United States	63.9945	-145.7220	America/Anchorage
BIH	KBIH	Eastern Sierra Regional Airport	Bishop	United States	37.3731	-118.3640	America/Los_Angeles
BIK	WABB	Frans Kaisiepo Airport	Biak-Supiori Island	Indonesia	-1.1900	136.1080	Asia/Jayapura
BIL	KBIL	Billings Logan International Airport	Billings	United States	45.8077	-108.5430	America/Denver
BIM	MYBS	South Bimini Airport	South Bimini	Bahamas	25.6999	-79.2647	America/Toronto
BIN	OABN	Bamiyan Airport	Bamiyan	Afghanistan	34.8170	67.8170	Asia/Kabul
BIO	LEBB	Bilbao Airport	Bilbao	Spain	43.3011	-2.9106	Europe/Madrid
BIP	YBWM	Bulimba Airport		Australia	-16.8808	143.4790	Australia/Brisbane
BIQ	LFBZ	Biarritz-Anglet-Bayonne Airport	Biarritz/Anglet/Bayonne	France	43.4684	-1.5233	Europe/Paris
BIR	VNVT	Biratnagar Airport	Biratnagar	Nepal	26.4815	87.2640	Asia/Kathmandu
BIS	KBIS	Bismarck Municipal Airport	Bismarck	United States	46.7727	-100.7460	America/Chicago
BIT	VNBT	Baitadi Airport	Baitadi	Nepal	29.4653	80.5492	Asia/Kathmandu
BIU	BIBD	Bildudalur Airport	Bildudalur	Iceland	65.6413	-23.5462	Africa/Abidjan
BIV	FEFR	Bria Airport	Bria	Central African Republic	6.5278	21.9894	Africa/Lagos
BIW	YBIL	Billiluna Airport		Australia	-19.5667	127.6670	Australia/Perth
BIX	KBIX	Keesler Air Force Base	Biloxi	United States	30.4104	-88.9244	America/Chicago
BIY	FABE	Bisho Airport	Bisho	South Africa	-32.8971	27.2791	Africa/Johannesburg
BJA	DAAE	Soummam Airport	Bejaia	Algeria	36.7120	5.0699	Africa/Algiers
BJB	OIMN	Bojnord Airport	Bojnord	Iran	37.4930	57.3082	Asia/Tehran
BJC	KBJC	Rocky Mountain Metropolitan Airport	Denver	United States	39.9088	-105.1170	America/Denver
BJD	BIBK	Bakkafjordur Airport	Bakkafjordur	Iceland	66.0219	-14.8244	Africa/Abidjan
BJF	ENBS	Batsfjord Airport	Batsfjord	Norway	70.6005	29.6914	Europe/Berlin
BJH	VNBG	Bajhang Airport	Bajhang	Nepal	29.5390	81.1854	Asia/Kathmandu
BJI	KBJI	Bemidji Regional Airport	Bemidji	United States	47.5094	-94.9337	America/Chicago
BJJ	KBJJ	Wayne County Airport	Wooster	United States	40.8748	-81.8883	America/New_York
BJK	WAPK	Nangasuri Airport	Maikoor Island	Indonesia	-6.0662	134.2740	Asia/Jayapura
BJL	GBYD	Banjul International Airport	Banjul	Gambia	13.3380	-16.6522	Africa/Abidjan
BJM	HBBA	Bujumbura International Airport	Bujumbura	Burundi	-3.3240	29.3185	Africa/Maputo
BJO	SLBJ	Bermejo Airport	Bermejo	Bolivia	-22.7733	-64.3129	America/Argentina/Salta
BJP	SBBP	Aeroporto Estadual Arthur Siqueira Airport	Braganca Paulista	Brazil	-22.9792	-46.5375	America/Sao_Paulo
BJR	HABD	Bahir Dar Airport	Bahir Dar	Ethiopia	11.6081	37.3216	Africa/Nairobi
BJU	VNBR	Bajura Airport	Bajura	Nepal	29.5020	81.6690	Asia/Kathmandu
BJV	LTFE	Milas Bodrum International Airport	Bodrum	Turkey	37.2506	27.6643	Europe/Istanbul
BJW	WATB	Bajawa Soa Airport	Bajawa	Indonesia	-8.7074	121.0574	Asia/Makassar
BJX	MMLO	Del Bajio International Airport	Silao	Mexico	20.9935	-101.4810	America/Mexico_City
BJY	LYBT	Batajnica Air Base	Batajnica	Serbia	44.9353	20.2575	Europe/Belgrade
BJZ	LEBZ	Badajoz Airport	Badajoz	Spain	38.8913	-6.8213	Europe/Madrid
BKA	UUBB	Bykovo Airport	Moscow	Russia	55.6172	38.0600	Europe/Moscow
BKB	VIBK	Nal Airport	Bikaner	India	28.0706	73.2072	Asia/Kolkata
BKC	PABL	Buckland Airport	Buckland	United States	65.9816	-161.1490	America/Anchorage
BKD	KBKD	Stephens County Airport	Breckenridge	United States	32.7190	-98.8910	America/Chicago
BKE	KBKE	Baker City Municipal Airport	Baker City	United States	44.8373	-117.8090	America/Los_Angeles
BKG	KBBG	Branson Airport	Branson	United States	36.5321	-93.2005	America/Chicago
BKH	PHBK	Barking Sands Airport	Kekaha	United States	22.0228	-159.7850	Pacific/Honolulu
BKI	WBKK	Kota Kinabalu International Airport	Kota Kinabalu	Malaysia	5.9372	116.0510	Asia/Kuching
BKJ	GUOK	Boke Airport	Boke	Guinea	10.9658	-14.2811	Africa/Abidjan
BKK	VTBS	Suvarnabhumi Airport	Bangkok	Thailand	13.6811	100.7470	Asia/Bangkok
BKL	KBKL	Burke Lakefront Airport	Cleveland	United States	41.5175	-81.6833	America/New_York
BKM	WBGQ	Bakalalan Airport	Bakalalan	Malaysia	3.9740	115.6180	Asia/Kuching
BKN	UTAN	Balkanabat International Airport	Jebel	Turkmenistan	39.6805	54.2047	Asia/Ashgabat
BKO	GABS	Senou Airport	Senou	Mali	12.5335	-7.9499	Africa/Abidjan
BKP	YBAW	Barkly Downs Airport		Australia	-20.4958	138.4747	Australia/Brisbane
BKQ	YBCK	Blackall Airport	Blackall	Australia	-24.4278	145.4290	Australia/Brisbane
BKR	FTTK	Bokoro Airport	Bokoro	Chad	12.3830	17.0670	Africa/Ndjamena
BKS	WIPL	Padang Kemiling (Fatmawati Soekarno) Airport	Bengkulu-Sumatra Island	Indonesia	-3.8637	102.3390	Asia/Jakarta
BKT	KBKT	Allen C Perkinson Blackstone Army Air Field	Blackstone	United States	37.0742	-77.9575	America/New_York
BKU	FMSV	Betioky Airport	Betioky	Madagascar	-23.7330	44.3890	Africa/Nairobi
BKW	KBKW	Raleigh County Memorial Airport	Beckley	United States	37.7873	-81.1242	America/New_York
BKX	KBKX	Brookings Regional Airport	Brookings	United States	44.3048	-96.8169	America/Chicago
BKY	FZMA	Bukavu Kavumu Airport		DR Congo	-2.3090	28.8088	Africa/Maputo
BKZ	HTBU	Bukoba Airport	Bukoba	Tanzania	-1.3320	31.8212	Africa/Nairobi
BLA	SVBC	General Jose Antonio Anzoategui International Airport	Barcelona	Venezuela	10.1071	-64.6892	America/Caracas
BLB	MPPA	Howard/Panama Pacifico International Airport	Panama City	Panama	8.9148	-79.5996	America/Panama
BLC	FKKG	Bali Airport	Bali	Cameroon	5.8953	10.0339	Africa/Lagos
BLD	KBVU	Boulder City Municipal Airport	Boulder City	United States	35.9475	-114.8610	America/Los_Angeles
BLE	ESSD	Borlange Airport		Sweden	60.4220	15.5152	Europe/Berlin
BLF	KBLF	Mercer County Airport	Bluefield	United States	37.2958	-81.2077	America/New_York
BLG	WBGC	Belaga Airport	Belaga	Malaysia	2.6500	113.7670	Asia/Kuching
BLH	KBLH	Blythe Airport	Blythe	United States	33.6192	-114.7170	America/Los_Angeles
BLI	KBLI	Bellingham International Airport	Bellingham	United States	48.7928	-122.5380	America/Los_Angeles
BLJ	DABT	Batna Airport	Batna	Algeria	35.7521	6.3086	Africa/Algiers
BLK	EGNH	Blackpool International Airport	Blackpool	United Kingdom	53.7717	-3.0286	Europe/London
BLL	EKBI	Billund Airport	Billund	Denmark	55.7403	9.1518	Europe/Berlin
BLM	KBLM	Monmouth Executive Airport	Belmar/Farmingdale	United States	40.1869	-74.1249	America/New_York
BLN	YBLA	Benalla Airport		Australia	-36.5519	146.0070	Australia/Melbourne
BLO	BIBL	Hjaltabakki Airport	Blonduos	Iceland	65.6450	-20.2875	Africa/Abidjan
BLP	SPBL	Huallaga Airport	Bellavista	Peru	-7.0606	-76.5822	America/Lima
BLQ	LIPE	Bologna / Borgo Panigale Airport	Bologna	Italy	44.5354	11.2887	Europe/Rome
BLR	VOBL	Bengaluru International Airport	Bangalore	India	13.1979	77.7063	Asia/Kolkata
BLS	YBLL	Bollon Airport		Australia	-28.0583	147.4830	Australia/Brisbane
BLT	YBTR	Blackwater Airport		Australia	-23.6031	148.8070	Australia/Brisbane
BLU	KBLU	Blue Canyon Nyack Airport	Emigrant Gap	United States	39.2750	-120.7100	America/Los_Angeles
BLV	KBLV	Scott AFB/Midamerica Airport	Belleville	United States	38.5452	-89.8352	America/Chicago
BLX	LIDB	Belluno Airport	Belluno	Italy	46.1675	12.2479	Europe/Rome
BLY	EIBT	Belmullet Aerodrome	Belmullet	Ireland	54.2228	-10.0308	Europe/Dublin
BLZ	FWCL	Chileka International Airport	Blantyre	Malawi	-15.6791	34.9740	Africa/Maputo
BMA	ESSB	Stockholm-Bromma Airport	Stockholm	Sweden	59.3544	17.9417	Europe/Berlin
BMB	FZFU	Bumbar Airport	Bumbar	DR Congo	2.1828	22.4817	Africa/Lagos
BMC	KBMC	Brigham City Airport	Brigham City	United States	41.5524	-112.0620	America/Denver
BMD	FMML	Belo sur Tsiribihina Airport	Belo sur Tsiribihina	Madagascar	-19.6867	44.5419	Africa/Nairobi
BME	YBRM	Broome International Airport	Broome	Australia	-17.9447	122.2320	Australia/Perth
BMF	FEGM	Bakouma Airport	Bakouma	Central African Republic	5.6940	22.8010	Africa/Lagos
BMG	KBMG	Monroe County Airport	Bloomington	United States	39.1460	-86.6167	America/Indiana/Indianapolis
BMI	KBMI	Central Illinois Regional Airport at Bloomington-Normal	Bloomington-Normal	United States	40.4771	-88.9159	America/Chicago
BMJ	SYBR	Baramita Airport	Baramita	Guyana	7.3701	-60.4880	America/Guyana
BMK	EDWR	Borkum Airport	Borkum	Germany	53.5964	6.7092	Europe/Berlin
BML	KBML	Berlin Regional Airport	Berlin	United States	44.5754	-71.1759	America/New_York
BMM	FOOB	Bitam Airport	Bitam	Gabon	2.0756	11.4932	Africa/Lagos
BMN	ORBB	Bamarni Airport	Bamarni	Iraq	37.0988	43.2666	Asia/Baghdad
BMO	VYBM	Banmaw Airport	Banmaw	Myanmar	24.2690	97.2462	Asia/Yangon
BMP	YBPI	Brampton Island Airport		Australia	-20.8033	149.2700	Australia/Brisbane
BMR	EDWZ	Baltrum Airport	Baltrum	Germany	53.7247	7.3733	Europe/Berlin
BMS	SNBU	Socrates Mariani Bittencourt Airport	Brumado	Brazil	-14.2554	-41.8175	America/Bahia
BMT	KBMT	Beaumont Municipal Airport	Beaumont	United States	30.0707	-94.2158	America/Chicago
BMU	WADB	Muhammad Salahuddin Airport	Bima-Sumbawa Island	Indonesia	-8.5396	118.6870	Asia/Makassar
BMV	VVBM	Buon Ma Thuot Airport	Buon Ma Thuot	Vietnam	12.6683	108.1200	Asia/Ho_Chi_Minh
BMW	DATM	Bordj Badji Mokhtar Airport	Bordj Badji Mokhtar	Algeria	21.3750	0.9239	Africa/Algiers
BMX	PABM	Big Mountain Airport	Big Mountain	United States	59.3612	-155.2590	America/Anchorage
BMY	NWWC	Ile Art - Waala Airport	Waala	New Caledonia	-19.7206	163.6610	Pacific/Noumea
BNA	KBNA	Nashville International Airport	Nashville	United States	36.1245	-86.6782	America/Chicago
BNB	FZGN	Boende Airport	Boende	DR Congo	-0.2170	20.8500	Africa/Lagos
BNC	FZNP	Beni Airport	Beni	DR Congo	0.5750	29.4739	Africa/Maputo
BND	OIKB	Bandar Abbas International Airport	Bandar Abbas	Iran	27.2183	56.3778	Asia/Tehran
BNE	YBBN	Brisbane International Airport	Brisbane	Australia	-27.3842	153.1170	Australia/Brisbane
BNG	KBNG	Banning Municipal Airport	Banning	United States	33.9231	-116.8510	America/Los_Angeles
BNI	DNBE	Benin Airport	Benin	Nigeria	6.3170	5.5995	Africa/Lagos
BNJ	EDKB	Bonn-Hangelar Airport	Bonn	Germany	50.7689	7.1633	Europe/Berlin
BNK	YBNA	Ballina Byron Gateway Airport	Ballina	Australia	-28.8339	153.5620	Australia/Sydney
BNL	KBNL	Barnwell Regional Airport	Barnwell	United States	33.2578	-81.3883	America/New_York
BNN	ENBN	Bronnoysund Airport	Bronnoy	Norway	65.4611	12.2175	Europe/Berlin
BNO	KBNO	Burns Municipal Airport	Burns	United States	43.5919	-118.9550	America/Los_Angeles
BNP	OPBN	Bannu Airport	Bannu	Pakistan	32.9729	70.5279	Asia/Karachi
BNR	DFOB	Banfora Airport	Banfora	Burkina Faso	10.6830	-4.7170	Africa/Abidjan
BNS	SVBI	Barinas Airport	Barinas	Venezuela	8.6196	-70.2208	America/Caracas
BNU	SSBL	Blumenau Airport	Blumenau	Brazil	-26.8306	-49.0903	America/Sao_Paulo
BNW	KBNW	Boone Municipal Airport	Boone	United States	42.0496	-93.8476	America/Chicago
BNX	LQBK	Banja Luka International Airport	Banja Luka	Bosnia and Herzegovina	44.9414	17.2975	Europe/Belgrade
BNY	AGGB	Bellona/Anua Airport	Anua	Solomon Islands	-11.3022	159.7983	Pacific/Guadalcanal
BOA	FZAJ	Boma Airport	Boma	DR Congo	-5.8540	13.0640	Africa/Lagos
BOB	NTTB	Bora Bora Airport	Motu Mute	French Polynesia	-16.4444	-151.7510	Pacific/Tahiti
BOC	MPBO	Bocas Del Toro International Airport	Isla Colon	Panama	9.3408	-82.2508	America/Panama
BOD	LFBD	Bordeaux-Merignac (BA 106) Airport	Bordeaux/Merignac	France	44.8283	-0.7156	Europe/Paris
BOE	FCOB	Boundji Airport	Boundji	Congo	-1.0330	15.3830	Africa/Lagos
BOG	SKBO	El Dorado International Airport	Bogota	Colombia	4.7016	-74.1469	America/Bogota
BOH	EGHH	Bournemouth Airport	Bournemouth	United Kingdom	50.7800	-1.8425	Europe/London
BOI	KBOI	Boise Air Terminal/Gowen field	Boise	United States	43.5644	-116.2230	America/Boise
BOJ	LBBG	Burgas Airport	Burgas	Bulgaria	42.5696	27.5152	Europe/Sofia
BOL	EGQB	Ballykelly Airport	Ballykelly	United Kingdom	55.0603	-7.0203	Europe/London
BOM	VABB	Chhatrapati Shivaji International Airport	Mumbai	India	19.0887	72.8679	Asia/Kolkata
BON	TNCB	Flamingo International Airport	Kralendijk	Bonaire, Sint Eustatius and Saba	12.1310	-68.2685	America/Puerto_Rico
BOO	ENBO	Bodo Airport	Bodo	Norway	67.2692	14.3653	Europe/Berlin
BOP	FEFO	Bouar Airport	Bouar	Central African Republic	5.9580	15.6370	Africa/Lagos
BOR	LFSQ	Fontaine Airport	Belfort	France	47.6556	7.0108	Europe/Paris
BOS	KBOS	General Edward Lawrence Logan International Airport	Boston	United States	42.3643	-71.0052	America/New_York
BOU	LFLD	Bourges Airport	Bourges	France	47.0581	2.3703	Europe/Paris
BOW	KBOW	Bartow Municipal Airport	Bartow	United States	27.9434	-81.7834	America/New_York
BOX	YBRL	Borroloola Airport		Australia	-16.0753	136.3020	Australia/Darwin
BOY	DFOO	Bobo Dioulasso Airport	Bobo Dioulasso	Burkina Faso	11.1601	-4.3310	Africa/Abidjan
BOZ	FEGZ	Bozoum Airport	Bozoum	Central African Republic	6.3442	16.3219	Africa/Lagos
BPC	FKKV	Bamenda Airport	Bamenda	Cameroon	6.0392	10.1226	Africa/Lagos
BPF	AGBT	Batuna Aerodrome	Batuna Mission Station	Solomon Islands	-8.5620	158.1193	Pacific/Guadalcanal
BPG	SBBW	Barra do Garcas Airport	Barra Do Garcas	Brazil	-15.8613	-52.3889	America/Cuiaba
BPH	RPMF	Bislig Airport		Philippines	8.1959	126.3220	Asia/Manila
BPI	KBPI	Miley Memorial Field	Big Piney	United States	42.5851	-110.1110	America/Denver
BPL	ZWBL	Alashankou Bole (Bortala) airport	Bole	China	44.8950	82.3000	Asia/Shanghai
BPM	VOHY	Begumpet Airport	Hyderabad	India	17.4531	78.4676	Asia/Kolkata
BPN	WALL	Sepinggan International Airport	Balikpapan-Borneo Island	Indonesia	-1.2683	116.8940	Asia/Makassar
BPR	RPVW	Borongan Airport	Borongan City	Philippines	11.6743	125.4790	Asia/Manila
BPS	SBPS	Porto Seguro Airport	Porto Seguro	Brazil	-16.4386	-39.0809	America/Bahia
BPT	KBPT	Jack Brooks Regional Airport	Beaumont/Port Arthur	United States	29.9508	-94.0207	America/Chicago
BPX	ZUBD	Qamdo Bangda Airport	Bangda	China	30.5536	97.1083	Asia/Shanghai
BPY	FMNQ	Besalampy Airport		Madagascar	-16.7445	44.4825	Africa/Nairobi
BQA	RPUR	Dr.Juan C. Angara Airport	Baler	Philippines	15.7298	121.5000	Asia/Manila
BQB	YBLN	Busselton Regional Airport	Busselton	Australia	-33.6884	115.4016	Australia/Perth
BQD	BIBR	Budardalur Airport	Budardalur	Iceland	65.0753	-21.8003	Africa/Abidjan
BQE	GGBU	Bubaque Airport	Bubaque	Guinea-Bissau	11.2974	-15.8381	Africa/Bissau
BQG	UHNB	Bogorodskoye Airport	Bogorodskoye	Russia	52.3800	140.4480	Asia/Vladivostok
BQH	EGKB	London Biggin Hill Airport	London	United Kingdom	51.3308	0.0325	Europe/London
BQK	KBQK	Brunswick Golden Isles Airport	Brunswick	United States	31.2588	-81.4665	America/New_York
BQL	YBOU	Boulia Airport		Australia	-22.9133	139.9000	Australia/Brisbane
BQN	TJBQ	Rafael Hernandez Airport	Aguadilla	Puerto Rico	18.4949	-67.1294	America/Puerto_Rico
BQO	DIBN	Bouna Airport	Bouna	Côte d'Ivoire	9.2775	-3.0253	Africa/Abidjan
BQQ	SNBX	Barra Airport	Barra	Brazil	-11.0808	-43.1475	America/Bahia
BQS	UHBB	Ignatyevo Airport	Blagoveschensk	Russia	50.4254	127.4120	Asia/Yakutsk
BQT	UMBB	Brest Airport	Brest	Belarus	52.1083	23.8981	Europe/Minsk
BQU	TVSB	J F Mitchell Airport	Bequia	Saint Vincent and the Grenadines	12.9884	-61.2620	America/Puerto_Rico
BQW	YBGO	Balgo Hill Airport		Australia	-20.1483	127.9730	Australia/Perth
BRA	SNBR	Barreiras Airport	Barreiras	Brazil	-12.0789	-45.0090	America/Bahia
BRB	SSRS	Barreirinhas Lençóis Maranhenses Regional Airport	Barreirinhas	Brazil	-2.7567	-42.8047	America/Fortaleza
BRC	SAZS	San Carlos De Bariloche Airport	San Carlos de Bariloche	Argentina	-41.1512	-71.1575	America/Argentina/Salta
BRD	KBRD	Brainerd Lakes Regional Airport	Brainerd	United States	46.3983	-94.1381	America/Chicago
BRE	EDDW	Bremen Airport	Bremen	Germany	53.0475	8.7867	Europe/Berlin
BRI	LIBD	Bari / Palese International Airport	Bari	Italy	41.1389	16.7606	Europe/Rome
BRK	YBKE	Bourke Airport		Australia	-30.0392	145.9520	Australia/Sydney
BRL	KBRL	Southeast Iowa Regional Airport	Burlington	United States	40.7832	-91.1255	America/Chicago
BRM	SVBM	Barquisimeto International Airport	Barquisimeto	Venezuela	10.0427	-69.3586	America/Caracas
BRN	LSZB	Bern Belp Airport	Bern	Switzerland	46.9141	7.4971	Europe/Zurich
BRO	KBRO	Brownsville South Padre Island International Airport	Brownsville	United States	25.9068	-97.4259	America/Chicago
BRQ	LKTB	Brno-Turany Airport	Brno	Czechia	49.1513	16.6944	Europe/Prague
BRR	EGPR	Barra Airport	Eoligarry	United Kingdom	57.0228	-7.4431	Europe/London
BRS	EGGD	Bristol International Airport	Bristol	United Kingdom	51.3827	-2.7191	Europe/London
BRT	YBTI	Bathurst Island Airport		Australia	-11.7692	130.6200	Australia/Darwin
BRU	EBBR	Brussels Airport	Brussels	Belgium	50.9014	4.4844	Europe/Brussels
BRV	EDWB	Bremerhaven Airport	Bremerhaven	Germany	53.5069	8.5728	Europe/Berlin
BRW	PABR	Wiley Post Will Rogers Memorial Airport	Barrow	United States	71.2854	-156.7660	America/Anchorage
BRX	MDBH	Maria Montez International Airport	Barahona	Dominican Republic	18.2515	-71.1204	America/Santo_Domingo
BRY	KBRY	Samuels Field	Bardstown	United States	37.8143	-85.4996	America/New_York
BSA	HCMF	Bosaso Airport	Bosaso	Somalia	11.2753	49.1494	Africa/Nairobi
BSB	SBBR	Presidente Juscelino Kubistschek International Airport	Brasilia	Brazil	-15.8692	-47.9208	America/Sao_Paulo
BSC	SKBS	Jose Celestino Mutis Airport	Bahia Solano	Colombia	6.2029	-77.3947	America/Bogota
BSD	ZPBS	Baoshan Yunduan Airport		China	25.0533	99.1683	Asia/Shanghai
BSE	WBGN	Sematan Airport	Sematan	Malaysia	1.8136	109.7630	Asia/Kuching
BSF	PHSF	Bradshaw Army Airfield	Camp Pohakuloa	United States	19.7601	-155.5540	Pacific/Honolulu
BSG	FGBT	Bata Airport		Equatorial Guinea	1.9055	9.8057	Africa/Lagos
BSJ	YBNS	Bairnsdale Airport		Australia	-37.8875	147.5680	Australia/Melbourne
BSK	DAUB	Biskra Airport	Biskra	Algeria	34.7933	5.7382	Africa/Algiers
BSL	LFSB	EuroAirport Basel-Mulhouse-Freiburg Airport	Bale/Mulhouse	France	47.5896	7.5299	Europe/Paris
BSM	OINJ	Bishe Kola Air Base	Amol	Iran	36.6551	52.3496	Asia/Tehran
BSN	FEFS	Bossangoa Airport	Bossangoa	Central African Republic	6.4920	17.4290	Africa/Lagos
BSO	RPUO	Basco Airport	Basco	Philippines	20.4513	121.9800	Asia/Manila
BSQ	KP04	Bisbee Municipal Airport	Bisbee	United States	31.3640	-109.8830	America/Hermosillo
BSR	ORMM	Basrah International Airport	Basrah	Iraq	30.5491	47.6621	Asia/Baghdad
BSS	SNBS	Balsas Airport	Balsas	Brazil	-7.5260	-46.0533	America/Fortaleza
BST	OABT	Bost Airport	Bost	Afghanistan	31.5597	64.3650	Asia/Kabul
BSU	FZEN	Basankusu Airport	Basankusu	DR Congo	1.2247	19.7889	Africa/Lagos
BSW	AK97	Boswell Bay Airport	Boswell Bay	United States	60.4231	-146.1460	America/Anchorage
BSX	VYPN	Pathein Airport	Pathein	Myanmar	16.8152	94.7799	Asia/Yangon
BSY	HCMD	Bardera Airport		Somalia	2.3361	42.3078	Africa/Nairobi
BSZ	UCFM	Manas International Airport	Bishkek	Kyrgyzstan	43.0613	74.4775	Asia/Bishkek
BTA	FKKO	Bertoua Airport	Bertoua	Cameroon	4.5486	13.7261	Africa/Lagos
BTB	FCOT	Betou Airport	Betou	Congo	3.0500	18.5000	Africa/Lagos
BTC	VCCB	Batticaloa Airport	Batticaloa	Sri Lanka	7.7058	81.6788	Asia/Colombo
BTD	YBRU	Brunette Downs Airport		Australia	-18.6400	135.9380	Australia/Darwin
BTE	GFBN	Sherbro International Airport	Bonthe	Sierra Leone	7.5324	-12.5189	Africa/Abidjan
BTF	KBTF	Skypark Airport	Bountiful	United States	40.8694	-111.9270	America/Denver
BTG	FEGF	Batangafo Airport	Batangafo	Central African Republic	7.3141	18.3088	Africa/Lagos
BTH	WIDD	Hang Nadim Airport	Batam Island	Indonesia	1.1210	104.1190	Asia/Jakarta
BTI	PABA	Barter Island LRRS Airport	Barter Island Lrrs	United States	70.1340	-143.5820	America/Anchorage
BTJ	WITT	Sultan Iskandarmuda Airport	Banda Aceh-Sumatra Island	Indonesia	5.5235	95.4204	Asia/Jakarta
BTK	UIBB	Bratsk Airport	Bratsk	Russia	56.3706	101.6980	Asia/Irkutsk
BTL	KBTL	Battle Creek Executive Airport at Kellogg Field	Battle Creek	United States	42.3073	-85.2515	America/Detroit
BTM	KBTM	Bert Mooney Airport	Butte	United States	45.9548	-112.4970	America/Denver
BTN	KBBP	Marlboro County Jetport H.E. Avent Field	Bennettsville	United States	34.6217	-79.7344	America/New_York
BTO	SMBO	Botopasi Airport	Botopasi	Suriname	4.2175	-55.4471	America/Paramaribo
BTP	KBTP	Pittsburgh/Butler Regional Airport	Butler	United States	40.7769	-79.9497	America/New_York
BTQ	HRYI	Butare Airport	Butare	Rwanda	-2.5958	29.7367	Africa/Maputo
BTR	KBTR	Baton Rouge Metropolitan Ryan Field	Baton Rouge	United States	30.5332	-91.1496	America/Chicago
BTS	LZIB	M. R. Stefanik Airport	Bratislava	Slovakia	48.1702	17.2127	Europe/Prague
BTT	PABT	Bettles Airport	Bettles	United States	66.9139	-151.5290	America/Anchorage
BTU	WBGB	Bintulu Airport	Bintulu	Malaysia	3.1239	113.0200	Asia/Kuching
BTV	KBTV	Patrick Leahy Burlington International Airport	Burlington	United States	44.4719	-73.1533	America/New_York
BTW	WAOC	Batu Licin Airport	Batu Licin-Borneo Island	Indonesia	-3.4124	115.9950	Asia/Makassar
BTX	YBEO	Betoota Airport		Australia	-25.6417	140.7830	Australia/Brisbane
BTY	KBTY	Beatty Airport	Beatty	United States	36.8611	-116.7870	America/Los_Angeles
BTZ	VTSY	Yala Betong International Airport	Yarom	Thailand	5.7863	101.1475	Asia/Bangkok
BUA	AYBK	Buka Airport	Buka Island	Papua New Guinea	-5.4223	154.6730	Pacific/Bougainville
BUB	KBUB	Cram Field	Burwell	United States	41.7767	-99.1497	America/Chicago
BUC	YBKT	Burketown Airport		Australia	-17.7486	139.5340	Australia/Brisbane
BUD	LHBP	Budapest Ferenc Liszt International Airport	Budapest	Hungary	47.4369	19.2556	Europe/Budapest
BUF	KBUF	Buffalo Niagara International Airport	Buffalo	United States	42.9405	-78.7322	America/New_York
BUG	FNBG	Benguela Airport	Benguela	Angola	-12.6090	13.4037	Africa/Lagos
BUI	WAJB	Bokondini Airport	Bokondini-Papua Island	Indonesia	-3.5836	138.5334	Asia/Jayapura
BUJ	DAAD	Bou Saada Airport		Algeria	35.3325	4.2064	Africa/Algiers
BUL	AYBU	Bulolo Airport	Bulolo	Papua New Guinea	-7.2163	146.6495	Pacific/Port_Moresby
BUM	KBUM	Butler Memorial Airport	Butler	United States	38.2898	-94.3401	America/Chicago
BUN	SKBU	Gerardo Tobar Lopez Airport	Buenaventura	Colombia	3.8196	-76.9898	America/Bogota
BUO	HCMV	Burao Airport	Burao	Somalia	9.5275	45.5549	Africa/Nairobi
BUP	VIBT	Bhatinda Air Force Station		India	30.2701	74.7558	Asia/Kolkata
BUQ	FVBU	Joshua Mqabuko Nkomo International Airport	Bulawayo	Zimbabwe	-20.0174	28.6179	Africa/Maputo
BUR	KBUR	Bob Hope Airport	Burbank	United States	34.2007	-118.3590	America/Los_Angeles
BUS	UGSB	Batumi International Airport	Batumi	Georgia	41.6103	41.5997	Asia/Tbilisi
BUT	VQBT	Bathpalathang Airport	Jakar	Bhutan	27.5622	90.7471	Asia/Thimphu
BUW	WAWB	Betoambari Airport	Bau Bau-Butung Island	Indonesia	-5.4869	122.5690	Asia/Makassar
BUX	FZKA	Bunia Airport		DR Congo	1.5657	30.2208	Africa/Maputo
BUY	YBUN	Bunbury Airport		Australia	-33.3783	115.6770	Australia/Perth
BUZ	OIBB	Bushehr Airport	Bushehr	Iran	28.9448	50.8346	Asia/Tehran
BVA	LFOB	Paris Beauvais Tille Airport	Beauvais/Tille	France	49.4544	2.1128	Europe/Paris
BVB	SBBV	Atlas Brasil Cantanhede Airport	Boa Vista	Brazil	2.8414	-60.6922	America/Boa_Vista
BVC	GVBA	Rabil Airport	Rabil	Cabo Verde	16.1365	-22.8889	Atlantic/Cape_Verde
BVE	LFSL	Brive–Souillac Airport	Nespouls	France	45.0397	1.4857	Europe/Paris
BVG	ENBV	Berlevag Airport	Berlevag	Norway	70.8714	29.0342	Europe/Berlin
BVH	SBVH	Vilhena Airport	Vilhena	Brazil	-12.6944	-60.0983	America/Porto_Velho
BVI	YBDV	Birdsville Airport		Australia	-25.8975	139.3480	Australia/Brisbane
BVJ	USDB	Bovanenkovo	Bovanenkovo	Russia	70.3153	68.3336	Asia/Yekaterinburg
BVK	SLHJ	Huacaraje Airport	Itenes	Bolivia	-13.5500	-63.7479	America/La_Paz
BVL	SLBA	Baures Airport	Baures	Bolivia	-13.5833	-63.5833	America/La_Paz
BVM	SNBL	Belmonte Airport	Belmonte	Brazil	-15.8717	-38.8719	America/Bahia
BVO	KBVO	Bartlesville Municipal Airport	Bartlesville	United States	36.7625	-96.0112	America/Chicago
BVR	GVBR	Esperadinha Airport	Brava Island	Cabo Verde	14.8643	-24.7460	Atlantic/Cape_Verde
BVS	SNVS	Breves Airport	Breves	Brazil	-1.6365	-50.4436	America/Belem
BVU	PABG	Beluga Airport	Beluga	United States	61.1722	-151.0440	America/Anchorage
BVV	UHSB	Burevestnik Airport	Iturup Island	Russia	44.9200	147.6220	Asia/Magadan
BVX	KBVX	Batesville Regional Airport	Batesville	United States	35.7262	-91.6473	America/Chicago
BVY	KBVY	Beverly Regional Airport	Beverly	United States	42.5842	-70.9165	America/New_York
BVZ	YBYS	Beverley Springs Airport		Australia	-16.7333	125.4330	Australia/Perth
BWA	VNBW	Bhairahawa Airport	Bhairawa	Nepal	27.5057	83.4163	Asia/Kathmandu
BWB	YBWX	Barrow Island Airport		Australia	-20.8644	115.4060	Australia/Perth
BWC	KBWC	Brawley Municipal Airport	Brawley	United States	32.9929	-115.5170	America/Los_Angeles
BWD	KBWD	Brownwood Regional Airport	Brownwood	United States	31.7936	-98.9565	America/Chicago
BWE	EDVE	Braunschweig Wolfsburg Airport		Germany	52.3192	10.5561	Europe/Berlin
BWF	EGNL	Barrow Walney Island Airport	Barrow-in-Furness	United Kingdom	54.1312	-3.2637	Europe/London
BWG	KBWG	Bowling Green Warren County Regional Airport	Bowling Green	United States	36.9645	-86.4197	America/Chicago
BWH	WMKB	Butterworth Airport	Butterworth	Malaysia	5.4659	100.3910	Asia/Singapore
BWI	KBWI	Baltimore/Washington International Thurgood Marshal Airport	Baltimore	United States	39.1754	-76.6683	America/New_York
BWK	LDSB	Brac Airport	Brac Island	Croatia	43.2857	16.6797	Europe/Belgrade
BWL	KBKN	Blackwell Tonkawa Municipal Airport	Blackwell	United States	36.7451	-97.3496	America/Chicago
BWM	KBPP	Bowman Municipal Airport	Bowman	United States	46.1870	-103.4280	America/Denver
BWN	WBSB	Brunei International Airport	Bandar Seri Begawan	Brunei	4.9442	114.9280	Asia/Kuching
BWO	UWSB	Balakovo Airport	Balakovo	Russia	51.8583	47.7456	Europe/Saratov
BWQ	YBRW	Brewarrina Airport		Australia	-29.9739	146.8170	Australia/Sydney
BWT	YWYY	Wynyard Airport	Burnie	Australia	-40.9989	145.7310	Australia/Hobart
BWU	YSBK	Sydney Bankstown Airport	Sydney	Australia	-33.9244	150.9880	Australia/Sydney
BWW	MUBR	Las Brujas Airport	Cayo Santa Maria	Cuba	22.6213	-79.1472	America/Havana
BXA	KBXA	George R Carr Memorial Air Field	Bogalusa	United States	30.8137	-89.8650	America/Chicago
BXB	WASO	Babo Airport	Babo-Papua Island	Indonesia	-2.5322	133.4390	Asia/Jayapura
BXD	WAKE	Bade Airport	Bade-Papua Island	Indonesia	-7.7146	139.5750	Asia/Jayapura
BXE	GOTB	Bakel Airport	Bakel	Senegal	14.8473	-12.4683	Africa/Abidjan
BXF	YBEB	Pumululu National Park	Bellburn	Australia	-17.5450	128.3050	Australia/Perth
BXG	YBDG	Bendigo Airport		Australia	-36.7394	144.3300	Australia/Melbourne
BXH	UAAH	Balkhash Airport	Balkhash	Kazakhstan	46.8933	75.0050	Asia/Almaty
BXI	DIBI	Boundiali Airport	Boundiali	Côte d'Ivoire	9.5330	-6.4670	Africa/Abidjan
BXJ	UAAR	Boralday Airport	Aima Ata	Kazakhstan	43.3526	76.8837	Asia/Almaty
BXK	KBXK	Buckeye Municipal Airport	Buckeye	United States	33.4204	-112.6860	America/Phoenix
BXN	LTBV	Imsik Airport	Bodrum	Turkey	37.1401	27.6697	Europe/Istanbul
BXO	LSZC	Buochs Airport	Buochs	Switzerland	46.9744	8.3969	Europe/Zurich
BXP	EPBP	Biala Podlaska Airport	Biala Podlaska	Poland	52.0058	23.1436	Europe/Warsaw
BXR	OIKM	Bam Airport		Iran	29.0842	58.4500	Asia/Tehran
BXS	KL08	Borrego Valley Airport	Borrego Springs	United States	33.2590	-116.3210	America/Los_Angeles
BXT	WRLC	Bontang Airport	Bontang-Borneo Island	Indonesia	0.1197	117.4750	Asia/Makassar
BXU	RPME	Bancasi Airport	Butuan City	Philippines	8.9513	125.4780	Asia/Manila
BXV	BIBV	Breiddalsvik Airport	Breiddalsvik	Iceland	64.7900	-14.0228	Africa/Abidjan
BXY	UAOL	Krainiy Airport	Baikonur	Kazakhstan	45.6220	63.2150	Asia/Qyzylorda
BYC	SLYA	Yacuiba Airport	Yacuiba	Bolivia	-21.9609	-63.6517	America/La_Paz
BYD	OYBI	Al-Bayda Airport	Al-Bayda	Yemen	13.9670	45.5830	Asia/Riyadh
BYF	LFAQ	Albert-Bray Airport	Albert/Bray	France	49.9715	2.6977	Europe/Paris
BYG	KBYG	Johnson County Airport	Buffalo	United States	44.3811	-106.7220	America/Denver
BYH	KBYH	Arkansas International Airport	Blytheville	United States	35.9643	-89.9440	America/Chicago
BYI	KBYI	Burley Municipal Airport	Burley	United States	42.5426	-113.7720	America/Boise
BYJ	LPBJ	Beja International Airport	Beja	Portugal	38.0789	-7.9324	Europe/Lisbon
BYK	DIBK	Bouake Airport		Côte d'Ivoire	7.7388	-5.0737	Africa/Abidjan
BYM	MUBY	Carlos Manuel de Cespedes Airport	Bayamo	Cuba	20.3964	-76.6214	America/Havana
BYN	ZMBH	Bayankhongor Airport	Bayankhongor	Mongolia	46.1633	100.7040	Asia/Ulaanbaatar
BYO	SBDB	Bonito Airport	Bonito	Brazil	-21.2294	-56.4561	America/Campo_Grande
BYP	YBRY	Barimunya Airport		Australia	-22.6739	119.1660	Australia/Perth
BYQ	WALV	Bunyu Airport	Bunju Island	Indonesia	3.4557	117.8670	Asia/Makassar
BYR	EKLS	Laeso Airport	Laeso	Denmark	57.2772	11.0001	Europe/Berlin
BYS	KBYS	Bicycle Lake Army Air Field	Fort Irwin/Barstow	United States	35.2805	-116.6300	America/Los_Angeles
BYT	EIBN	Bantry Aerodrome	Bantry	Ireland	51.6686	-9.4842	Europe/Dublin
BYU	EDQD	Bayreuth Airport	Bayreuth	Germany	49.9850	11.6400	Europe/Berlin
BYW	38WA	Blakely Island Airport	Blakely Island	United States	48.5790	-122.8260	America/Los_Angeles
BZA	MNBZ	San Pedro Airport	Bonanza	Nicaragua	13.9500	-84.6000	America/Managua
BZC	SBBZ	Umberto Modiano Airport	Cabo Frio	Brazil	-22.7710	-41.9629	America/Sao_Paulo
BZD	YBRN	Balranald Airport		Australia	-34.6236	143.5780	Australia/Sydney
BZE	MZBZ	Philip S. W. Goldson International Airport	Belize City	Belize	17.5391	-88.3082	America/Belize
BZG	EPBY	Bydgoszcz Ignacy Jan Paderewski Airport	Bydgoszcz	Poland	53.0968	17.9777	Europe/Warsaw
BZI	LTBF	Balikesir Merkez Airport	Balikesir	Turkey	39.6193	27.9260	Europe/Istanbul
BZK	UUBP	Bryansk Airport	Bryansk	Russia	53.2142	34.1764	Europe/Moscow
BZL	VGBR	Barisal Airport	Barisal	Bangladesh	22.8010	90.3012	Asia/Dhaka
BZN	KBZN	Bozeman Yellowstone International Airport	Bozeman	United States	45.7775	-111.1530	America/Denver
BZO	LIPB	Bolzano Airport	Bolzano	Italy	46.4602	11.3264	Europe/Rome
BZP	YBIZ	Bizant Airport	Lakefield National Park	Australia	-14.7403	144.1194	Australia/Brisbane
BZR	LFMU	Beziers-Vias Airport	Beziers/Vias	France	43.3235	3.3539	Europe/Paris
BZU	FZKJ	Buta Zega Airport		DR Congo	2.8184	24.7937	Africa/Maputo
BZV	FCBB	Maya-Maya Airport	Brazzaville	Congo	-4.2517	15.2530	Africa/Lagos
BZX	ZUBZ	Bazhong Enyang Airport	Bazhong	China	31.7380	106.6450	Asia/Shanghai
BZY	LUBL	Balti International Airport	Strymba	Moldova	47.8381	27.7815	Europe/Chisinau
BZZ	EGVN	RAF Brize Norton	Brize Norton	United Kingdom	51.7500	-1.5836	Europe/London
CAA	MHCA	Catacamas Airport	Catacamas	Honduras	14.9170	-85.9000	America/Tegucigalpa
CAB	FNCA	Cabinda Airport	Cabinda	Angola	-5.5970	12.1884	Africa/Lagos
CAC	SBCA	Cascavel Airport	Cascavel	Brazil	-25.0003	-53.5008	America/Sao_Paulo
CAD	KCAD	Wexford County Airport	Cadillac	United States	44.2753	-85.4189	America/Detroit
CAE	KCAE	Columbia Metropolitan Airport	Columbia	United States	33.9388	-81.1195	America/New_York
CAF	SWCA	Carauari Airport	Carauari	Brazil	-4.8715	-66.8975	America/Manaus
CAG	LIEE	Cagliari / Elmas Airport	Cagliari	Italy	39.2515	9.0543	Europe/Rome
CAH	VVCM	Ca Mau Airport	Ca Mau City	Vietnam	9.1777	105.1778	Asia/Ho_Chi_Minh
CAI	HECA	Cairo International Airport	Cairo	Egypt	30.1219	31.4056	Africa/Cairo
CAJ	SVCN	Canaima Airport	Canaima	Venezuela	6.2320	-62.8544	America/Caracas
CAK	KCAK	Akron Canton Regional Airport	Akron	United States	40.9161	-81.4422	America/New_York
CAL	EGEC	Campbeltown Airport	Campbeltown	United Kingdom	55.4372	-5.6864	Europe/London
CAM	SLCA	Camiri Airport	Camiri	Bolivia	-20.0064	-63.5278	America/La_Paz
CAN	ZGGG	Guangzhou Baiyun International Airport	Guangzhou	China	23.3924	113.2990	Asia/Shanghai
CAO	KCAO	Clayton Municipal Airpark	Clayton	United States	36.4462	-103.1670	America/Denver
CAP	MTCH	Cap Haitien International Airport	Cap Haitien	Haiti	19.7330	-72.1947	America/Port-au-Prince
CAQ	SKCU	Juan H White Airport	Caucasia	Colombia	7.9685	-75.1985	America/Bogota
CAR	KCAR	Caribou Municipal Airport	Caribou	United States	46.8715	-68.0179	America/New_York
CAS	GMMC	Anfa Airport	Casablanca	Morocco	33.5533	-7.6614	Africa/Casablanca
CAT	LPCS	Cascais Airport	Cascais	Portugal	38.7250	-9.3552	Europe/Lisbon
CAU	SNRU	Caruaru Airport	Caruaru	Brazil	-8.2824	-36.0135	America/Recife
CAV	FNCZ	Cazombo Airport	Cazombo	Angola	-11.8931	22.9164	Africa/Lagos
CAW	SBCP	Bartolomeu Lisandro Airport	Campos Dos Goytacazes	Brazil	-21.6983	-41.3017	America/Sao_Paulo
CAX	EGNC	Carlisle Airport	Carlisle	United Kingdom	54.9375	-2.8092	Europe/London
CAY	SOCA	Cayenne-Rochambeau Airport	Cayenne / Rochambeau	French Guiana	4.8198	-52.3604	America/Cayenne
CAZ	YCBA	Cobar Airport		Australia	-31.5383	145.7940	Australia/Sydney
CBB	SLCB	Jorge Wilsterman International Airport	Cochabamba	Bolivia	-17.4211	-66.1771	America/La_Paz
CBD	VOCX	Car Nicobar Air Force Station		India	9.1525	92.8196	Asia/Kolkata
CBE	KCBE	Greater Cumberland Regional Airport	Cumberland	United States	39.6154	-78.7609	America/New_York
CBF	KCBF	Council Bluffs Municipal Airport	Council Bluffs	United States	41.2592	-95.7606	America/Chicago
CBG	EGSC	Cambridge Airport	Cambridge	United Kingdom	52.2050	0.1750	Europe/London
CBH	DAOR	Bechar Boudghene Ben Ali Lotfi Airport	Bechar	Algeria	31.6457	-2.2699	Africa/Algiers
CBI	YCBN	Cape Barren Island Airport		Australia	-40.3917	148.0170	Australia/Hobart
CBJ	MDCR	Cabo Rojo Airport	Cabo Rojo	Dominican Republic	17.9290	-71.6448	America/Santo_Domingo
CBK	KCBK	Shalz Field	Colby	United States	39.4275	-101.0470	America/Chicago
CBL	SVCB	Ciudad Bolivar Airport		Venezuela	8.1222	-63.5370	America/Caracas
CBM	KCBM	Columbus Air Force Base	Columbus	United States	33.6438	-88.4438	America/Chicago
CBN	WICD	Penggung Airport	Cirebon-Java Island	Indonesia	-6.7561	108.5400	Asia/Jakarta
CBO	RPMC	Awang Airport	Cotabato City	Philippines	7.1652	124.2100	Asia/Manila
CBP	LPCO	Coimbra Airport		Portugal	40.1572	-8.4700	Europe/Lisbon
CBQ	DNCA	Margaret Ekpo International Airport	Calabar	Nigeria	4.9760	8.3472	Africa/Lagos
CBR	YSCB	Canberra International Airport	Canberra	Australia	-35.3069	149.1950	Australia/Sydney
CBS	SVON	Oro Negro Airport	Cabimas	Venezuela	10.3307	-71.3225	America/Caracas
CBT	FNCT	Catumbela Airport	Catumbela	Angola	-12.4792	13.4869	Africa/Lagos
CBU	EDCD	Cottbus-Drewitz Airport	Cottbus	Germany	51.8894	14.5319	Europe/Berlin
CBV	MGCB	Coban Airport	Coban	Guatemala	15.4690	-90.4067	America/Guatemala
CBW	SSKM	Campo Mourao Airport	Campo Mourao	Brazil	-24.0092	-52.3568	America/Sao_Paulo
CBX	YCDO	Condobolin Airport		Australia	-33.0644	147.2090	Australia/Sydney
CBY	YCBE	Canobie Airport	Canobie	Australia	-19.4794	140.9270	Australia/Brisbane
CCB	KCCB	Cable Airport	Upland	United States	34.1116	-117.6880	America/Los_Angeles
CCC	MUCC	Jardines Del Rey Airport	Cayo Coco	Cuba	22.4610	-78.3284	America/Havana
CCE	HECP	Cairo Capital International Airport	New Administrative Capital	Egypt	30.0758	31.8333	Africa/Cairo
CCF	LFMK	Carcassonne Airport	Carcassonne/Salvaza	France	43.2160	2.3063	Europe/Paris
CCG	KE13	Crane County Airport	Crane	United States	31.4151	-102.3630	America/Chicago
CCH	SCCC	Chile Chico Airport	Chile Chico	Chile	-46.5833	-71.6874	America/Santiago
CCI	SSCK	Concordia Airport	Concordia	Brazil	-27.1806	-52.0527	America/Sao_Paulo
CCJ	VOCL	Calicut International Airport	Calicut	India	11.1368	75.9553	Asia/Kolkata
CCK	YPCC	Cocos (Keeling) Islands Airport	Cocos (Keeling) Islands	Cocos (Keeling) Islands	-12.1883	96.8339	Asia/Yangon
CCL	YCCA	Chinchilla Airport		Australia	-26.7750	150.6170	Australia/Brisbane
CCM	SBCM	Forquilhinha - Criciuma Airport	Criciuma	Brazil	-28.7244	-49.4214	America/Sao_Paulo
CCN	OACC	Chakcharan Airport	Chakcharan	Afghanistan	34.5330	65.2670	Asia/Kabul
CCO	SKCI	Carimagua Airport	Puerto Lopez	Colombia	4.5642	-71.3364	America/Bogota
CCP	SCIE	Carriel Sur Airport	Concepcion	Chile	-36.7727	-73.0631	America/Santiago
CCR	KCCR	Buchanan Field	Concord	United States	37.9897	-122.0570	America/Los_Angeles
CCS	SVMI	Maiquetia (Simon Bolivar Internacional) Airport	Caracas	Venezuela	10.6031	-66.9906	America/Caracas
CCT	SA30	Colonia Catriel Airport	Colonia Catriel	Argentina	-37.9102	-67.8350	America/Argentina/Salta
CCU	VECC	Netaji Subhash Chandra Bose International Airport	Kolkata	India	22.6547	88.4467	Asia/Kolkata
CCV	NVSF	Craig Cove Airport	Craig Cove	Vanuatu	-16.2650	167.9240	Pacific/Efate
CCW	YCWL	Cowell Airport		Australia	-33.6667	136.8920	Australia/Adelaide
CCX	SWKC	Caceres Airport	Caceres	Brazil	-16.0436	-57.6299	America/Cuiaba
CCY	KCCY	Northeast Iowa Regional Airport	Charles City	United States	43.0726	-92.6108	America/Chicago
CCZ	MYBC	Chub Cay Airport		Bahamas	25.4171	-77.8809	America/Toronto
CDA	YCOO	Cooinda Airport		Australia	-12.9033	132.5320	Australia/Darwin
CDB	PACD	Cold Bay Airport	Cold Bay	United States	55.2061	-162.7250	America/Nome
CDC	KCDC	Cedar City Regional Airport	Cedar City	United States	37.7010	-113.0990	America/Denver
CDD	MHCU	Cauquira Airport	Cauquira	Honduras	15.3167	-83.5917	America/Tegucigalpa
CDE	ZBCD	Chengde Puning Airport	Chengde	China	41.1229	118.0713	Asia/Shanghai
CDF	LIDI	Cortina Airport	Cortina D'Ampezzo	Italy	46.5730	12.1180	Europe/Rome
CDG	LFPG	Charles de Gaulle International Airport	Paris	France	49.0128	2.5500	Europe/Paris
CDH	KCDH	Harrell Field	Camden	United States	33.6228	-92.7634	America/Chicago
CDI	SNKI	Cachoeiro do Itapemirim Airport	Cachoeiro Do Itapemirim	Brazil	-20.8343	-41.1856	America/Sao_Paulo
CDJ	SBAA	Conceicao do Araguaia Airport	Conceicao Do Araguaia	Brazil	-8.3483	-49.3015	America/Araguaina
CDK	KCDK	George T Lewis Airport	Cedar Key	United States	29.1353	-83.0484	America/New_York
CDL	AK75	Candle 2 Airport	Candle	United States	65.9077	-161.9260	America/Anchorage
CDN	KCDN	Woodward Field	Camden	United States	34.2836	-80.5649	America/New_York
CDO	FACD	Cradock Airport	Cradock	South Africa	-32.1567	25.6456	Africa/Johannesburg
CDP	VOCP	Cuddapah Airport		India	14.5100	78.7728	Asia/Kolkata
CDQ	YCRY	Croydon Airport		Australia	-18.2250	142.2580	Australia/Brisbane
CDR	KCDR	Chadron Municipal Airport	Chadron	United States	42.8376	-103.0950	America/Denver
CDS	KCDS	Childress Municipal Airport	Childress	United States	34.4338	-100.2880	America/Chicago
CDT	LECH	Castellón–Costa Azahar Airport	Castellón	Spain	40.2097	0.0697	Europe/Madrid
CDU	YSCN	Camden Airport		Australia	-34.0403	150.6870	Australia/Sydney
CDV	PACV	Merle K (Mudhole) Smith Airport	Cordova	United States	60.4918	-145.4780	America/Anchorage
CDW	KCDW	Essex County Airport	Caldwell	United States	40.8752	-74.2814	America/New_York
CDY	RPMU	Cagayan de Sulu Airport	Mapun	Philippines	7.0140	118.4960	Asia/Manila
CEA	KCEA	Cessna Acft Field	Wichita	United States	37.6486	-97.2506	America/Chicago
CEB	RPVM	Mactan Cebu International Airport	Lapu-Lapu City	Philippines	10.3075	123.9790	Asia/Manila
CEC	KCEC	Jack Mc Namara Field Airport	Crescent City	United States	41.7802	-124.2370	America/Los_Angeles
CED	YCDU	Ceduna Airport		Australia	-32.1306	133.7100	Australia/Adelaide
CEE	ULWC	Cherepovets Airport	Cherepovets	Russia	59.2767	38.0283	Europe/Moscow
CEF	KCEF	Westover ARB/Metropolitan Airport	Springfield/Chicopee	United States	42.1940	-72.5348	America/New_York
CEG	EGNR	Hawarden Airport	Hawarden	United Kingdom	53.1781	-2.9778	Europe/London
CEH	FWCD	Chelinda Malawi Airport		Malawi	-10.5500	33.8000	Africa/Maputo
CEI	VTCT	Chiang Rai International Airport	Chiang Rai	Thailand	19.9523	99.8829	Asia/Bangkok
CEK	USCC	Chelyabinsk Balandino Airport	Chelyabinsk	Russia	55.3058	61.5033	Asia/Yekaterinburg
CEL	SSCN	Canela Airport	Canela	Brazil	-29.3702	-50.8320	America/Sao_Paulo
CEM	PACE	Central Airport	Central	United States	65.5738	-144.7830	America/Anchorage
CEN	MMCN	Ciudad Obregon International Airport	Ciudad Obregon	Mexico	27.3926	-109.8330	America/Hermosillo
CEO	FNWK	Waco Kungo Airport	Waco Kungo	Angola	-11.4264	15.1014	Africa/Lagos
CEP	SLCP	Concepcion Airport	Concepcion	Bolivia	-16.1383	-62.0286	America/La_Paz
CEQ	LFMD	Cannes-Mandelieu Airport	Cannes/Mandelieu	France	43.5420	6.9535	Europe/Paris
CER	LFRC	Cherbourg-Maupertus Airport	Cherbourg/Maupertus	France	49.6501	-1.4703	Europe/Paris
CES	YCNK	Cessnock Airport		Australia	-32.7875	151.3420	Australia/Sydney
CET	LFOU	Cholet Le Pontreau Airport	Cholet/Le Pontreau	France	47.0821	-0.8771	Europe/Paris
CEU	KCEU	Oconee County Regional Airport	Clemson	United States	34.6719	-82.8865	America/New_York
CEV	KCEV	Mettel Field	Connersville	United States	39.6985	-85.1297	America/Indiana/Indianapolis
CEW	KCEW	Bob Sikes Airport	Crestview	United States	30.7788	-86.5221	America/Chicago
CEX	AK13	Chena Hot Springs Airport	Chena Hot Springs	United States	65.0518	-146.0470	America/Anchorage
CEY	KCEY	Kyle Oakley Field	Murray	United States	36.6646	-88.3728	America/Chicago
CEZ	KCEZ	Cortez Municipal Airport	Cortez	United States	37.3030	-108.6280	America/Denver
CFB	SBCB	Cabo Frio Airport	Cabo Frio	Brazil	-22.9217	-42.0743	America/Sao_Paulo
CFC	SBCD	Caçador Airport	Caçador	Brazil	-26.7881	-50.9400	America/Sao_Paulo
CFD	KCFD	Coulter Field	Bryan	United States	30.7157	-96.3314	America/Chicago
CFE	LFLC	Clermont-Ferrand Auvergne Airport	Clermont-Ferrand/Auvergne	France	45.7867	3.1692	Europe/Paris
CFF	FNCF	Cafunfo Airport	Cafunfo	Angola	-8.7836	17.9897	Africa/Lagos
CFG	MUCF	Jaime Gonzalez Airport	Cienfuegos	Cuba	22.1500	-80.4142	America/Havana
CFH	YCFH	Clifton Hills Landing Strip	Clifton Hills Station	Australia	-27.0159	138.8928	Australia/Adelaide
CFI	YCFD	Camfield Airport		Australia	-17.0217	131.3270	Australia/Darwin
CFK	DAOI	Chlef Aboubakr Belkaid Airport	Chlef	Algeria	36.2168	1.3407	Africa/Algiers
CFN	EIDL	Donegal Airport	Donegal	Ireland	55.0442	-8.3410	Europe/Dublin
CFO	SJHG	Confresa Airport	Confresa	Brazil	-10.6344	-51.5636	America/Cuiaba
CFR	LFRK	Caen-Carpiquet Airport	Caen/Carpiquet	France	49.1733	-0.4500	Europe/Paris
CFS	YSCH	Coffs Harbour Airport	Coffs Harbour	Australia	-30.3206	153.1160	Australia/Sydney
CFT	KCFT	Greenlee County Airport	Clifton/Morenci	United States	32.9528	-109.2100	America/Phoenix
CFU	LGKR	Ioannis Kapodistrias International Airport	Kerkyra Island	Greece	39.6019	19.9117	Europe/Athens
CFV	KCFV	Coffeyville Municipal Airport	Coffeyville	United States	37.0940	-95.5719	America/Chicago
CGB	SBCY	Marechal Rondon Airport	Cuiaba	Brazil	-15.6529	-56.1167	America/Cuiaba
CGC	AYCG	Cape Gloucester Airport	Cape Gloucester	Papua New Guinea	-5.4551	148.4231	Pacific/Port_Moresby
CGD	ZGCD	Changde Airport	Changde	China	28.9189	111.6400	Asia/Shanghai
CGE	KCGE	Cambridge Dorchester Airport	Cambridge	United States	38.5393	-76.0304	America/New_York
CGF	KCGF	Cuyahoga County Airport	Cleveland	United States	41.5651	-81.4864	America/New_York
CGH	SBSP	Congonhas Airport	Sao Paulo	Brazil	-23.6261	-46.6564	America/Sao_Paulo
CGI	KCGI	Cape Girardeau Regional Airport	Cape Girardeau	United States	37.2253	-89.5708	America/Chicago
CGJ	FLKE	Kasompe Airport	Kasompe	Zambia	-12.5728	27.8939	Africa/Maputo
CGK	WIII	Soekarno-Hatta International Airport	Jakarta	Indonesia	-6.1256	106.6560	Asia/Jakarta
CGM	RPMH	Camiguin Airport		Philippines	9.2535	124.7070	Asia/Manila
CGN	EDDK	Cologne Bonn Airport	Cologne	Germany	50.8659	7.1427	Europe/Berlin
CGO	ZHCC	Xinzheng Airport	Zhengzhou	China	34.5197	113.8410	Asia/Shanghai
CGP	VGEG	Shah Amanat International Airport	Chittagong	Bangladesh	22.2496	91.8133	Asia/Dhaka
CGQ	ZYCC	Longjia Airport	Changchun	China	43.9962	125.6850	Asia/Shanghai
CGR	SBCG	Campo Grande Airport	Campo Grande	Brazil	-20.4687	-54.6725	America/Campo_Grande
CGS	KCGS	College Park Airport	College Park	United States	38.9806	-76.9223	America/New_York
CGV	YCAG	Caiguna Airport		Australia	-32.2650	125.4930	Australia/Eucla
CGY	RPMY	Laguindingan Airport	Laguindingan	Philippines	8.6123	124.4577	Asia/Manila
CGZ	KCGZ	Casa Grande Municipal Airport	Casa Grande	United States	32.9549	-111.7670	America/Phoenix
CHA	KCHA	Lovell Field	Chattanooga	United States	35.0353	-85.2038	America/New_York
CHB	OPCL	Chilas Airport	Chilas	Pakistan	35.4267	74.0817	Asia/Karachi
CHC	NZCH	Christchurch International Airport	Christchurch	New Zealand	-43.4894	172.5320	Pacific/Auckland
CHF	RKPE	Jinhae Airport	Jinhae	South Korea	35.1412	128.6960	Asia/Seoul
CHG	ZYCY	Chaoyang Airport	Chaoyang	China	41.5381	120.4350	Asia/Shanghai
CHH	SPPY	Chachapoyas Airport	Chachapoyas	Peru	-6.2018	-77.8561	America/Lima
CHJ	FVCH	Chipinge Airport	Chipinge	Zimbabwe	-20.2067	32.6283	Africa/Maputo
CHK	KCHK	Chickasha Municipal Airport	Chickasha	United States	35.0974	-97.9677	America/Chicago
CHL	KLLJ	Challis Airport	Challis	United States	44.5230	-114.2180	America/Boise
CHM	SPEO	Teniente FAP Jaime A De Montreuil Morales Airport	Chimbote	Peru	-9.1496	-78.5238	America/Lima
CHN	RKJU	Jeon Ju Airport	Jeon Ju	South Korea	35.8784	127.1200	Asia/Seoul
CHO	KCHO	Charlottesville Albemarle Airport	Charlottesville	United States	38.1386	-78.4529	America/New_York
CHQ	LGSA	Chania International Airport	Souda	Greece	35.5317	24.1497	Europe/Athens
CHR	LFLX	Chateauroux-Deols Marcel Dassault Airport	Chateauroux/Deols	France	46.8622	1.7307	Europe/Paris
CHS	KCHS	Charleston Air Force Base-International Airport	Charleston	United States	32.8986	-80.0405	America/New_York
CHT	NZCI	Chatham Islands-Tuuta Airport	Waitangi	New Zealand	-43.8100	-176.4570	Pacific/Chatham
CHU	PACH	Chuathbaluk Airport	Chuathbaluk	United States	61.5791	-159.2160	America/Anchorage
CHV	LPCH	Chaves Airport	Chaves	Portugal	41.7223	-7.4632	Europe/Lisbon
CHX	MPCH	Cap Manuel Nino International Airport	Changuinola	Panama	9.4586	-82.5168	America/Panama
CHY	AGGC	Choiseul Bay Airport		Solomon Islands	-6.7119	156.3961	Pacific/Guadalcanal
CIA	LIRA	Ciampino Airport	Roma	Italy	41.7994	12.5949	Europe/Rome
CIC	KCIC	Chico Municipal Airport	Chico	United States	39.7954	-121.8580	America/Los_Angeles
CID	KCID	The Eastern Iowa Airport	Cedar Rapids	United States	41.8847	-91.7108	America/Chicago
CIE	YCOI	Collie Airport		Australia	-33.3667	116.2170	Australia/Perth
CIF	ZBCF	Chifeng Airport	Chifeng	China	42.2350	118.9080	Asia/Shanghai
CIG	KCAG	Craig Moffat Airport	Craig	United States	40.4952	-107.5220	America/Denver
CIH	ZBCZ	Changzhi Airport	Changzhi	China	36.2475	113.1260	Asia/Shanghai
CII	LTBD	Cildir Airport	Aydin	Turkey	37.8150	27.8953	Europe/Istanbul
CIJ	SLCO	Capitan Anibal Arab Airport	Cobija	Bolivia	-11.0404	-68.7830	America/La_Paz
CIK	PACI	Chalkyitsik Airport	Chalkyitsik	United States	66.6450	-143.7400	America/Anchorage
CIM	SKCM	Cimitarra Airport	Cimitarra	Colombia	6.3670	-73.9670	America/Bogota
CIN	KCIN	Arthur N Neu Airport	Carroll	United States	42.0462	-94.7890	America/Chicago
CIO	SGCO	Teniente Col Carmelo Peralta Airport	Concepcion	Paraguay	-23.4400	-57.4300	America/Asuncion
CIP	FLCP	Chipata Airport	Chipata	Zambia	-13.5583	32.5872	Africa/Maputo
CIQ	MGCQ	Chiquimula Airport	Chiquimula	Guatemala	14.8309	-89.5209	America/Guatemala
CIR	KCIR	Cairo Regional Airport	Cairo	United States	37.0645	-89.2196	America/Chicago
CIS	PCIS	Canton Airport	Abariringa	Kiribati	-2.7681	-171.7100	Pacific/Kanton
CIT	UAII	Shymkent Airport	Shymkent	Kazakhstan	42.3642	69.4789	Asia/Almaty
CIU	KCIU	Chippewa County International Airport	Sault Ste Marie	United States	46.2508	-84.4724	America/Detroit
CIW	TVSC	Canouan Airport	Canouan	Saint Vincent and the Grenadines	12.6990	-61.3424	America/Puerto_Rico
CIX	SPHI	Capitan FAP Jose A Quinones Gonzales International Airport	Chiclayo	Peru	-6.7875	-79.8281	America/Lima
CIY	LICB	Comiso Airport Vincenzo Magliocco	Comiso	Italy	36.9946	14.6072	Europe/Rome
CIZ	SWKO	Coari Airport	Coari	Brazil	-4.1341	-63.1326	America/Manaus
CJA	SPJR	Mayor General FAP Armando Revoredo Iglesias Airport	Cajamarca	Peru	-7.1392	-78.4894	America/Lima
CJB	VOCB	Coimbatore International Airport	Coimbatore	India	11.0300	77.0434	Asia/Kolkata
CJC	SCCF	El Loa Airport	Calama	Chile	-22.4982	-68.9036	America/Santiago
CJF	YCWA	Coondewanna Wa Airport		Australia	-22.9667	118.8022	Australia/Perth
CJJ	RKTU	Cheongju International Airport	Cheongju	South Korea	36.7166	127.4990	Asia/Seoul
CJL	OPCH	Chitral Airport	Chitral	Pakistan	35.8866	71.8006	Asia/Karachi
CJM	VTSE	Chumphon Airport		Thailand	10.7112	99.3617	Asia/Bangkok
CJS	MMCS	Abraham Gonzalez International Airport	Ciudad Juarez	Mexico	31.6361	-106.4290	America/Ciudad_Juarez
CJT	MMCO	Comitan Airport		Mexico	16.1767	-92.0506	America/Mexico_City
CJU	RKPC	Jeju International Airport	Jeju City	South Korea	33.5113	126.4930	Asia/Seoul
CKA	KCKA	Kegelman Af Aux Field	Cherokee	United States	36.7439	-98.1231	America/Chicago
CKB	KCKB	North Central West Virginia Airport	Clarksburg	United States	39.2966	-80.2281	America/New_York
CKC	UKKE	Cherkasy International Airport	Cherkasy	Ukraine	49.4156	31.9953	Europe/Kyiv
CKG	ZUCK	Chongqing Jiangbei International Airport	Chongqing	China	29.7192	106.6420	Asia/Shanghai
CKH	UESO	Chokurdakh Airport	Chokurdah	Russia	70.6231	147.9020	Asia/Srednekolymsk
CKI	YCKI	Croker Island Airport		Australia	-11.1650	132.4830	Australia/Darwin
CKK	KCVK	Sharp County Regional Airport	Ash Flat	United States	36.2649	-91.5626	America/Chicago
CKL	UUMU	Chkalovskiy Airport	Moscow	Russia	55.8783	38.0617	Europe/Moscow
CKM	KCKM	Fletcher Field	Clarksdale	United States	34.2997	-90.5123	America/Chicago
CKN	KCKN	Crookston Municipal Kirkwood Field	Crookston	United States	47.8417	-96.6216	America/Chicago
CKO	SSCP	Cornelio Procopio Airport	Cornelio Procopio	Brazil	-23.1525	-50.6025	America/Sao_Paulo
CKS	SBCJ	Carajas Airport	Carajas	Brazil	-6.1153	-50.0014	America/Belem
CKT	OIMC	Sarakhs Airport	Sarakhs	Iran	36.5012	61.0649	Asia/Tehran
CKV	KCKV	Outlaw Field	Clarksville	United States	36.6219	-87.4150	America/Chicago
CKW	YCHK	Graeme Rowley Aerodrome	Christmas Creek mine	Australia	-22.3556	119.6522	Australia/Perth
CKY	GUCY	Conakry Airport	Conakry	Guinea	9.5769	-13.6120	Africa/Abidjan
CKZ	LTBH	Canakkale Airport	Canakkale	Turkey	40.1377	26.4268	Europe/Istanbul
CLA	VGCM	Comilla Airport	Comilla	Bangladesh	23.4372	91.1897	Asia/Dhaka
CLB	EICB	Castlebar Airport	Castlebar	Ireland	53.8484	-9.2804	Europe/Dublin
CLD	KCRQ	Mc Clellan-Palomar Airport	Carlsbad	United States	33.1283	-117.2800	America/Los_Angeles
CLE	KCLE	Cleveland Hopkins International Airport	Cleveland	United States	41.4117	-81.8498	America/New_York
CLH	YCAH	Coolah Airport		Australia	-31.7733	149.6100	Australia/Sydney
CLI	KCLI	Clintonville Municipal Airport	Clintonville	United States	44.6138	-88.7313	America/Chicago
CLJ	LRCL	Cluj-Napoca International Airport	Cluj-Napoca	Romania	46.7852	23.6862	Europe/Bucharest
CLK	KCLK	Clinton Regional Airport	Clinton	United States	35.5383	-98.9327	America/Chicago
CLL	KCLL	Easterwood Field	College Station	United States	30.5886	-96.3638	America/Chicago
CLM	KCLM	William R Fairchild International Airport	Port Angeles	United States	48.1202	-123.5000	America/Los_Angeles
CLN	SBCI	Brig. Lysias Augusto Rodrigues Airport	Carolina	Brazil	-7.3204	-47.4587	America/Fortaleza
CLO	SKCL	Alfonso Bonilla Aragon International Airport	Cali	Colombia	3.5432	-76.3816	America/Bogota
CLP	PFCL	Clarks Point Airport	Clarks Point	United States	58.8337	-158.5290	America/Anchorage
CLQ	MMIA	Lic. Miguel de la Madrid Airport	Colima	Mexico	19.2770	-103.5770	America/Mexico_City
CLR	KCLR	Cliff Hatfield Memorial Airport	Calipatria	United States	33.1315	-115.5210	America/Los_Angeles
CLS	KCLS	Chehalis Centralia Airport	Chehalis	United States	46.6770	-122.9830	America/Los_Angeles
CLT	KCLT	Charlotte Douglas International Airport	Charlotte	United States	35.2140	-80.9431	America/New_York
CLU	KBAK	Columbus Municipal Airport	Columbus	United States	39.2619	-85.8963	America/Indiana/Indianapolis
CLV	SBCN	Caldas Novas Airport	Caldas Novas	Brazil	-17.7253	-48.6075	America/Sao_Paulo
CLW	KCLW	Clearwater Air Park	Clearwater	United States	27.9767	-82.7587	America/New_York
CLX	SATC	Clorinda Airport	Clorinda	Argentina	-25.3036	-57.7344	America/Argentina/Cordoba
CLY	LFKC	Calvi-Sainte-Catherine Airport	Calvi/Sainte-Catherine	France	42.5308	8.7932	Europe/Paris
CLZ	SVCL	Calabozo Airport	Guarico	Venezuela	8.9247	-67.4171	America/Caracas
CMA	YCMU	Cunnamulla Airport		Australia	-28.0300	145.6220	Australia/Brisbane
CMB	VCBI	Bandaranaike International Colombo Airport	Colombo	Sri Lanka	7.1808	79.8841	Asia/Colombo
CMC	SNWC	Camocim Airport	Camocim	Brazil	-2.8962	-40.8580	America/Fortaleza
CMD	YCTM	Cootamundra Airport		Australia	-34.6239	148.0280	Australia/Sydney
CME	MMCE	Ciudad del Carmen International Airport	Ciudad del Carmen	Mexico	18.6537	-91.7990	America/Merida
CMF	LFLB	Chambery-Savoie Airport	Chambery/Aix-les-Bains	France	45.6381	5.8802	Europe/Paris
CMG	SBCR	Corumba International Airport	Corumba	Brazil	-19.0119	-57.6714	America/Campo_Grande
CMH	KCMH	John Glenn Columbus International Airport	Columbus	United States	39.9980	-82.8919	America/New_York
CMI	KCMI	University of Illinois Willard Airport	Champaign/Urbana	United States	40.0392	-88.2781	America/Chicago
CMJ	RCCM	Qimei Airport	Qimei	Taiwan	23.2131	119.4175	Asia/Taipei
CMK	FWCM	Club Makokola Airport	Club Makokola	Malawi	-14.3069	35.1325	Africa/Maputo
CML	YCMW	Camooweal Airport		Australia	-19.9117	138.1250	Australia/Brisbane
CMM	MGCR	Carmelita Airport	Carmelita	Guatemala	17.4612	-90.0537	America/Guatemala
CMN	GMMN	Mohammed V International Airport	Casablanca	Morocco	33.3675	-7.5900	Africa/Casablanca
CMO	HCMO	Obbia Airport	Obbia	Somalia	5.3667	48.5167	Africa/Nairobi
CMP	SNKE	Santana do Araguaia Airport	Santana Do Araguaia	Brazil	-9.3200	-50.3285	America/Belem
CMQ	YCMT	Clermont Airport		Australia	-22.7731	147.6210	Australia/Brisbane
CMR	LFGA	Colmar-Houssen Airport	Colmar/Houssen	France	48.1099	7.3590	Europe/Paris
CMS	HCMS	Scusciuban Airport	Scusciuban	Somalia	10.3000	50.2330	Africa/Nairobi
CMU	AYCH	Chimbu Airport	Kundiawa	Papua New Guinea	-6.0243	144.9710	Pacific/Port_Moresby
CMV	NZCX	Coromandel Aerodrome		New Zealand	-36.7917	175.5090	Pacific/Auckland
CMW	MUCM	Ignacio Agramonte International Airport	Camaguey	Cuba	21.4203	-77.8475	America/Havana
CMX	KCMX	Houghton County Memorial Airport	Hancock	United States	47.1684	-88.4891	America/Detroit
CMY	KCMY	Sparta Fort Mc Coy Airport	Sparta	United States	43.9583	-90.7379	America/Chicago
CNA	MMCA	Cananea Airport		Mexico	31.0662	-110.0979	America/Hermosillo
CNB	YCNM	Coonamble Airport		Australia	-30.9833	148.3760	Australia/Sydney
CNC	YCCT	Coconut Island Airport		Australia	-10.0500	143.0700	Australia/Brisbane
CND	LRCK	Mihail Kogalniceanu International Airport	Constanta	Romania	44.3622	28.4883	Europe/Bucharest
CNF	SBCF	Tancredo Neves International Airport	Belo Horizonte	Brazil	-19.6244	-43.9719	America/Sao_Paulo
CNG	LFBG	Cognac-Chateaubernard (BA 709) Air Base	Cognac/Chateaubernard	France	45.6583	-0.3175	Europe/Paris
CNH	KCNH	Claremont Municipal Airport	Claremont	United States	43.3704	-72.3687	America/New_York
CNI	ZYCH	Changhai Airport	Changhai	China	39.2667	122.6669	Asia/Shanghai
CNJ	YCCY	Cloncurry Airport	Cloncurry	Australia	-20.6686	140.5040	Australia/Brisbane
CNK	KCNK	Blosser Municipal Airport	Concordia	United States	39.5493	-97.6523	America/Chicago
CNL	EKSN	Sindal Airport	Sindal	Denmark	57.5035	10.2294	Europe/Berlin
CNM	KCNM	Cavern City Air Terminal	Carlsbad	United States	32.3375	-104.2630	America/Denver
CNN	VOKN	Kannur International Airport	Mattanur	India	11.9200	75.5500	Asia/Kolkata
CNO	KCNO	Chino Airport	Chino	United States	33.9747	-117.6370	America/Los_Angeles
CNP	BGCO	Neerlerit Inaat Airport	Neerlerit Inaat	Greenland	70.7431	-22.6505	America/Scoresbysund
CNQ	SARC	Corrientes Airport	Corrientes	Argentina	-27.4455	-58.7619	America/Argentina/Cordoba
CNR	SCRA	Chanaral Airport	Chanaral	Chile	-26.3325	-70.6073	America/Santiago
CNS	YBCS	Cairns International Airport	Cairns	Australia	-16.8858	145.7550	Australia/Brisbane
CNU	KCNU	Chanute Martin Johnson Airport	Chanute	United States	37.6688	-95.4851	America/Chicago
CNV	SNED	Canavieiras Airport	Canavieiras	Brazil	-15.6670	-38.9547	America/Bahia
CNW	KCNW	TSTC Waco Airport	Waco	United States	31.6378	-97.0741	America/Chicago
CNX	VTCC	Chiang Mai International Airport	Chiang Mai	Thailand	18.7668	98.9626	Asia/Bangkok
CNY	KCNY	Canyonlands Field	Moab	United States	38.7550	-109.7550	America/Denver
COC	SAAC	Comodoro Pierrestegui Airport	Concordia	Argentina	-31.2969	-57.9966	America/Argentina/Cordoba
COD	KCOD	Yellowstone Regional Airport	Cody	United States	44.5202	-109.0240	America/Denver
COE	KCOE	Coeur D'Alene - Pappy Boyington Field	Coeur d'Alene	United States	47.7743	-116.8200	America/Los_Angeles
COF	KCOF	Patrick Air Force Base	Cocoa Beach	United States	28.2349	-80.6101	America/New_York
COG	SKCD	Mandinga Airport	Condoto	Colombia	5.0833	-76.7000	America/Bogota
COH	VECO	Cooch Behar Airport		India	26.3305	89.4672	Asia/Kolkata
COI	KCOI	Merritt Island Airport	Merritt Island	United States	28.3416	-80.6855	America/New_York
COJ	YCBB	Coonabarabran Airport		Australia	-31.3325	149.2670	Australia/Sydney
COK	VOCI	Cochin International Airport	Cochin	India	10.1520	76.4019	Asia/Kolkata
COL	EGEL	Coll Airport	Coll Island	United Kingdom	56.6019	-6.6178	Europe/London
COM	KCOM	Coleman Municipal Airport	Coleman	United States	31.8411	-99.4036	America/Chicago
CON	KCON	Concord Municipal Airport	Concord	United States	43.2027	-71.5023	America/New_York
COO	DBBB	Cadjehoun Airport	Cotonou	Benin	6.3572	2.3844	Africa/Lagos
COQ	ZMCD	Choibalsan Airport		Mongolia	48.1357	114.6460	Asia/Ulaanbaatar
COR	SACO	Ingeniero Ambrosio Taravella Airport	Cordoba	Argentina	-31.3236	-64.2080	America/Argentina/Cordoba
COS	KCOS	City of Colorado Springs Municipal Airport	Colorado Springs	United States	38.8058	-104.7010	America/Denver
COT	KCOT	Cotulla-La Salle County	Cotulla	United States	28.4567	-99.2203	America/Chicago
COU	KCOU	Columbia Regional Airport	Columbia	United States	38.8181	-92.2196	America/Chicago
COV	LTDB	Çukurova International Airport	Tarsus	Turkey	36.8929	35.0720	Europe/Istanbul
COW	SCCQ	Tambillos Airport	Coquimbo	Chile	-30.1989	-71.2469	America/Santiago
COX	MYAK	Congo Town Airport	Andros	Bahamas	24.1587	-77.5898	America/Toronto
COY	YCWY	Coolawanyah Airport		Australia	-21.7833	117.8000	Australia/Perth
COZ	MDCZ	Constanza Dom Re Airport	Costanza	Dominican Republic	18.9075	-70.7219	America/Santo_Domingo
CPA	GLCP	Cape Palmas Airport	Harper	Liberia	4.3790	-7.6969	Africa/Monrovia
CPB	SKCA	Capurgana Airport	Capurgana	Colombia	8.6333	-77.3500	America/Bogota
CPC	SAZY	Aviador C. Campos Airport	Chapelco/San Martin de los Andes	Argentina	-40.0754	-71.1373	America/Argentina/Salta
CPD	YCBP	Coober Pedy Airport		Australia	-29.0400	134.7210	Australia/Adelaide
CPE	MMCP	Ingeniero Alberto Acuna Ongay International Airport	Campeche	Mexico	19.8168	-90.5003	America/Merida
CPF	WARC	Cepu Airport	Tjepu-Java Island	Indonesia	-7.1948	111.5482	Asia/Jakarta
CPH	EKCH	Copenhagen Kastrup Airport	Copenhagen	Denmark	55.6179	12.6560	Europe/Berlin
CPL	SKHA	Chaparral Airport	Chaparral	Colombia	3.7170	-75.4670	America/Bogota
CPM	KCPM	Compton Woodley Airport	Compton	United States	33.8900	-118.2440	America/Los_Angeles
CPO	SCAT	Desierto de Atacama Airport	Copiapo	Chile	-27.2612	-70.7792	America/Santiago
CPP	SCKP	Coposa Airport	Pica	Chile	-20.7505	-68.6835	America/Santiago
CPQ	SDAM	Amarais Airport	Campinas	Brazil	-22.8592	-47.1082	America/Sao_Paulo
CPR	KCPR	Casper-Natrona County International Airport	Casper	United States	42.9080	-106.4640	America/Denver
CPS	KCPS	St Louis Downtown Airport	Cahokia/St Louis	United States	38.5707	-90.1562	America/Chicago
CPT	FACT	Cape Town International Airport	Cape Town	South Africa	-33.9648	18.6017	Africa/Johannesburg
CPU	SNCU	Cururupu Airport	Cururupu	Brazil	-1.8211	-44.8669	America/Fortaleza
CPV	SBKG	Presidente Joao Suassuna Airport	Campina Grande	Brazil	-7.2699	-35.8964	America/Fortaleza
CPX	TJCP	Benjamin Rivera Noriega Airport	Culebra Island	Puerto Rico	18.3133	-65.3043	America/Puerto_Rico
CQA	SWEK	Canarana Airport	Canarana	Brazil	-13.5744	-52.2706	America/Cuiaba
CQD	OIFS	Shahrekord Airport	Shahrekord	Iran	32.2972	50.8422	Asia/Tehran
CQF	LFAC	Calais-Dunkerque Airport	Marck	France	50.9621	1.9548	Europe/Paris
CQM	LERL	Ciudad Real Central Airport	Ciudad Real	Spain	38.8564	-3.9700	Europe/Madrid
CQS	SWCQ	Costa Marques Airport	Costa Marques	Brazil	-12.4211	-64.2516	America/Porto_Velho
CQW	ZUWL	Wulong Chongqing Xiannvshan Airport	Wulong	China	29.4658	107.6922	Asia/Shanghai
CRA	LRCV	Craiova Airport	Craiova	Romania	44.3181	23.8886	Europe/Bucharest
CRB	YCBR	Collarenebri Airport		Australia	-29.5217	148.5820	Australia/Sydney
CRC	SKGO	Santa Ana Airport	Cartago	Colombia	4.7582	-75.9557	America/Bogota
CRD	SAVC	General E. Mosconi Airport	Comodoro Rivadavia	Argentina	-45.7853	-67.4655	America/Argentina/Catamarca
CRE	KCRE	Grand Strand Airport	North Myrtle Beach	United States	33.8117	-78.7239	America/New_York
CRF	FEFC	Carnot Airport	Carnot	Central African Republic	4.9370	15.8940	Africa/Lagos
CRG	KCRG	Jacksonville Executive at Craig Airport	Jacksonville	United States	30.3363	-81.5144	America/New_York
CRI	MYCI	Colonel Hill Airport	Colonel Hill	Bahamas	22.7456	-74.1824	America/Toronto
CRK	RPLC	Clark International Airport	Angeles City	Philippines	15.1860	120.5600	Asia/Manila
CRL	EBCI	Brussels South Charleroi Airport	Brussels	Belgium	50.4592	4.4538	Europe/Brussels
CRM	RPVF	Catarman National Airport	Catarman	Philippines	12.5024	124.6360	Asia/Manila
CRO	KCRO	Corcoran Airport	Corcoran	United States	36.1025	-119.5950	America/Los_Angeles
CRP	KCRP	Corpus Christi International Airport	Corpus Christi	United States	27.7704	-97.5012	America/Chicago
CRQ	SBCV	Caravelas Airport	Caravelas	Brazil	-17.6523	-39.2531	America/Bahia
CRR	SANW	Ceres Airport	Ceres	Argentina	-29.8631	-61.8728	America/Argentina/Cordoba
CRS	KCRS	C David Campbell Field Corsicana Municipal Airport	Corsicana	United States	32.0281	-96.4006	America/Chicago
CRT	KCRT	Z M Jack Stell Field	Crossett	United States	33.1783	-91.8802	America/Chicago
CRU	TGPZ	Lauriston Airport	Carriacou Island	Grenada	12.4761	-61.4728	America/Puerto_Rico
CRV	LIBC	Crotone Airport	Crotone	Italy	38.9972	17.0802	Europe/Rome
CRW	KCRW	Yeager Airport	Charleston	United States	38.3731	-81.5932	America/New_York
CRX	KCRX	Roscoe Turner Airport	Corinth	United States	34.9150	-88.6035	America/Chicago
CRZ	UTAV	Turkmenabat International Airport	Turkmenabat	Turkmenistan	38.9308	63.5639	Asia/Ashgabat
CSA	EGEY	Colonsay Airstrip	Colonsay	United Kingdom	56.0575	-6.2431	Europe/London
CSB	LRCS	Caransebes Airport	Caransebes	Romania	45.4200	22.2533	Europe/Bucharest
CSC	MRMJ	Mojica Airport	Canas	Costa Rica	10.4307	-85.1746	America/Costa_Rica
CSF	LFPC	Creil Air Base	Creil	France	49.2535	2.5191	Europe/Paris
CSG	KCSG	Columbus Metropolitan Airport	Columbus	United States	32.5163	-84.9389	America/New_York
CSH	ULAS	Solovki Airport	Solovetsky Islands	Russia	65.0300	35.7333	Europe/Moscow
CSI	YCAS	Casino Airport		Australia	-28.8828	153.0670	Australia/Sydney
CSK	GOGS	Cap Skirring Airport	Cap Skirring	Senegal	12.4102	-16.7461	Africa/Abidjan
CSL	MMSL	Cabo San Lucas International Airport	Cabo San Lucas	Mexico	22.9477	-109.9370	America/Mazatlan
CSM	KCSM	Clinton Sherman Airport	Clinton	United States	35.3398	-99.2005	America/Chicago
CSN	KCXP	Carson Airport	Carson City	United States	39.1922	-119.7340	America/Los_Angeles
CSO	EDBC	Cochstedt Airport	Magdeburg	Germany	51.8564	11.4203	Europe/Berlin
CSQ	KCSQ	Creston Municipal Airport	Creston	United States	41.0214	-94.3633	America/Chicago
CSS	SSCL	Cassilandia Airport	Cassilandia	Brazil	-19.1464	-51.6853	America/Campo_Grande
CSU	SSSC	Santa Cruz do Sul Airport	Santa Cruz Do Sul	Brazil	-29.6841	-52.4122	America/Sao_Paulo
CSV	KCSV	Crossville Memorial Whitson Field	Crossville	United States	35.9513	-85.0850	America/Chicago
CSX	ZGHA	Changsha Huanghua Airport	Changsha	China	28.1892	113.2200	Asia/Shanghai
CSY	UWKS	Cheboksary Airport	Cheboksary	Russia	56.0903	47.3473	Europe/Moscow
CSZ	SAZC	Brigadier D.H.E. Ruiz Airport	Coronel Suarez	Argentina	-37.4461	-61.8893	America/Argentina/Buenos_Aires
CTA	LICC	Catania / Fontanarossa Airport	Catania	Italy	37.4668	15.0664	Europe/Rome
CTB	KCTB	Cut Bank Municipal Airport	Cut Bank	United States	48.6084	-112.3760	America/Denver
CTC	SANC	Catamarca Airport	Catamarca	Argentina	-28.5956	-65.7517	America/Argentina/Catamarca
CTD	MPCE	Alonso Valderrama Airport	Chitre	Panama	7.9878	-80.4097	America/Panama
CTF	MGCT	Coatepeque Airport	Coatepeque	Guatemala	14.6942	-91.8825	America/Guatemala
CTG	SKCG	Rafael Nunez International Airport	Cartagena	Colombia	10.4424	-75.5130	America/Bogota
CTH	KMQS	Chester County G O Carlson Airport	Coatesville	United States	39.9790	-75.8655	America/New_York
CTI	FNCV	Cuito Cuanavale Airport	Cuito Cuanavale	Angola	-15.1603	19.1561	Africa/Lagos
CTL	YBCV	Charleville Airport	Charleville	Australia	-26.4133	146.2620	Australia/Brisbane
CTM	MMCM	Chetumal International Airport	Chetumal	Mexico	18.5047	-88.3268	America/Cancun
CTN	YCKN	Cooktown Airport		Australia	-15.4447	145.1840	Australia/Brisbane
CTP	SNCP	Carutapera Airport	Carutapera	Brazil	-1.2503	-46.0172	America/Fortaleza
CTQ	SSVP	Santa Vitoria do Palmar Airport	Santa Vitoria Do Palmar	Brazil	-33.5022	-53.3442	America/Sao_Paulo
CTS	RJCC	New Chitose Airport	Chitose / Tomakomai	Japan	42.7752	141.6920	Asia/Tokyo
CTT	LFMQ	Le Castellet Airport	Le Castellet	France	43.2525	5.7852	Europe/Paris
CTU	ZUUU	Chengdu Shuangliu International Airport	Chengdu	China	30.5785	103.9470	Asia/Shanghai
CTY	KCTY	Cross City Airport	Cross City	United States	29.6355	-83.1048	America/New_York
CTZ	KCTZ	Sampson County Airport	Clinton	United States	34.9756	-78.3646	America/New_York
CUA	MMDA	Ciudad Constitucion Airport	Ciudad Constitucion	Mexico	25.0538	-111.6150	America/Mazatlan
CUB	KCUB	Jim Hamilton L.B. Owens Airport	Columbia	United States	33.9705	-80.9952	America/New_York
CUC	SKCC	Camilo Daza International Airport	Cucuta	Colombia	7.9276	-72.5115	America/Bogota
CUD	YCDR	Caloundra Airport		Australia	-26.8000	153.1000	Australia/Brisbane
CUE	SECU	Mariscal Lamar Airport	Cuenca	Ecuador	-2.8895	-78.9844	America/Guayaquil
CUF	LIMZ	Cuneo / Levaldigi Airport	Cuneo	Italy	44.5470	7.6232	Europe/Rome
CUG	YCUA	Cudal Airport		Australia	-33.2783	148.7630	Australia/Sydney
CUH	KCUH	Cushing Municipal Airport	Cushing	United States	35.9499	-96.7731	America/Chicago
CUL	MMCL	Federal de Bachigualato International Airport	Culiacan	Mexico	24.7645	-107.4750	America/Mazatlan
CUM	SVCU	Cumana (Antonio Jose de Sucre) Airport		Venezuela	10.4503	-64.1305	America/Caracas
CUN	MMUN	Cancun International Airport	Cancun	Mexico	21.0365	-86.8771	America/Cancun
CUO	SKCR	Caruru Airport	Caruru	Colombia	1.0136	-71.2961	America/Bogota
CUP	SVCP	General Francisco Bermudez Airport	Carupano	Venezuela	10.6600	-63.2617	America/Caracas
CUQ	YCOE	Coen Airport		Australia	-13.7608	143.1140	Australia/Brisbane
CUR	TNCC	Hato International Airport	Willemstad	Curaçao	12.1889	-68.9598	America/Puerto_Rico
CUT	SAZW	Cutral-Co Airport	Cutral-Co	Argentina	-38.9397	-69.2646	America/Argentina/Salta
CUU	MMCU	General Roberto Fierro Villalobos International Airport	Chihuahua	Mexico	28.7029	-105.9650	America/Chihuahua
CUV	SVCG	Casigua El Cubo Airport	Casigua El Cubo	Venezuela	8.7581	-72.5363	America/Caracas
CUY	YCUE	Cue Airport		Australia	-27.4467	117.9180	Australia/Perth
CUZ	SPZO	Alejandro Velasco Astete International Airport	Cusco	Peru	-13.5357	-71.9388	America/Lima
CVC	YCEE	Cleve Airport		Australia	-33.7097	136.5050	Australia/Adelaide
CVE	SKCV	Covenas Airport	Covenas	Colombia	9.4009	-75.6913	America/Bogota
CVF	LFLJ	Courchevel Airport	Courcheval	France	45.3967	6.6347	Europe/Paris
CVG	KCVG	Cincinnati Northern Kentucky International Airport	Hebron	United States	39.0488	-84.6678	America/New_York
CVH	SAHE	Caviahue Airport	Lafontaine	Argentina	-37.8514	-71.0092	America/Argentina/Salta
CVJ	MMCB	General Mariano Matamoros Airport		Mexico	18.8348	-99.2613	America/Mexico_City
CVM	MMCV	General Pedro Jose Mendez International Airport	Ciudad Victoria	Mexico	23.7033	-98.9565	America/Monterrey
CVN	KCVN	Clovis Municipal Airport	Clovis	United States	34.4251	-103.0790	America/Denver
CVO	KCVO	Corvallis Municipal Airport	Corvallis	United States	44.4972	-123.2900	America/Los_Angeles
CVQ	YCAR	Carnarvon Airport		Australia	-24.8806	113.6720	Australia/Perth
CVS	KCVS	Cannon Air Force Base	Clovis	United States	34.3828	-103.3220	America/Denver
CVT	EGBE	Coventry Airport	Coventry	United Kingdom	52.3697	-1.4797	Europe/London
CVU	LPCR	Corvo Airport	Corvo	Portugal	39.6715	-31.1136	Atlantic/Azores
CWA	KCWA	Central Wisconsin Airport	Mosinee	United States	44.7776	-89.6668	America/Chicago
CWB	SBCT	Afonso Pena Airport	Curitiba	Brazil	-25.5285	-49.1758	America/Sao_Paulo
CWC	UKLN	Chernivtsi International Airport	Chernivtsi	Ukraine	48.2593	25.9808	Europe/Kyiv
CWE	HECW	Cairo West Airport	El Cairo	Egypt	30.1164	30.9154	Africa/Cairo
CWF	KCWF	Chennault International Airport	Lake Charles	United States	30.2106	-93.1432	America/Chicago
CWI	KCWI	Clinton Municipal Airport	Clinton	United States	41.8311	-90.3291	America/Chicago
CWK	VECT	Chitrakoot Airport	Chitrakoot	India	25.1677	80.9358	Asia/Kolkata
CWL	EGFF	Cardiff International Airport	Cardiff	United Kingdom	51.3967	-3.3433	Europe/London
CWR	YCWI	Cowarie Airport		Australia	-27.7117	138.3280	Australia/Adelaide
CWT	YCWR	Cowra Airport		Australia	-33.8447	148.6490	Australia/Sydney
CWW	YCOR	Corowa Airport		Australia	-35.9947	146.3570	Australia/Melbourne
CWX	KP33	Cochise County Airport	Willcox	United States	32.2454	-109.8950	America/Phoenix
CXA	SVCD	Caicara del Orinoco Airport		Venezuela	7.6255	-66.1628	America/Caracas
CXB	VGCB	Cox's Bazar Airport	Cox's Bazar	Bangladesh	21.4522	91.9639	Asia/Dhaka
CXF	PACX	Coldfoot Airport	Coldfoot	United States	67.2522	-150.2040	America/Anchorage
CXH	CYHC	Vancouver Harbour Airport	Vancouver	Canada	49.2945	-123.1113	America/Vancouver
CXI	PLCH	Cassidy International Airport	Banana	Kiribati	1.9862	-157.3500	Pacific/Kiritimati
CXJ	SBCX	Campo dos Bugres Airport	Caxias Do Sul	Brazil	-29.1971	-51.1875	America/Sao_Paulo
CXL	KCXL	Calexico International Airport	Calexico	United States	32.6695	-115.5130	America/Los_Angeles
CXM	FNCX	Camaxilo Airport	Camaxilo	Angola	-8.3736	18.9236	Africa/Lagos
CXN	HCMC	Candala Airport	Candala	Somalia	11.5000	49.9170	Africa/Nairobi
CXO	KCXO	Conroe/North Houston Regional Airport	Houston	United States	30.3518	-95.4145	America/Chicago
CXP	WIHL	Tunggul Wulung Airport	Cilacap-Java Island	Indonesia	-7.6451	109.0340	Asia/Jakarta
CXQ	YCRK	Christmas Creek Station Airport		Australia	-18.8833	125.9170	Australia/Perth
CXR	VVCR	Cam Ranh Airport	Nha Trang	Vietnam	11.9982	109.2190	Asia/Ho_Chi_Minh
CXT	YCHT	Charters Towers Airport		Australia	-20.0431	146.2730	Australia/Brisbane
CXY	MYCC	Cat Cay Airport	Cat Cay	Bahamas	25.6000	-79.2670	America/Toronto
CYA	MTCA	Les Cayes Airport	Les Cayes	Haiti	18.2711	-73.7883	America/Port-au-Prince
CYB	MWCB	Gerrard Smith International Airport	Cayman Brac	Cayman Islands	19.6870	-79.8828	America/Panama
CYF	PACK	Chefornak Airport	Chefornak	United States	60.1492	-164.2860	America/Nome
CYG	YCRG	Corryong Airport		Australia	-36.1828	147.8880	Australia/Melbourne
CYI	RCKU	Chiayi Airport	Chiayi City	Taiwan	23.4618	120.3930	Asia/Taipei
CYL	MHCS	Coyoles Airport	Coyoles	Honduras	15.4456	-86.6753	America/Tegucigalpa
CYO	MUCL	Vilo Acuna International Airport	Cayo Largo del Sur	Cuba	21.6165	-81.5460	America/Havana
CYP	RPVC	Calbayog Airport	Calbayog City	Philippines	12.0727	124.5450	Asia/Manila
CYR	SUCA	Laguna de Los Patos International Airport	Colonia	Uruguay	-34.4564	-57.7706	America/Montevideo
CYS	KCYS	Cheyenne Regional Jerry Olson Field	Cheyenne	United States	41.1557	-104.8120	America/Denver
CYT	PACY	Yakataga Airport	Yakataga	United States	60.0820	-142.4930	America/Anchorage
CYU	RPLO	Cuyo Airport	Cuyo	Philippines	10.8581	121.0690	Asia/Manila
CYW	MMCY	Captain Rogelio Castillo National Airport	Celaya	Mexico	20.5460	-100.8870	America/Mexico_City
CYX	UESS	Cherskiy Airport	Cherskiy	Russia	68.7406	161.3380	Asia/Srednekolymsk
CYZ	RPUY	Cauayan Airport	Cauayan City	Philippines	16.9299	121.7530	Asia/Manila
CZA	MMCT	Chichen Itza International Airport		Mexico	20.6413	-88.4462	America/Merida
CZE	SVCR	Jose Leonardo Chirinos Airport	Coro	Venezuela	11.4149	-69.6809	America/Caracas
CZF	PACZ	Cape Romanzof LRRS Airport	Cape Romanzof	United States	61.7803	-166.0390	America/Nome
CZL	DABC	Mohamed Boudiaf International Airport	Constantine	Algeria	36.2760	6.6204	Africa/Algiers
CZM	MMCZ	Cozumel International Airport	Cozumel	Mexico	20.5224	-86.9256	America/Cancun
CZS	SBCZ	Cruzeiro do Sul Airport	Cruzeiro Do Sul	Brazil	-7.5999	-72.7695	America/Rio_Branco
CZT	KCZT	Dimmit County Airport	Carrizo Springs	United States	28.5222	-99.8236	America/Chicago
CZU	SKCZ	Las Brujas Airport	Corozal	Colombia	9.3327	-75.2856	America/Bogota
CZW	EPRU	Czestochowa-Rudniki Airport	Czestochowa	Poland	50.8861	19.2025	Europe/Warsaw
CZX	ZSCG	Changzhou Airport	Changzhou	China	31.9197	119.7790	Asia/Shanghai
CZY	YUNY	Cluny Airport		Australia	-24.5167	139.6170	Australia/Brisbane
DAA	KDAA	Davison Army Air Field	Fort Belvoir	United States	38.7150	-77.1810	America/New_York
DAB	KDAB	Daytona Beach International Airport	Daytona Beach	United States	29.1799	-81.0581	America/New_York
DAC	VGHS	Dhaka / Hazrat Shahjalal International Airport	Dhaka	Bangladesh	23.8433	90.3978	Asia/Dhaka
DAD	VVDN	Da Nang International Airport	Da Nang	Vietnam	16.0439	108.1990	Asia/Ho_Chi_Minh
DAG	KDAG	Barstow Daggett Airport	Daggett	United States	34.8537	-116.7870	America/Los_Angeles
DAK	HEDK	Dakhla Airport		Egypt	25.4116	29.0031	Africa/Cairo
DAL	KDAL	Dallas Love Field	Dallas	United States	32.8471	-96.8518	America/Chicago
DAM	OSDI	Damascus International Airport	Damascus	Syria	33.4115	36.5156	Asia/Damascus
DAN	KDAN	Danville Regional Airport	Danville	United States	36.5729	-79.3361	America/New_York
DAO	AYDA	Dahamo Airstrip	Dabo	Papua New Guinea	-5.7532	141.9936	Pacific/Port_Moresby
DAP	VNDL	Darchula Airport	Darchula	Nepal	29.6692	80.5484	Asia/Kathmandu
DAR	HTDA	Mwalimu Julius K. Nyerere International Airport	Dar es Salaam	Tanzania	-6.8781	39.2026	Africa/Nairobi
DAS	CFF4	Great Bear Lake Airport	Great Bear Lake	Canada	66.7031	-119.7070	America/Edmonton
DAT	ZBDT	Datong Airport	Datong	China	40.0603	113.4820	Asia/Shanghai
DAU	AYDU	Daru Airport	Daru	Papua New Guinea	-9.0868	143.2080	Pacific/Port_Moresby
DAV	MPDA	Enrique Malek International Airport	David	Panama	8.3910	-82.4350	America/Panama
DAX	ZUDX	Dachuan Airport	Dazhou	China	31.1302	107.4295	Asia/Shanghai
DAY	KDAY	James M Cox Dayton International Airport	Dayton	United States	39.9024	-84.2194	America/New_York
DAZ	OADZ	Darwaz Airport	Darwaz	Afghanistan	38.4611	70.8825	Asia/Dushanbe
DBA	OPDB	Dalbandin Airport	Dalbandin	Pakistan	28.8783	64.3998	Asia/Karachi
DBB	HEAL	El Alamein International Airport	El Alamein	Egypt	30.9245	28.4614	Africa/Cairo
DBD	VEDB	Dhanbad Airport		India	23.8340	86.4253	Asia/Kolkata
DBM	HADM	Debra Marcos Airport	Debra Marcos	Ethiopia	10.3500	37.7170	Africa/Nairobi
DBN	KDBN	W H 'Bud' Barron Airport	Dublin	United States	32.5644	-82.9853	America/New_York
DBO	YSDU	Dubbo City Regional Airport	Dubbo	Australia	-32.2167	148.5750	Australia/Sydney
DBP	AYDB	Debepare Airport	Debepare	Papua New Guinea	-6.3086	141.9056	Pacific/Port_Moresby
DBQ	KDBQ	Dubuque Regional Airport	Dubuque	United States	42.4020	-90.7095	America/Chicago
DBR	VEDH	Darbhanga Airport	Darbhanga	India	26.1947	85.9175	Asia/Kolkata
DBT	HADT	Debre Tabor Airport	Debre Tabor	Ethiopia	11.9670	38.0000	Africa/Nairobi
DBV	LDDU	Dubrovnik Airport	Dubrovnik	Croatia	42.5614	18.2682	Europe/Belgrade
DBY	YDAY	Dalby Airport		Australia	-27.1553	151.2670	Australia/Brisbane
DCA	KDCA	Ronald Reagan Washington National Airport	Washington	United States	38.8521	-77.0377	America/New_York
DCF	TDCF	Canefield Airport	Canefield	Dominica	15.3367	-61.3922	America/Puerto_Rico
DCI	LIED	Decimomannu Airport	Decimomannu	Italy	39.3542	8.9725	Europe/Rome
DCM	LFCK	Castres-Mazamet Airport	Castres/Mazamet	France	43.5563	2.2892	Europe/Paris
DCN	YCIN	RAAF Base Curtin		Australia	-17.5814	123.8280	Australia/Perth
DCT	MYRD	Duncan Town Airport		Bahamas	22.1818	-75.7295	America/Toronto
DCU	KDCU	Pryor Field Regional Airport	Decatur	United States	34.6527	-86.9454	America/Chicago
DCY	ZUDC	Daocheng Yading Airport	Daocheng County	China	29.3231	100.0533	Asia/Shanghai
DDC	KDDC	Dodge City Regional Airport	Dodge City	United States	37.7634	-99.9656	America/Chicago
DDD	VRMU	Dhaalu Airport	Kudahuvadhoo	Maldives	2.6672	72.8928	Indian/Maldives
DDG	ZYDD	Dandong Airport	Dandong	China	40.0247	124.2860	Asia/Shanghai
DDN	YDLT	Delta Downs Airport		Australia	-16.9917	141.3170	Australia/Brisbane
DDR	ZUDR	Rikaze Dingri Airport		China	28.6025	86.8103	Asia/Shanghai
DDU	OPDD	Dadu Airport	Dadu	Pakistan	26.5545	67.6746	Asia/Karachi
DEA	OPDG	Dera Ghazi Khan Airport	Dera Ghazi Khan	Pakistan	29.9610	70.4859	Asia/Karachi
DEB	LHDC	Debrecen International Airport	Debrecen	Hungary	47.4889	21.6153	Europe/Budapest
DEC	KDEC	Decatur Airport	Decatur	United States	39.8346	-88.8657	America/Chicago
DED	VIDN	Dehradun Airport	Dehradun	India	30.1897	78.1803	Asia/Kolkata
DEE	UHSM	Mendeleyevo Airport	Kunashir Island	Russia	43.9584	145.6830	Asia/Magadan
DEF	OIAD	Dezful Airport		Iran	32.4344	48.3976	Asia/Tehran
DEH	KDEH	Decorah Municipal Airport	Decorah	United States	43.2755	-91.7394	America/Chicago
DEI	FSSD	Denis Island Airport	Denis Island	Seychelles	-3.8022	55.6669	Asia/Dubai
DEL	VIDP	Indira Gandhi International Airport	New Delhi	India	28.5665	77.1031	Asia/Kolkata
DEM	HADD	Dembidollo Airport	Dembidollo	Ethiopia	8.5540	34.8580	Africa/Nairobi
DEN	KDEN	Denver International Airport	Denver	United States	39.8617	-104.6730	America/Denver
DEP	VEDZ	Daporijo Airport	Daporijo	India	27.9855	94.2228	Asia/Kolkata
DER	AYDE	Derim Airport	Derim	Papua New Guinea	-6.1447	147.1072	Pacific/Port_Moresby
DES	FSDR	Desroches Airport	Desroches Island	Seychelles	-5.6967	53.6558	Asia/Dubai
DET	KDET	Coleman A. Young Municipal Airport	Detroit	United States	42.4092	-83.0099	America/Detroit
DEZ	OSDZ	Deir ez-Zor Airport	Deir ez-Zor	Syria	35.2854	40.1760	Asia/Damascus
DFI	KDFI	Defiance Memorial Airport	Defiance	United States	41.3375	-84.4288	America/New_York
DFP	YDDF	Drumduff Airport	Drumduff	Australia	-16.0530	143.0120	Australia/Brisbane
DFW	KDFW	Dallas Fort Worth International Airport	Dallas-Fort Worth	United States	32.8968	-97.0380	America/Chicago
DGA	MZPB	Pelican Beach Airstrip	Dangriga	Belize	16.9823	-88.2285	America/Belize
DGD	YDGA	Dalgaranga Gold Mine Airport		Australia	-27.8303	117.3164	Australia/Perth
DGE	YMDG	Mudgee Airport	Mudgee	Australia	-32.5625	149.6110	Australia/Sydney
DGF	CAL3	Douglas Lake Airport	Douglas Lake	Canada	50.1655	-120.1713	America/Vancouver
DGH	VEDO	Deoghar Airport	Deoghar	India	24.4447	86.7025	Asia/Kolkata
DGL	KDGL	Douglas Municipal Airport	Douglas	United States	31.3426	-109.5060	America/Hermosillo
DGN	KNDY	Dahlgren Naval Surface Warfare Center Airport	Dahlgren	United States	38.3325	-77.0372	America/New_York
DGO	MMDO	General Guadalupe Victoria International Airport	Durango	Mexico	24.1242	-104.5280	America/Monterrey
DGP	EVDA	Daugavpils Intrenational Airport	Daugavpils	Latvia	55.9447	26.6650	Europe/Riga
DGR	NZDA	Dargaville Aerodrome		New Zealand	-35.9397	173.8940	Pacific/Auckland
DGT	RPVD	Sibulan Airport	Dumaguete City	Philippines	9.3337	123.3000	Asia/Manila
DGU	DFOD	Dedougou Airport	Dedougou	Burkina Faso	12.4590	-3.4900	Africa/Abidjan
DGW	KDGW	Converse County Airport	Douglas	United States	42.7972	-105.3860	America/Denver
DGX	EGDX	MOD St. Athan	St. Athan	United Kingdom	51.4048	-3.4358	Europe/London
DHA	OEDR	King Abdulaziz Air Base		Saudi Arabia	26.2654	50.1520	Asia/Riyadh
DHD	YDRH	Durham Downs Airport		Australia	-27.0750	141.9000	Australia/Brisbane
DHF	OMAM	Al Dhafra Air Base		United Arab Emirates	24.2482	54.5477	Asia/Dubai
DHI	VNDH	Dhangarhi Airport	Dhangarhi	Nepal	28.7533	80.5819	Asia/Kathmandu
DHM	VIGG	Kangra Airport		India	32.1651	76.2634	Asia/Kolkata
DHN	KDHN	Dothan Regional Airport	Dothan	United States	31.3213	-85.4496	America/Chicago
DHR	EHKD	De Kooy Airport	Den Helder	Netherlands, Kingdom of the	52.9234	4.7806	Europe/Brussels
DHT	KDHT	Dalhart Municipal Airport	Dalhart	United States	36.0226	-102.5470	America/Chicago
DIA	OTBD	Doha International Airport	Doha	Qatar	25.2611	51.5651	Asia/Qatar
DIB	VEMN	Dibrugarh Airport	Dibrugarh	India	27.4839	95.0169	Asia/Kolkata
DIE	FMNA	Arrachart Airport		Madagascar	-12.3494	49.2917	Africa/Nairobi
DIG	ZPDQ	Diqing Airport	Shangri-La	China	27.7936	99.6772	Asia/Shanghai
DIJ	LFSD	Dijon-Bourgogne Airport	Dijon/Longvic	France	47.2689	5.0900	Europe/Paris
DIK	KDIK	Dickinson Theodore Roosevelt Regional Airport	Dickinson	United States	46.7974	-102.8020	America/Denver
DIL	WPDL	Presidente Nicolau Lobato International Airport	Dili	Timor-Leste	-8.5464	125.5260	Asia/Dili
DIM	DIDK	Dimbokro Airport	Dimbokro	Côte d'Ivoire	6.6517	-4.6406	Africa/Abidjan
DIN	VVDB	Dien Bien Phu Airport	Dien Bien Phu	Vietnam	21.3975	103.0080	Asia/Bangkok
DIP	DFED	Diapaga Airport	Diapaga	Burkina Faso	12.0500	1.7830	Africa/Abidjan
DIQ	SNDV	Divinopolis Airport	Divinopolis	Brazil	-20.1807	-44.8709	America/Sao_Paulo
DIR	HADR	Aba Tenna Dejazmach Yilma International Airport	Dire Dawa	Ethiopia	9.6247	41.8542	Africa/Nairobi
DIS	FCPD	Ngot Nzoungou Airport	Dolisie	Congo	-4.2063	12.6599	Africa/Lagos
DIU	VA1P	Diu Airport	Diu	India	20.7131	70.9211	Asia/Kolkata
DIY	LTCC	Diyarbakir Airport	Diyarbakir	Turkey	37.8939	40.2010	Europe/Istanbul
DJA	DBBD	Djougou Airport	Djougou	Benin	9.6921	1.6378	Africa/Lagos
DJB	WIPA	Sultan Thaha Airport	Jambi-Sumatra Island	Indonesia	-1.6380	103.6440	Asia/Jakarta
DJE	DTTJ	Djerba Zarzis International Airport	Djerba	Tunisia	33.8750	10.7755	Africa/Tunis
DJG	DAAJ	Djanet Inedbirene Airport	Djanet	Algeria	24.2928	9.4524	Africa/Algiers
DJJ	WAJJ	Sentani International Airport	Jayapura-Papua Island	Indonesia	-2.5770	140.5160	Asia/Jayapura
DJM	FCBD	Djambala Airport	Djambala	Congo	-2.5330	14.7500	Africa/Lagos
DJO	DIDL	Daloa Airport		Côte d'Ivoire	6.7928	-6.4732	Africa/Abidjan
DJR	YDAJ	Dajarra Airport		Australia	-21.7083	139.5330	Australia/Brisbane
DJU	BIDV	Djupivogur Airport	Djupivogur	Iceland	64.6442	-14.2828	Africa/Abidjan
DKI	YDKI	Dunk Island Airport		Australia	-17.9417	146.1400	Australia/Brisbane
DKK	KDKK	Chautauqua County-Dunkirk Airport	Dunkirk	United States	42.4933	-79.2720	America/New_York
DKR	GOOY	Leopold Sedar Senghor International Airport	Dakar	Senegal	14.7397	-17.4902	Africa/Abidjan
DKS	UODD	Dikson Airport	Dikson	Russia	73.5178	80.3797	Asia/Krasnoyarsk
DKV	YDVR	Docker River Airport		Australia	-24.8600	129.0700	Australia/Darwin
DLA	FKKD	Douala International Airport	Douala	Cameroon	4.0061	9.7195	Africa/Lagos
DLC	ZYTL	Zhoushuizi Airport	Dalian	China	38.9657	121.5390	Asia/Shanghai
DLD	ENDI	Geilo Airport Dagali	Dagali	Norway	60.4173	8.5183	Europe/Berlin
DLE	LFGJ	Dole-Tavaux Airport	Dole/Tavaux	France	47.0390	5.4272	Europe/Paris
DLF	KDLF	Laughlin Air Force Base	Del Rio	United States	29.3595	-100.7780	America/Chicago
DLG	PADL	Dillingham Airport	Dillingham	United States	59.0447	-158.5050	America/Anchorage
DLH	KDLH	Duluth International Airport	Duluth	United States	46.8421	-92.1936	America/Chicago
DLI	VVDL	Lien Khuong Airport	Dalat	Vietnam	11.7500	108.3670	Asia/Ho_Chi_Minh
DLK	YDLK	Dulkaninna Airport	Dulkaninna	Australia	-29.0133	138.4810	Australia/Adelaide
DLL	KDLC	Dillon County Airport	Dillon	United States	34.4491	-79.3686	America/New_York
DLM	LTBS	Dalaman International Airport	Dalaman	Turkey	36.7131	28.7925	Europe/Istanbul
DLN	KDLN	Dillon Airport	Dillon	United States	45.2554	-112.5530	America/Denver
DLS	KDLS	Columbia Gorge Regional the Dalles Municipal Airport	The Dalles	United States	45.6185	-121.1670	America/Los_Angeles
DLU	ZPDL	Dali Airport	Xiaguan	China	25.6494	100.3190	Asia/Shanghai
DLV	YDLV	Delissaville Airport		Australia	-12.5500	130.6850	Australia/Darwin
DLY	NVVD	Dillon's Bay Airport	Dillon's Bay	Vanuatu	-18.7694	169.0010	Pacific/Efate
DLZ	ZMDZ	Dalanzadgad Airport	Dalanzadgad	Mongolia	43.5917	104.4300	Asia/Ulaanbaatar
DMA	KDMA	Davis Monthan Air Force Base	Tucson	United States	32.1665	-110.8830	America/Phoenix
DMB	UADD	Taraz Airport	Taraz	Kazakhstan	42.8536	71.3036	Asia/Almaty
DMD	YDMG	Doomadgee Airport		Australia	-17.9403	138.8220	Australia/Brisbane
DME	UUDD	Domodedovo International Airport	Moscow	Russia	55.4088	37.9063	Europe/Moscow
DMK	VTBD	Don Mueang International Airport	Bangkok	Thailand	13.9126	100.6070	Asia/Bangkok
DMM	OEDF	King Fahd International Airport	Ad Dammam	Saudi Arabia	26.4712	49.7979	Asia/Riyadh
DMN	KDMN	Deming Municipal Airport	Deming	United States	32.2623	-107.7210	America/Denver
DMO	KDMO	Sedalia Memorial Airport	Sedalia	United States	38.7074	-93.1759	America/Chicago
DMT	SWDM	Diamantino Airport	Diamantino	Brazil	-14.3769	-56.4004	America/Cuiaba
DMU	VEMR	Dimapur Airport	Dimapur	India	25.8839	93.7711	Asia/Kolkata
DNA	RODN	Kadena Air Base		Japan	26.3556	127.7680	Asia/Tokyo
DNB	YDBR	Dunbar Airport		Australia	-16.0500	142.4000	Australia/Brisbane
DND	EGPN	Dundee Airport	Dundee	United Kingdom	56.4525	-3.0258	Europe/London
DNH	ZLDH	Dunhuang Airport	Dunhuang	China	40.1611	94.8092	Asia/Shanghai
DNK	UKDD	Dnipropetrovsk International Airport	Dnipropetrovsk	Ukraine	48.3572	35.1006	Europe/Kyiv
DNL	KDNL	Daniel Field	Augusta	United States	33.4665	-82.0394	America/New_York
DNN	KDNN	Dalton Municipal Airport	Dalton	United States	34.7229	-84.8702	America/New_York
DNO	SWDN	Dianopolis Airport	Dianopolis	Brazil	-11.5954	-46.8467	America/Araguaina
DNP	VNDG	Tulsipur Airport	Dang	Nepal	28.1111	82.2942	Asia/Kathmandu
DNQ	YDLQ	Deniliquin Airport		Australia	-35.5594	144.9460	Australia/Sydney
DNR	LFRD	Dinard-Pleurtuit-Saint-Malo Airport	Dinard/Pleurtuit/Saint-Malo	France	48.5877	-2.0800	Europe/Paris
DNS	KDNS	Denison Municipal Airport	Denison	United States	41.9864	-95.3807	America/Chicago
DNV	KDNV	Vermilion Regional Airport	Danville	United States	40.1992	-87.5959	America/Chicago
DNX	HSGG	Galegu Airport	Dinder	Sudan	12.5330	35.0670	Africa/Khartoum
DNZ	LTAY	Cardak Airport	Denizli	Turkey	37.7856	29.7013	Europe/Istanbul
DOB	WAPD	Dobo Airport	Dobo-Kobror Island	Indonesia	-5.7722	134.2120	Asia/Jayapura
DOD	HTDO	Dodoma Airport	Dodoma	Tanzania	-6.1704	35.7526	Africa/Nairobi
DOE	SMDJ	Djumu-Djomoe Airport	Djumu-Djomoe	Suriname	4.0057	-55.4816	America/Paramaribo
DOG	HSDN	Dongola Airport	Dongola	Sudan	19.1539	30.4301	Africa/Khartoum
DOH	OTHH	Hamad International Airport	Doha	Qatar	25.2606	51.6138	Asia/Qatar
DOK	UKCC	Donetsk International Airport	Donetsk	Ukraine	48.0736	37.7397	Europe/Kyiv
DOL	LFRG	Deauville-Saint-Gatien Airport	Deauville	France	49.3653	0.1543	Europe/Paris
DOM	TDPD	Melville Hall Airport	Marigot	Dominica	15.5470	-61.3000	America/Puerto_Rico
DON	MGDL	Dos Lagunas Airport	Dos Lagunas	Guatemala	17.6124	-89.6884	America/Guatemala
DOP	VNDP	Dolpa Airport	Dolpa	Nepal	28.9857	82.8191	Asia/Kathmandu
DOR	DFEE	Dori Airport	Dori	Burkina Faso	14.0330	-0.0330	Africa/Abidjan
DOU	SSDO	Dourados Airport	Dourados	Brazil	-22.2019	-54.9266	America/Campo_Grande
DOV	KDOV	Dover Air Force Base	Dover	United States	39.1295	-75.4660	America/New_York
DOX	YDRA	Dongara Airport		Australia	-29.3000	114.9330	Australia/Perth
DOY	ZSDY	Dongying Shengli Airport	Dongying	China	37.5086	118.7880	Asia/Shanghai
DPA	KDPA	Dupage Airport	Chicago/West Chicago	United States	41.9078	-88.2486	America/Chicago
DPE	LFAB	St Aubin Airport	Dieppe	France	49.8825	1.0853	Europe/Paris
DPG	KDPG	Michael AAF (Dugway Proving Ground) Airport	Dugway Proving Ground	United States	40.1994	-112.9370	America/Denver
DPL	RPMG	Dipolog Airport	Dipolog City	Philippines	8.6020	123.3419	Asia/Manila
DPO	YDPO	Devonport Airport	Devonport	Australia	-41.1697	146.4300	Australia/Hobart
DPS	WADD	Ngurah Rai (Bali) International Airport	Denpasar-Bali Island	Indonesia	-8.7482	115.1670	Asia/Makassar
DQA	ZYDQ	Saertu Airport	Daqing Shi	China	46.7464	125.1406	Asia/Shanghai
DQH	PALP	Alpine Airstrip	Deadhorse	United States	70.3443	-150.9450	America/Anchorage
DQM	OODQ	Duqm International Airport	Duqm	Oman	19.5019	57.6342	Asia/Dubai
DRA	KDRA	Desert Rock Airport	Mercury	United States	36.6194	-116.0330	America/Los_Angeles
DRB	YDBY	Derby Airport		Australia	-17.3700	123.6610	Australia/Perth
DRD	YDOR	Dorunda Airport		Australia	-16.5583	141.8080	Australia/Brisbane
DRE	KDRM	Drummond Island Airport	Drummond Island	United States	46.0093	-83.7439	America/Detroit
DRG	PADE	Deering Airport	Deering	United States	66.0696	-162.7660	America/Nome
DRI	KDRI	Beauregard Regional Airport	De Ridder	United States	30.8317	-93.3399	America/Chicago
DRJ	SMDA	Drietabbetje Airport	Drietabbetje	Suriname	4.1167	-54.6667	America/Paramaribo
DRK	MRDK	Drake Bay Airport	Puntarenas	Costa Rica	8.7189	-83.6417	America/Costa_Rica
DRN	YDBI	Dirranbandi Airport		Australia	-28.5917	148.2170	Australia/Brisbane
DRO	KDRO	Durango La Plata County Airport	Durango	United States	37.1515	-107.7540	America/Denver
DRP	RPLK	Legazpi Bicol International Airport	Daraga	Philippines	13.1122	123.6772	Asia/Manila
DRR	YDRI	Durrie Airport		Australia	-25.6850	140.2280	Australia/Brisbane
DRS	EDDC	Dresden Airport	Dresden	Germany	51.1328	13.7672	Europe/Berlin
DRT	KDRT	Del Rio International Airport	Del Rio	United States	29.3742	-100.9270	America/Chicago
DRW	YPDN	Darwin International Airport	Darwin	Australia	-12.4147	130.8770	Australia/Darwin
DRY	YDRD	Drysdale River Airport		Australia	-15.7136	126.3811	Australia/Perth
DSA	EGCN	Robin Hood Doncaster Sheffield Airport	Doncaster	United Kingdom	53.4805	-1.0107	Europe/London
DSC	FKKS	Dschang Airport	Dschang	Cameroon	5.4500	10.0670	Africa/Lagos
DSD	TFFA	La Desirade Airport	Grande Anse	Guadeloupe	16.2969	-61.0844	America/Puerto_Rico
DSE	HADC	Combolcha Airport	Dessie	Ethiopia	11.0825	39.7114	Africa/Nairobi
DSI	KDTS	Destin Fort Walton Beach Airport	Destin	United States	30.4001	-86.4715	America/Chicago
DSK	OPDI	Dera Ismael Khan Airport	Dera Ismael Khan	Pakistan	31.9094	70.8966	Asia/Karachi
DSM	KDSM	Des Moines International Airport	Des Moines	United States	41.5340	-93.6631	America/Chicago
DSN	ZBDS	Ordos Ejin Horo Airport	Ordos	China	39.4900	109.8614	Asia/Shanghai
DSO	ZKSD	Sondok Airport		North Korea	39.7452	127.4740	Asia/Pyongyang
DSS	GOBD	Blaise Diagne International Airport	Diass	Senegal	14.6711	-17.0669	Africa/Abidjan
DSV	KDSV	Dansville Municipal Airport	Dansville	United States	42.5709	-77.7131	America/New_York
DTA	KDTA	Delta Municipal Airport	Delta	United States	39.3806	-112.5080	America/Denver
DTB	WIMN	Sisingamangaraja XII International Airport	Siborong-Borong	Indonesia	2.2597	98.9953	Asia/Jakarta
DTD	WALJ	Datadawai Airport	Datadawai-Borneo Island	Indonesia	0.6260	116.6006	Asia/Makassar
DTE	RPUD	Daet Airport	Daet	Philippines	14.1292	122.9800	Asia/Manila
DTI	SNDT	Diamantina Airport	Diamantina	Brazil	-18.2320	-43.6504	America/Sao_Paulo
DTL	KDTL	Detroit Lakes Airport - Wething Field	Detroit Lakes	United States	46.8252	-95.8857	America/Chicago
DTM	EDLW	Dortmund Airport	Dortmund	Germany	51.5183	7.6122	Europe/Berlin
DTN	KDTN	Shreveport Downtown Airport	Shreveport	United States	32.5402	-93.7450	America/Chicago
DTR	WN07	Decatur Shores Airport	Decatur	United States	48.4998	-122.8140	America/Los_Angeles
DTW	KDTW	Detroit Metropolitan Wayne County Airport	Detroit	United States	42.2124	-83.3534	America/Detroit
DUA	KDUA	Eaker Field	Durant	United States	33.9423	-96.3945	America/Chicago
DUB	EIDW	Dublin Airport	Dublin	Ireland	53.4213	-6.2701	Europe/Dublin
DUC	KDUC	Halliburton Field	Duncan	United States	34.4709	-97.9599	America/Chicago
DUD	NZDN	Dunedin Airport	Dunedin	New Zealand	-45.9281	170.1980	Pacific/Auckland
DUE	FNDU	Dundo Airport	Chitato	Angola	-7.4009	20.8185	Africa/Lagos
DUF	7NC2	Pine Island Airport	Corolla	United States	36.2535	-75.7885	America/New_York
DUG	KDUG	Bisbee Douglas International Airport	Douglas Bisbee	United States	31.4690	-109.6040	America/Phoenix
DUJ	KDUJ	DuBois Regional Airport	Dubois	United States	41.1783	-78.8987	America/New_York
DUK	FADK	Mubatuba Airport	Mubatuba	South Africa	-28.3684	32.2481	Africa/Johannesburg
DUM	WIBD	Pinang Kampai Airport	Dumai-Sumatra Island	Indonesia	1.6092	101.4340	Asia/Jakarta
DUQ	CAM3	Duncan Airport	Duncan	Canada	48.7545	-123.7097	America/Vancouver
DUR	FALE	King Shaka International Airport	Durban	South Africa	-29.6144	31.1197	Africa/Johannesburg
DUS	EDDL	Dusseldorf International Airport	Dusseldorf	Germany	51.2895	6.7668	Europe/Berlin
DUT	PADU	Unalaska Airport	Unalaska	United States	53.9001	-166.5440	America/Nome
DVK	CDK2	Diavik Airport	Diavik	Canada	64.5114	-110.2890	America/Edmonton
DVL	KDVL	Devils Lake Regional Airport	Devils Lake	United States	48.1142	-98.9088	America/Chicago
DVN	KDVN	Davenport Municipal Airport	Davenport	United States	41.6103	-90.5883	America/Chicago
DVO	RPMD	Francisco Bangoy International Airport	Davao City	Philippines	7.1255	125.6460	Asia/Manila
DVP	YDPD	Davenport Downs Airport		Australia	-24.1500	141.1080	Australia/Brisbane
DVR	YDMN	Daly River Airport		Australia	-13.7498	130.6939	Australia/Darwin
DVT	KDVT	Phoenix Deer Valley Airport	Phoenix	United States	33.6883	-112.0830	America/Phoenix
DWA	FWDW	Dwangwa Airport	Dwangwa	Malawi	-12.5183	34.1319	Africa/Maputo
DWB	FMNO	Soalala Airport	Soalala	Madagascar	-16.1017	45.3588	Africa/Nairobi
DWC	OMDW	Al Maktoum International Airport	Jebel Ali	United Arab Emirates	24.8967	55.1614	Asia/Dubai
DWD	OEDM	Dawadmi Domestic Airport	Dawadmi	Saudi Arabia	24.4497	44.1211	Asia/Riyadh
DWH	KDWH	David Wayne Hooks Memorial Airport	Houston	United States	30.0618	-95.5528	America/Chicago
DWN	OK03	Downtown Airpark	Oklahoma City	United States	35.4492	-97.5331	America/Chicago
DXB	OMDB	Dubai International Airport	Dubai	United Arab Emirates	25.2528	55.3644	Asia/Dubai
DXD	YDIX	Dixie Airport	New Dixie	Australia	-15.1175	143.3160	Australia/Brisbane
DXE	KMBO	Bruce Campbell Field	Madison	United States	32.4387	-90.1031	America/Chicago
DXN	VIND	Noida International Airport	Noida	India	28.1700	77.6100	Asia/Kolkata
DXR	KDXR	Danbury Municipal Airport	Danbury	United States	41.3715	-73.4822	America/New_York
DYA	YDYS	Dysart Airport		Australia	-22.6222	148.3640	Australia/Brisbane
DYG	ZGDY	Dayong Airport	Dayong	China	29.1028	110.4430	Asia/Shanghai
DYL	KDYL	Doylestown Airport	Doylestown	United States	40.3330	-75.1223	America/New_York
DYR	UHMA	Ugolny Airport	Anadyr	Russia	64.7349	177.7410	Asia/Anadyr
DYS	KDYS	Dyess Air Force Base	Abilene	United States	32.4208	-99.8546	America/Chicago
DYU	UTDD	Dushanbe Airport	Dushanbe	Tajikistan	38.5433	68.8250	Asia/Dushanbe
DYW	YDLW	Daly Waters Airport	Daly Waters	Australia	-16.2647	133.3834	Australia/Darwin
DZA	FMCZ	Dzaoudzi Pamandzi International Airport	Dzaoudzi	Mayotte	-12.8047	45.2811	Africa/Nairobi
DZH	ZUDA	Dazhou Jinya Airport	Dazhou	China	31.0473	107.4353	Asia/Shanghai
DZN	UAKD	Zhezkazgan Airport	Zhezkazgan	Kazakhstan	47.7083	67.7333	Asia/Almaty
DZO	SUDU	Santa Bernardina International Airport	Durazno	Uruguay	-33.3589	-56.4992	America/Montevideo
EAA	PAEG	Eagle Airport	Eagle	United States	64.7764	-141.1510	America/Anchorage
EAB	OYAB	Abs Airport	Abs	Yemen	16.0111	43.1778	Asia/Riyadh
EAE	NVSE	Sangafa Airport	Sangafa	Vanuatu	-17.0903	168.3430	Pacific/Efate
EAM	OENG	Nejran Airport	Nejran	Saudi Arabia	17.6114	44.4192	Asia/Riyadh
EAN	KEAN	Phifer Airfield	Wheatland	United States	42.0555	-104.9290	America/Denver
EAR	KEAR	Kearney Regional Airport	Kearney	United States	40.7270	-99.0068	America/Chicago
EAS	LESO	San Sebastian Airport	Hondarribia	Spain	43.3565	-1.7906	Europe/Madrid
EAT	KEAT	Pangborn Memorial Airport	Wenatchee	United States	47.3989	-120.2070	America/Los_Angeles
EAU	KEAU	Chippewa Valley Regional Airport	Eau Claire	United States	44.8658	-91.4843	America/Chicago
EBA	LIRJ	Marina Di Campo Airport	Marina Di Campo	Italy	42.7603	10.2394	Europe/Rome
EBB	HUEN	Entebbe International Airport	Kampala	Uganda	0.0424	32.4435	Africa/Nairobi
EBD	HSOB	El Obeid Airport	Al-Ubayyid	Sudan	13.1532	30.2327	Africa/Khartoum
EBG	SKEB	El Bagre Airport	El Bagre	Colombia	7.5965	-74.8089	America/Bogota
EBH	DAOY	El Bayadh Airport	El Bayadh	Algeria	33.7217	1.0925	Africa/Algiers
EBJ	EKEB	Esbjerg Airport	Esbjerg	Denmark	55.5259	8.5534	Europe/Berlin
EBL	ORER	Erbil International Airport	Arbil	Iraq	36.2376	43.9632	Asia/Baghdad
EBM	DTTR	El Borma Airport	El Borma	Tunisia	31.7043	9.2546	Africa/Tunis
EBS	KEBS	Webster City Municipal Airport	Webster City	United States	42.4366	-93.8689	America/Chicago
EBU	LFMH	Saint-Etienne-Boutheon Airport	Saint-Etienne/Boutheon	France	45.5406	4.2964	Europe/Paris
EBW	FKKW	Ebolowa Airport	Ebolowa	Cameroon	2.8760	11.1850	Africa/Lagos
ECG	KECG	Elizabeth City Regional Airport & Coast Guard Air Station	Elizabeth City	United States	36.2606	-76.1746	America/New_York
ECH	YECH	Echuca Airport		Australia	-36.1572	144.7620	Australia/Melbourne
ECN	LCEN	Ercan International Airport	Nicosia	Cyprus	35.1547	33.4961	Asia/Famagusta
ECP	KECP	Northwest Florida Beaches International Airport	Panama City Beach	United States	30.3417	-85.7973	America/Chicago
ECS	KECS	Mondell Field	Newcastle	United States	43.8854	-104.3180	America/Denver
ECV	LECU	Cuatro Vientos Airport	Madrid	Spain	40.3707	-3.7851	Europe/Madrid
EDB	HSDB	El Debba Airport	El Debba	Sudan	18.0250	30.9583	Africa/Khartoum
EDE	KEDE	Northeastern Regional Airport	Edenton	United States	36.0277	-76.5671	America/New_York
EDF	PAED	Elmendorf Air Force Base	Anchorage	United States	61.2510	-149.8070	America/Anchorage
EDI	EGPH	Edinburgh Airport	Edinburgh	United Kingdom	55.9500	-3.3725	Europe/London
EDK	KEQA	Captain Jack Thomas El Dorado Airport	El Dorado	United States	37.7741	-96.8176	America/Chicago
EDL	HKEL	Eldoret International Airport	Eldoret	Kenya	0.4045	35.2389	Africa/Nairobi
EDM	LFRI	La Roche-sur-Yon Airport	La Roche-sur-Yon/Les Ajoncs	France	46.7019	-1.3786	Europe/Paris
EDO	LTFD	Balikesir Korfez Airport	Edremit	Turkey	39.5546	27.0138	Europe/Istanbul
EDR	YPMP	Pormpuraaw Airport		Australia	-14.8967	141.6090	Australia/Brisbane
EDW	KEDW	Edwards Air Force Base	Edwards	United States	34.9054	-117.8840	America/Los_Angeles
EED	KEED	Needles Airport	Needles	United States	34.7663	-114.6230	America/Los_Angeles
EEK	PAEE	Eek Airport	Eek	United States	60.2137	-162.0439	America/Nome
EEN	KEEN	Dillant Hopkins Airport	Keene	United States	42.8984	-72.2708	America/New_York
EFD	KEFD	Ellington Airport	Houston	United States	29.6073	-95.1588	America/Chicago
EFK	KEFK	Northeast Kingdom International Airport	Newport	United States	44.8888	-72.2292	America/New_York
EFL	LGKF	Kefallinia Airport	Kefallinia Island	Greece	38.1201	20.5005	Europe/Athens
EFW	KEFW	Jefferson Municipal Airport	Jefferson	United States	42.0102	-94.3426	America/Chicago
EGC	LFBE	Bergerac-Roumaniere Airport	Bergerac/Roumaniere	France	44.8253	0.5186	Europe/Paris
EGE	KEGE	Eagle County Regional Airport	Eagle	United States	39.6426	-106.9180	America/Denver
EGH	HEGR	El Gora Airport		Egypt	31.0690	34.1292	Africa/Cairo
EGI	KEGI	Duke Field(Eglin Af Aux Nr 3) Airport	Crestview	United States	30.6504	-86.5229	America/Chicago
EGM	AGGS	Sege Airport	Sege	Solomon Islands	-8.5789	157.8760	Pacific/Guadalcanal
EGN	HSGN	Geneina Airport	Geneina	Sudan	13.4817	22.4672	Africa/Khartoum
EGO	UUOB	Belgorod International Airport	Belgorod	Russia	50.6438	36.5901	Europe/Moscow
EGS	BIEG	Egilsstadir Airport	Egilsstadir	Iceland	65.2833	-14.4014	Africa/Abidjan
EGV	KEGV	Eagle River Union Airport	Eagle River	United States	45.9323	-89.2683	America/Chicago
EGX	PAII	Egegik Airport	Egegik	United States	58.1855	-157.3750	America/Anchorage
EHL	SAVB	El Bolson Airport	El Bolson	Argentina	-41.9432	-71.5323	America/Argentina/Salta
EHM	PAEH	Cape Newenham LRRS Airport	Cape Newenham	United States	58.6464	-162.0630	America/Nome
EHU	ZHEC	Ezhou Huahu Airport	Ezhou	China	30.3429	115.0296	Asia/Shanghai
EIB	EDGE	Eisenach-Kindel Airport	Eisenach	Germany	50.9928	10.4728	Europe/Berlin
EIE	UNII	Yeniseysk Airport	Yeniseysk	Russia	58.4742	92.1125	Asia/Krasnoyarsk
EIH	YEIN	Einasleigh Airport	Einasleigh	Australia	-18.5033	144.0940	Australia/Brisbane
EIK	URKE	Yeysk Airport	Yeysk	Russia	46.6800	38.2100	Europe/Moscow
EIL	PAEI	Eielson Air Force Base	Fairbanks	United States	64.6657	-147.1020	America/Anchorage
EIN	EHEH	Eindhoven Airport	Eindhoven	Netherlands, Kingdom of the	51.4501	5.3745	Europe/Brussels
EIS	TUPJ	Terrance B. Lettsome International Airport	Road Town	Virgin Islands (British)	18.4448	-64.5430	America/Puerto_Rico
EIY	LLEY	Ein Yahav Airfield	Sapir	Israel	30.6217	35.2033	Asia/Amman
EJA	SKEJ	Yariguies Airport	Barrancabermeja	Colombia	7.0243	-73.8068	America/Bogota
EJH	OEWJ	Al Wajh Domestic Airport	Al Wajh	Saudi Arabia	26.1986	36.4764	Asia/Riyadh
EJN	ZBEN	Ejina Banner Taolai Airport		China	42.0156	101.0006	Asia/Shanghai
EKA	KEKA	Murray Field	Eureka	United States	40.8034	-124.1130	America/Los_Angeles
EKB	UASB	Ekibastuz Airport	Ekibastuz	Kazakhstan	51.5910	75.2150	Asia/Almaty
EKI	KEKM	Elkhart Municipal Airport	Elkhart	United States	41.7194	-86.0032	America/Indiana/Indianapolis
EKN	KEKN	Elkins-Randolph Co-Jennings Randolph Field	Elkins	United States	38.8894	-79.8571	America/New_York
EKO	KEKO	Elko Regional Airport	Elko	United States	40.8249	-115.7920	America/Los_Angeles
EKS	UHSK	Shakhtyorsk Airport	Shakhtersk	Russia	49.1903	142.0830	Asia/Sakhalin
EKT	ESSU	Eskilstuna Airport	Eskilstuna	Sweden	59.3511	16.7084	Europe/Berlin
EKX	KEKX	Addington Field	Elizabethtown	United States	37.6860	-85.9250	America/New_York
ELA	KELA	Eagle Lake Airport	Eagle Lake	United States	29.6006	-96.3219	America/Chicago
ELB	SKBC	Las Flores Airport	El Banco	Colombia	9.0455	-73.9749	America/Bogota
ELC	YELD	Elcho Island Airport	Elcho Island	Australia	-12.0194	135.5710	Australia/Darwin
ELD	KELD	South Arkansas Regional At Goodwin Field	El Dorado	United States	33.2210	-92.8133	America/Chicago
ELF	HSFS	El Fasher Airport	El Fasher	Sudan	13.6149	25.3246	Africa/Khartoum
ELG	DAUE	El Golea Airport		Algeria	30.5713	2.8596	Africa/Algiers
ELH	MYEH	North Eleuthera Airport	North Eleuthera	Bahamas	25.4749	-76.6835	America/Toronto
ELI	PFEL	Elim Airport	Elim	United States	64.6147	-162.2720	America/Nome
ELK	KELK	Elk City Regional Business Airport	Elk City	United States	35.4308	-99.3943	America/Chicago
ELL	FAER	Ellisras Matimba Airport	Ellisras	South Africa	-23.7267	27.6883	Africa/Johannesburg
ELM	KELM	Elmira Corning Regional Airport	Elmira/Corning	United States	42.1599	-76.8916	America/New_York
ELN	KELN	Bowers Field	Ellensburg	United States	47.0330	-120.5310	America/Los_Angeles
ELO	SATD	El Dorado Airport	El Dorado	Argentina	-26.3975	-54.5747	America/Argentina/Cordoba
ELP	KELP	El Paso International Airport	El Paso	United States	31.8072	-106.3780	America/Denver
ELQ	OEGS	Gassim Airport		Saudi Arabia	26.3028	43.7744	Asia/Riyadh
ELS	FAEL	Ben Schoeman Airport	East London	South Africa	-33.0356	27.8259	Africa/Johannesburg
ELT	HETR	El Tor Airport		Egypt	28.2090	33.6455	Africa/Cairo
ELU	DAUO	Guemar Airport	Guemar	Algeria	33.5114	6.7768	Africa/Algiers
ELY	KELY	Ely Airport Yelland Field	Ely	United States	39.2997	-114.8420	America/Los_Angeles
ELZ	KELZ	Wellsville Municipal ArptTarantine Field	Wellsville	United States	42.1095	-77.9900	America/New_York
EMA	EGNX	East Midlands Airport	Nottingham	United Kingdom	52.8311	-1.3281	Europe/London
EMD	YEML	Emerald Airport	Emerald	Australia	-23.5675	148.1790	Australia/Brisbane
EME	EDWE	Emden Airport	Emden	Germany	53.3911	7.2275	Europe/Berlin
EMG	FAEM	Empangeni Airport	Empangeni	South Africa	-28.7200	31.8900	Africa/Johannesburg
EMK	PAEM	Emmonak Airport	Emmonak	United States	62.7861	-164.4910	America/Nome
EML	LSME	Emmen Airport		Switzerland	47.0924	8.3051	Europe/Zurich
EMM	KEMM	Kemmerer Municipal Airport	Kemmerer	United States	41.8241	-110.5570	America/Denver
EMN	GQNI	Nema Airport	Nema	Mauritania	16.6220	-7.3166	Africa/Abidjan
EMP	KEMP	Emporia Municipal Airport	Emporia	United States	38.3321	-96.1912	America/Chicago
EMT	KEMT	San Gabriel Valley Airport	El Monte	United States	34.0861	-118.0350	America/Los_Angeles
EMX	SAVD	El Maiten Airport	El Maiten	Argentina	-42.0292	-71.1725	America/Argentina/Catamarca
ENA	PAEN	Kenai Municipal Airport	Kenai	United States	60.5731	-151.2450	America/Anchorage
ENB	YEEB	Eneabba Airport	Eneabba	Australia	-29.8325	115.2460	Australia/Perth
ENC	LFSN	Nancy-Essey Airport	Nancy/Essey	France	48.6921	6.2305	Europe/Paris
END	KEND	Vance Air Force Base	Enid	United States	36.3392	-97.9165	America/Chicago
ENE	WATE	Ende (H Hasan Aroeboesman) Airport	Ende-Flores Island	Indonesia	-8.8493	121.6610	Asia/Makassar
ENF	EFET	Enontekio Airport	Enontekio	Finland	68.3626	23.4243	Europe/Helsinki
ENH	ZHES	Enshi Airport	Enshi	China	30.3203	109.4850	Asia/Shanghai
ENI	RPXX	El Nido Airport	El Nido	Philippines	11.2025	119.4160	Asia/Manila
ENK	EGAB	St Angelo Airport	Enniskillen	United Kingdom	54.3989	-7.6517	Europe/London
ENL	KENL	Centralia Municipal Airport	Centralia	United States	38.5151	-89.0911	America/Chicago
ENN	PANN	Nenana Municipal Airport	Nenana	United States	64.5473	-149.0740	America/Anchorage
ENO	SGEN	Encarnacion Airport	Encarnacion	Paraguay	-27.3000	-55.9100	America/Asuncion
ENS	EHTW	Twenthe Airport	Enschede	Netherlands, Kingdom of the	52.2700	6.8742	Europe/Brussels
ENT	PKMA	Eniwetok Airport	Eniwetok Atoll	Marshall Islands	11.3407	162.3280	Pacific/Tarawa
ENU	DNEN	Akanu Ibiam International Airport	Enegu	Nigeria	6.4743	7.5620	Africa/Lagos
ENV	KENV	Wendover Airport	Wendover	United States	40.7187	-114.0310	America/Denver
ENW	KENW	Kenosha Regional Airport	Kenosha	United States	42.5957	-87.9278	America/Chicago
ENY	ZLYA	Yan'an Airport	Yan'an	China	36.6369	109.5540	Asia/Shanghai
EOH	SKMD	Enrique Olaya Herrera Airport	Medellin	Colombia	6.2205	-75.5906	America/Bogota
EOI	EGED	Eday Airport	Eday	United Kingdom	59.1906	-2.7722	Europe/London
EOK	KEOK	Keokuk Municipal Airport	Keokuk	United States	40.4599	-91.4285	America/Chicago
EOR	SVED	El Dorado Airport	Bolivar	Venezuela	6.7333	-61.5833	America/Caracas
EOS	KEOS	Neosho Hugh Robinson Airport	Neosho	United States	36.8108	-94.3917	America/Chicago
EOZ	SVEZ	Elorza Airport		Venezuela	7.0833	-69.5333	America/Caracas
EPA	SADP	El Palomar Airport	El Palomar	Argentina	-34.6099	-58.6126	America/Argentina/Buenos_Aires
EPH	KEPH	Ephrata Municipal Airport	Ephrata	United States	47.3076	-119.5160	America/Los_Angeles
EPL	LFSG	Epinal-Mirecourt Airport	Epinal/Mirecourt	France	48.3250	6.0700	Europe/Paris
EPR	YESP	Esperance Airport		Australia	-33.6844	121.8230	Australia/Perth
EPS	MDAB	Arroyo Barril Airport	Arroyo Barril	Dominican Republic	19.1986	-69.4298	America/Santo_Domingo
EPU	EEPU	Parnu Airport	Parnu	Estonia	58.4190	24.4728	Europe/Tallinn
EQS	SAVE	Brigadier Antonio Parodi Airport	Esquel	Argentina	-42.9080	-71.1395	America/Argentina/Catamarca
ERA	HCMU	Erigavo Airport	Erigavo	Somalia	10.6421	47.3880	Africa/Nairobi
ERB	YERN	Ernabella Airport		Australia	-26.2633	132.1820	Australia/Adelaide
ERC	LTCD	Erzincan Airport	Erzincan	Turkey	39.7102	39.5270	Europe/Istanbul
ERD	UKDB	Berdyansk Airport	Berdyansk	Ukraine	46.8150	36.7581	Europe/Kyiv
ERF	EDDE	Erfurt Airport	Erfurt	Germany	50.9798	10.9581	Europe/Berlin
ERG	UIKE	Yerbogachen Airport	Erbogachen	Russia	61.2750	108.0300	Asia/Irkutsk
ERH	GMFK	Moulay Ali Cherif Airport	Errachidia	Morocco	31.9475	-4.3983	Africa/Casablanca
ERI	KERI	Erie International Tom Ridge Field	Erie	United States	42.0831	-80.1739	America/New_York
ERL	ZBER	Erenhot Saiwusu International Airport	Erenhot	China	43.4225	112.0967	Asia/Shanghai
ERM	SSER	Erechim Airport	Erechim	Brazil	-27.6619	-52.2683	America/Sao_Paulo
ERN	SWEI	Eirunepe Airport	Eirunepe	Brazil	-6.6395	-69.8798	America/Eirunepe
ERR	KERR	Errol Airport	Errol	United States	44.7925	-71.1642	America/New_York
ERS	FYWE	Eros Airport	Windhoek	Namibia	-22.6122	17.0804	Africa/Windhoek
ERV	KERV	Kerrville Municipal Louis Schreiner Field	Kerrville	United States	29.9767	-99.0857	America/Chicago
ERZ	LTCE	Erzurum International Airport	Erzurum	Turkey	39.9565	41.1702	Europe/Istanbul
ESB	LTAC	Esenboga International Airport	Ankara	Turkey	40.1281	32.9951	Europe/Istanbul
ESC	KESC	Delta County Airport	Escanaba	United States	45.7227	-87.0937	America/Detroit
ESD	KORS	Orcas Island Airport	Eastsound	United States	48.7082	-122.9100	America/Los_Angeles
ESE	MMES	Ensenada Airport		Mexico	31.7953	-116.6030	America/Tijuana
ESF	KESF	Esler Regional Airport	Alexandria	United States	31.3949	-92.2958	America/Chicago
ESG	SGME	Dr. Luis Maria Argana International Airport	Mariscal Estigarribia	Paraguay	-22.0500	-60.6200	America/Asuncion
ESH	EGKA	Shoreham Airport	Brighton	United Kingdom	50.8356	-0.2972	Europe/London
ESI	SBEP	Espinosa Airport	Espinosa	Brazil	-14.9337	-42.8100	America/Sao_Paulo
ESK	LTBI	Eskisehir Air Base	Eskisehir	Turkey	39.7841	30.5821	Europe/Istanbul
ESL	URWI	Elista Airport	Elista	Russia	46.3739	44.3309	Europe/Moscow
ESM	SETN	General Rivadeneira Airport	Tachina	Ecuador	0.9785	-79.6266	America/Guayaquil
ESN	KESN	Easton Newnam Field	Easton	United States	38.8042	-76.0690	America/New_York
ESR	SCES	Ricardo Garcia Posada Airport	El Salvador	Chile	-26.3111	-69.7652	America/Santiago
ESS	EDLE	Essen Mulheim Airport		Germany	51.4023	6.9373	Europe/Berlin
EST	KEST	Estherville Municipal Airport	Estherville	United States	43.4074	-94.7464	America/Chicago
ESU	GMMI	Mogador Airport	Essaouira	Morocco	31.3975	-9.6817	Africa/Casablanca
ESW	KESW	Easton State Airport	Easton	United States	47.2542	-121.1860	America/Los_Angeles
ETB	KETB	West Bend Municipal Airport	West Bend	United States	43.4222	-88.1279	America/Chicago
ETD	YEDA	Etadunna Airport	Etadunna	Australia	-28.7408	138.5890	Australia/Adelaide
ETE	HAMM	Metema Airport	Metema	Ethiopia	12.9330	36.1670	Africa/Nairobi
ETH	LLET	Eilat Airport	Eilat	Israel	29.5613	34.9601	Asia/Amman
ETM	LLER	Ramon Airport	Eilat	Israel	29.7237	35.0114	Asia/Amman
ETN	KETN	Eastland Municipal Airport	Eastland	United States	32.4135	-98.8098	America/Chicago
ETR	SERO	Coronel Artilleria Victor Larrea Airport	Santa Rosa	Ecuador	-3.4352	-79.9778	America/Guayaquil
ETS	KEDN	Enterprise Municipal Airport	Enterprise	United States	31.2997	-85.8999	America/Chicago
ETZ	LFJL	Metz-Nancy-Lorraine Airport	Metz / Nancy	France	48.9821	6.2513	Europe/Paris
EUA	NFTE	Kaufana Airport	Eua Island	Tonga	-21.3783	-174.9580	Pacific/Tongatapu
EUC	YECL	Eucla Airport		Australia	-31.7000	128.8830	Australia/Eucla
EUF	KEUF	Weedon Field	Eufaula	United States	31.9513	-85.1289	America/Chicago
EUG	KEUG	Mahlon Sweet Field	Eugene	United States	44.1246	-123.2120	America/Los_Angeles
EUM	EDHN	Neumunster Airport	Neumunster	Germany	54.0794	9.9414	Europe/Berlin
EUN	GMML	Hassan I Airport	El Aaiun	Western Sahara	27.1517	-13.2192	Africa/El_Aaiun
EUQ	RPVS	Evelio Javier Airport	San Jose	Philippines	10.7660	121.9330	Asia/Manila
EUX	TNCE	F. D. Roosevelt Airport	Sint Eustatius	Bonaire, Sint Eustatius and Saba	17.4965	-62.9794	America/Puerto_Rico
EVD	YEVA	Eva Downs Airport	Eva Downs	Australia	-18.0010	134.8630	Australia/Darwin
EVE	ENEV	Harstad/Narvik Airport Evenes	Evenes	Norway	68.4913	16.6781	Europe/Berlin
EVG	ESND	Sveg Airport		Sweden	62.0478	14.4229	Europe/Berlin
EVH	YEVD	Evans Head Aerodrome		Australia	-29.0933	153.4200	Australia/Sydney
EVM	KEVM	Eveleth Virginia Municipal Airport	Eveleth	United States	47.4251	-92.4985	America/Chicago
EVN	UDYZ	Zvartnots International Airport	Yerevan	Armenia	40.1473	44.3959	Asia/Yerevan
EVV	KEVV	Evansville Regional Airport	Evansville	United States	38.0370	-87.5324	America/Chicago
EVW	KEVW	Evanston-Uinta County Airport-Burns Field	Evanston	United States	41.2748	-111.0350	America/Denver
EVX	LFOE	Evreux-Fauville (BA 105) Air Base	Evreux/Fauville	France	49.0287	1.2199	Europe/Paris
EWB	KEWB	New Bedford Regional Airport	New Bedford	United States	41.6761	-70.9569	America/New_York
EWI	WABT	Enarotali Airport	Enarotali-Papua Island	Indonesia	-3.9259	136.3770	Asia/Jayapura
EWK	KEWK	Newton City-County Airport	Newton	United States	38.0582	-97.2745	America/Chicago
EWN	KEWN	Coastal Carolina Regional Airport	New Bern	United States	35.0730	-77.0429	America/New_York
EWO	FCOE	Ewo Airport	Ewo	Congo	-0.8830	14.8000	Africa/Lagos
EWR	KEWR	Newark Liberty International Airport	Newark	United States	40.6925	-74.1687	America/New_York
EXM	YEXM	Exmouth Airport		Australia	-22.0333	114.1000	Australia/Perth
EXT	EGTE	Exeter International Airport	Exeter	United Kingdom	50.7344	-3.4139	Europe/London
EYL	GAYE	Yelimane Airport	Yelimane	Mali	15.1330	-10.5670	Africa/Abidjan
EYP	SKYP	El Yopal Airport	El Yopal	Colombia	5.3191	-72.3840	America/Bogota
EYR	KO43	Yerington Municipal Airport	Yerington	United States	39.0041	-119.1580	America/Los_Angeles
EYS	HKES	Eliye Springs Airport	Eliye Springs	Kenya	3.2167	35.9667	Africa/Nairobi
EYW	KEYW	Key West International Airport	Key West	United States	24.5561	-81.7596	America/New_York
EZE	SAEZ	Ministro Pistarini International Airport	Ezeiza	Argentina	-34.8222	-58.5358	America/Argentina/Buenos_Aires
EZS	LTCA	Elazig Airport	Elazig	Turkey	38.6069	39.2914	Europe/Istanbul
EZV	USHB	Berezovo Airport		Russia	63.9210	65.0305	Asia/Yekaterinburg
FAA	GUFH	Faranah Airport		Guinea	10.0355	-10.7698	Africa/Abidjan
FAB	EGLF	Farnborough Airport	Farnborough	United Kingdom	51.2758	-0.7763	Europe/London
FAC	NTKF	Faaite Airport		French Polynesia	-16.6867	-145.3290	Pacific/Tahiti
FAE	EKVG	Vagar Airport	Vagar	Faroe Islands	62.0636	-7.2772	Atlantic/Faroe
FAF	KFAF	Felker Army Air Field	Fort Eustis	United States	37.1325	-76.6088	America/New_York
FAG	BIFM	Fagurholsmyri Airport	Fagurholsmyri	Iceland	63.8747	-16.6411	Africa/Abidjan
FAH	OAFR	Farah Airport	Farah	Afghanistan	32.3670	62.1830	Asia/Kabul
FAI	PAFA	Fairbanks International Airport	Fairbanks	United States	64.8151	-147.8560	America/Anchorage
FAJ	TJFA	Diego Jimenez Torres Airport	Fajardo	Puerto Rico	18.3089	-65.6619	America/Puerto_Rico
FAM	KFAM	Farmington Regional Airport	Farmington	United States	37.7611	-90.4286	America/Chicago
FAN	ENLI	Lista Airport	Farsund	Norway	58.0995	6.6260	Europe/Berlin
FAO	LPFR	Faro Airport	Faro	Portugal	37.0144	-7.9659	Europe/Lisbon
FAQ	AYFR	Frieda River Airport	Frieda River	Papua New Guinea	-4.6105	141.9601	Pacific/Port_Moresby
FAR	KFAR	Hector International Airport	Fargo	United States	46.9207	-96.8158	America/Chicago
FAS	BIFF	Faskrudsfjordur Airport	Faskrudsfjordur	Iceland	64.9317	-14.0606	Africa/Abidjan
FAT	KFAT	Fresno Yosemite International Airport	Fresno	United States	36.7762	-119.7180	America/Los_Angeles
FAU	OOFD	Fahud Airport	Fahud	Oman	22.3548	56.4841	Asia/Dubai
FAV	NTGF	Fakarava Airport		French Polynesia	-16.0541	-145.6570	Pacific/Tahiti
FAY	KFAY	Fayetteville Regional Grannis Field	Fayetteville	United States	34.9912	-78.8803	America/New_York
FAZ	OISF	Fasa Airport	Fasa	Iran	28.8918	53.7233	Asia/Tehran
FBA	SWOB	Fonte Boa Airport	Fonte Boa	Brazil	-2.5326	-66.0832	America/Manaus
FBD	OAFZ	Faizabad Airport	Faizabad	Afghanistan	37.1211	70.5181	Asia/Kabul
FBE	SSFB	Francisco Beltrao Airport	Francisco Beltrao	Brazil	-26.0592	-53.0635	America/Sao_Paulo
FBG	KFBG	Simmons Army Air Field	Fort Bragg	United States	35.1318	-78.9367	America/New_York
FBK	PAFB	Ladd AAF Airfield	Fairbanks/Ft Wainwright	United States	64.8375	-147.6140	America/Anchorage
FBL	KFBL	Faribault Municipal Airport	Faribault	United States	44.3247	-93.3108	America/Chicago
FBM	FZQA	Lubumbashi International Airport	Lubumbashi	DR Congo	-11.5913	27.5309	Africa/Maputo
FBR	KFBR	Fort Bridger Airport	Fort Bridger	United States	41.3919	-110.4070	America/Denver
FBY	KFBY	Fairbury Municipal Airport	Fairbury	United States	40.1830	-97.1693	America/Chicago
FCA	KGPI	Glacier Park International Airport	Kalispell	United States	48.3105	-114.2560	America/Denver
FCB	FAFB	Ficksburg Sentraoes Airport	Ficksburg	South Africa	-28.8231	27.9089	Africa/Johannesburg
FCH	KFCH	Fresno Chandler Executive Airport	Fresno	United States	36.7324	-119.8200	America/Los_Angeles
FCM	KFCM	Flying Cloud Airport	Minneapolis	United States	44.8272	-93.4571	America/Chicago
FCO	LIRF	Leonardo Da Vinci (Fiumicino) International Airport	Rome	Italy	41.8045	12.2508	Europe/Rome
FCS	KFCS	Butts AAF (Fort Carson) Air Field	Fort Carson	United States	38.6784	-104.7570	America/Denver
FCY	KFCY	Forrest City Municipal Airport	Forrest City	United States	34.9420	-90.7750	America/Chicago
FDA	SKFU	Fundacion Airport	Fundacion	Colombia	10.5333	-74.2000	America/Bogota
FDE	ENBL	Bringeland Airport	Forde	Norway	61.3911	5.7569	Europe/Berlin
FDF	TFFF	Martinique Aime Cesaire International Airport	Fort-de-France	Martinique	14.5910	-61.0032	America/Martinique
FDH	EDNY	Friedrichshafen Airport	Friedrichshafen	Germany	47.6713	9.5115	Europe/Berlin
FDK	KFDK	Frederick Municipal Airport	Frederick	United States	39.4176	-77.3743	America/New_York
FDO	SADF	San Fernando Airport	San Fernando	Argentina	-34.4532	-58.5896	America/Argentina/Buenos_Aires
FDR	KFDR	Frederick Regional Airport	Frederick	United States	34.3520	-98.9839	America/Chicago
FDU	FZBO	Bandundu Airport		DR Congo	-3.3113	17.3817	Africa/Lagos
FDY	KFDY	Findlay Airport	Findlay	United States	41.0135	-83.6687	America/New_York
FEB	VNSR	Sanfebagar Airport	Sanfebagar	Nepal	29.2330	81.2170	Asia/Kathmandu
FEC	SNJD	Joao Durval Carneiro Airport	Feira De Santana	Brazil	-12.2003	-38.9068	America/Bahia
FEG	UZFF	Fergana Airport	Fergana	Uzbekistan	40.3588	71.7450	Asia/Tashkent
FEJ	SNOU	Feijó Airport	Feijo	Brazil	-8.1408	-70.3472	America/Rio_Branco
FEK	DIFK	Ferkessedougou Airport	Ferkessedougou	Côte d'Ivoire	9.6000	-5.2000	Africa/Abidjan
FEL	ETSF	Furstenfeldbruck Airport	Furstenfeldbruck	Germany	48.2056	11.2669	Europe/Berlin
FEN	SBFN	Fernando de Noronha Airport	Fernando De Noronha	Brazil	-3.8549	-32.4233	America/Noronha
FEP	KFEP	Albertus Airport	Freeport	United States	42.2462	-89.5820	America/Chicago
FET	KFET	Fremont Municipal Airport	Fremont	United States	41.4491	-96.5202	America/Chicago
FEZ	GMFF	Saiss Airport	Fes	Morocco	33.9273	-4.9780	Africa/Casablanca
FFA	KFFA	First Flight Airport	Kill Devil Hills	United States	36.0182	-75.6713	America/New_York
FFD	EGVA	RAF Fairford	Fairford	United Kingdom	51.6822	-1.7900	Europe/London
FFL	KFFL	Fairfield Municipal Airport	Fairfield	United States	41.0533	-91.9789	America/Chicago
FFM	KFFM	Fergus Falls Municipal Einar Mickelson Field	Fergus Falls	United States	46.2844	-96.1567	America/Chicago
FFO	KFFO	Wright Patterson Air Force Base	Dayton	United States	39.8261	-84.0483	America/New_York
FFT	KFFT	Capital City Airport	Frankfort	United States	38.1825	-84.9047	America/New_York
FFU	SCFT	Futaleufu Airport	Futaleufu	Chile	-43.1892	-71.8511	America/Santiago
FGD	GQPF	Fderik Airport	Fderik	Mauritania	22.6670	-12.7330	Africa/Abidjan
FGI	NSFI	Fagali'i Airport	Apia	Samoa	-13.8487	-171.7400	Pacific/Apia
FGU	NTGB	Fangatau Airport		French Polynesia	-15.8199	-140.8870	Pacific/Tahiti
FHB	KFHB	Fernandina Beach Municipal Airport	Fernandina Beach	United States	30.6118	-81.4612	America/New_York
FHU	KFHU	Sierra Vista Municipal Libby Army Air Field	Fort Huachuca Sierra Vista	United States	31.5885	-110.3440	America/Phoenix
FHZ	NTKH	Fakahina Airport	Fakahina	French Polynesia	-15.9922	-140.1650	Pacific/Tahiti
FID	K0B8	Elizabeth Field	Fishers Island	United States	41.2513	-72.0316	America/New_York
FIE	EGEF	Fair Isle Airport	Fair Isle	United Kingdom	59.5358	-1.6281	Europe/London
FIG	GUFA	Fria Airport		Guinea	10.3506	-13.5692	Africa/Abidjan
FIH	FZAA	Ndjili International Airport	Kinshasa	DR Congo	-4.3857	15.4446	Africa/Lagos
FIK	YFNE	Finke Airport	Finke	Australia	-25.5947	134.5830	Australia/Darwin
FIL	KFOM	Fillmore Municipal Airport	Fillmore	United States	38.9583	-112.3630	America/Denver
FIN	AYFI	Finschhafen Airport	Buki	Papua New Guinea	-6.6218	147.8541	Pacific/Port_Moresby
FIZ	YFTZ	Fitzroy Crossing Airport		Australia	-18.1819	125.5590	Australia/Perth
FJR	OMFJ	Fujairah International Airport		United Arab Emirates	25.1122	56.3240	Asia/Dubai
FKB	EDSB	Karlsruhe Baden-Baden Airport	Baden-Baden	Germany	48.7794	8.0805	Europe/Berlin
FKI	FZIC	Bangoka International Airport	Kisangani	DR Congo	0.4816	25.3380	Africa/Maputo
FKJ	RJNF	Fukui Airport		Japan	36.1428	136.2240	Asia/Tokyo
FKL	KFKL	Venango Regional Airport	Franklin	United States	41.3779	-79.8604	America/New_York
FKN	KFKN	Franklin Municipal John Beverly Rose Airport	Franklin	United States	36.6981	-76.9038	America/New_York
FKQ	WASF	Fakfak Airport	Fakfak-Papua Island	Indonesia	-2.9202	132.2670	Asia/Jayapura
FKS	RJSF	Fukushima Airport	Sukagawa	Japan	37.2274	140.4310	Asia/Tokyo
FLA	SKFL	Gustavo Artunduaga Paredes Airport	Florencia	Colombia	1.5892	-75.5644	America/Bogota
FLB	SNQG	Cangapara Airport	Floriano	Brazil	-6.8464	-43.0773	America/Fortaleza
FLD	KFLD	Fond du Lac County Airport	Fond du Lac	United States	43.7712	-88.4884	America/Chicago
FLF	EDXF	Flensburg-Schaeferhaus Airport	Flensburg	Germany	54.7733	9.3789	Europe/Berlin
FLG	KFLG	Flagstaff Pulliam Airport	Flagstaff	United States	35.1385	-111.6710	America/Phoenix
FLI	BIHT	Holt Airport	Flateyri	Iceland	66.0142	-23.4417	Africa/Abidjan
FLL	KFLL	Fort Lauderdale Hollywood International Airport	Fort Lauderdale	United States	26.0726	-80.1527	America/New_York
FLM	SGFI	Filadelfia Airport	Filadelfia	Paraguay	-22.3600	-60.0500	America/Asuncion
FLN	SBFL	Hercilio Luz International Airport	Florianopolis	Brazil	-27.6703	-48.5525	America/Sao_Paulo
FLO	KFLO	Florence Regional Airport	Florence	United States	34.1854	-79.7239	America/New_York
FLP	KFLP	Marion County Regional Airport	Flippin	United States	36.2909	-92.5903	America/Chicago
FLR	LIRQ	Firenze / Peretola Airport	Firenze	Italy	43.8100	11.2051	Europe/Rome
FLS	YFLI	Flinders Island Airport		Australia	-40.0917	147.9930	Australia/Hobart
FLV	KFLV	Sherman Army Air Field	Fort Leavenworth	United States	39.3683	-94.9147	America/Chicago
FLW	LPFL	Flores Airport	Santa Cruz das Flores	Portugal	39.4553	-31.1314	Atlantic/Azores
FLX	KFLX	Fallon Municipal Airport	Fallon	United States	39.4991	-118.7490	America/Los_Angeles
FLY	YFIL	Finley Airport		Australia	-35.6667	145.5500	Australia/Sydney
FLZ	WIMS	Dr Ferdinand Lumban Tobing Airport	Sibolga-Sumatra Island	Indonesia	1.5559	98.8889	Asia/Jakarta
FMA	SARF	Formosa Airport	Formosa	Argentina	-26.2127	-58.2281	America/Argentina/Cordoba
FMC	PAFV	Five Mile Airport	Five Mile	United States	65.9270	-149.8400	America/Anchorage
FME	KFME	Tipton Airport	Fort Meade(Odenton)	United States	39.0854	-76.7594	America/New_York
FMG	MRFL	Flamingo Airport	Brasilito	Costa Rica	10.4186	-85.7827	America/Costa_Rica
FMH	KFMH	Cape Cod Coast Guard Air Station	Falmouth	United States	41.6584	-70.5214	America/New_York
FMI	FZRF	Kalemie Airport		DR Congo	-5.8756	29.2500	Africa/Maputo
FMM	EDJA	Memmingen Allgau Airport	Memmingen	Germany	47.9888	10.2395	Europe/Berlin
FMN	KFMN	Four Corners Regional Airport	Farmington	United States	36.7412	-108.2300	America/Denver
FMO	EDDG	Munster Osnabruck Airport	Munster	Germany	52.1346	7.6848	Europe/Berlin
FMS	KFSW	Fort Madison Municipal Airport	Fort Madison	United States	40.6593	-91.3268	America/Chicago
FMU	K6S2	Florence Municipal Airport	Florence	United States	43.9828	-124.1110	America/Los_Angeles
FMY	KFMY	Page Field	Fort Myers	United States	26.5866	-81.8633	America/New_York
FNA	GFLL	Lungi International Airport	Freetown	Sierra Leone	8.6164	-13.1955	Africa/Abidjan
FNB	ETNU	Neubrandenburg Airport		Germany	53.6022	13.3060	Europe/Berlin
FNC	LPMA	Madeira Airport	Funchal	Portugal	32.6979	-16.7745	Atlantic/Madeira
FND	VRCF	Funadhoo Airport	Funadhoo	Maldives	6.1611	73.2872	Indian/Maldives
FNE	AYFA	Fane Airport	Fane Mission	Papua New Guinea	-8.5493	147.0858	Pacific/Port_Moresby
FNG	DFEF	Fada N'gourma Airport	Fada N'gourma	Burkina Faso	12.0330	0.3500	Africa/Abidjan
FNH	HAFN	Fincha Airport	Fincha	Ethiopia	9.5830	37.3500	Africa/Nairobi
FNI	LFTW	Nimes-Arles-Camargue Airport	Nimes/Garons	France	43.7574	4.4163	Europe/Paris
FNJ	ZKPY	Pyongyang International Airport	Pyongyang	North Korea	39.2241	125.6700	Asia/Pyongyang
FNL	KFNL	Northern Colorado Regional Airport	Fort Collins/Loveland	United States	40.4518	-105.0110	America/Denver
FNT	KFNT	Bishop International Airport	Flint	United States	42.9654	-83.7436	America/Detroit
FNU	LIER	Oristano / Fenosu Airport	Oristano	Italy	39.8943	8.6404	Europe/Rome
FOB	82CL	Fort Bragg Airport	Fort Bragg	United States	39.4743	-123.7960	America/Los_Angeles
FOC	ZSFZ	Fuzhou Changle International Airport	Fuzhou	China	25.9351	119.6630	Asia/Shanghai
FOD	KFOD	Fort Dodge Regional Airport	Fort Dodge	United States	42.5515	-94.1926	America/Chicago
FOE	KFOE	Topeka Regional Airport	Topeka	United States	38.9509	-95.6636	America/Chicago
FOG	LIBF	Foggia / Gino Lisa Airport	Foggia	Italy	41.4329	15.5350	Europe/Rome
FOK	KFOK	Francis S Gabreski Airport	Westhampton Beach	United States	40.8437	-72.6318	America/New_York
FOM	FKKM	Foumban Nkounja Airport	Foumban	Cameroon	5.6369	10.7508	Africa/Lagos
FON	MRAN	Arenal Airport	La Fortuna/San Carlos	Costa Rica	10.4780	-84.6345	America/Costa_Rica
FOO	WABF	Kornasoren Airfield	Kornasoren-Numfoor Island	Indonesia	-0.9363	134.8720	Asia/Jayapura
FOR	SBFZ	Pinto Martins International Airport	Fortaleza	Brazil	-3.7763	-38.5326	America/Fortaleza
FOS	YFRT	Forrest Airport		Australia	-30.8381	128.1150	Australia/Perth
FOT	YFST	Forster (Wallis Is) Airport		Australia	-32.2042	152.4790	Australia/Sydney
FOU	FOGF	Fougamou Airport	Fougamou	Gabon	-1.2830	10.6170	Africa/Lagos
FPO	MYGF	Grand Bahama International Airport	Freeport	Bahamas	26.5587	-78.6956	America/Toronto
FPR	KFPR	Treasure Coast International Airport	Fort Pierce	United States	27.4951	-80.3683	America/New_York
FPY	K40J	Perry Foley Airport	Perry	United States	30.0693	-83.5806	America/New_York
FRA	EDDF	Frankfurt am Main International Airport	Frankfurt-am-Main	Germany	50.0264	8.5431	Europe/Berlin
FRB	YFBS	Forbes Airport	Forbes	Australia	-33.3636	147.9350	Australia/Sydney
FRC	SIMK	Franca Airport	Franca	Brazil	-20.5922	-47.3829	America/Sao_Paulo
FRD	KFHR	Friday Harbor Airport	Friday Harbor	United States	48.5220	-123.0240	America/Los_Angeles
FRE	AGGF	Fera/Maringe Airport	Fera Island	Solomon Islands	-8.1075	159.5770	Pacific/Guadalcanal
FRF	EDOL	Oschersleben Airport	Oschersleben	Germany	52.0381	11.2056	Europe/Berlin
FRG	KFRG	Republic Airport	Farmingdale	United States	40.7288	-73.4134	America/New_York
FRH	KFRH	French Lick Municipal Airport	French Lick	United States	38.5062	-86.6369	America/Indiana/Indianapolis
FRI	KFRI	Marshall Army Air Field	Fort Riley(Junction City)	United States	39.0553	-96.7645	America/Chicago
FRJ	LFTU	Frejus Airport	Hyeres	France	43.4147	6.7456	Europe/Paris
FRK	FSSF	Fregate Island Airport	Fregate Island	Seychelles	-4.5830	55.9500	Asia/Dubai
FRL	LIPK	Forli Airport	Forli	Italy	44.1948	12.0701	Europe/Rome
FRM	KFRM	Fairmont Municipal Airport	Fairmont	United States	43.6439	-94.4156	America/Chicago
FRN	PAFR	Bryant Army Heliport	Fort Richardson (Anchorage)	United States	61.2659	-149.6533	America/Anchorage
FRO	ENFL	Floro Airport	Floro	Norway	61.5836	5.0247	Europe/Berlin
FRR	KFRR	Front Royal Warren County Airport	Front Royal	United States	38.9175	-78.2535	America/New_York
FRS	MGTK	Mundo Maya International Airport	San Benito	Guatemala	16.9138	-89.8664	America/Guatemala
FRT	SCFR	Frutillar Airport	Frutillar	Chile	-41.1308	-73.0647	America/Santiago
FRW	FBFT	Francistown Airport	Francistown	Botswana	-21.1596	27.4745	Africa/Maputo
FRY	KIZG	Eastern Slopes Regional Airport	Fryeburg	United States	43.9911	-70.9479	America/New_York
FRZ	ETHF	Fritzlar Airport	Fritzlar	Germany	51.1146	9.2860	Europe/Berlin
FSC	LFKF	Figari Sud-Corse Airport	Figari Sud-Corse	France	41.5006	9.0978	Europe/Paris
FSD	KFSD	Joe Foss Field Airport	Sioux Falls	United States	43.5820	-96.7419	America/Chicago
FSI	KFSI	Henry Post Army Air Field (Fort Sill)	Fort Sill	United States	34.6498	-98.4022	America/Chicago
FSK	KFSK	Fort Scott Municipal Airport	Fort Scott	United States	37.7984	-94.7694	America/Chicago
FSM	KFSM	Fort Smith Regional Airport	Fort Smith	United States	35.3366	-94.3674	America/Chicago
FSP	LFVP	St Pierre Airport	Saint-Pierre	Saint Pierre and Miquelon	46.7629	-56.1731	America/Miquelon
FSS	EGQK	RAF Kinloss	Kinloss	United Kingdom	57.6494	-3.5606	Europe/London
FST	KFST	Fort Stockton Pecos County Airport	Fort Stockton	United States	30.9157	-102.9160	America/Chicago
FSU	KFSU	Fort Sumner Municipal Airport	Fort Sumner	United States	34.4834	-104.2170	America/Denver
FSZ	RJNS	Mt. Fuji Shizuoka Airport		Japan	34.7960	138.1878	Asia/Tokyo
FTA	NVVF	Futuna Airport	Futuna Island	Vanuatu	-19.5164	170.2320	Pacific/Efate
FTE	SAWC	El Calafate Airport	El Calafate	Argentina	-50.2803	-72.0531	America/Argentina/Rio_Gallegos
FTI	NSFQ	Fitiuta Airport	Fitiuta Village	American Samoa	-14.2172	-169.4250	Pacific/Pago_Pago
FTK	KFTK	Godman Army Air Field	Fort Knox	United States	37.9071	-85.9721	America/New_York
FTU	FMSD	Tolanaro Airport	Tolanaro	Madagascar	-25.0381	46.9561	Africa/Nairobi
FTW	KFTW	Fort Worth Meacham International Airport	Fort Worth	United States	32.8198	-97.3624	America/Chicago
FTX	FCOO	Owando Airport	Owando	Congo	-0.5314	15.9501	Africa/Lagos
FTY	KFTY	Fulton County Airport Brown Field	Atlanta	United States	33.7791	-84.5214	America/New_York
FUE	GCFV	Fuerteventura Airport	Fuerteventura Island	Spain	28.4527	-13.8638	Atlantic/Canary
FUG	ZSFY	Fuyang Xiguan Airport	Fuyang	China	32.8822	115.7344	Asia/Shanghai
FUJ	RJFE	Fukue Airport	Goto	Japan	32.6663	128.8330	Asia/Tokyo
FUK	RJFF	Fukuoka Airport	Fukuoka	Japan	33.5859	130.4510	Asia/Tokyo
FUL	KFUL	Fullerton Municipal Airport	Fullerton	United States	33.8720	-117.9800	America/Los_Angeles
FUN	NGFU	Funafuti International Airport	Funafuti	Tuvalu	-8.5250	179.1960	Pacific/Tarawa
FUO	ZGFS	Foshan Shadi Airport	Foshan	China	23.0833	113.0700	Asia/Shanghai
FUT	NLWF	Pointe Vele Airport	Futuna Island	Wallis and Futuna	-14.3114	-178.0660	Pacific/Tarawa
FVL	YFLO	Flora Valley Airport		Australia	-18.2833	128.4170	Australia/Perth
FVM	VRMF	Fuvahmulah Airport	Fuvahmulah Island	Maldives	-0.3097	73.4350	Indian/Maldives
FWA	KFWA	Fort Wayne International Airport	Fort Wayne	United States	40.9785	-85.1951	America/Indiana/Indianapolis
FWH	KNFW	Fort Worth Nas Jrb/Carswell field	Fort Worth	United States	32.7692	-97.4415	America/Chicago
FWL	PAFW	Farewell Airport	Farewell	United States	62.5066	-153.8940	America/Anchorage
FXE	KFXE	Fort Lauderdale Executive Airport	Fort Lauderdale	United States	26.1973	-80.1707	America/New_York
FXO	FQCB	Cuamba Airport	Cuamba	Mozambique	-14.8150	36.5300	Africa/Maputo
FXY	KFXY	Forest City Municipal Airport	Forest City	United States	43.2347	-93.6241	America/Chicago
FYM	KFYM	Fayetteville Municipal Airport	Fayetteville	United States	35.0597	-86.5640	America/Chicago
FYT	FTTY	Faya Largeau Airport		Chad	17.9171	19.1111	Africa/Ndjamena
FYU	PFYU	Fort Yukon Airport	Fort Yukon	United States	66.5715	-145.2500	America/Anchorage
FYV	KFYV	Drake Field	Fayetteville	United States	36.0051	-94.1701	America/Chicago
FZO	EGTG	Bristol Filton Airport	Bristol	United Kingdom	51.5194	-2.5908	Europe/London
GAB	KGAB	Gabbs Airport	Gabbs	United States	38.9241	-117.9590	America/Los_Angeles
GAC	MHGS	Gracias Airport	El Molino	Honduras	14.5967	-88.5942	America/Tegucigalpa
GAD	KGAD	Northeast Alabama Regional Airport	Gadsden	United States	33.9726	-86.0890	America/Chicago
GAE	DTTG	Gabes Matmata International Airport	Gabes	Tunisia	33.8769	10.1033	Africa/Tunis
GAF	DTTF	Gafsa Ksar International Airport	Gafsa	Tunisia	34.4220	8.8225	Africa/Tunis
GAG	KGAG	Gage Airport	Gage	United States	36.2955	-99.7764	America/Chicago
GAH	YGAY	Gayndah Airport		Australia	-25.6144	151.6190	Australia/Brisbane
GAI	KGAI	Montgomery County Airpark	Gaithersburg	United States	39.1683	-77.1660	America/New_York
GAJ	RJSC	Yamagata Airport	Yamagata	Japan	38.4119	140.3710	Asia/Tokyo
GAL	PAGA	Edward G. Pitka Sr Airport	Galena	United States	64.7362	-156.9370	America/Anchorage
GAM	PAGM	Gambell Airport	Gambell	United States	63.7668	-171.7330	America/Nome
GAN	VRMG	Gan International Airport	Gan	Maldives	-0.6933	73.1556	Indian/Maldives
GAO	MUGT	Mariana Grajales Airport	Guantanamo	Cuba	20.0853	-75.1583	America/Havana
GAP	AYGP	Gusap Airport	Gusap	Papua New Guinea	-6.0532	145.9590	Pacific/Port_Moresby
GAQ	GAGO	Gao Airport		Mali	16.2484	-0.0055	Africa/Abidjan
GAR	AYGI	Garaina Airport	Garaina	Papua New Guinea	-7.8756	147.1413	Pacific/Port_Moresby
GAS	HKGA	Garissa Airport	Garissa	Kenya	-0.4635	39.6483	Africa/Nairobi
GAT	LFNA	Gap - Tallard Airport	Avignon	France	44.4550	6.0378	Europe/Paris
GAU	VEGT	Lokpriya Gopinath Bordoloi International Airport	Guwahati	India	26.1061	91.5859	Asia/Kolkata
GAW	VYGG	Gangaw Airport	Gangaw	Myanmar	22.1747	94.1344	Asia/Yangon
GAY	VEGY	Gaya Airport		India	24.7443	84.9512	Asia/Kolkata
GBA	EGBP	Kemble Airport	Kemble	United Kingdom	51.6681	-2.0569	Europe/London
GBB	UBBQ	Gabala International Airport	Gabala	Azerbaijan	40.8267	47.7125	Asia/Baku
GBD	KGBD	Great Bend Municipal Airport	Great Bend	United States	38.3443	-98.8592	America/Chicago
GBE	FBSK	Sir Seretse Khama International Airport	Gaborone	Botswana	-24.5552	25.9182	Africa/Maputo
GBF	AYNE	Negarbo(Negabo) Airport	Negarbo	Papua New Guinea	-6.5678	144.7031	Pacific/Port_Moresby
GBG	KGBG	Galesburg Municipal Airport	Galesburg	United States	40.9380	-90.4311	America/Chicago
GBH	PAGB	Galbraith Lake Airport	Galbraith Lake	United States	68.4797	-149.4900	America/Anchorage
GBI	VOGB	Gulbarga Kalaburagi Airport	Kalaburagi	India	17.3078	76.9581	Asia/Kolkata
GBJ	TFFM	Les Bases Airport	Grand Bourg	Guadeloupe	15.8687	-61.2700	America/Puerto_Rico
GBK	GFGK	Gbangbatok Airport	Gbangbatok	Sierra Leone	7.7670	-12.3830	Africa/Abidjan
GBL	YGBI	South Goulburn Is Airport		Australia	-11.6500	133.3820	Australia/Darwin
GBP	YGAM	Gamboola Airport		Australia	-16.5500	143.6670	Australia/Brisbane
GBR	KGBR	Walter J. Koladza Airport	Great Barrington	United States	42.1842	-73.4032	America/New_York
GBT	OING	Gorgan Airport	Gorgan	Iran	36.9094	54.4013	Asia/Tehran
GBU	HSKG	Khashm El Girba Airport	Khashm El Girba	Sudan	14.9250	35.8780	Africa/Khartoum
GBV	YGIB	Gibb River Airport		Australia	-16.4233	126.4450	Australia/Perth
GBW	YGIA	Ginbata	Ginbata	Australia	-22.5787	120.0394	Australia/Perth
GBZ	NZGB	Great Barrier Aerodrome	Claris	New Zealand	-36.2414	175.4720	Pacific/Auckland
GCC	KGCC	Northeast Wyoming Regional Airport	Gillette	United States	44.3489	-105.5390	America/Denver
GCD	K3W7	Grand Coulee Dam Airport	Electric City	United States	47.9220	-119.0830	America/Los_Angeles
GCH	OIAH	Gachsaran Airport		Iran	30.3376	50.8280	Asia/Tehran
GCI	EGJB	Guernsey Airport	Saint Peter Port	Guernsey	49.4350	-2.6020	Europe/London
GCJ	FAGC	Grand Central Airport	Midrand	South Africa	-25.9863	28.1401	Africa/Johannesburg
GCK	KGCK	Garden City Regional Airport	Garden City	United States	37.9275	-100.7240	America/Chicago
GCM	MWCR	Owen Roberts International Airport	Georgetown	Cayman Islands	19.2928	-81.3577	America/Panama
GCN	KGCN	Grand Canyon National Park Airport	Grand Canyon	United States	35.9524	-112.1470	America/Phoenix
GCW	K1G4	Grand Canyon West Airport	Peach Springs	United States	35.9904	-113.8160	America/Phoenix
GCY	KGCY	Greeneville Greene County Municipal Airport	Greeneville	United States	36.1930	-82.8151	America/New_York
GDC	KGYH	Donaldson Center Airport	Greenville	United States	34.7583	-82.3764	America/New_York
GDD	YGDN	Gordon Downs Airport	Gordon Downs	Australia	-18.6781	128.5920	Australia/Perth
GDE	HAGO	Gode Airport	Gode	Ethiopia	5.9351	43.5786	Africa/Nairobi
GDG	UHBI	Magdagachi Airport	Magdagachi	Russia	53.4733	125.7950	Asia/Yakutsk
GDI	FEGL	Gordil Airport	Melle	Central African Republic	9.5830	21.7330	Africa/Lagos
GDJ	FZWC	Gandajika Airport	Gandajika	DR Congo	-6.7330	23.9500	Africa/Maputo
GDL	MMGL	Don Miguel Hidalgo Y Costilla International Airport	Guadalajara	Mexico	20.5218	-103.3110	America/Mexico_City
GDM	KGDM	Gardner Municipal Airport	Gardner	United States	42.5500	-72.0161	America/New_York
GDN	EPGD	Gdansk Lech Walesa Airport	Gdansk	Poland	54.3776	18.4662	Europe/Warsaw
GDO	SVGD	Guasdalito Airport		Venezuela	7.2333	-70.8000	America/Caracas
GDP	SNGD	Guadalupe Airport	Guadalupe	Brazil	-6.7822	-43.5822	America/Fortaleza
GDQ	HAGN	Gonder Airport	Gondar	Ethiopia	12.5199	37.4340	Africa/Nairobi
GDT	MBGT	JAGS McCartney International Airport	Cockburn Town	Turks and Caicos Islands	21.4445	-71.1423	America/Grand_Turk
GDV	KGDV	Dawson Community Airport	Glendive	United States	47.1387	-104.8070	America/Denver
GDW	KGDW	Gladwin Zettel Memorial Airport	Gladwin	United States	43.9706	-84.4750	America/Detroit
GDX	UHMM	Sokol Airport	Magadan	Russia	59.9110	150.7200	Asia/Magadan
GDY	KGDY	Grundy Municipal Airport	Grundy	United States	37.2324	-82.1250	America/New_York
GDZ	URKG	Gelendzhik Airport	Gelendzhik	Russia	44.5821	38.0125	Europe/Moscow
GEA	NWWM	Noumea Magenta Airport	Noumea	New Caledonia	-22.2583	166.4730	Pacific/Noumea
GEB	WAMJ	Gebe Airport	Gebe Island	Indonesia	-0.0789	129.4580	Asia/Jayapura
GED	KGED	Delaware Coastal Airport	Georgetown	United States	38.6892	-75.3589	America/New_York
GEE	YGTO	Georgetown (Tas) Airport		Australia	-41.0800	146.8400	Australia/Hobart
GEF	AGEV	Geva Airport	Liangia	Solomon Islands	-7.5758	156.5970	Pacific/Guadalcanal
GEG	KGEG	Spokane International Airport	Spokane	United States	47.6199	-117.5340	America/Los_Angeles
GEL	SBNM	Santo Angelo Airport	Santo Angelo	Brazil	-28.2817	-54.1691	America/Sao_Paulo
GEO	SYCJ	Cheddi Jagan International Airport	Georgetown	Guyana	6.4985	-58.2541	America/Guyana
GER	MUNG	Rafael Cabrera Airport	Nueva Gerona	Cuba	21.8347	-82.7838	America/Havana
GES	RPMR	General Santos International Airport	General Santos	Philippines	6.0580	125.0960	Asia/Manila
GET	YGEL	Geraldton Airport		Australia	-28.7961	114.7070	Australia/Perth
GEV	ESNG	Gallivare Airport	Gallivare	Sweden	67.1324	20.8146	Europe/Berlin
GEX	YGLG	Geelong Airport		Australia	-38.2250	144.3330	Australia/Melbourne
GEY	KGEY	South Big Horn County Airport	Greybull	United States	44.5168	-108.0830	America/Denver
GFD	KGFD	Pope Field	Greenfield	United States	39.7903	-85.7361	America/Indiana/Indianapolis
GFF	YGTH	Griffith Airport	Griffith	Australia	-34.2508	146.0670	Australia/Sydney
GFK	KGFK	Grand Forks International Airport	Grand Forks	United States	47.9493	-97.1761	America/Chicago
GFL	KGFL	Floyd Bennett Memorial Airport	Glens Falls	United States	43.3412	-73.6103	America/New_York
GFN	YGFN	Grafton Airport		Australia	-29.7594	153.0300	Australia/Sydney
GFO	SYBT	Bartica A Airport	Bartica	Guyana	6.3748	-58.6381	America/Guyana
GFR	LFRF	Granville Airport	Granville	France	48.8831	-1.5642	Europe/Paris
GFY	FYGF	Grootfontein Airport	Grootfontein	Namibia	-19.6022	18.1227	Africa/Windhoek
GGB	SWHP	Fazenda Olhos D`agua Airport	Agua Boa	Brazil	-14.0194	-52.1522	America/Cuiaba
GGD	YGDS	Gregory Downs Airport		Australia	-18.6250	139.2330	Australia/Brisbane
GGE	KGGE	Georgetown County Airport	Georgetown	United States	33.3117	-79.3196	America/New_York
GGF	SNYA	Almeirim Airport	Almeirim	Brazil	-1.4919	-52.5783	America/Santarem
GGG	KGGG	East Texas Regional Airport	Longview	United States	32.3840	-94.7115	America/Chicago
GGH	SSCT	Cianorte Airport	Cianorte	Brazil	-23.6915	-52.6419	America/Sao_Paulo
GGM	HKKG	Kakamega Airport	Kakamega	Kenya	0.2713	34.7873	Africa/Nairobi
GGN	DIGA	Gagnoa Airport	Gagnoa	Côte d'Ivoire	6.1330	-5.9500	Africa/Abidjan
GGO	DIGL	Guiglo Airport	Guiglo	Côte d'Ivoire	6.5250	-7.4786	Africa/Abidjan
GGS	SAWR	Gobernador Gregores Airport	Gobernador Gregores	Argentina	-48.7831	-70.1500	America/Argentina/Rio_Gallegos
GGT	MYEF	Exuma International Airport	George Town	Bahamas	23.5626	-75.8780	America/Toronto
GGW	KGGW	Wokal Field Glasgow International Airport	Glasgow	United States	48.2125	-106.6150	America/Denver
GHA	DAUG	Noumerat - Moufdi Zakaria Airport	Ghardaia	Algeria	32.3841	3.7941	Africa/Algiers
GHB	MYEM	Governor's Harbour Airport	Governor's Harbour	Bahamas	25.2847	-76.3310	America/Toronto
GHC	MYBG	Great Harbour Cay Airport		Bahamas	25.7383	-77.8401	America/Toronto
GHF	ETEU	Giebelstadt Army Air Field		Germany	49.6481	9.9665	Europe/Berlin
GHM	KGHM	Centerville Municipal Airport	Centerville	United States	35.8374	-87.4454	America/Chicago
GHT	HLGT	Ghat Airport	Ghat	Libya	25.1456	10.1426	Africa/Tripoli
GHU	SAAG	Gualeguaychu Airport	Gualeguaychu	Argentina	-33.0103	-58.6131	America/Argentina/Cordoba
GHV	LRBV	Brasov Airport	Brasov	Romania	45.7062	25.5235	Europe/Bucharest
GIB	LXGB	Gibraltar Airport	Gibraltar	Gibraltar	36.1512	-5.3497	Europe/Gibraltar
GIC	YBOI	Boigu Airport		Australia	-9.2328	142.2180	Australia/Brisbane
GID	HBBE	Gitega Airport	Gitega	Burundi	-3.4172	29.9113	Africa/Maputo
GIF	KGIF	Winter Haven's Gilbert Airport	Winter Haven	United States	28.0629	-81.7533	America/New_York
GIG	SBGL	Galeao - Antonio Carlos Jobim International Airport	Rio De Janeiro	Brazil	-22.8100	-43.2506	America/Sao_Paulo
GII	GUSI	Siguiri Airport	Siguiri	Guinea	11.4330	-9.1670	Africa/Abidjan
GIL	OPGT	Gilgit Airport	Gilgit	Pakistan	35.9188	74.3336	Asia/Karachi
GIR	SKGI	Santiago Vila Airport	Girardot	Colombia	4.2762	-74.7967	America/Bogota
GIS	NZGS	Gisborne Airport	Gisborne	New Zealand	-38.6633	177.9780	Pacific/Auckland
GIU	VCCS	Sigiriya Air Force Base	Sigiriya	Sri Lanka	7.9567	80.7285	Asia/Colombo
GIY	FAGI	Giyani Airport	Giyani	South Africa	-23.2833	30.6500	Africa/Johannesburg
GIZ	OEGN	Jizan Regional Airport	Jizan	Saudi Arabia	16.9011	42.5858	Asia/Riyadh
GJA	MHNJ	La Laguna Airport	Guanaja	Honduras	16.4454	-85.9066	America/Tegucigalpa
GJL	DAAV	Jijel Ferhat Abbas Airport	Jijel	Algeria	36.7951	5.8736	Africa/Algiers
GJM	SBGM	Guajara-Mirim Airport	Guajara-Mirim	Brazil	-10.7864	-65.2848	America/Porto_Velho
GJR	BIGJ	Gjogur Airport	Gjogur	Iceland	65.9953	-21.3269	Africa/Abidjan
GJT	KGJT	Grand Junction Regional Airport	Grand Junction	United States	39.1224	-108.5270	America/Denver
GKA	AYGA	Goroka Airport	Goronka	Papua New Guinea	-6.0817	145.3920	Pacific/Port_Moresby
GKD	LTFK	Imroz Airport	Gokceada	Turkey	40.2045	25.8833	Europe/Istanbul
GKE	ETNG	Geilenkirchen Airport		Germany	50.9608	6.0424	Europe/Brussels
GKH	VNGK	Gorkha Airport	Gorkha	Nepal	28.0500	84.4830	Asia/Kathmandu
GKK	VRMO	Kooddoo Airport	Kooddoo	Maldives	0.7331	73.4342	Indian/Maldives
GKL	YGKL	Great Keppel Is Airport		Australia	-23.1833	150.9420	Australia/Brisbane
GKN	PAGK	Gulkana Airport	Gulkana	United States	62.1549	-145.4570	America/Anchorage
GKT	KGKT	Gatlinburg Pigeon Forge Airport	Sevierville	United States	35.8578	-83.5287	America/New_York
GLA	EGPF	Glasgow International Airport	Glasgow	United Kingdom	55.8719	-4.4331	Europe/London
GLD	KGLD	Renner Field-Goodland Municipal Airport	Goodland	United States	39.3706	-101.6990	America/Denver
GLE	KGLE	Gainesville Municipal Airport	Gainesville	United States	33.6514	-97.1970	America/Chicago
GLF	MRGF	Golfito Airport	Golfito	Costa Rica	8.6540	-83.1822	America/Costa_Rica
GLG	YGLE	Glengyle Airport		Australia	-24.8083	139.6000	Australia/Brisbane
GLH	KGLH	Greenville Mid-Delta Airport	Greenville	United States	33.4829	-90.9856	America/Chicago
GLI	YGLI	Glen Innes Airport		Australia	-29.6750	151.6890	Australia/Sydney
GLJ	SKGZ	Garzon La Jagua Airport	Garzon	Colombia	2.1464	-75.6944	America/Bogota
GLK	HCMR	Galcaio Airport	Galcaio	Somalia	6.7808	47.4547	Africa/Nairobi
GLL	ENKL	Gol Airport	Klanten	Norway	60.7914	9.0506	Europe/Berlin
GLM	YGLO	Glenormiston Airport		Australia	-22.8883	138.8250	Australia/Brisbane
GLO	EGBJ	Gloucestershire Airport	Staverton	United Kingdom	51.8942	-2.1672	Europe/London
GLR	KGLR	Gaylord Regional Airport	Gaylord	United States	45.0135	-84.7036	America/Detroit
GLS	KGLS	Scholes International At Galveston Airport	Galveston	United States	29.2653	-94.8604	America/Chicago
GLT	YGLA	Gladstone Airport	Gladstone	Australia	-23.8697	151.2230	Australia/Brisbane
GLU	VQGP	Gelephu Airport	Gelephu	Bhutan	26.8846	90.4642	Asia/Thimphu
GLV	PAGL	Golovin Airport	Golovin	United States	64.5505	-163.0070	America/Nome
GLW	KGLW	Glasgow Municipal Airport	Glasgow	United States	37.0318	-85.9537	America/Chicago
GLX	WAMA	Gamarmalamo Airport	Galela-Celebes Island	Indonesia	1.8383	127.7860	Asia/Jayapura
GLZ	EHGR	Gilze Rijen Air Base	Breda	Netherlands, Kingdom of the	51.5674	4.9318	Europe/Brussels
GMA	FZFK	Gemena Airport	Gemena	DR Congo	3.2354	19.7713	Africa/Lagos
GMB	HAGM	Gambella Airport	Gambela	Ethiopia	8.1288	34.5631	Africa/Nairobi
GMD	GMMB	Ben Slimane Airport	Ben Slimane	Morocco	33.6554	-7.2214	Africa/Casablanca
GME	UMGG	Gomel Airport	Gomel	Belarus	52.5270	31.0167	Europe/Minsk
GMI	AYGT	Gasmata Island Airport	Gasmata Island	Papua New Guinea	-6.2711	150.3310	Pacific/Port_Moresby
GML	UKKM	Gostomel Airport	Kiev	Ukraine	50.6035	30.1919	Europe/Kyiv
GMM	FCOG	Gamboma Airport	Gamboma	Congo	-1.8294	15.8852	Africa/Lagos
GMN	NZGM	Greymouth Airport		New Zealand	-42.4617	171.1900	Pacific/Auckland
GMO	DNGO	Gombe Lawanti International Airport	Gombe	Nigeria	10.2983	10.8964	Africa/Lagos
GMP	RKSS	Gimpo International Airport	Seoul	South Korea	37.5583	126.7910	Asia/Seoul
GMR	NTGJ	Totegegie Airport		French Polynesia	-23.0799	-134.8900	Pacific/Gambier
GMS	SNGM	Fazenda Canada Airport	Uberlandia	Brazil	-18.8625	-48.4153	America/Sao_Paulo
GMT	PAGZ	Granite Mountain Air Station	Granite Mountain	United States	65.4021	-161.2810	America/Anchorage
GMU	KGMU	Greenville Downtown Airport	Greenville	United States	34.8479	-82.3500	America/New_York
GMZ	GCGM	La Gomera Airport	Alajero	Spain	28.0296	-17.2146	Atlantic/Canary
GNA	UMMG	Hrodna Airport	Hrodna	Belarus	53.6020	24.0538	Europe/Minsk
GNB	LFLS	Grenoble-Isere Airport	Grenoble/Saint-Geoirs	France	45.3629	5.3294	Europe/Paris
GND	TGPY	Point Salines International Airport	Saint George's	Grenada	12.0042	-61.7862	America/Puerto_Rico
GNF	K2O1	Gansner Field	Quincy	United States	39.9439	-120.9450	America/Los_Angeles
GNG	KGNG	Gooding Municipal Airport	Gooding	United States	42.9172	-114.7650	America/Boise
GNI	RCGI	Lyudao Airport	Lyudao	Taiwan	22.6739	121.4660	Asia/Taipei
GNJ	UBBG	Ganja Airport	Ganja	Azerbaijan	40.7377	46.3176	Asia/Baku
GNM	SNGI	Guanambi Airport	Guanambi	Brazil	-14.2082	-42.7461	America/Bahia
GNN	HAGH	Ghinnir Airport	Ghinnir	Ethiopia	7.1500	40.7170	Africa/Nairobi
GNR	SAHR	Dr. Arturo H. Illia Airport	General Roca	Argentina	-39.0007	-67.6205	America/Argentina/Salta
GNS	WIMB	Binaka Airport	Gunung Sitoli-Nias Island	Indonesia	1.1664	97.7047	Asia/Jakarta
GNT	KGNT	Grants Milan Municipal Airport	Grants	United States	35.1673	-107.9020	America/Denver
GNV	KGNV	Gainesville Regional Airport	Gainesville	United States	29.6901	-82.2718	America/New_York
GNY	LTCS	Sanliurfa GAP Airport	Sanliurfa	Turkey	37.4457	38.8956	Europe/Istanbul
GNZ	FBGZ	Ghanzi Airport	Ghanzi	Botswana	-21.6925	21.6581	Africa/Maputo
GOA	LIMJ	Genova / Sestri Cristoforo Colombo Airport	Genova	Italy	44.4133	8.8375	Europe/Rome
GOB	HAGB	Robe Airport	Goba	Ethiopia	7.0170	40.0000	Africa/Nairobi
GOG	FYGB	Gobabis Airport	Gobabis	Namibia	-22.5044	18.9731	Africa/Windhoek
GOH	BGGH	Godthaab / Nuuk Airport	Nuuk	Greenland	64.1909	-51.6781	America/Nuuk
GOI	VOGO	Dabolim Airport	Dabolim	India	15.3808	73.8270	Asia/Kolkata
GOJ	UWGG	Nizhny Novgorod International Airport	Nizhny Novgorod	Russia	56.2301	43.7840	Europe/Moscow
GOK	KGOK	Guthrie-Edmond Regional Airport	Guthrie	United States	35.8498	-97.4156	America/Chicago
GOM	FZNA	Goma International Airport	Goma	DR Congo	-1.6708	29.2385	Africa/Maputo
GON	KGON	Groton New London Airport	Groton (New London)	United States	41.3301	-72.0451	America/New_York
GOO	YGDI	Goondiwindi Airport		Australia	-28.5214	150.3200	Australia/Brisbane
GOP	VEGK	Gorakhpur Airport	Gorakhpur	India	26.7397	83.4497	Asia/Kolkata
GOQ	ZLGM	Golmud Airport	Golmud	China	36.4006	94.7861	Asia/Shanghai
GOR	HAGR	Gore Airport	Gore	Ethiopia	8.1614	35.5529	Africa/Nairobi
GOT	ESGG	Gothenburg-Landvetter Airport	Gothenburg	Sweden	57.6628	12.2798	Europe/Berlin
GOU	FKKR	Garoua International Airport	Garoua	Cameroon	9.3359	13.3701	Africa/Lagos
GOV	YPGV	Gove Airport	Nhulunbuy	Australia	-12.2694	136.8180	Australia/Darwin
GOX	VOGA	Manohar International Airport	Mopa	India	15.7322	73.8680	Asia/Kolkata
GOZ	LBGO	Gorna Oryahovitsa Airport	Gorna Oryahovitsa	Bulgaria	43.1514	25.7129	Europe/Sofia
GPA	LGRX	Araxos Airport	Patras	Greece	38.1511	21.4256	Europe/Athens
GPB	SBGU	Tancredo Thomas de Faria Airport	Guarapuava	Brazil	-25.3875	-51.5202	America/Sao_Paulo
GPI	SKGP	Juan Casiano Airport	Guapi	Colombia	2.5701	-77.8986	America/Bogota
GPL	MRGP	Guapiles Airport	Pococi	Costa Rica	10.2172	-83.7970	America/Costa_Rica
GPN	YGPT	Garden Point Airport		Australia	-11.4025	130.4220	Australia/Darwin
GPO	SAZG	General Pico Airport	General Pico	Argentina	-35.6962	-63.7583	America/Argentina/Salta
GPS	SEGS	Seymour Airport	Baltra	Ecuador	-0.4538	-90.2659	Pacific/Galapagos
GPT	KGPT	Gulfport Biloxi International Airport	Gulfport	United States	30.4073	-89.0701	America/Chicago
GPZ	KGPZ	Grand Rapids Itasca Co-Gordon Newstrom field	Grand Rapids	United States	47.2111	-93.5098	America/Chicago
GQQ	KGQQ	Galion Municipal Airport	Galion	United States	40.7534	-82.7238	America/New_York
GRB	KGRB	Austin Straubel International Airport	Green Bay	United States	44.4851	-88.1296	America/Chicago
GRD	KGRD	Greenwood County Airport	Greenwood	United States	34.2487	-82.1591	America/New_York
GRE	KGRE	Greenville Airport	Greenville	United States	38.8362	-89.3784	America/Chicago
GRF	KGRF	Gray Army Air Field	Fort Lewis/Tacoma	United States	47.0792	-122.5810	America/Los_Angeles
GRI	KGRI	Central Nebraska Regional Airport	Grand Island	United States	40.9675	-98.3096	America/Chicago
GRJ	FAGG	George Airport	George	South Africa	-34.0056	22.3789	Africa/Johannesburg
GRK	KGRK	Robert Gray Army Air Field Airport	Fort Cavazos/Killeen	United States	31.0672	-97.8289	America/Chicago
GRL	AYGG	Garasa Airport	Au	Papua New Guinea	-7.9807	147.2135	Pacific/Port_Moresby
GRM	KCKC	Grand Marais Cook County Airport	Grand Marais	United States	47.8383	-90.3829	America/Chicago
GRN	KGRN	Gordon Municipal Airport	Gordon	United States	42.8060	-102.1750	America/Denver
GRO	LEGE	Girona Airport	Girona	Spain	41.9010	2.7606	Europe/Madrid
GRP	SWGI	Gurupi Airport	Gurupi	Brazil	-11.7396	-49.1322	America/Araguaina
GRQ	EHGG	Eelde Airport	Groningen	Netherlands, Kingdom of the	53.1197	6.5794	Europe/Brussels
GRR	KGRR	Gerald R. Ford International Airport	Grand Rapids	United States	42.8808	-85.5228	America/Detroit
GRS	LIRS	Grosseto Airport	Grosetto	Italy	42.7597	11.0719	Europe/Rome
GRU	SBGR	Guarulhos - Governador Andre Franco Montoro International Airport	Sao Paulo	Brazil	-23.4356	-46.4731	America/Sao_Paulo
GRV	URMG	Grozny North Airport	Grozny	Russia	43.3883	45.6986	Europe/Moscow
GRW	LPGR	Graciosa Airport	Santa Cruz da Graciosa	Portugal	39.0922	-28.0298	Atlantic/Azores
GRX	LEGR	Federico Garcia Lorca Airport	Granada	Spain	37.1887	-3.7774	Europe/Madrid
GRY	BIGR	Grimsey Airport	Grimsey	Iceland	66.5458	-18.0173	Africa/Abidjan
GRZ	LOWG	Graz Airport	Graz	Austria	46.9911	15.4396	Europe/Vienna
GSA	WBKN	Long Pasia Airport	Long Miau	Malaysia	4.4000	115.7170	Asia/Kuching
GSB	KGSB	Seymour Johnson Air Force Base	Goldsboro	United States	35.3394	-77.9606	America/New_York
GSC	YGSC	Gascoyne Junction Airport		Australia	-25.0500	115.2000	Australia/Perth
GSE	ESGP	Gothenburg City Airport	Gothenburg	Sweden	57.7747	11.8704	Europe/Berlin
GSH	KGSH	Goshen Municipal Airport	Goshen	United States	41.5264	-85.7929	America/Indiana/Indianapolis
GSI	SOGS	Grand-Santi Airport	Grand-Santi	French Guiana	4.2858	-54.3731	America/Cayenne
GSJ	MGSJ	San Jose Airport	Puerto San Jose	Guatemala	13.9362	-90.8358	America/Guatemala
GSM	OIKQ	Dayrestan Airport		Iran	26.7546	55.9024	Asia/Tehran
GSN	YMGN	Mount Gunson Airport	Mount Gunson	Australia	-31.4597	137.1740	Australia/Adelaide
GSO	KGSO	Piedmont Triad International Airport	Greensboro	United States	36.0978	-79.9373	America/New_York
GSP	KGSP	Greenville Spartanburg International Airport	Greenville	United States	34.8957	-82.2189	America/New_York
GSQ	HEOW	Shark El Oweinat International Airport		Egypt	22.5857	28.7166	Africa/Cairo
GSR	HCMG	Gardo Airport	Gardo	Somalia	9.5170	49.0830	Africa/Nairobi
GSS	FASE	Sabi Sabi Airport	Belfast	South Africa	-24.9415	31.4446	Africa/Johannesburg
GST	PAGS	Gustavus Airport	Gustavus	United States	58.4253	-135.7070	America/Juneau
GSU	HSGF	Azaza Airport	Gedaref	Sudan	14.1330	35.3170	Africa/Khartoum
GSV	UWSG	Saratov Gagarin Airport	Saratov	Russia	51.7128	46.1711	Europe/Saratov
GTA	AGOK	Gatokae Airport	Gatokae	Solomon Islands	-8.7392	158.2031	Pacific/Guadalcanal
GTB	KGTB	Wheeler Sack Army Air Field	Fort Drum	United States	44.0556	-75.7195	America/New_York
GTE	YGTE	Groote Eylandt Airport	Groote Eylandt	Australia	-13.9750	136.4600	Australia/Darwin
GTF	KGTF	Great Falls International Airport	Great Falls	United States	47.4820	-111.3710	America/Denver
GTG	KGTG	Grantsburg Municipal Airport	Grantsburg	United States	45.7981	-92.6644	America/Chicago
GTI	EDCG	Rugen Airport	Rugen	Germany	54.3833	13.3256	Europe/Berlin
GTN	NZGT	Glentanner Airport	Glentanner Station	New Zealand	-43.9067	170.1280	Pacific/Auckland
GTO	WAMG	Jalaluddin Airport	Gorontalo-Celebes Island	Indonesia	0.6371	122.8500	Asia/Makassar
GTP	K3S8	Grants Pass Airport	Grants Pass	United States	42.5101	-123.3880	America/Los_Angeles
GTR	KGTR	Golden Triangle Regional Airport	Columbus/W Point/Starkville	United States	33.4503	-88.5914	America/Chicago
GTS	YTGT	The Granites Airport	The Granites	Australia	-20.5483	130.3470	Australia/Darwin
GTT	YGTN	Georgetown Airport		Australia	-18.3050	143.5300	Australia/Brisbane
GTW	LKHO	Holesov Airport	Holesov	Czechia	49.3144	17.5689	Europe/Prague
GUA	MGGT	La Aurora Airport	Guatemala City	Guatemala	14.5833	-90.5275	America/Guatemala
GUB	MMGR	Guerrero Negro Airport	Guerrero Negro	Mexico	28.0261	-114.0240	America/Mazatlan
GUC	KGUC	Gunnison Crested Butte Regional Airport	Gunnison	United States	38.5339	-106.9330	America/Denver
GUD	GAGM	Goundam Airport	Goundam	Mali	16.3614	-3.5997	Africa/Abidjan
GUF	KJKA	Jack Edwards Airport	Gulf Shores	United States	30.2905	-87.6718	America/Chicago
GUH	YGDH	Gunnedah Airport		Australia	-30.9611	150.2510	Australia/Sydney
GUI	SVGI	Guiria Airport		Venezuela	10.5741	-62.3127	America/Caracas
GUJ	SBGW	Guaratingueta Airport	Guaratingueta	Brazil	-22.7916	-45.2048	America/Sao_Paulo
GUL	YGLB	Goulburn Airport		Australia	-34.8103	149.7260	Australia/Sydney
GUM	PGUM	Antonio B. Won Pat International Airport	Hagatna	Guam	13.4834	144.7960	Pacific/Guam
GUP	KGUP	Gallup Municipal Airport	Gallup	United States	35.5111	-108.7890	America/Denver
GUQ	SVGU	Guanare Airport	Guanare	Venezuela	9.0269	-69.7551	America/Caracas
GUR	AYGN	Gurney Airport	Gurney	Papua New Guinea	-10.3115	150.3340	Pacific/Port_Moresby
GUS	KGUS	Grissom ARB Airport	Peru	United States	40.6481	-86.1521	America/Indiana/Indianapolis
GUT	ETUO	Gutersloh Airport	Gutersloh	Germany	51.9228	8.3063	Europe/Berlin
GUU	BIGF	Grundarfjordur Airport	Grundarfjordur	Iceland	64.9914	-23.2247	Africa/Abidjan
GUV	AYML	Mougulu Airport	Mougulu	Papua New Guinea	-6.2809	142.4208	Pacific/Port_Moresby
GUW	UATG	Atyrau Airport	Atyrau	Kazakhstan	47.1219	51.8214	Asia/Atyrau
GUX	VAGN	Guna Airport		India	24.6547	77.3473	Asia/Kolkata
GUY	KGUY	Guymon Municipal Airport	Guymon	United States	36.6851	-101.5080	America/Chicago
GUZ	SNGA	Guarapari Airport	Guarapari	Brazil	-20.6465	-40.4919	America/Sao_Paulo
GVA	LSGG	Geneva Cointrin International Airport	Geneva	Switzerland	46.2381	6.1090	Europe/Paris
GVE	KGVE	Gordonsville Municipal Airport	Gordonsville	United States	38.1564	-78.1654	America/New_York
GVI	AYGV	Green River Airport	Green River	Papua New Guinea	-3.9022	141.1705	Pacific/Port_Moresby
GVL	KGVL	Lee Gilmer Memorial Airport	Gainesville	United States	34.2726	-83.8302	America/New_York
GVN	UHKM	Maygatka Airport.	Sovetskaya Gavan	Russia	48.9270	140.0340	Asia/Vladivostok
GVP	YGNV	Greenvale Airport		Australia	-18.9833	145.1170	Australia/Brisbane
GVR	SBGV	Governador Valadares Airport	Governador Valadares	Brazil	-18.8952	-41.9822	America/Sao_Paulo
GVT	KGVT	Majors Airport	Greenville	United States	33.0678	-96.0653	America/Chicago
GVX	ESSK	Gavle Sandviken Airport	Gavle / Sandviken	Sweden	60.5933	16.9514	Europe/Berlin
GWA	VYGW	Gwa Airport	Gwa	Myanmar	17.6000	94.5833	Asia/Yangon
GWD	OPGD	Gwadar International Airport	Gwadar	Pakistan	25.2333	62.3295	Asia/Karachi
GWE	FVTL	Thornhill Air Base	Gweru	Zimbabwe	-19.4364	29.8619	Africa/Maputo
GWL	VIGR	Gwalior Airport	Gwalior	India	26.2933	78.2278	Asia/Kolkata
GWO	KGWO	Greenwood Leflore Airport	Greenwood	United States	33.4943	-90.0847	America/Chicago
GWS	KGWS	Glenwood Springs Municipal Airport	Glenwood Springs	United States	39.5083	-107.3110	America/Denver
GWT	EDXW	Westerland Sylt Airport	Westerland	Germany	54.9132	8.3405	Europe/Berlin
GWY	EICM	Galway Airport	Galway	Ireland	53.3002	-8.9416	Europe/Dublin
GXF	OYSY	Sayun International Airport	Sayun	Yemen	15.9661	48.7883	Asia/Riyadh
GXG	FNNG	Negage Airport	Negage	Angola	-7.7545	15.2877	Africa/Lagos
GXQ	SCCY	Teniente Vidal Airport	Coyhaique	Chile	-45.5942	-72.1061	America/Santiago
GXX	FKKJ	Yagoua Airport	Yagoua	Cameroon	10.3561	15.2372	Africa/Lagos
GXY	KGXY	Greeley Weld County Airport	Greeley	United States	40.4374	-104.6330	America/Denver
GYA	SLGY	Capitan de Av. Emilio Beltran Airport	Guayaramerin	Bolivia	-10.8206	-65.3456	America/La_Paz
GYD	UBBB	Heydar Aliyev International Airport	Baku	Azerbaijan	40.4675	50.0467	Asia/Baku
GYE	SEGU	Simon Bolivar International Airport	Guayaquil	Ecuador	-2.1574	-79.8836	America/Guayaquil
GYG	UEMM	Magan Airport	Magan	Russia	62.1035	129.5453	Asia/Yakutsk
GYI	HRYG	Gisenyi Airport	Gisenyi	Rwanda	-1.6772	29.2589	Africa/Maputo
GYL	YARG	Argyle Airport		Australia	-16.6369	128.4510	Australia/Perth
GYM	MMGM	General Jose Maria Yanez International Airport	Guaymas	Mexico	27.9690	-110.9250	America/Hermosillo
GYN	SBGO	Santa Genoveva Airport	Goiania	Brazil	-16.6320	-49.2207	America/Sao_Paulo
GYP	YGYM	Gympie Airport		Australia	-26.2828	152.7020	Australia/Brisbane
GYR	KGYR	Phoenix Goodyear Airport	Goodyear	United States	33.4225	-112.3760	America/Phoenix
GYS	ZUGU	Guangyuan Airport	Guangyuan	China	32.3911	105.7020	Asia/Shanghai
GYU	ZLGY	Guyuan Liupanshan Airport	Guyuan	China	36.0789	106.2169	Asia/Shanghai
GYY	KGYY	Gary Chicago International Airport	Gary	United States	41.6163	-87.4128	America/Chicago
GYZ	YGRM	Gruyere Mine Airport	Gruyere	Australia	-28.0340	123.8140	Australia/Perth
GZG	ZUGZ	Garze Gesar Airport	Garze	China	31.7575	99.5542	Asia/Shanghai
GZO	AGGN	Nusatupe Airport	Gizo	Solomon Islands	-8.0978	156.8640	Pacific/Guadalcanal
GZP	LTFG	Gazipasa Airport	Gazipasa	Turkey	36.2992	32.3006	Europe/Istanbul
GZT	LTAJ	Gaziantep International Airport	Gaziantep	Turkey	36.9472	37.4787	Europe/Istanbul
GZW	OIIK	Qazvin Airport	Qazvin	Iran	36.2401	50.0471	Asia/Tehran
HAA	ENHK	Hasvik Airport	Hasvik	Norway	70.4867	22.1397	Europe/Berlin
HAB	KHAB	Marion County Rankin Fite Airport	Hamilton	United States	34.1176	-87.9982	America/Chicago
HAC	RJTH	Hachijojima Airport	Hachijojima	Japan	33.1150	139.7860	Asia/Tokyo
HAD	ESMT	Halmstad Airport	Halmstad	Sweden	56.6911	12.8202	Europe/Berlin
HAF	KHAF	Half Moon Bay Airport	Half Moon Bay	United States	37.5134	-122.5010	America/Los_Angeles
HAH	FMCH	Prince Said Ibrahim International Airport	Moroni	Comoros	-11.5337	43.2719	Africa/Nairobi
HAI	KHAI	Three Rivers Municipal Dr Haines Airport	Three Rivers	United States	41.9598	-85.5934	America/Detroit
HAJ	EDDV	Hannover Airport	Hannover	Germany	52.4611	9.6851	Europe/Berlin
HAK	ZJHK	Haikou Meilan International Airport	Haikou	China	19.9349	110.4590	Asia/Shanghai
HAM	EDDH	Hamburg Airport	Hamburg	Germany	53.6304	9.9882	Europe/Berlin
HAN	VVNB	Noi Bai International Airport	Hanoi	Vietnam	21.2212	105.8070	Asia/Bangkok
HAO	KHAO	Butler Co Regional Airport	Hamilton	United States	39.3638	-84.5220	America/New_York
HAQ	VRMH	Hanimaadhoo Airport	Haa Dhaalu Atoll	Maldives	6.7442	73.1705	Indian/Maldives
HAR	KCXY	Capital City Airport	Harrisburg	United States	40.2171	-76.8515	America/New_York
HAS	OEHL	Hail Airport		Saudi Arabia	27.4379	41.6863	Asia/Riyadh
HAT	YHTL	Heathlands Airport		Australia	-11.7500	142.5830	Australia/Brisbane
HAU	ENHD	Haugesund Airport	Karmoy	Norway	59.3453	5.2084	Europe/Berlin
HAV	MUHA	Jose Marti International Airport	Havana	Cuba	22.9892	-82.4091	America/Havana
HAW	EGFE	Haverfordwest Airport	Haverfordwest	United Kingdom	51.8331	-4.9611	Europe/London
HAY	SKAG	Aguachica Airport	Aguachica	Colombia	8.3000	-73.6306	America/Bogota
HBA	YMHB	Hobart International Airport	Hobart	Australia	-42.8361	147.5100	Australia/Hobart
HBE	HEBA	Borg El Arab International Airport	Alexandria	Egypt	30.9177	29.6964	Africa/Cairo
HBG	KHBG	Hattiesburg Bobby L Chain Municipal Airport	Hattiesburg	United States	31.2648	-89.2528	America/Chicago
HBK	KP14	Holbrook Municipal Airport	Holbrook	United States	34.9407	-110.1380	America/Phoenix
HBQ	ZLHB	Haibei Qilian Airport	Haibei	China	38.0120	100.6440	Asia/Shanghai
HBR	KHBR	Hobart Regional Airport	Hobart	United States	34.9913	-99.0514	America/Chicago
HBT	OEKK	King Khaled Military City Airport	King Khaled Military City	Saudi Arabia	27.9009	45.5282	Asia/Riyadh
HBU	ZMBS	Bulgan Sum Airport		Mongolia	46.1006	91.5842	Asia/Hovd
HBX	VAHB	Hubli Airport	Hubli	India	15.3617	75.0849	Asia/Kolkata
HCC	K1B1	Columbia County Airport	Hudson	United States	42.2913	-73.7103	America/New_York
HCM	HCME	Eil Airport	Eil	Somalia	7.9170	49.8000	Africa/Nairobi
HCN	RCKW	Hengchun Airport	Hengchung	Taiwan	22.0411	120.7300	Asia/Taipei
HCQ	YHLC	Halls Creek Airport		Australia	-18.2339	127.6700	Australia/Perth
HCR	PAHC	Holy Cross Airport	Holy Cross	United States	62.1883	-159.7750	America/Anchorage
HCW	KCQW	Cheraw Municipal Lynch Bellinger Field	Cheraw	United States	34.7129	-79.9570	America/New_York
HCZ	ZGCZ	Chenzhou Beihu Airport	Chenzhou	China	25.7532	112.8450	Asia/Shanghai
HDD	OPKD	Hyderabad Airport	Hyderabad	Pakistan	25.3181	68.3661	Asia/Karachi
HDE	KHDE	Brewster Field	Holdrege	United States	40.4521	-99.3365	America/Chicago
HDF	EDAH	Heringsdorf Airport	Heringsdorf	Germany	53.8787	14.1523	Europe/Berlin
HDG	ZBHD	Handan Airport	Handan	China	36.5258	114.4256	Asia/Shanghai
HDH	PHDH	Dillingham Airfield	Mokuleia	United States	21.5795	-158.1970	Pacific/Honolulu
HDK	VRBK	Kulhudhuffushi Airport	Kulhudhuffushi	Maldives	6.6311	73.0667	Indian/Maldives
HDM	OIHH	Hamadan Airport	Hamadan	Iran	34.8692	48.5525	Asia/Tehran
HDN	KHDN	Yampa Valley Airport	Hayden	United States	40.4812	-107.2180	America/Denver
HDO	VIDX	Hindon Air Force Station		India	28.7077	77.3589	Asia/Kolkata
HDR	OIKP	Havadarya Airport	Havadarya	Iran	27.1583	56.1725	Asia/Tehran
HDS	FAHS	Hoedspruit Air Force Base Airport	Hoedspruit	South Africa	-24.3686	31.0487	Africa/Johannesburg
HDY	VTSS	Hat Yai International Airport	Hat Yai	Thailand	6.9332	100.3930	Asia/Bangkok
HEA	OAHR	Herat Airport		Afghanistan	34.2100	62.2283	Asia/Kabul
HED	AK33	Herendeen Bay Airport	Herendeen Bay	United States	55.8014	-160.8990	America/Anchorage
HEE	KHEE	Thompson Robbins Airport	Helena/West Helena	United States	34.5765	-90.6759	America/Chicago
HEG	HSHG	Heglig Airport	Heglig Oilfield	Sudan	9.9949	29.3977	Africa/Khartoum
HEH	VYHH	Heho Airport	Heho	Myanmar	20.7470	96.7920	Asia/Yangon
HEI	EDXB	Heide-Busum Airport	Busum	Germany	54.1533	8.9017	Europe/Berlin
HEK	ZYHE	Heihe Airport	Heihe	China	50.1716	127.3089	Asia/Shanghai
HEL	EFHK	Helsinki Vantaa Airport	Helsinki	Finland	60.3172	24.9633	Europe/Helsinki
HEM	EFHF	Helsinki Malmi Airport	Helsinki	Finland	60.2546	25.0428	Europe/Helsinki
HER	LGIR	Heraklion International Nikos Kazantzakis Airport	Heraklion	Greece	35.3397	25.1803	Europe/Athens
HES	KHRI	Hermiston Municipal Airport	Hermiston	United States	45.8282	-119.2590	America/Los_Angeles
HET	ZBHH	Baita International Airport	Hohhot	China	40.8514	111.8240	Asia/Shanghai
HEV	LEMF	Mafe - Gibraleon Airport	Gibraleon	Spain	37.3643	-6.9209	Europe/Madrid
HEW	LGAT	Athen Helenikon Airport	Athens	Greece	37.8933	23.7261	Europe/Athens
HEZ	KHEZ	Hardy Anders Field Natchez Adams County Airport	Natchez	United States	31.6137	-91.2973	America/Chicago
HFA	LLHA	Haifa International Airport	Haifa	Israel	32.8094	35.0431	Asia/Jerusalem
HFD	KHFD	Hartford Brainard Airport	Hartford	United States	41.7367	-72.6494	America/New_York
HFE	ZSOF	Hefei Xinqiao International Airport	Hefei	China	31.9890	116.9638	Asia/Shanghai
HFF	KHFF	Mackall Army Air Field	Camp Mackall	United States	35.0365	-79.4975	America/New_York
HFN	BIHN	Hornafjordur Airport	Hornafjordur	Iceland	64.2956	-15.2272	Africa/Abidjan
HFS	ESOH	Hagfors Airport		Sweden	60.0201	13.5789	Europe/Berlin
HFT	ENHF	Hammerfest Airport	Hammerfest	Norway	70.6797	23.6686	Europe/Berlin
HGA	HCMH	Egal International Airport	Hargeisa	Somalia	9.5182	44.0888	Africa/Nairobi
HGD	YHUG	Hughenden Airport		Australia	-20.8150	144.2250	Australia/Brisbane
HGE	SVHG	Higuerote Airport		Venezuela	10.4625	-66.0928	America/Caracas
HGH	ZSHC	Hangzhou Xiaoshan International Airport	Hangzhou	China	30.2295	120.4340	Asia/Shanghai
HGI	VEHO	Donyi Polo Airport	Itanagar	India	26.9718	93.6423	Asia/Kolkata
HGL	EDXH	Helgoland-Dune Airport	Helgoland	Germany	54.1853	7.9158	Europe/Berlin
HGN	VTCH	Mae Hong Son Airport		Thailand	19.3013	97.9758	Asia/Bangkok
HGO	DIKO	Korhogo Airport		Côte d'Ivoire	9.3872	-5.5567	Africa/Abidjan
HGR	KHGR	Hagerstown Regional Richard A Henson Field	Hagerstown	United States	39.7079	-77.7295	America/New_York
HGS	GFHA	Hastings Airport	Freetown	Sierra Leone	8.3971	-13.1291	Africa/Abidjan
HGU	AYMH	Mount Hagen Kagamuga Airport	Mount Hagen	Papua New Guinea	-5.8268	144.2960	Pacific/Port_Moresby
HGZ	2AK6	Hog River Airport	Hogatza	United States	66.2161	-155.6690	America/Anchorage
HHE	RJSH	Hachinohe Airport		Japan	40.5564	141.4660	Asia/Tokyo
HHH	KHXD	Hilton Head Airport	Hilton Head Island	United States	32.2244	-80.6975	America/New_York
HHI	PHHI	Wheeler Army Airfield	Wahiawa	United States	21.4835	-158.0400	Pacific/Honolulu
HHN	EDFH	Frankfurt-Hahn Airport	Hahn	Germany	49.9487	7.2639	Europe/Berlin
HHQ	VTPH	Hua Hin Airport	Hua Hin	Thailand	12.6362	99.9515	Asia/Bangkok
HHR	KHHR	Jack Northrop Field Hawthorne Municipal Airport	Hawthorne	United States	33.9228	-118.3350	America/Los_Angeles
HHZ	NTGH	Hikueru Atoll Airport	Hikueru Atoll	French Polynesia	-17.5447	-142.6140	Pacific/Tahiti
HIA	ZSSH	Lianshui Airport	Huai'an	China	33.7908	119.1250	Asia/Shanghai
HIB	KHIB	Range Regional Airport	Hibbing	United States	47.3866	-92.8390	America/Chicago
HID	YHID	Horn Island Airport	Horn Island	Australia	-10.5864	142.2900	Australia/Brisbane
HIE	KHIE	Mount Washington Regional Airport	Whitefield	United States	44.3676	-71.5445	America/New_York
HIF	KHIF	Hill Air Force Base	Ogden	United States	41.1239	-111.9730	America/Denver
HIG	YHHY	Highbury Airport		Australia	-16.4333	143.1500	Australia/Brisbane
HII	KHII	Lake Havasu City Airport	Lake Havasu City	United States	34.5711	-114.3580	America/Phoenix
HIJ	RJOA	Hiroshima Airport	Hiroshima	Japan	34.4361	132.9190	Asia/Tokyo
HIM	VCCH	Hingurakgoda Airport	Polonnaruwa Town	Sri Lanka	8.0498	80.9814	Asia/Colombo
HIN	RKPS	Sacheon Air Base	Sacheon	South Korea	35.0885	128.0700	Asia/Seoul
HIO	KHIO	Portland Hillsboro Airport	Portland	United States	45.5404	-122.9500	America/Los_Angeles
HIP	YHDY	Headingly Airport		Australia	-21.3333	138.2830	Australia/Brisbane
HIR	AGGH	Honiara International Airport	Honiara	Solomon Islands	-9.4280	160.0550	Pacific/Guadalcanal
HIW	RJBH	Hiroshimanishi Airport		Japan	34.3669	132.4140	Asia/Tokyo
HJJ	ZGCJ	Zhijiang Airport	Huaihua	China	27.4411	109.7000	Asia/Shanghai
HJR	VAKJ	Khajuraho Airport	Khajuraho	India	24.8172	79.9186	Asia/Kolkata
HJT	ZMHU	Khujirt Airport		Mongolia	46.9258	102.7730	Asia/Ulaanbaatar
HKA	KHKA	Blytheville Municipal Airport	Blytheville	United States	35.9404	-89.8308	America/Chicago
HKD	RJCH	Hakodate Airport	Hakodate	Japan	41.7700	140.8220	Asia/Tokyo
HKG	VHHH	Chek Lap Kok International Airport	Hong Kong	Hong Kong	22.3089	113.9150	Asia/Hong_Kong
HKK	NZHK	Hokitika Airfield		New Zealand	-42.7136	170.9850	Pacific/Auckland
HKN	AYHK	Kimbe Airport	Hoskins	Papua New Guinea	-5.4622	150.4050	Pacific/Port_Moresby
HKS	KHKS	Hawkins Field	Jackson	United States	32.3345	-90.2222	America/Chicago
HKT	VTSP	Phuket International Airport	Phuket	Thailand	8.1132	98.3169	Asia/Bangkok
HKV	LBHS	Uzundzhovo Air Base	Haskovo	Bulgaria	41.9764	25.5898	Europe/Sofia
HKY	KHKY	Hickory Regional Airport	Hickory	United States	35.7411	-81.3895	America/New_York
HLA	FALA	Lanseria Airport	Johannesburg	South Africa	-25.9385	27.9261	Africa/Johannesburg
HLB	KHLB	Batesville Airport	Batesville	United States	39.3445	-85.2583	America/Indiana/Indianapolis
HLC	KHLC	Hill City Municipal Airport	Hill City	United States	39.3788	-99.8315	America/Chicago
HLD	ZBLA	Dongshan Airport	Hailar	China	49.2050	119.8250	Asia/Shanghai
HLE	FHSH	Saint Helena Airport	Saint Helena	Saint Helena, Ascension and Tristan da Cunha	-15.9621	-5.6459	Africa/Abidjan
HLF	ESSF	Hultsfred Airport		Sweden	57.5258	15.8233	Europe/Berlin
HLG	KHLG	Wheeling Ohio County Airport	Wheeling	United States	40.1750	-80.6463	America/New_York
HLH	ZBUL	Ulanhot Airport	Ulanhot	China	46.1953	122.0083	Asia/Shanghai
HLI	KCVH	Hollister Municipal Airport	Hollister	United States	36.8933	-121.4100	America/Los_Angeles
HLJ	EYSB	Barysiai Airport	Barysiai	Lithuania	56.0706	23.5581	Europe/Vilnius
HLL	YHIL	Hillside Airport		Australia	-21.7500	119.4170	Australia/Perth
HLM	KHLM	Park Township Airport	Holland	United States	42.7959	-86.1620	America/Detroit
HLN	KHLN	Helena Regional Airport	Helena	United States	46.6068	-111.9830	America/Denver
HLO	BIID	Ingjaldssandur Airport	Onundarfjordur	Iceland	66.0500	-23.6961	Africa/Abidjan
HLP	WIHH	Halim Perdanakusuma International Airport	Jakarta	Indonesia	-6.2666	106.8910	Asia/Jakarta
HLR	KHLR	Yoakum–DeFrenn Army Heliport	Fort Cavazos(Killeen)	United States	31.1387	-97.7145	America/Chicago
HLS	YSTH	St Helens Airport		Australia	-41.3367	148.2820	Australia/Hobart
HLT	YHML	Hamilton Airport		Australia	-37.6489	142.0650	Australia/Melbourne
HLU	NWWH	Nesson Airport	Houailou	New Caledonia	-21.2564	165.6170	Pacific/Noumea
HLW	FAHL	Hluhluwe Airport	Hluhluwe	South Africa	-28.0166	32.2752	Africa/Johannesburg
HLY	EGOV	Anglesey Airport	Angelsey	United Kingdom	53.2481	-4.5353	Europe/London
HLZ	NZHN	Hamilton International Airport	Hamilton	New Zealand	-37.8667	175.3320	Pacific/Auckland
HMA	USHH	Khanty Mansiysk Airport	Khanty-Mansiysk	Russia	61.0285	69.0861	Asia/Yekaterinburg
HMB	HEMK	Sohag International Airport	Sohag	Egypt	26.3428	31.7428	Africa/Cairo
HME	DAUH	Oued Irara Airport	Hassi Messaoud	Algeria	31.6730	6.1404	Africa/Algiers
HMG	YHMB	Hermannsburg Airport		Australia	-23.9300	132.8050	Australia/Darwin
HMI	ZWHM	Hami Airport	Hami	China	42.8414	93.6692	Asia/Shanghai
HMJ	UKLH	Khmelnytskyi Airport	Khmelnytskyi	Ukraine	49.3597	26.9334	Europe/Kyiv
HMN	KHMN	Holloman Air Force Base	Alamogordo	United States	32.8525	-106.1070	America/Denver
HMO	MMHO	General Ignacio P. Garcia International Airport	Hermosillo	Mexico	29.0959	-111.0480	America/Hermosillo
HMR	ENHA	Stafsberg Airport	Hamar	Norway	60.8181	11.0680	Europe/Berlin
HMT	KHMT	Hemet Ryan Airport	Hemet	United States	33.7340	-117.0230	America/Los_Angeles
HMV	ESUT	Hemavan Airport		Sweden	65.8061	15.0828	Europe/Berlin
HMY	RKTP	Seosan Air Base	Seosan	South Korea	36.7040	126.4860	Asia/Seoul
HNA	RJSI	Hanamaki Airport		Japan	39.4286	141.1350	Asia/Tokyo
HNB	KHNB	Huntingburg Airport	Huntingburg	United States	38.2490	-86.9537	America/Indiana/Vincennes
HNC	KHSE	Billy Mitchell Airport	Hatteras	United States	35.2328	-75.6178	America/New_York
HND	RJTT	Tokyo International Airport	Tokyo	Japan	35.5523	139.7800	Asia/Tokyo
HNE	PAHE	Tahneta Pass Airport	Tahneta Pass Lodge	United States	61.9014	-147.3040	America/Anchorage
HNH	PAOH	Hoonah Airport	Hoonah	United States	58.0961	-135.4100	America/Juneau
HNI	ZGHC	Hechi Jinchengjiang Airport	Hechi	China	24.8024	107.7131	Asia/Shanghai
HNL	PHNL	Honolulu International Airport	Honolulu	United States	21.3187	-157.9220	Pacific/Honolulu
HNM	PHHN	Hana Airport	Hana	United States	20.7956	-156.0140	Pacific/Honolulu
HNS	PAHN	Haines Airport	Haines	United States	59.2438	-135.5240	America/Juneau
HNY	ZGHY	Hengyang Airport	Hengyang	China	26.9053	112.6280	Asia/Shanghai
HOA	HKHO	Hola Airport	Hola	Kenya	-1.5220	40.0040	Africa/Nairobi
HOB	KHOB	Lea County Regional Airport	Hobbs	United States	32.6875	-103.2170	America/Denver
HOD	OYHD	Hodeidah International Airport	Hodeida	Yemen	14.7530	42.9763	Asia/Riyadh
HOF	OEAH	Al Ahsa Airport		Saudi Arabia	25.2853	49.4852	Asia/Riyadh
HOG	MUHG	Frank Pais International Airport	Holguin	Cuba	20.7856	-76.3151	America/Havana
HOH	LOIH	Hohenems-Dornbirn Airport	Hohenems / Dornbirn	Austria	47.3850	9.7000	Europe/Vienna
HOI	NTTO	Hao Airport		French Polynesia	-18.0748	-140.9460	Pacific/Tahiti
HOK	YHOO	Hooker Creek Airport		Australia	-18.3367	130.6380	Australia/Darwin
HOM	PAHO	Homer Airport	Homer	United States	59.6456	-151.4770	America/Anchorage
HON	KHON	Huron Regional Airport	Huron	United States	44.3852	-98.2285	America/Chicago
HOP	KHOP	Campbell AAF (Fort Campbell) Air Field	Fort Campbell/Hopkinsville	United States	36.6686	-87.4962	America/Chicago
HOQ	EDQM	Hof-Plauen Airport	Hof	Germany	50.2886	11.8564	Europe/Berlin
HOR	LPHR	Horta Airport	Horta	Portugal	38.5199	-28.7159	Atlantic/Azores
HOS	SAHC	Chos Malal Airport	Chos Malal	Argentina	-37.4447	-70.2225	America/Argentina/Salta
HOT	KHOT	Memorial Field	Hot Springs	United States	34.4780	-93.0962	America/Chicago
HOU	KHOU	William P Hobby Airport	Houston	United States	29.6454	-95.2789	America/Chicago
HOV	ENOV	Orsta-Volda Airport Hovden	Orsta	Norway	62.1800	6.0741	Europe/Berlin
HOX	VYHL	Hommalinn Airport	Hommalinn	Myanmar	24.8996	94.9140	Asia/Yangon
HPA	NFTL	Lifuka Island Airport	Lifuka	Tonga	-19.7770	-174.3410	Pacific/Tongatapu
HPB	PAHP	Hooper Bay Airport	Hooper Bay	United States	61.5239	-166.1470	America/Nome
HPH	VVCI	Cat Bi International Airport	Haiphong	Vietnam	20.8194	106.7250	Asia/Bangkok
HPN	KHPN	Westchester County Airport	White Plains	United States	41.0670	-73.7076	America/New_York
HPT	KHPT	Hampton Municipal Airport	Hampton	United States	42.7237	-93.2263	America/Chicago
HPY	KHPY	Baytown Airport	Baytown	United States	29.7861	-94.9527	America/Chicago
HQL	ZWTK	Tashkurgan Khunjerab Airport	Tashkurgan	China	37.6627	75.2923	Asia/Shanghai
HQM	KHQM	Bowerman Airport	Hoquiam	United States	46.9712	-123.9370	America/Los_Angeles
HRB	ZYHB	Taiping Airport	Harbin	China	45.6234	126.2500	Asia/Shanghai
HRE	FVHA	Harare International Airport	Harare	Zimbabwe	-17.9318	31.0928	Africa/Maputo
HRF	VRAH	Hoarafushi Airport	Hoarafushi	Maldives	6.9692	72.8965	Indian/Maldives
HRG	HEGN	Hurghada International Airport	Hurghada	Egypt	27.1783	33.7994	Africa/Cairo
HRH	VIAH	Dhanipur Airstrip	Aligarth	India	27.8609	78.1469	Asia/Kolkata
HRI	VCRI	Mattala Rajapaksa International Airport	Mattala	Sri Lanka	6.2889	81.1236	Asia/Colombo
HRK	UKHH	Kharkiv International Airport	Kharkiv	Ukraine	49.9248	36.2900	Europe/Kyiv
HRL	KHRL	Valley International Airport	Harlingen	United States	26.2285	-97.6544	America/Chicago
HRM	DAFH	Hassi R'Mel Airport		Algeria	32.9304	3.3115	Africa/Algiers
HRO	KHRO	Boone County Airport	Harrison	United States	36.2615	-93.1547	America/Chicago
HRS	FAHR	Harrismith Airport	Harrismith	South Africa	-28.2351	29.1062	Africa/Johannesburg
HRT	EGXU	RAF Linton-On-Ouse	Linton-On-Ouse	United Kingdom	54.0489	-1.2528	Europe/London
HRY	YHBY	Henbury Airport		Australia	-24.5500	133.2170	Australia/Darwin
HRZ	SSHZ	Horizontina Airport	Horizontina	Brazil	-27.6383	-54.3391	America/Sao_Paulo
HSA	UAIT	Hazrat Sultan International Airport	Turkistan	Kazakhstan	43.2769	68.1904	Asia/Almaty
HSB	KHSB	Harrisburg Raleigh Airport	Harrisburg	United States	37.8113	-88.5503	America/Chicago
HSC	ZGSG	Shaoguan Guitou Airport	Shaoguan	China	24.9731	113.4237	Asia/Shanghai
HSG	RJFS	Saga Airport	Saga	Japan	33.1497	130.3020	Asia/Tokyo
HSH	KHND	Henderson Executive Airport	Las Vegas	United States	35.9728	-115.1340	America/Los_Angeles
HSI	KHSI	Hastings Municipal Airport	Hastings	United States	40.6053	-98.4279	America/Chicago
HSK	LEHC	Huesca/Pirineos Airport	Monflorite/Alcala del Obispo	Spain	42.0761	-0.3167	Europe/Madrid
HSL	PAHL	Huslia Airport	Huslia	United States	65.6979	-156.3510	America/Anchorage
HSM	YHSM	Horsham Airport		Australia	-36.6697	142.1730	Australia/Melbourne
HSN	ZSZS	Zhoushan Airport	Zhoushan	China	29.9342	122.3620	Asia/Shanghai
HSP	KHSP	Ingalls Field	Hot Springs	United States	37.9514	-79.8339	America/New_York
HSR	VAHS	Rajkot International Airport	Rajkot	India	22.3819	71.0317	Asia/Kolkata
HSS	VIHR	Hissar Airport		India	29.1794	75.7553	Asia/Kolkata
HST	KHST	Homestead ARB Airport	Homestead	United States	25.4886	-80.3836	America/New_York
HSV	KHSV	Huntsville International Carl T Jones Field	Huntsville	United States	34.6372	-86.7751	America/Chicago
HSZ	RCPO	Hsinchu Air Base	Hsinchu City	Taiwan	24.8180	120.9390	Asia/Taipei
HTA	UIAA	Chita-Kadala Airport	Chita	Russia	52.0263	113.3060	Asia/Chita
HTG	UOHH	Khatanga Airport	Khatanga	Russia	71.9781	102.4910	Asia/Krasnoyarsk
HTH	KHTH	Hawthorne Industrial Airport	Hawthorne	United States	38.5444	-118.6340	America/Los_Angeles
HTI	YBHM	Hamilton Island Airport	Hamilton Island	Australia	-20.3581	148.9520	Australia/Lindeman
HTL	KHTL	Roscommon County - Blodgett Memorial Airport	Houghton Lake	United States	44.3598	-84.6711	America/Detroit
HTN	ZWTN	Hotan Airport	Hotan	China	37.0385	79.8649	Asia/Shanghai
HTO	KJPX	Town of East Hampton Airport	East Hampton	United States	40.9596	-72.2518	America/New_York
HTR	RORH	Hateruma Airport	Hateruma	Japan	24.0589	123.8060	Asia/Tokyo
HTS	KHTS	Tri-State/Milton J. Ferguson Field	Huntington	United States	38.3667	-82.5580	America/New_York
HTU	YHPN	Hopetoun Airport		Australia	-35.7153	142.3600	Australia/Melbourne
HTV	KUTS	Huntsville Municipal Airport	Huntsville	United States	30.7469	-95.5872	America/Chicago
HTW	KHTW	Lawrence County Airpark	Chesapeake/Huntington Wva	United States	38.4193	-82.4943	America/New_York
HTY	LTDA	Hatay Airport	Hatay	Turkey	36.3628	36.2822	Europe/Istanbul
HTZ	SKHC	Hato Corozal Airport	Hato Corozal	Colombia	6.1500	-71.7500	America/Bogota
HUA	KHUA	Redstone Army Air Field	Redstone Arsnl Huntsville	United States	34.6787	-86.6848	America/Chicago
HUB	YHBR	Humbert River Airport		Australia	-16.4897	130.6303	Australia/Darwin
HUE	HAHU	Humera Airport	Humera	Ethiopia	14.2500	36.5830	Africa/Nairobi
HUF	KHUF	Terre Haute International Hulman Field	Terre Haute	United States	39.4515	-87.3076	America/Indiana/Indianapolis
HUG	MGHT	Huehuetenango Airport	Huehuetenango	Guatemala	15.3274	-91.4624	America/Guatemala
HUH	NTTH	Huahine-Fare Airport	Fare	French Polynesia	-16.6872	-151.0220	Pacific/Tahiti
HUI	VVPB	Phu Bai Airport	Hue	Vietnam	16.4015	107.7030	Asia/Ho_Chi_Minh
HUJ	KHHW	Stan Stamper Municipal Airport	Hugo	United States	34.0348	-95.5419	America/Chicago
HUL	KHUL	Houlton International Airport	Houlton	United States	46.1231	-67.7921	America/Moncton
HUM	KHUM	Houma Terrebonne Airport	Houma	United States	29.5665	-90.6604	America/Chicago
HUN	RCYU	Hualien Airport	Hualien City	Taiwan	24.0231	121.6180	Asia/Taipei
HUO	ZBHZ	Huolinguole Huolinhe Airport	Holingol	China	45.4872	119.4072	Asia/Shanghai
HUQ	HLON	Hon Airport		Libya	29.1101	15.9656	Africa/Tripoli
HUS	PAHU	Hughes Airport	Hughes	United States	66.0411	-154.2630	America/Anchorage
HUT	KHUT	Hutchinson Municipal Airport	Hutchinson	United States	38.0655	-97.8606	America/Chicago
HUU	SPNC	Alferez Fap David Figueroa Fernandini Airport	Huanuco	Peru	-9.8788	-76.2048	America/Lima
HUW	SWHT	Humaita Airport	Humaita	Brazil	-7.5321	-63.0721	America/Manaus
HUX	MMBT	Bahias de Huatulco International Airport	Huatulco	Mexico	15.7753	-96.2626	America/Mexico_City
HUY	EGNJ	Humberside Airport	Grimsby	United Kingdom	53.5744	-0.3508	Europe/London
HUZ	ZGHZ	Huizhou Airport	Huizhou	China	23.0500	114.6000	Asia/Shanghai
HVA	FMNL	Analalava Airport		Madagascar	-14.6297	47.7638	Africa/Nairobi
HVB	YHBA	Hervey Bay Airport	Hervey Bay	Australia	-25.3189	152.8800	Australia/Brisbane
HVD	ZMKD	Khovd Airport	Khovd	Mongolia	47.9541	91.6282	Asia/Hovd
HVE	KHVE	Hanksville Airport	Hanksville	United States	38.4180	-110.7040	America/Denver
HVG	ENHV	Valan Airport	Honningsvag	Norway	71.0097	25.9836	Europe/Berlin
HVK	BIHK	Holmavik Airport	Holmavik	Iceland	65.7047	-21.6964	Africa/Abidjan
HVM	BIHV	Krokstadarmelar Airport	Hvammstangi	Iceland	65.2664	-20.8469	Africa/Abidjan
HVN	KHVN	Tweed New Haven Airport	New Haven	United States	41.2637	-72.8868	America/New_York
HVR	KHVR	Havre City County Airport	Havre	United States	48.5430	-109.7620	America/Denver
HVS	KHVS	Hartsville Regional Airport	Hartsville	United States	34.4031	-80.1192	America/New_York
HWD	KHWD	Hayward Executive Airport	Hayward	United States	37.6592	-122.1220	America/Los_Angeles
HWK	YHAW	Wilpena Pound Airport	Hawker	Australia	-31.8559	138.4681	Australia/Adelaide
HWN	FVWN	Hwange National Park Airport	Hwange	Zimbabwe	-18.6299	27.0210	Africa/Maputo
HWO	KHWO	North Perry Airport	Hollywood	United States	26.0012	-80.2407	America/New_York
HXD	ZLDL	Delingha Airport	Delingha	China	37.1250	97.2686	Asia/Shanghai
HXX	YHAY	Hay Airport		Australia	-34.5314	144.8300	Australia/Sydney
HYA	KHYA	Cape Cod Gateway Airport	Hyannis	United States	41.6693	-70.2804	America/New_York
HYC	EGTB	Wycombe Air Park	High Wycombe	United Kingdom	51.6117	-0.8083	Europe/London
HYD	VOHS	Rajiv Gandhi International Airport Shamshabad	Hyderabad	India	17.2313	78.4299	Asia/Kolkata
HYN	ZSLQ	Huangyan Luqiao Airport	Huangyan	China	28.5622	121.4290	Asia/Shanghai
HYR	KHYR	Sawyer County Airport	Hayward	United States	46.0252	-91.4443	America/Chicago
HYS	KHYS	Hays Regional Airport	Hays	United States	38.8422	-99.2732	America/Chicago
HYV	EFHV	Hyvinkaa Airport		Finland	60.6544	24.8811	Europe/Helsinki
HZB	LFQT	Merville-Calonne Airport	Merville/Calonne	France	50.6184	2.6422	Europe/Paris
HZG	ZLHZ	Hanzhong Airport	Hanzhong	China	33.0636	107.0080	Asia/Shanghai
HZH	ZUNP	Qiandongnan Liping Airport		China	26.3228	109.1517	Asia/Shanghai
HZK	BIHU	Husavik Airport	Husavik	Iceland	65.9523	-17.4260	Africa/Abidjan
HZL	KHZL	Hazleton Municipal Airport	Hazleton	United States	40.9868	-75.9949	America/New_York
HZP	CYNR	Fort Mackay / Horizon Airport	Fort Mackay	Canada	57.3817	-111.7010	America/Edmonton
IAA	UOII	Igarka Airport	Igarka	Russia	67.4372	86.6219	Asia/Krasnoyarsk
IAB	KIAB	Mc Connell Air Force Base	Wichita	United States	37.6219	-97.2682	America/Chicago
IAD	KIAD	Washington Dulles International Airport	Dulles	United States	38.9445	-77.4558	America/New_York
IAG	KIAG	Niagara Falls International Airport	Niagara Falls	United States	43.1073	-78.9462	America/New_York
IAH	KIAH	George Bush Intercontinental Houston Airport	Houston	United States	29.9844	-95.3414	America/Chicago
IAM	DAUZ	In Amenas Airport	Amenas	Algeria	28.0515	9.6429	Africa/Algiers
IAN	PAIK	Bob Baker Memorial Airport	Kiana	United States	66.9760	-160.4370	America/Anchorage
IAO	RPNS	Siargao Airport	Del Carmen	Philippines	9.8591	126.0140	Asia/Manila
IAQ	OIBH	Bastak Airport		Iran	27.2127	54.3186	Asia/Tehran
IAR	UUDL	Tunoshna Airport		Russia	57.5607	40.1574	Europe/Moscow
IAS	LRIA	Iasi Airport	Iasi	Romania	47.1785	27.6206	Europe/Bucharest
IBA	DNIB	Ibadan Airport	Ibadan	Nigeria	7.3625	3.9783	Africa/Lagos
IBB	SEII	General Villamil Airport	Isabela	Ecuador	-0.9426	-90.9530	Pacific/Galapagos
IBE	SKIB	Perales Airport	Ibague	Colombia	4.4216	-75.1333	America/Bogota
IBP	SPBR	Iberia Airport	Iberia	Peru	-11.4116	-69.4887	America/Lima
IBR	RJAH	Hyakuri Airport	Omitama	Japan	36.1811	140.4150	Asia/Tokyo
IBZ	LEIB	Ibiza Airport	Ibiza	Spain	38.8729	1.3731	Europe/Madrid
ICA	SVIC	Icabaru Airport		Venezuela	4.3363	-61.7396	America/Caracas
ICC	SVIE	Andres Miguel Salazar Marcano Airport	Isla de Coche	Venezuela	10.7944	-63.9816	America/Caracas
ICI	NFCI	Cicia Airport	Cicia	Fiji	-17.7433	-179.3420	Pacific/Fiji
ICK	SMNI	Nieuw Nickerie Airport	Nieuw Nickerie	Suriname	5.9556	-57.0394	America/Paramaribo
ICL	KICL	Schenck Field	Clarinda	United States	40.7218	-95.0264	America/Chicago
ICN	RKSI	Incheon International Airport	Seoul	South Korea	37.4691	126.4510	Asia/Seoul
ICR	MUNC	Nicaro Airport	Nicaro	Cuba	20.6886	-75.5315	America/Havana
ICS	KU70	Cascade Airport	Cascade	United States	44.4938	-116.0160	America/Boise
ICT	KICT	Wichita Mid Continent Airport	Wichita	United States	37.6499	-97.4331	America/Chicago
ICY	19AK	Icy Bay Airport	Icy Bay	United States	59.9690	-141.6620	America/Anchorage
IDA	KIDA	Idaho Falls Regional Airport	Idaho Falls	United States	43.5146	-112.0710	America/Boise
IDB	ESUE	Idre Airport	Idre	Sweden	61.8697	12.6894	Europe/Berlin
IDF	FZCB	Idiofa Airport	Idiofa	DR Congo	-5.0000	19.6000	Africa/Lagos
IDG	KIDG	Ida Grove Municipal Airport	Ida Grove	United States	42.3326	-95.4449	America/Chicago
IDH	KGIC	Idaho County Airport	Grangeville	United States	45.9426	-116.1230	America/Los_Angeles
IDI	KIDI	Indiana County/Jimmy Stewart Fld/ Airport	Indiana	United States	40.6322	-79.1055	America/New_York
IDK	YIDK	Indulkana Airport		Australia	-26.9667	133.3250	Australia/Adelaide
IDO	SWIY	Santa Izabel do Morro Airport	Cristalandia	Brazil	-11.5723	-50.6662	America/Araguaina
IDP	KIDP	Independence Municipal Airport	Independence	United States	37.1584	-95.7784	America/Chicago
IDR	VAID	Devi Ahilyabai Holkar Airport	Indore	India	22.7218	75.8011	Asia/Kolkata
IDY	LFEY	Ile d'Yeu Airport	Ile d'Yeu	France	46.7186	-2.3911	Europe/Paris
IEG	EPZG	Zielona Gora-Babimost Airport	Babimost	Poland	52.1385	15.7986	Europe/Warsaw
IEJ	RORE	Ie Jima Airport		Japan	26.7220	127.7850	Asia/Tokyo
IES	EDAU	Riesa-Gohlis Airport	Riesa	Germany	51.2936	13.3561	Europe/Berlin
IEV	UKKK	Kiev Zhuliany International Airport	Kiev	Ukraine	50.4017	30.4497	Europe/Kyiv
IFA	KIFA	Iowa Falls Municipal Airport	Iowa Falls	United States	42.4708	-93.2700	America/Chicago
IFF	YIFY	Iffley Airport		Australia	-18.9000	141.2170	Australia/Brisbane
IFH	OIFE	Hesa Airport	Hesa	Iran	32.9289	51.5611	Asia/Tehran
IFJ	BIIS	Isafjordur Airport	Isafjordur	Iceland	66.0581	-23.1353	Africa/Abidjan
IFL	YIFL	Innisfail Airport		Australia	-17.5594	146.0120	Australia/Brisbane
IFN	OIFM	Esfahan Shahid Beheshti International Airport	Isfahan	Iran	32.7508	51.8613	Asia/Tehran
IFO	UKLI	Ivano-Frankivsk International Airport	Ivano-Frankivsk	Ukraine	48.8842	24.6861	Europe/Kyiv
IFP	KIFP	Laughlin Bullhead International Airport	Bullhead City	United States	35.1574	-114.5600	America/Phoenix
IFU	VREI	Ifuru Airport	Ifuru	Maldives	5.7083	73.0250	Indian/Maldives
IGA	MYIG	Inagua Airport	Matthew Town	Bahamas	20.9750	-73.6669	America/Toronto
IGB	SAVJ	Cabo F.A.A. H. R. Bordon Airport	Ingeniero Jacobacci	Argentina	-41.3209	-69.5749	America/Argentina/Salta
IGD	LTCT	Igdir Airport	Igdir	Turkey	39.9766	43.8766	Europe/Istanbul
IGG	PAIG	Igiugig Airport	Igiugig	United States	59.3240	-155.9020	America/Anchorage
IGH	YIGM	Ingham Airport		Australia	-18.6606	146.1520	Australia/Brisbane
IGL	LTBL	Cigli Airport	Izmir	Turkey	38.5130	27.0101	Europe/Istanbul
IGM	KIGM	Kingman Airport	Kingman	United States	35.2595	-113.9380	America/Phoenix
IGN	RPMI	Iligan Airport		Philippines	8.1305	124.2150	Asia/Manila
IGO	SKIG	Chigorodo Airport	Chigorodo	Colombia	7.6804	-76.6865	America/Bogota
IGR	SARI	Cataratas Del Iguazu International Airport	Puerto Iguazu	Argentina	-25.7373	-54.4734	America/Argentina/Cordoba
IGS	ETSI	Ingolstadt Manching Airport	Manching	Germany	48.7157	11.5340	Europe/Berlin
IGT	URMS	Magas Airport	Magas	Russia	43.3223	45.0126	Europe/Moscow
IGU	SBFI	Cataratas International Airport	Foz Do Iguacu	Brazil	-25.6003	-54.4850	America/Argentina/Cordoba
IHC	FQIA	Inhaca Airport	Inhaca	Mozambique	-25.9971	32.9294	Africa/Maputo
IHN	OYQN	Qishn Airport	Qishn	Yemen	15.4170	51.6830	Asia/Riyadh
IHO	FMSI	Ihosy Airport	Ihosy	Madagascar	-22.4047	46.1649	Africa/Nairobi
IHR	OIZI	Iran Shahr Airport		Iran	27.2361	60.7200	Asia/Tehran
IIA	EIMN	Inishmaan Aerodrome	Inis Meain	Ireland	53.0930	-9.5681	Europe/Dublin
IIL	OICI	Ilam Airport	Ilam	Iran	33.5866	46.4048	Asia/Tehran
IJK	USII	Izhevsk Airport	Izhevsk	Russia	56.8281	53.4575	Europe/Samara
IJU	SSIJ	Ijui Airport	Ijui	Brazil	-28.3687	-53.8466	America/Sao_Paulo
IJX	KIJX	Jacksonville Municipal Airport	Jacksonville	United States	39.7746	-90.2383	America/Chicago
IKA	OIIE	Imam Khomeini International Airport	Tehran	Iran	35.4161	51.1522	Asia/Tehran
IKB	KUKF	Wilkes County Airport	North Wilkesboro	United States	36.2228	-81.0983	America/New_York
IKI	RJDB	Iki Airport	Iki	Japan	33.7490	129.7850	Asia/Tokyo
IKK	KIKK	Greater Kankakee Airport	Kankakee	United States	41.0714	-87.8463	America/Chicago
IKL	FZGV	Ikela Airport	Ikela	DR Congo	-1.2000	23.2830	Africa/Lagos
IKO	PAKO	Nikolski Air Station	Nikolski	United States	52.9416	-168.8490	America/Nome
IKP	YIKM	Inkerman Airport		Australia	-16.2750	141.4420	Australia/Brisbane
IKS	UEST	Tiksi Airport	Tiksi	Russia	71.6977	128.9030	Asia/Yakutsk
IKT	UIII	Irkutsk Airport	Irkutsk	Russia	52.2680	104.3890	Asia/Irkutsk
IKU	UCFL	Issyk-Kul International Airport	Tamchy	Kyrgyzstan	42.5857	76.7018	Asia/Bishkek
ILA	WABL	Illaga Airport	Illaga-Papua Island	Indonesia	-3.8333	137.5830	Asia/Jayapura
ILD	LEDA	Lleida-Alguaire Airport	Lleida	Spain	41.7282	0.5350	Europe/Madrid
ILE	KILE	Skylark Field	Killeen	United States	31.0858	-97.6865	America/Chicago
ILF	CZBD	Ilford Airport	Ilford	Canada	56.0614	-95.6139	America/Winnipeg
ILG	KILG	New Castle Airport	Wilmington	United States	39.6787	-75.6065	America/New_York
ILH	ETIK	Illesheim Air Base		Germany	49.4739	10.3881	Europe/Berlin
ILI	PAIL	Iliamna Airport	Iliamna	United States	59.7544	-154.9110	America/Anchorage
ILK	FMMQ	Atsinanana Airport	Ilaka	Madagascar	-19.5830	48.8030	Africa/Nairobi
ILL	KBDH	Willmar Municipal -John L Rice Field	Willmar	United States	45.1177	-95.1304	America/Chicago
ILM	KILM	Wilmington International Airport	Wilmington	United States	34.2706	-77.9026	America/New_York
ILN	KILN	Wilmington Air Park	Wilmington	United States	39.4279	-83.7921	America/New_York
ILO	RPVI	Iloilo International Airport	Iloilo City	Philippines	10.8330	122.4934	Asia/Manila
ILP	NWWE	Ile des Pins Airport	Ile des Pins	New Caledonia	-22.5889	167.4560	Pacific/Noumea
ILQ	SPLO	Ilo Airport	Ilo	Peru	-17.6950	-71.3440	America/Lima
ILR	DNIL	Ilorin International Airport	Ilorin	Nigeria	8.4402	4.4939	Africa/Lagos
ILS	MSSS	Ilopango International Airport	San Salvador	El Salvador	13.6995	-89.1199	America/El_Salvador
ILU	HKKL	Kilaguni Airport	Kilaguni	Kenya	-2.9106	38.0652	Africa/Nairobi
ILY	EGPI	Islay Airport	Port Ellen	United Kingdom	55.6819	-6.2567	Europe/London
ILZ	LZZI	Zilina Airport	Zilina	Slovakia	49.2315	18.6135	Europe/Prague
IMB	SYIB	Imbaimadai Airport	Imbaimadai	Guyana	5.7081	-60.2942	America/Guyana
IMF	VEIM	Imphal Airport	Imphal	India	24.7600	93.8967	Asia/Kolkata
IMK	VNST	Simikot Airport	Simikot	Nepal	29.9711	81.8189	Asia/Kathmandu
IML	KIML	Imperial Municipal Airport	Imperial	United States	40.5093	-101.6210	America/Denver
IMM	KIMM	Immokalee Regional Airport	Immokalee	United States	26.4332	-81.4010	America/New_York
IMO	FEFZ	Zemio Airport	Zemio	Central African Republic	5.0500	25.1500	Africa/Lagos
IMP	SBIZ	Prefeito Renato Moreira Airport	Imperatriz	Brazil	-5.5313	-47.4600	America/Fortaleza
IMQ	OITU	Makou Airport	Makou	Iran	39.3300	44.4300	Asia/Tehran
IMT	KIMT	Ford Airport	Iron Mountain Kingsford	United States	45.8184	-88.1145	America/Chicago
INA	UUYI	Inta Airport	Inta	Russia	66.0548	60.1103	Europe/Moscow
INC	ZLIC	Yinchuan Airport	Yinchuan	China	38.4819	106.0090	Asia/Shanghai
IND	KIND	Indianapolis International Airport	Indianapolis	United States	39.7173	-86.2944	America/Indiana/Indianapolis
INF	DATG	In Guezzam Airport	In Guezzam	Algeria	19.5670	5.7500	Africa/Algiers
ING	SAWA	Lago Argentino Airport	El Calafate	Argentina	-50.3361	-72.2486	America/Argentina/Rio_Gallegos
INH	FQIN	Inhambane Airport	Inhambabe	Mozambique	-23.8764	35.4085	Africa/Maputo
INI	LYNI	Nis Airport	Nis	Serbia	43.3373	21.8537	Europe/Belgrade
INJ	YINJ	Injune Airport		Australia	-25.8500	148.5330	Australia/Brisbane
INK	KINK	Winkler County Airport	Wink	United States	31.7796	-103.2010	America/Chicago
INL	KINL	Falls International Airport	International Falls	United States	48.5662	-93.4031	America/Chicago
INM	YINN	Innamincka Airport		Australia	-27.7000	140.7330	Australia/Adelaide
INN	LOWI	Innsbruck Airport	Innsbruck	Austria	47.2602	11.3440	Europe/Vienna
INO	FZBA	Inongo Airport	Inongo	DR Congo	-1.9472	18.2858	Africa/Lagos
INQ	EIIR	Inisheer Aerodrome	Inis Oirr	Ireland	53.0647	-9.5109	Europe/Dublin
INS	KINS	Creech Air Force Base	Indian Springs	United States	36.5872	-115.6730	America/Los_Angeles
INT	KINT	Smith Reynolds Airport	Winston Salem	United States	36.1337	-80.2220	America/New_York
INU	ANYN	Nauru International Airport	Yaren District	Nauru	-0.5475	166.9190	Pacific/Nauru
INV	EGPE	Inverness Airport	Inverness	United Kingdom	57.5425	-4.0475	Europe/London
INW	KINW	Winslow Lindbergh Regional Airport	Winslow	United States	35.0219	-110.7230	America/Phoenix
INX	WASI	Inanwatan Airport	Inanwatan Airport-Papua Island	Indonesia	-2.1281	132.1610	Asia/Jayapura
INZ	DAUI	In Salah Airport	In Salah	Algeria	27.2510	2.5120	Africa/Algiers
IOA	LGIO	Ioannina Airport	Ioannina	Greece	39.6964	20.8225	Europe/Athens
IOM	EGNS	Isle of Man Airport	Castletown	Isle of Man	54.0833	-4.6239	Europe/London
ION	FCOI	Impfondo Airport	Impfondo	Congo	1.6170	18.0670	Africa/Lagos
IOR	EIIM	Inishmore Aerodrome	Inis Mor	Ireland	53.1067	-9.6536	Europe/Dublin
IOS	SBIL	Bahia - Jorge Amado Airport	Ilheus	Brazil	-14.8160	-39.0332	America/Bahia
IOU	NWWO	Edmond Cane Airport	Ile Ouen	New Caledonia	-22.4600	166.7830	Pacific/Noumea
IOW	KIOW	Iowa City Municipal Airport	Iowa City	United States	41.6392	-91.5465	America/Chicago
IPA	NVVI	Ipota Airport	Ipota	Vanuatu	-18.8564	169.2833	Pacific/Efate
IPC	SCIP	Mataveri Airport	Isla De Pascua	Chile	-27.1648	-109.4220	Pacific/Easter
IPE	RPMV	Ipil Airport	Ipil	Philippines	7.7856	122.6020	Asia/Manila
IPG	SWII	Ipiranga Airport	Santo Antonio Do Ica	Brazil	-2.9391	-69.6940	America/Bogota
IPH	WMKI	Sultan Azlan Shah Airport	Ipoh	Malaysia	4.5680	101.0920	Asia/Singapore
IPI	SKIP	San Luis Airport	Ipiales	Colombia	0.8619	-77.6718	America/Bogota
IPL	KIPL	Imperial County Airport	Imperial	United States	32.8342	-115.5790	America/Los_Angeles
IPN	SBIP	Usiminas Airport	Ipatinga	Brazil	-19.4707	-42.4876	America/Sao_Paulo
IPT	KIPT	Williamsport Regional Airport	Williamsport	United States	41.2418	-76.9211	America/New_York
IPU	SNIU	Ipiau Airport	Ipiau	Brazil	-14.1339	-39.7339	America/Bahia
IPZ	MRSI	San Isidro del General Airport	Perez Zeledon	Costa Rica	9.3526	-83.7131	America/Costa_Rica
IQA	ORAA	Al Asad Air Base	Hit	Iraq	33.7856	42.4412	Asia/Baghdad
IQM	ZWCM	Qiemo Airport	Qiemo	China	38.1494	85.5328	Asia/Shanghai
IQN	ZLQY	Qingyang Airport	Qingyang	China	35.7997	107.6030	Asia/Shanghai
IQQ	SCDA	Diego Aracena Airport	Iquique	Chile	-20.5352	-70.1813	America/Santiago
IQT	SPQT	Coronel FAP Francisco Secada Vignetta International Airport	Iquitos	Peru	-3.7847	-73.3088	America/Lima
IRA	AGGK	Ngorangora Airport	Kirakira	Solomon Islands	-10.4497	161.8980	Pacific/Guadalcanal
IRC	PACR	Circle City /New/ Airport	Circle	United States	65.8305	-144.0760	America/Anchorage
IRD	VGIS	Ishurdi Airport	Ishurdi	Bangladesh	24.1525	89.0494	Asia/Dhaka
IRE	SNIC	Irece Airport	Irece	Brazil	-11.3399	-41.8470	America/Bahia
IRG	YLHR	Lockhart River Airport		Australia	-12.7869	143.3050	Australia/Brisbane
IRI	HTIR	Iringa Airport	Nduli	Tanzania	-7.6686	35.7521	Africa/Nairobi
IRJ	SANL	Capitan V A Almonacid Airport	La Rioja	Argentina	-29.3816	-66.7958	America/Argentina/La_Rioja
IRK	KIRK	Kirksville Regional Airport	Kirksville	United States	40.0935	-92.5449	America/Chicago
IRM	USHI	Igrim Airport		Russia	63.1988	64.4393	Asia/Yekaterinburg
IRN	MHIR	Iriona Airport	Iriona	Honduras	15.9392	-85.1372	America/Tegucigalpa
IRO	FEFI	Birao Airport	Birao	Central African Republic	10.2364	22.7169	Africa/Lagos
IRP	FZJH	Matari Airport		DR Congo	2.8276	27.5883	Africa/Maputo
IRS	KIRS	Kirsch Municipal Airport	Sturgis	United States	41.8133	-85.4390	America/Detroit
IRZ	SWTP	Tapuruquara Airport	Santa Isabel Do Rio Negro	Brazil	-0.4169	-65.0339	America/Manaus
ISA	YBMA	Mount Isa Airport	Mount Isa	Australia	-20.6639	139.4890	Australia/Brisbane
ISB	OPIS	Islamabad International Airport	Islamabad	Pakistan	33.5491	72.8256	Asia/Karachi
ISC	EGHE	St. Mary's Airport	St. Mary's	United Kingdom	49.9133	-6.2917	Europe/London
ISE	LTFC	Suleyman Demirel International Airport	Isparta	Turkey	37.8554	30.3684	Europe/Istanbul
ISG	ROIG	Ishigaki Airport	Ishigaki	Japan	24.3445	124.1870	Asia/Tokyo
ISI	YISF	Isisford Airport		Australia	-24.2583	144.4250	Australia/Brisbane
ISJ	MMIM	Isla Mujeres Airport		Mexico	21.2450	-86.7400	America/Cancun
ISK	VAOZ	Ozar Airport	Nasik	India	20.1191	73.9129	Asia/Kolkata
ISL	LTBA	Ataturk International Airport	Istanbul	Turkey	40.9769	28.8146	Europe/Istanbul
ISM	KISM	Kissimmee Gateway Airport	Orlando	United States	28.2898	-81.4371	America/New_York
ISN	KISN	Sloulin Field International Airport	Williston	United States	48.1779	-103.6420	America/Chicago
ISO	KISO	Kinston Regional Jetport At Stallings Field	Kinston	United States	35.3314	-77.6088	America/New_York
ISP	KISP	Long Island Mac Arthur Airport	Islip	United States	40.7952	-73.1002	America/New_York
ISQ	KISQ	Schoolcraft County Airport	Manistique	United States	45.9746	-86.1718	America/Detroit
ISS	KIWI	Wiscasset Airport	Wiscasset	United States	43.9614	-69.7126	America/New_York
IST	LTFM	Istanbul Airport	Arnavutkoy	Turkey	41.2622	28.7278	Europe/Istanbul
ISU	ORSU	Sulaymaniyah International Airport	Sulaymaniyah	Iraq	35.5617	45.3167	Asia/Baghdad
ISW	KISW	Alexander Field South Wood County Airport	Wisconsin Rapids	United States	44.3603	-89.8390	America/Chicago
ITA	SBIC	Itacoatiara Airport	Itacoatiara	Brazil	-3.1273	-58.4812	America/Manaus
ITB	SBIH	Itaituba Airport	Itaituba	Brazil	-4.2423	-56.0007	America/Santarem
ITE	SNZW	Itubera Airport	Itubera	Brazil	-13.7322	-39.1417	America/Bahia
ITH	KITH	Ithaca Tompkins Regional Airport	Ithaca	United States	42.4910	-76.4584	America/New_York
ITI	SNYH	Agropecuaria Castanhais Airport	Cumaru Do Norte	Brazil	-8.7000	-51.1742	America/Belem
ITM	RJOO	Osaka International Airport	Osaka	Japan	34.7855	135.4380	Asia/Tokyo
ITO	PHTO	Hilo International Airport	Hilo	United States	19.7214	-155.0480	Pacific/Honolulu
ITP	SDUN	Itaperuna Airport	Itaperuna	Brazil	-21.2193	-41.8759	America/Sao_Paulo
ITQ	SSIQ	Itaqui Airport	Itaqui	Brazil	-29.1731	-56.5367	America/Sao_Paulo
IUD	OTBH	Al Udeid Air Base	Ar Rayyan	Qatar	25.1173	51.3150	Asia/Qatar
IUE	NIUE	Niue International Airport	Alofi	Niue	-19.0790	-169.9256	Pacific/Niue
IVA	FMNJ	Ambanja Airport	Ambanja	Madagascar	-13.6457	48.4594	Africa/Nairobi
IVC	NZNV	Invercargill Airport	Invercargill	New Zealand	-46.4124	168.3130	Pacific/Auckland
IVG	LYBR	Berane Airport	Berane	Montenegro	42.8390	19.8620	Europe/Belgrade
IVL	EFIV	Ivalo Airport	Ivalo	Finland	68.6073	27.4053	Europe/Helsinki
IVR	YIVL	Inverell Airport		Australia	-29.8883	151.1440	Australia/Sydney
IVW	YINW	Inverway Airport	Inverway	Australia	-17.8411	129.6430	Australia/Darwin
IWA	UUBI	Ivanovo South Airport	Ivanovo	Russia	56.9394	40.9408	Europe/Moscow
IWD	KIWD	Gogebic Iron County Airport	Ironwood	United States	46.5275	-90.1314	America/Menominee
IWJ	RJOW	Iwami Airport	Masuda	Japan	34.6764	131.7900	Asia/Tokyo
IWK	RJOI	Iwakuni Marine Corps Air Station	Iwakuni	Japan	34.1439	132.2360	Asia/Tokyo
IWO	RJAW	Iwo Jima Airport		Japan	24.7840	141.3230	Asia/Tokyo
IWS	KIWS	West Houston Airport	Houston	United States	29.8182	-95.6726	America/Chicago
IXA	VEAT	Agartala Airport	Agartala	India	23.8870	91.2404	Asia/Kolkata
IXB	VEBD	Bagdogra Airport	Siliguri	India	26.6812	88.3286	Asia/Kolkata
IXC	VICG	Chandigarh Airport	Chandigarh	India	30.6735	76.7885	Asia/Kolkata
IXD	VIAL	Allahabad Airport	Allahabad	India	25.4401	81.7339	Asia/Kolkata
IXE	VOML	Mangalore International Airport	Mangalore	India	12.9613	74.8901	Asia/Kolkata
IXG	VABM	Belgaum Airport		India	15.8593	74.6183	Asia/Kolkata
IXH	VEKR	Kailashahar Airport		India	24.3082	92.0072	Asia/Dhaka
IXI	VELR	North Lakhimpur Airport	Lilabari	India	27.2955	94.0976	Asia/Kolkata
IXJ	VIJU	Jammu Airport	Jammu	India	32.6891	74.8374	Asia/Kolkata
IXK	VAKS	Keshod Airport		India	21.3171	70.2704	Asia/Kolkata
IXL	VILH	Leh Kushok Bakula Rimpochee Airport	Leh	India	34.1359	77.5465	Asia/Kolkata
IXM	VOMD	Madurai Airport	Madurai	India	9.8345	78.0934	Asia/Kolkata
IXN	VEKW	Khowai Airport	Khowai	India	24.0619	91.6039	Asia/Dhaka
IXP	VIPK	Pathankot Air Force Station		India	32.2338	75.6346	Asia/Kolkata
IXQ	VEKM	Kamalpur Airport		India	24.1317	91.8142	Asia/Kolkata
IXR	VERC	Birsa Munda Airport	Ranchi	India	23.3143	85.3217	Asia/Kolkata
IXS	VEKU	Silchar Airport	Silchar	India	24.9129	92.9787	Asia/Kolkata
IXT	VEPG	Pasighat Airport	Pasighat	India	28.0661	95.3356	Asia/Kolkata
IXU	VAAU	Aurangabad Airport	Aurangabad	India	19.8627	75.3981	Asia/Kolkata
IXV	VEAN	Along Airport		India	28.1753	94.8020	Asia/Kolkata
IXW	VEJS	Jamshedpur Airport		India	22.8132	86.1688	Asia/Kolkata
IXY	VAKE	Kandla Airport	Kandla	India	23.1127	70.1003	Asia/Kolkata
IXZ	VOPB	Vir Savarkar International Airport	Port Blair	India	11.6412	92.7297	Asia/Kolkata
IYK	KIYK	Inyokern Airport	Inyokern	United States	35.6588	-117.8300	America/Los_Angeles
IYS	PAWS	Wasilla Airport	Wasilla	United States	61.5717	-149.5400	America/Anchorage
IZA	SBZM	Zona da Mata Regional Airport	Juiz De Fora	Brazil	-21.5131	-43.1731	America/Sao_Paulo
IZO	RJOC	Izumo Airport	Izumo	Japan	35.4136	132.8900	Asia/Tokyo
IZT	MMIT	Ixtepec Airport		Mexico	16.4493	-95.0937	America/Mexico_City
JAA	OAJL	Jalalabad Airport		Afghanistan	34.3998	70.4986	Asia/Kabul
JAB	YJAB	Jabiru Airport		Australia	-12.6583	132.8930	Australia/Darwin
JAC	KJAC	Jackson Hole Airport	Jackson	United States	43.6073	-110.7380	America/Denver
JAD	YPJT	Perth Jandakot Airport	Perth	Australia	-32.0975	115.8810	Australia/Perth
JAE	SPJE	Shumba Airport	Jaen	Peru	-5.5925	-78.7740	America/Lima
JAF	VCCJ	Kankesanturai Airport	Jaffna	Sri Lanka	9.7923	80.0701	Asia/Colombo
JAG	OPJA	Shahbaz Air Base	Jacobabad	Pakistan	28.2842	68.4497	Asia/Karachi
JAI	VIJP	Jaipur International Airport	Jaipur	India	26.8242	75.8122	Asia/Kolkata
JAK	MTJA	Jacmel Airport	Jacmel	Haiti	18.2411	-72.5185	America/Port-au-Prince
JAL	MMJA	El Lencero Airport	Xalapa	Mexico	19.4751	-96.7975	America/Mexico_City
JAM	LBIA	Bezmer Air Base	Yambol	Bulgaria	42.4549	26.3522	Europe/Sofia
JAN	KJAN	Jackson Evers International Airport	Jackson	United States	32.3112	-90.0759	America/Chicago
JAP	MRCH	Chacarita Airport	Puntarenas	Costa Rica	9.9814	-84.7727	America/Costa_Rica
JAR	OISJ	Jahrom Airport		Iran	28.5867	53.5791	Asia/Tehran
JAS	KJAS	Jasper County-Bell Field	Jasper	United States	30.8857	-94.0349	America/Chicago
JAU	SPJJ	Francisco Carle Airport	Jauja	Peru	-11.7831	-75.4734	America/Lima
JAV	BGJN	Ilulissat Airport	Ilulissat	Greenland	69.2432	-51.0571	America/Nuuk
JAW	SNAB	Araripina Airport	Araripina	Brazil	-7.5868	-40.5355	America/Recife
JAX	KJAX	Jacksonville International Airport	Jacksonville	United States	30.4941	-81.6879	America/New_York
JBQ	MDJB	La Isabela International Airport	La Isabela	Dominican Republic	18.5725	-69.9856	America/Santo_Domingo
JBR	KJBR	Jonesboro Municipal Airport	Jonesboro	United States	35.8317	-90.6464	America/Chicago
JCB	SSJA	Santa Terezinha Airport	Joacaba	Brazil	-27.1714	-51.5533	America/Sao_Paulo
JCI	KIXD	New Century Aircenter Airport	Olathe	United States	38.8309	-94.8903	America/Chicago
JCK	YJLC	Julia Creek Airport		Australia	-20.6683	141.7230	Australia/Brisbane
JCM	SNJB	Jacobina Airport	Jacobina	Brazil	-11.1632	-40.5531	America/Bahia
JCR	SBEK	Jacareacanga Airport	Jacareacanga	Brazil	-6.2332	-57.7769	America/Santarem
JCT	KJCT	Kimble County Airport	Junction	United States	30.5113	-99.7635	America/Chicago
JDA	KGCD	Grant Co Regional/Ogilvie Field	John Day	United States	44.4042	-118.9630	America/Los_Angeles
JDF	SBJF	Francisco de Assis Airport	Juiz De Fora	Brazil	-21.7915	-43.3868	America/Sao_Paulo
JDG	RKPD	Jeongseok Airport		South Korea	33.3996	126.7120	Asia/Seoul
JDH	VIJO	Jodhpur Airport	Jodhpur	India	26.2511	73.0489	Asia/Kolkata
JDN	KJDN	Jordan Airport	Jordan	United States	47.3288	-106.9530	America/Denver
JDO	SBJU	Orlando Bezerra de Menezes Airport	Juazeiro Do Norte	Brazil	-7.2190	-39.2701	America/Fortaleza
JDR	SNJR	Prefeito Octavio de Almeida Neves Airport	Sao Joao Del Rei	Brazil	-21.0850	-44.2247	America/Sao_Paulo
JDZ	ZSJD	Jingdezhen Airport	Jingdezhen	China	29.3386	117.1760	Asia/Shanghai
JED	OEJN	King Abdulaziz International Airport	Jeddah	Saudi Arabia	21.6796	39.1565	Asia/Riyadh
JEE	MTJE	Jeremie Airport	Jeremie	Haiti	18.6631	-74.1703	America/Port-au-Prince
JEF	KJEF	Jefferson City Memorial Airport	Jefferson City	United States	38.5912	-92.1561	America/Chicago
JEG	BGAA	Aasiaat Airport	Aasiaat	Greenland	68.7218	-52.7847	America/Nuuk
JEK	FLJK	Jeki Airstrip	Lower Zambezi National Park	Zambia	-15.6333	29.6033	Africa/Maputo
JEQ	SNJK	Jequie Airport	Jequie	Brazil	-13.8777	-40.0716	America/Bahia
JER	EGJJ	Jersey Airport	Saint Helier	Jersey	49.2079	-2.1955	Europe/London
JFK	KJFK	John F Kennedy International Airport	New York	United States	40.6398	-73.7789	America/New_York
JFN	KHZY	Northeast Ohio Regional Airport	Ashtabula	United States	41.7780	-80.6955	America/New_York
JFR	BGPT	Paamiut Airport	Paamiut	Greenland	62.0147	-49.6709	America/Nuuk
JGA	VAJM	Jamnagar Airport	Jamnagar	India	22.4655	70.0126	Asia/Kolkata
JGN	ZLJQ	Jiayuguan Airport	Jiayuguan	China	39.8569	98.3414	Asia/Shanghai
JGS	ZSGS	Jinggangshan Airport	Ji'an	China	26.8569	114.7370	Asia/Shanghai
JHB	WMKJ	Senai International Airport	Senai	Malaysia	1.6413	103.6700	Asia/Singapore
JHF	SBJH	São Paulo Catarina Executive Airport	São Roque	Brazil	-23.4269	-47.1658	America/Sao_Paulo
JHG	ZPJH	Xishuangbanna Gasa Airport	Jinghong	China	21.9739	100.7600	Asia/Shanghai
JHL	CAL4	Fort MacKay/Albian Aerodrome	Albian Village	Canada	57.2239	-111.4190	America/Edmonton
JHM	PHJH	Kapalua Airport	Lahaina	United States	20.9629	-156.6730	Pacific/Honolulu
JHQ	YSHR	Shute Harbour Airport		Australia	-20.2783	148.7570	Australia/Brisbane
JHS	BGSS	Sisimiut Airport	Sisimiut	Greenland	66.9513	-53.7293	America/Nuuk
JHW	KJHW	Chautauqua County-Jamestown Airport	Jamestown	United States	42.1534	-79.2580	America/New_York
JIA	SWJN	Juina Airport	Juina	Brazil	-11.4194	-58.7017	America/Cuiaba
JIB	HDAM	Djibouti-Ambouli Airport	Djibouti City	Djibouti	11.5473	43.1595	Africa/Nairobi
JIC	ZLJC	Jinchuan Airport	Jinchang	China	38.5422	102.3483	Asia/Shanghai
JIJ	HAJJ	Jijiga Airport	Jijiga	Ethiopia	9.3308	42.9111	Africa/Nairobi
JIK	LGIK	Ikaria Airport	Ikaria Island	Greece	37.6827	26.3471	Europe/Athens
JIL	ZYJL	Jilin Airport	Jilin	China	44.0022	126.3960	Asia/Shanghai
JIM	HAJM	Jimma Airport	Jimma	Ethiopia	7.6661	36.8166	Africa/Nairobi
JIN	HUJI	Jinja Airport	Jinja	Uganda	0.4500	33.2000	Africa/Nairobi
JIP	SEJI	Jipijapa Airport	Jipijapa	Ecuador	-1.0000	-80.6667	America/Guayaquil
JIQ	ZUQJ	Qianjiang Wulingshan Airport	Chongqing	China	29.5146	108.8337	Asia/Shanghai
JIR	VNJI	Jiri Airport	Jiri	Nepal	27.6170	86.2170	Asia/Kathmandu
JIU	ZSJJ	Jiujiang Lushan Airport	Jiujiang	China	29.4769	115.8011	Asia/Shanghai
JIW	OPJI	Jiwani Airport	Jiwani	Pakistan	25.0678	61.8054	Asia/Karachi
JJD	SBJE	Comte. Ariston Pessoa Regional Airport	Jijoca de Jericoacoara	Brazil	-2.9067	-40.3581	America/Fortaleza
JJG	SBJA	Humberto Ghizzo Bortoluzzi Regional Airport	Jaguaruna	Brazil	-28.6753	-49.0596	America/Sao_Paulo
JJI	SPJI	Juanjui Airport	Juanjui	Peru	-7.1691	-76.7286	America/Lima
JJM	HKMK	Mulika Lodge Airport	Meru-Kinna	Kenya	0.1651	38.1951	Africa/Nairobi
JJN	ZSQZ	Quanzhou Airport	Quanzhou	China	24.7964	118.5900	Asia/Shanghai
JKG	ESGJ	Jonkoping Airport	Jonkoping	Sweden	57.7576	14.0687	Europe/Berlin
JKH	LGHI	Chios Island National Airport	Chios Island	Greece	38.3432	26.1406	Europe/Athens
JKL	LGKY	Kalymnos Airport	Kalymnos Island	Greece	36.9633	26.9406	Europe/Athens
JKR	VNJP	Janakpur Airport	Janakpur	Nepal	26.7088	85.9224	Asia/Kathmandu
JKV	KJSO	Cherokee County Airport	Jacksonville	United States	31.8693	-95.2174	America/Chicago
JLD	ESML	Landskrona Airport	Landskrona	Sweden	55.9460	12.8700	Europe/Berlin
JLN	KJLN	Joplin Regional Airport	Joplin	United States	37.1518	-94.4983	America/Chicago
JLR	VAJB	Jabalpur Airport		India	23.1778	80.0520	Asia/Kolkata
JLS	SDJL	Jales Airport	Jales	Brazil	-20.2930	-50.5464	America/Sao_Paulo
JMK	LGMK	Mikonos Airport	Mykonos Island	Greece	37.4351	25.3481	Europe/Athens
JMO	VNJS	Jomsom Airport	Jomsom	Nepal	28.7804	83.7230	Asia/Kathmandu
JMS	KJMS	Jamestown Regional Airport	Jamestown	United States	46.9297	-98.6782	America/Chicago
JMU	ZYJM	Jiamusi Airport	Jiamusi	China	46.8434	130.4650	Asia/Shanghai
JNA	SNJN	Januaria Airport	Januaria	Brazil	-15.4738	-44.3855	America/Sao_Paulo
JNB	FAOR	O. R. Tambo International Airport	Johannesburg	South Africa	-26.1333	28.2500	Africa/Johannesburg
JNG	ZSJG	Jining Da'an Airport	Jining	China	35.6475	116.7441	Asia/Shanghai
JNH	ZSJX	Jiaxing Nanhu Airport	Jiaxing	China	30.6981	120.6631	Asia/Shanghai
JNI	SAAJ	Junin Airport	Junin	Argentina	-34.5459	-60.9306	America/Argentina/Buenos_Aires
JNU	PAJN	Juneau International Airport	Juneau	United States	58.3550	-134.5760	America/Juneau
JNX	LGNX	Naxos Airport	Naxos Island	Greece	37.0811	25.3681	Europe/Athens
JNZ	ZYJZ	Jinzhou Airport	Jinzhou	China	41.1014	121.0620	Asia/Shanghai
JOE	EFJO	Joensuu Airport	Joensuu / Liperi	Finland	62.6629	29.6075	Europe/Helsinki
JOG	WARJ	Adi Sutjipto International Airport	Yogyakarta-Java Island	Indonesia	-7.7882	110.4320	Asia/Jakarta
JOH	FAPJ	Port St Johns Airport	Port St Johns	South Africa	-31.6059	29.5198	Africa/Johannesburg
JOI	SBJV	Lauro Carneiro de Loyola Airport	Joinville	Brazil	-26.2245	-48.7974	America/Sao_Paulo
JOK	UWKJ	Yoshkar-Ola Airport	Yoshkar-Ola	Russia	56.7006	47.9047	Europe/Moscow
JOL	RPMJ	Jolo Airport		Philippines	6.0537	121.0110	Asia/Manila
JOM	HTNJ	Njombe Airport	Njombe	Tanzania	-9.3500	34.8000	Africa/Nairobi
JOS	DNJO	Yakubu Gowon Airport	Jos	Nigeria	9.6398	8.8691	Africa/Lagos
JOT	KJOT	Joliet Regional Airport	Joliet	United States	41.5178	-88.1755	America/Chicago
JPA	SBJP	Presidente Castro Pinto Airport	Joao Pessoa	Brazil	-7.1458	-34.9486	America/Fortaleza
JPR	SWJI	Ji-Parana Airport	Ji-Parana	Brazil	-10.8708	-61.8465	America/Porto_Velho
JQA	BGUQ	Qaarsut Airport	Uummannaq	Greenland	70.7342	-52.6962	America/Nuuk
JQE	MPJE	Jaque Airport	Jaque	Panama	7.5178	-78.1572	America/Panama
JRF	PHJR	Kalaeloa (John Rodgers Field) Airport	Kapolei	United States	21.3074	-158.0700	Pacific/Honolulu
JRG	VEJH	Jharsuguda Airport	Jharsuguda	India	21.9135	84.0504	Asia/Kolkata
JRH	VEJT	Jorhat Airport	Jorhat	India	26.7315	94.1755	Asia/Kolkata
JRN	SWJU	Juruena Airport	Juruena	Brazil	-10.3058	-58.4894	America/Cuiaba
JRO	HTKJ	Kilimanjaro International Airport	Arusha	Tanzania	-3.4294	37.0745	Africa/Nairobi
JSA	VIJR	Jaisalmer Airport		India	26.8887	70.8650	Asia/Kolkata
JSH	LGST	Sitia Airport	Crete Island	Greece	35.2161	26.1013	Europe/Athens
JSI	LGSK	Skiathos Island National Airport	Skiathos	Greece	39.1771	23.5037	Europe/Athens
JSM	SAWS	Jose De San Martin Airport	Chubut	Argentina	-44.0486	-70.4589	America/Argentina/Catamarca
JSR	VGJR	Jessore Airport	Jashahor	Bangladesh	23.1838	89.1608	Asia/Dhaka
JST	KJST	John Murtha Johnstown Cambria County Airport	Johnstown	United States	40.3161	-78.8339	America/New_York
JSU	BGMQ	Maniitsoq Airport	Maniitsoq	Greenland	65.4125	-52.9394	America/Nuuk
JSY	LGSO	Syros Airport	Syros Island	Greece	37.4228	24.9509	Europe/Athens
JTC	SBAE	Bauru-Arealva Airport	Bauru	Brazil	-22.1578	-49.0683	America/Sao_Paulo
JTI	SWJW	Jatai Airport	Jatai	Brazil	-17.8299	-51.7730	America/Sao_Paulo
JTR	LGSR	Santorini Airport	Santorini Island	Greece	36.3992	25.4793	Europe/Athens
JTY	LGPL	Astypalaia Airport	Astypalaia Island	Greece	36.5799	26.3758	Europe/Athens
JUA	SIZX	Juara Sul Airport	Juara	Brazil	-11.2867	-57.5389	America/Cuiaba
JUB	HSSJ	Juba Airport	Juba	South Sudan	4.8720	31.6011	Africa/Juba
JUI	EDWJ	Juist Airport	Juist	Germany	53.6811	7.0558	Europe/Berlin
JUJ	SASJ	Gobernador Horacio Guzman International Airport	San Salvador de Jujuy	Argentina	-24.3928	-65.0978	America/Argentina/Jujuy
JUL	SPJL	Inca Manco Capac International Airport	Juliaca	Peru	-15.4671	-70.1582	America/Lima
JUM	VNJL	Jumla Airport	Jumla	Nepal	29.2742	82.1933	Asia/Kathmandu
JUN	YJDA	Jundah Airport		Australia	-24.8417	143.0580	Australia/Brisbane
JUR	YJNB	Jurien Bay Airport		Australia	-30.3000	115.0330	Australia/Perth
JUT	MHJU	Jutigalpa airport	Jutigalpa	Honduras	14.6526	-86.2203	America/Tegucigalpa
JUV	BGUK	Upernavik Airport	Upernavik	Greenland	72.7902	-56.1306	America/Nuuk
JUZ	ZSJU	Quzhou Airport	Quzhou	China	28.9658	118.8990	Asia/Shanghai
JVA	FMMK	Ankavandra Airport	Ankavandra	Madagascar	-18.8050	45.2735	Africa/Nairobi
JVI	K47N	Central Jersey Regional Airport	Manville	United States	40.5244	-74.5983	America/New_York
JVL	KJVL	Southern Wisconsin Regional Airport	Janesville	United States	42.6203	-89.0416	America/Chicago
JWA	FBJW	Jwaneng Airport		Botswana	-24.6023	24.6910	Africa/Maputo
JWN	OITZ	Zanjan Airport		Iran	36.7737	48.3594	Asia/Tehran
JWO	RKTI	Jungwon Air Base		South Korea	37.0300	127.8850	Asia/Seoul
JXA	ZYJX	Jixi Xingkaihu Airport	Jixi	China	45.2997	131.1794	Asia/Shanghai
JXN	KJXN	Jackson County Reynolds Field	Jackson	United States	42.2598	-84.4594	America/Detroit
JYR	OIKJ	Jiroft Airport		Iran	28.7269	57.6703	Asia/Tehran
JYV	EFJY	Jyvaskyla Airport	Jyvaskylan Maalaiskunta	Finland	62.3995	25.6783	Europe/Helsinki
JZH	ZUJZ	Jiuzhai Huanglong Airport	Jiuzhaigou	China	32.8533	103.6822	Asia/Shanghai
KAA	FLKS	Kasama Airport	Kasama	Zambia	-10.2167	31.1333	Africa/Maputo
KAB	FVKB	Kariba International Airport	Kariba	Zimbabwe	-16.5198	28.8850	Africa/Maputo
KAC	OSKL	Kamishly Airport	Kamishly	Syria	37.0206	41.1914	Asia/Damascus
KAD	DNKA	Kaduna Airport	Kaduna	Nigeria	10.6960	7.3201	Africa/Lagos
KAG	RKNN	Gangneung Airport		South Korea	37.7536	128.9440	Asia/Seoul
KAJ	EFKI	Kajaani Airport	Kajaani	Finland	64.2855	27.6924	Europe/Helsinki
KAL	PAKV	Kaltag Airport	Kaltag	United States	64.3191	-158.7410	America/Anchorage
KAN	DNKN	Mallam Aminu International Airport	Kano	Nigeria	12.0476	8.5246	Africa/Lagos
KAO	EFKS	Kuusamo Airport	Kuusamo	Finland	65.9876	29.2394	Europe/Helsinki
KAP	FZSK	Kapanga Airport	Kapanga	DR Congo	-8.3500	22.5830	Africa/Maputo
KAR	SYKM	Kamarang Airport	Kamarang	Guyana	5.8653	-60.6142	America/Guyana
KAT	NZKT	Kaitaia Airport	Kaitaia	New Zealand	-35.0700	173.2850	Pacific/Auckland
KAU	EFKA	Kauhava Airport	Kauhava	Finland	63.1271	23.0514	Europe/Helsinki
KAV	SVKA	Kavanayen Airport		Venezuela	5.6330	-61.7830	America/Caracas
KAW	VYKT	Kawthoung Airport	Kawthoung	Myanmar	10.0493	98.5380	Asia/Yangon
KAX	YKBR	Kalbarri Airport		Australia	-27.6900	114.2620	Australia/Perth
KAY	NFNW	Wakaya Island Airport	Wakaya Island	Fiji	-17.6170	179.0170	Pacific/Fiji
KAZ	WAMK	Kao Airport	Kao-Celebes Island	Indonesia	1.1853	127.8960	Asia/Jayapura
KBA	GFKB	Kabala Airport	Kabala	Sierra Leone	9.6383	-11.5156	Africa/Abidjan
KBB	YKIR	Kirkimbie Station Airport	Kirkimbie	Australia	-17.7792	129.2100	Australia/Darwin
KBG	HUKF	Kabalega Falls Airport	Kabalega Falls	Uganda	2.3264	31.4978	Africa/Nairobi
KBH	OPKL	Kalat Airport	Kalat	Pakistan	29.1333	66.5167	Asia/Karachi
KBI	FKKB	Kribi Airport	Kribi	Cameroon	2.8739	9.9778	Africa/Lagos
KBJ	YKCA	Kings Canyon Airport		Australia	-24.2600	131.4900	Australia/Darwin
KBK	VEKI	Kushinagar International Airport	Kushinagar	India	26.7700	83.9081	Asia/Kolkata
KBL	OAKB	Kabul International Airport	Kabul	Afghanistan	34.5659	69.2123	Asia/Kabul
KBM	AYKB	Kabwum		Papua New Guinea	-6.1555	147.1915	Pacific/Port_Moresby
KBN	FZWT	Tunta Airport	Kabinda	DR Congo	-6.1330	24.4830	Africa/Maputo
KBO	FZRM	Kabalo Airport	Kabalo	DR Congo	-6.0830	26.9170	Africa/Maputo
KBP	UKBB	Boryspil International Airport	Kiev	Ukraine	50.3450	30.8947	Europe/Kyiv
KBQ	FWKG	Kasungu Airport	Kasungu	Malawi	-13.0146	33.4686	Africa/Maputo
KBR	WMKC	Sultan Ismail Petra Airport	Kota Baharu	Malaysia	6.1669	102.2930	Asia/Singapore
KBS	GFBO	Bo Airport	Bo	Sierra Leone	7.9444	-11.7610	Africa/Abidjan
KBU	WAOK	Stagen Airport	Laut Island	Indonesia	-3.2947	116.1650	Asia/Makassar
KBV	VTSG	Krabi Airport	Krabi	Thailand	8.0991	98.9862	Asia/Bangkok
KBY	YKBY	Streaky Bay Airport		Australia	-32.8358	134.2930	Australia/Adelaide
KBZ	NZKI	Kaikoura Airport		New Zealand	-42.4250	173.6050	Pacific/Auckland
KCA	ZWKC	Kuqa Airport	Kuqa	China	41.7181	82.9869	Asia/Shanghai
KCB	SMTP	Tepoe Airstrip	Kasikasima	Suriname	3.1500	-55.7170	America/Paramaribo
KCE	YCSV	Collinsville Airport		Australia	-20.5967	147.8600	Australia/Brisbane
KCF	OPKW	Kadanwari Airport	Kadanwari	Pakistan	27.2100	69.2900	Asia/Karachi
KCH	WBGG	Kuching International Airport	Kuching	Malaysia	1.4847	110.3470	Asia/Kuching
KCK	UIKK	Kirensk Airport	Kirensk	Russia	57.7730	108.0640	Asia/Irkutsk
KCM	LTCN	Kahramanmaras Airport	Kahramanmaras	Turkey	37.5388	36.9535	Europe/Istanbul
KCO	LTBQ	Cengiz Topel Airport		Turkey	40.7350	30.0833	Europe/Istanbul
KCS	YKCS	Kings Creek Airport		Australia	-24.4233	131.8350	Australia/Darwin
KCT	VCCK	Koggala Airport	Galle	Sri Lanka	5.9937	80.3203	Asia/Colombo
KCU	HUMI	Masindi Airport	Masindi	Uganda	1.7581	31.7367	Africa/Nairobi
KCZ	RJOK	Kochi Ryoma Airport	Nankoku	Japan	33.5461	133.6690	Asia/Tokyo
KDA	GODK	Kolda North Airport	Kolda	Senegal	12.8985	-14.9681	Africa/Abidjan
KDB	YKBL	Kambalda Airport		Australia	-31.1833	121.6000	Australia/Perth
KDC	DBBK	Kandi Airport	Kandi	Benin	11.1330	2.9330	Africa/Lagos
KDD	OPKH	Khuzdar Airport	Khuzdar	Pakistan	27.7906	66.6473	Asia/Karachi
KDH	OAKN	Kandahar Airport		Afghanistan	31.5058	65.8478	Asia/Kabul
KDI	WAWW	Wolter Monginsidi Airport	Kendari-Celebes Island	Indonesia	-4.0816	122.4180	Asia/Makassar
KDJ	FOGJ	Ville Airport	N'Djole	Gabon	-0.1830	10.7500	Africa/Lagos
KDK	PAKD	Kodiak Municipal Airport	Kodiak	United States	57.8059	-152.3740	America/Anchorage
KDL	EEKA	Kardla Airport	Kardla	Estonia	58.9908	22.8307	Europe/Tallinn
KDM	VRMT	Kaadedhdhoo Airport	Huvadhu Atoll	Maldives	0.4881	72.9969	Indian/Maldives
KDN	FOGE	Ndende Airport	Ndende	Gabon	-2.4000	11.3670	Africa/Lagos
KDO	VRMK	Kadhdhoo Airport	Kadhdhoo	Maldives	1.8592	73.5219	Indian/Maldives
KDR	AYKC	Kandrian Airport	Kandrian	Papua New Guinea	-6.2659	149.5581	Pacific/Port_Moresby
KDT	VTBK	Kamphaeng Saen Airport	Nakhon Pathom	Thailand	14.1020	99.9172	Asia/Bangkok
KDU	OPSD	Skardu Airport	Skardu	Pakistan	35.3355	75.5360	Asia/Karachi
KDV	NFKD	Vunisea Airport	Vunisea	Fiji	-19.0581	178.1570	Pacific/Fiji
KDX	HSLI	Kadugli Airport	Kadugli	Sudan	11.1380	29.7011	Africa/Khartoum
KDY	UEMH	Tyopliy Klyuch Airport	Tyopliy Klyuch	Russia	62.7890	136.8550	Asia/Khandyga
KEA	UTAE	Kerki International Airport	Kerki	Turkmenistan	37.8089	65.2125	Asia/Ashgabat
KEC	FZQG	Kasenga Airport	Kasenga	DR Congo	-10.3500	28.6330	Africa/Maputo
KED	GQNK	Kaedi Airport	Kaedi	Mauritania	16.1595	-13.5076	Africa/Abidjan
KEE	FCOK	Kelle Airport	Kelle	Congo	-0.0830	14.5330	Africa/Lagos
KEF	BIKF	Keflavik International Airport	Reykjavik	Iceland	63.9850	-22.6056	Africa/Abidjan
KEI	WAKP	Kepi Airport	Kepi-Papua Island	Indonesia	-6.5944	139.3570	Asia/Jayapura
KEJ	UNEE	Kemerovo Airport	Kemerovo	Russia	55.2701	86.1072	Asia/Novokuznetsk
KEL	EDHK	Kiel-Holtenau Airport	Kiel	Germany	54.3794	10.1453	Europe/Berlin
KEM	EFKE	Kemi-Tornio Airport	Kemi / Tornio	Finland	65.7787	24.5821	Europe/Helsinki
KEN	GFKE	Kenema Airport	Kenema	Sierra Leone	7.8913	-11.1766	Africa/Abidjan
KEO	DIOD	Odienne Airport	Odienne	Côte d'Ivoire	9.5000	-7.5670	Africa/Abidjan
KEP	VNNG	Nepalgunj Airport	Nepalgunj	Nepal	28.1036	81.6670	Asia/Kathmandu
KEQ	WASE	Kebar Airport	Kebar-Papua Island	Indonesia	-0.6371	133.1280	Asia/Jayapura
KER	OIKK	Kerman Airport	Kerman	Iran	30.2744	56.9511	Asia/Tehran
KET	VYKG	Kengtung Airport	Kengtung	Myanmar	21.3016	99.6360	Asia/Yangon
KEU	HKKE	Keekorok Airport	Keekorok	Kenya	-1.5830	35.2500	Africa/Nairobi
KEV	EFHA	Halli Airport	Halli / Kuorevesi	Finland	61.8560	24.7866	Europe/Helsinki
KEW	CPV8	Keewaywin Airport	Keewaywin	Canada	52.9911	-92.8364	America/Winnipeg
KEY	HKKR	Kericho Airport	Kericho	Kenya	-0.4170	35.2500	Africa/Nairobi
KFA	GQNF	Kiffa Airport	Kiffa	Mauritania	16.5900	-11.4062	Africa/Abidjan
KFE	YFDF	Fortescue - Dave Forrest Aerodrome	Cloudbreak Village	Australia	-22.2919	119.4372	Australia/Perth
KFG	YKKG	Kalkgurung Airport		Australia	-17.4319	130.8080	Australia/Darwin
KFP	PAKF	False Pass Airport	False Pass	United States	54.8474	-163.4100	America/Nome
KFS	LTAL	Kastamonu Airport	Kastamonu	Turkey	41.3142	33.7958	Europe/Istanbul
KFZ	LAKU	Kukes Airport	Kukes	Albania	42.0337	20.4159	Europe/Tirane
KGA	FZUA	Kananga Airport	Kananga	DR Congo	-5.9001	22.4692	Africa/Maputo
KGC	YKSC	Kingscote Airport		Australia	-35.7139	137.5210	Australia/Adelaide
KGD	UMKK	Khrabrovo Airport	Kaliningrad	Russia	54.8900	20.5926	Europe/Kaliningrad
KGE	AGKG	Kagau Island Airport	Kagau Island	Solomon Islands	-7.3330	157.5830	Pacific/Guadalcanal
KGF	UAKK	Sary-Arka Airport	Karaganda	Kazakhstan	49.6708	73.3344	Asia/Almaty
KGG	GOTK	Kedougou Airport	Kedougou	Senegal	12.5723	-12.2203	Africa/Abidjan
KGI	YPKG	Kalgoorlie-Boulder Airport	Kalgoorlie	Australia	-30.7894	121.4617	Australia/Perth
KGJ	FWKA	Karonga Airport	Karonga	Malawi	-9.9536	33.8930	Africa/Maputo
KGK	PAJZ	Koliganek Airport	Koliganek	United States	59.7266	-157.2590	America/Anchorage
KGL	HRYR	Kigali International Airport	Kigali	Rwanda	-1.9686	30.1395	Africa/Maputo
KGN	FZOK	Kasongo Airport	Kasongo	DR Congo	-4.5330	26.6170	Africa/Maputo
KGO	UKKG	Kirovograd Airport	Kirovograd	Ukraine	48.5428	32.2850	Europe/Kyiv
KGP	USRK	Kogalym International Airport	Kogalym	Russia	62.1904	74.5338	Asia/Yekaterinburg
KGS	LGKO	Kos Airport	Kos Island	Greece	36.7933	27.0917	Europe/Athens
KGU	WBKG	Keningau Airport	Keningau	Malaysia	5.3575	116.1620	Asia/Kuching
KGY	YKRY	Kingaroy Airport		Australia	-26.5808	151.8410	Australia/Brisbane
KHC	UKFK	Kerch Airport	Kerch	Ukraine	45.3725	36.4014	Europe/Simferopol
KHD	OICK	Khoram Abad Airport		Iran	33.4354	48.2829	Asia/Tehran
KHE	UKOH	Chernobayevka Airport	Kherson	Ukraine	46.6758	32.5064	Europe/Kyiv
KHG	ZWSH	Kashgar Airport	Kashgar	China	39.5429	76.0200	Asia/Shanghai
KHH	RCKH	Kaohsiung International Airport	Kaohsiung City	Taiwan	22.5771	120.3500	Asia/Taipei
KHI	OPKC	Jinnah International Airport	Karachi	Pakistan	24.9065	67.1608	Asia/Karachi
KHJ	EFKJ	Kauhajoki Airport		Finland	62.4625	22.3931	Europe/Helsinki
KHK	OIBQ	Khark Island Airport		Iran	29.2603	50.3239	Asia/Tehran
KHM	VYKI	Kanti Airport	Kanti	Myanmar	25.9883	95.6744	Asia/Yangon
KHN	ZSCN	Nanchang Changbei International Airport	Nanchang	China	28.8650	115.9000	Asia/Shanghai
KHR	ZMHH	Kharkhorin Airport		Mongolia	47.2467	102.8261	Asia/Ulaanbaatar
KHS	OOKB	Khasab Air Base	Khasab	Oman	26.1710	56.2406	Asia/Dubai
KHT	OAKS	Khost Airport	Khost	Afghanistan	33.3334	69.9520	Asia/Kabul
KHV	UHHH	Khabarovsk-Novy Airport	Khabarovsk	Russia	48.5280	135.1880	Asia/Vladivostok
KHW	FBKR	Khwai River Lodge Airport	Khwai River Lodge	Botswana	-19.1500	23.7830	Africa/Maputo
KHY	OITK	Khoy Airport	Khoy	Iran	38.4275	44.9736	Asia/Tehran
KHZ	NTKA	Kauehi Airport	Kauehi	French Polynesia	-15.7808	-145.1240	Pacific/Tahiti
KIA	PKSA	Kaieteur International Airport	Kaieteur Falls	Guyana	5.1728	-59.4915	America/Guyana
KIC	KKIC	Mesa Del Rey Airport	King City	United States	36.2280	-121.1220	America/Los_Angeles
KID	ESMK	Kristianstad Airport	Kristianstad	Sweden	55.9217	14.0855	Europe/Berlin
KIE	AYIQ	Aropa Airport	Kieta	Papua New Guinea	-6.3050	155.7278	Pacific/Bougainville
KIF	CNM5	Kingfisher Lake Airport	Kingfisher Lake	Canada	53.0125	-89.8553	America/Winnipeg
KIH	OIBK	Kish International Airport	Kish Island	Iran	26.5262	53.9802	Asia/Tehran
KIJ	RJSN	Niigata Airport	Niigata	Japan	37.9559	139.1210	Asia/Tokyo
KIK	ORKK	Kirkuk Air Base	Kirkuk	Iraq	35.4695	44.3489	Asia/Baghdad
KIM	FAKM	Kimberley Airport	Kimberley	South Africa	-28.8028	24.7652	Africa/Johannesburg
KIN	MKJP	Norman Manley International Airport	Kingston	Jamaica	17.9357	-76.7875	America/Jamaica
KIP	KCWC	Kickapoo Downtown Airport	Wichita Falls	United States	33.8578	-98.4904	America/Chicago
KIR	EIKY	Kerry Airport	Killarney	Ireland	52.1809	-9.5238	Europe/Dublin
KIS	HKKI	Kisumu Airport	Kisumu	Kenya	-0.0861	34.7289	Africa/Nairobi
KIT	LGKC	Kithira Airport	Kithira Island	Greece	36.2743	23.0170	Europe/Athens
KIW	FLSO	Southdowns Airport	Kitwe	Zambia	-12.9005	28.1499	Africa/Maputo
KIX	RJBB	Kansai International Airport	Osaka	Japan	34.4273	135.2440	Asia/Tokyo
KIY	HTKI	Kilwa Masoko Airport	Kilwa Masoko	Tanzania	-8.9330	39.5170	Africa/Nairobi
KJA	UNKL	Yemelyanovo Airport	Krasnoyarsk	Russia	56.1729	92.4933	Asia/Krasnoyarsk
KJB	VOKU	Kurnool Airport	Kurnool	India	15.7137	78.1616	Asia/Kolkata
KJH	ZUKJ	Kaili Huangping Airport	Kaili	China	26.9748	107.9869	Asia/Shanghai
KJK	EBKT	Wevelgem Airport	Wevelgem	Belgium	50.8172	3.2047	Europe/Brussels
KJP	ROKR	Kerama Airport	Kerama	Japan	26.1683	127.2930	Asia/Tokyo
KJT	WICA	Majalengka Kertajati International Airport	Kertajati	Indonesia	-6.6477	108.1658	Asia/Jakarta
KKA	PAKK	Koyuk Alfred Adams Airport	Koyuk	United States	64.9395	-161.1540	America/Anchorage
KKC	VTUK	Khon Kaen Airport	Khon Kaen	Thailand	16.4666	102.7840	Asia/Bangkok
KKD	AYKO	Kokoda Airport	Kokoda	Papua New Guinea	-8.8847	147.7310	Pacific/Port_Moresby
KKE	NZKK	Kerikeri Airport	Kerikeri	New Zealand	-35.2628	173.9120	Pacific/Auckland
KKH	PADY	Kongiganak Airport	Kongiganak	United States	59.9608	-162.8810	America/Nome
KKJ	RJFR	Kitakyushu Airport	Kitakyushu	Japan	33.8459	131.0350	Asia/Tokyo
KKM	VTBL	Khok Kathiam Airport		Thailand	14.8746	100.6630	Asia/Bangkok
KKN	ENKR	Kirkenes Airport Hoybuktmoen	Kirkenes	Norway	69.7258	29.8913	Europe/Berlin
KKO	NZKO	Kaikohe Airport		New Zealand	-35.4511	173.8170	Pacific/Auckland
KKP	YKLB	Koolburra Airport	Koolburra	Australia	-15.3189	143.9550	Australia/Brisbane
KKQ	USDP	Krasnoselkup Airport	Krasnoselkup	Russia	65.7170	82.4550	Asia/Yekaterinburg
KKR	NTGK	Kaukura Airport		French Polynesia	-15.6633	-146.8850	Pacific/Tahiti
KKS	OIFK	Kashan Airport		Iran	33.8953	51.5770	Asia/Tehran
KKW	FZCA	Kikwit Airport		DR Congo	-5.0358	18.7856	Africa/Lagos
KKX	RJKI	Kikai Airport		Japan	28.3213	129.9280	Asia/Tokyo
KKY	EIKK	Kilkenny Airport	Kilkenny	Ireland	52.6508	-7.2961	Europe/Dublin
KKZ	VDKK	Kaoh Kong Airport	Kaoh Kong	Cambodia	11.6134	102.9971	Asia/Bangkok
KLB	FLKL	Kalabo Airport	Kalabo	Zambia	-14.9983	22.6454	Africa/Maputo
KLC	GOOK	Kaolack Airport	Kaolack	Senegal	14.1469	-16.0513	Africa/Abidjan
KLD	UUEM	Migalovo Air Base	Tver	Russia	56.8247	35.7577	Europe/Moscow
KLE	FKKH	Kaele Airport	Kaele	Cameroon	10.0925	14.4456	Africa/Lagos
KLF	UUBC	Grabtsevo Airport	Kaluga	Russia	54.5500	36.3667	Europe/Moscow
KLG	PALG	Kalskag Airport	Kalskag	United States	61.5363	-160.3410	America/Anchorage
KLH	VAKP	Kolhapur Airport		India	16.6647	74.2894	Asia/Kolkata
KLI	FZFP	Kotakoli Airport		DR Congo	4.1576	21.6509	Africa/Lagos
KLJ	EYKL	Klaipeda Airport	Klaipeda	Lithuania	55.7119	21.2428	Europe/Vilnius
KLK	HKFG	Kalokol Airport	Kalokol	Kenya	3.4830	35.8330	Africa/Nairobi
KLM	OINE	Kalaleh Airport		Iran	37.3833	55.4520	Asia/Tehran
KLN	PALB	Larsen Bay Airport	Larsen Bay	United States	57.5351	-153.9780	America/Anchorage
KLO	RPVK	Kalibo International Airport	Kalibo	Philippines	11.6794	122.3760	Asia/Manila
KLQ	WIPV	Keluang Airport	Keluang-Sumatra Island	Indonesia	-2.6235	103.9550	Asia/Jakarta
KLR	ESMQ	Kalmar Airport		Sweden	56.6855	16.2876	Europe/Berlin
KLS	KKLS	Southwest Washington Regional Airport	Kelso	United States	46.1180	-122.8980	America/Los_Angeles
KLU	LOWK	Klagenfurt Airport	Klagenfurt am Worthersee	Austria	46.6425	14.3377	Europe/Vienna
KLV	LKKV	Karlovy Vary International Airport	Karlovy Vary	Czechia	50.2030	12.9150	Europe/Prague
KLW	PAKW	Klawock Airport	Klawock	United States	55.5792	-133.0760	America/Sitka
KLX	LGKL	Kalamata Airport	Kalamata	Greece	37.0683	22.0255	Europe/Athens
KLY	FZOD	Kinkungwa Airport	Kalima	DR Congo	-2.5780	26.7340	Africa/Maputo
KLZ	FAKZ	Kleinsee Airport	Kleinsee	South Africa	-29.6884	17.0940	Africa/Johannesburg
KMA	AYKM	Kerema Airport	Kerema	Papua New Guinea	-7.9636	145.7710	Pacific/Port_Moresby
KME	HRZA	Kamembe Airport	Kamembe	Rwanda	-2.4622	28.9079	Africa/Maputo
KMG	ZPPP	Kunming Wujiaba International Airport	Kunming	China	24.9924	102.7440	Asia/Shanghai
KMH	FAKU	Johan Pienaar Airport	Kuruman	South Africa	-27.4567	23.4114	Africa/Johannesburg
KMI	RJFM	Miyazaki Airport	Miyazaki	Japan	31.8772	131.4490	Asia/Tokyo
KMJ	RJFT	Kumamoto Airport	Kumamoto	Japan	32.8373	130.8550	Asia/Tokyo
KMK	FCPA	Makabana Airport	Makabana	Congo	-3.4830	12.6170	Africa/Lagos
KML	YKML	Kamileroi Airport		Australia	-19.3750	140.0570	Australia/Brisbane
KMN	FZSB	Ville Airport	Kamina	DR Congo	-8.7286	24.9914	Africa/Maputo
KMO	PAMB	Manokotak Airport	Manokotak	United States	58.9902	-159.0500	America/Anchorage
KMP	FYKT	Keetmanshoop Airport	Keetmanshoop	Namibia	-26.5398	18.1114	Africa/Windhoek
KMQ	RJNK	Komatsu Airport	Kanazawa	Japan	36.3946	136.4070	Asia/Tokyo
KMR	AYRI	Karimui Airport	Karimui	Papua New Guinea	-6.4921	144.8230	Pacific/Port_Moresby
KMS	DGSI	Kumasi Airport	Kumasi	Ghana	6.7146	-1.5908	Africa/Abidjan
KMU	HCMK	Kisimayu Airport		Somalia	-0.3774	42.4592	Africa/Nairobi
KMV	VYKL	Kalay Airport	Kalemyo	Myanmar	23.1888	94.0511	Asia/Yangon
KMW	UUBA	Kostroma Sokerkino Airport	Kostroma	Russia	57.7969	41.0194	Europe/Moscow
KMX	OEKM	King Khaled Air Base		Saudi Arabia	18.2973	42.8035	Asia/Riyadh
KMZ	FLKO	Kaoma Airport	Kaoma	Zambia	-14.8000	24.7830	Africa/Maputo
KNA	SCVM	Vina del mar Airport	Vina Del Mar	Chile	-32.9496	-71.4786	America/Santiago
KNB	KKNB	Kanab Municipal Airport	Kanab	United States	37.0111	-112.5310	America/Denver
KND	FZOA	Kindu Airport	Kindu	DR Congo	-2.9192	25.9154	Africa/Maputo
KNF	EGYM	RAF Marham	Marham	United Kingdom	52.6484	0.5507	Europe/London
KNG	WASK	Kaimana Airport	Kaimana-Papua Island	Indonesia	-3.6445	133.6960	Asia/Jayapura
KNH	RCBS	Kinmen Airport	Shang-I	Taiwan	24.4279	118.3590	Asia/Taipei
KNI	YKNG	Katanning Airport		Australia	-33.7167	117.6330	Australia/Perth
KNJ	FCBK	Kindamba Airport	Kindamba	Congo	-3.9500	14.5170	Africa/Lagos
KNK	PFKK	Kokhanok Airport	Kokhanok	United States	59.4332	-154.8040	America/Anchorage
KNM	FZTK	Kaniama Airport	Kaniama	DR Congo	-7.5830	24.1500	Africa/Maputo
KNN	GUXN	Kankan Airport	Kankan	Guinea	10.3940	-9.3038	Africa/Abidjan
KNO	WIMM	Polonia International Airport	Medan-Sumatra Island	Indonesia	3.6378	98.8706	Asia/Jakarta
KNQ	NWWD	Kone Airport	Kone	New Caledonia	-21.0543	164.8370	Pacific/Noumea
KNR	OIBJ	Jam Airport	Kangan	Iran	27.8205	52.3522	Asia/Tehran
KNS	YKII	King Island Airport		Australia	-39.8775	143.8780	Australia/Hobart
KNT	KTKX	Kennett Memorial Airport	Kennett	United States	36.2259	-90.0366	America/Chicago
KNU	VECX	Kanpur Airport	Kanpur	India	26.3995	80.4270	Asia/Kolkata
KNW	PANW	New Stuyahok Airport	New Stuyahok	United States	59.4499	-157.3280	America/Anchorage
KNX	YPKU	Kununurra Airport	Kununurra	Australia	-15.7781	128.7080	Australia/Perth
KNZ	GAKA	Kenieba Airport	Kenieba	Mali	12.8330	-11.2500	Africa/Abidjan
KOA	PHKO	Kona International At Keahole Airport	Kailua/Kona	United States	19.7388	-156.0460	Pacific/Honolulu
KOC	NWWK	Koumac Airport	Koumac	New Caledonia	-20.5463	164.2560	Pacific/Noumea
KOE	WATT	El Tari Airport	Kupang-Timor Island	Indonesia	-10.1716	123.6710	Asia/Makassar
KOF	FAKP	Komatipoort Airport	Komatipoort	South Africa	-25.4403	31.9300	Africa/Johannesburg
KOH	YKLA	Koolatah Airport		Australia	-15.9167	142.4500	Australia/Brisbane
KOI	EGPA	Kirkwall Airport	Orkney Islands	United Kingdom	58.9578	-2.9050	Europe/London
KOJ	RJFK	Kagoshima Airport	Kagoshima	Japan	31.8034	130.7190	Asia/Tokyo
KOK	EFKK	Kruunupyy Airport	Kokkola / Kruunupyy	Finland	63.7212	23.1431	Europe/Helsinki
KOO	FZRQ	Kongolo Airport	Kongolo	DR Congo	-5.3944	26.9900	Africa/Maputo
KOP	VTUW	Nakhon Phanom Airport		Thailand	17.3838	104.6430	Asia/Bangkok
KOQ	EDCK	Kothen Airport	Kothen	Germany	51.7211	11.9528	Europe/Berlin
KOS	VDSV	Sihanoukville International Airport	Sihanukville	Cambodia	10.5797	103.6370	Asia/Bangkok
KOT	PFKO	Kotlik Airport	Kotlik	United States	63.0306	-163.5330	America/Nome
KOU	FOGK	Koulamoutou Airport	Koulamoutou	Gabon	-1.1846	12.4413	Africa/Lagos
KOV	UACK	Kokshetau Airport	Kokshetau	Kazakhstan	53.3291	69.5946	Asia/Almaty
KOW	ZSGZ	Ganzhou Airport	Ganzhou	China	25.8258	114.9120	Asia/Shanghai
KOX	WABN	Kokonau Airport	Kokonau-Papua Island	Indonesia	-4.7167	136.4333	Asia/Jayapura
KPC	PAPC	Port Clarence Coast Guard Station	Port Clarence	United States	65.2537	-166.8590	America/Nome
KPI	WBGP	Kapit Airport	Kapit	Malaysia	2.0170	112.9500	Asia/Kuching
KPM	AYAQ	Kompiam Airport		Papua New Guinea	-5.3817	143.9247	Pacific/Port_Moresby
KPN	PAKI	Kipnuk Airport	Kipnuk	United States	59.9330	-164.0310	America/Nome
KPO	RKTH	Pohang Airport	Pohang	South Korea	35.9879	129.4200	Asia/Seoul
KPP	YKPR	Kalpowar Airport		Australia	-14.9000	144.2000	Australia/Brisbane
KPS	YKMP	Kempsey Airport		Australia	-31.0744	152.7700	Australia/Sydney
KPV	PAPE	Perryville Airport	Perryville	United States	55.9060	-159.1630	America/Anchorage
KPW	UHMK	Keperveem Airport	Keperveem	Russia	67.8450	166.1400	Asia/Anadyr
KQH	VIKG	Kishangarh Airport, Ajmer	Kishangarh	India	26.5912	74.8162	Asia/Kolkata
KQT	UTDT	Qurghonteppa International Airport	Kurgan-Tyube	Tajikistan	37.8664	68.8647	Asia/Dushanbe
KRA	YKER	Kerang Airport		Australia	-35.7514	143.9390	Australia/Melbourne
KRB	YKMB	Karumba Airport		Australia	-17.4567	140.8300	Australia/Brisbane
KRC	WIJI	Depati Parbo Airport	Sungai Penuh	Indonesia	-2.0911	101.4628	Asia/Jakarta
KRE	HBBO	Kirundo Airport	Kirundo	Burundi	-2.5448	30.0946	Africa/Maputo
KRF	ESNK	Kramfors Solleftea Airport	Kramfors / Solleftea	Sweden	63.0486	17.7689	Europe/Berlin
KRG	SYKS	Karasabai Airport	Karasabai	Guyana	4.0333	-59.5333	America/Guyana
KRH	EGKR	Redhill Aerodrome	Redhill	United Kingdom	51.2136	-0.1386	Europe/London
KRI	AYKK	Kikori Airport	Kikori	Papua New Guinea	-7.4244	144.2501	Pacific/Port_Moresby
KRJ	AYQA	Karawari Airstrip		Papua New Guinea	-4.5967	143.5225	Pacific/Port_Moresby
KRK	EPKK	John Paul II International Airport Krakow-Balice Airport	Krakow	Poland	50.0777	19.7848	Europe/Warsaw
KRL	ZWKL	Korla Airport	Korla	China	41.6978	86.1289	Asia/Shanghai
KRM	SYKR	Karanambo Airport	Karanambo	Guyana	3.7519	-59.3097	America/Guyana
KRN	ESNQ	Kiruna Airport		Sweden	67.8220	20.3368	Europe/Berlin
KRO	USUU	Kurgan Airport	Kurgan	Russia	55.4753	65.4156	Asia/Yekaterinburg
KRP	EKKA	Karup Airport	Karup	Denmark	56.2975	9.1246	Europe/Berlin
KRQ	UKCK	Kramatorsk Airport	Kramatorsk	Ukraine	48.7056	37.6289	Europe/Kyiv
KRR	URKK	Krasnodar International Airport	Krasnodar	Russia	45.0347	39.1705	Europe/Moscow
KRS	ENCN	Kristiansand Airport	Kjevik	Norway	58.2042	8.0854	Europe/Berlin
KRT	HSSS	Khartoum International Airport	Khartoum	Sudan	15.5895	32.5532	Africa/Khartoum
KRW	UTAK	Turkmenbashi Airport	Krasnovodsk	Turkmenistan	40.0633	53.0072	Asia/Ashgabat
KRY	ZWKM	Karamay Airport	Karamay	China	45.4665	84.9527	Asia/Shanghai
KRZ	FZBT	Basango Mboliasa Airport	Kiri	DR Congo	-1.4350	19.0240	Africa/Lagos
KSA	PTSA	Kosrae International Airport	Okat	Micronesia, Federated States of	5.3570	162.9580	Pacific/Kosrae
KSC	LZKZ	Kosice Airport	Kosice	Slovakia	48.6631	21.2411	Europe/Prague
KSD	ESOK	Karlstad Airport	Karlstad	Sweden	59.4447	13.3374	Europe/Berlin
KSE	HUKS	Kasese Airport	Kasese	Uganda	0.1830	30.1000	Africa/Nairobi
KSF	EDVK	Kassel-Calden Airport	Kassel	Germany	51.4083	9.3775	Europe/Berlin
KSH	OICC	Shahid Ashrafi Esfahani Airport	Kermanshah	Iran	34.3459	47.1581	Asia/Tehran
KSI	GUKU	Kissidougou Airport	Kissidougou	Guinea	9.1606	-10.1244	Africa/Abidjan
KSJ	LGKS	Kasos Airport	Kasos Island	Greece	35.4214	26.9100	Europe/Athens
KSK	ESKK	Karlskoga Airport		Sweden	59.3459	14.4959	Europe/Berlin
KSL	HSKA	Kassala Airport	Kassala	Sudan	15.3875	36.3288	Africa/Khartoum
KSM	PASM	St Mary's Airport	St Mary's	United States	62.0605	-163.3020	America/Nome
KSN	UAUU	Kostanay West Airport	Kostanay	Kazakhstan	53.2069	63.5503	Asia/Qostanay
KSO	LGKA	Kastoria National Airport	Kastoria	Greece	40.4463	21.2822	Europe/Athens
KSQ	UZSK	Karshi Airport	Karshi	Uzbekistan	38.8025	65.7731	Asia/Samarkand
KSS	GASK	Sikasso Airport	Sikasso	Mali	11.3330	-5.7000	Africa/Abidjan
KST	HSKI	Kosti Airport	Kosti	Sudan	13.1830	32.7330	Africa/Khartoum
KSU	ENKB	Kristiansund Airport Kvernberget	Kvernberget	Norway	63.1118	7.8245	Europe/Berlin
KSV	YSPV	Springvale Airport		Australia	-23.5500	140.7000	Australia/Brisbane
KSW	LLKS	Kiryat Shmona Airport	Kiryat Shmona	Israel	33.2167	35.6000	Asia/Jerusalem
KSY	LTCF	Kars Airport	Kars	Turkey	40.5622	43.1150	Europe/Istanbul
KSZ	ULKK	Kotlas Airport	Kotlas	Russia	61.2358	46.6975	Europe/Moscow
KTA	YPKA	Karratha Airport	Karratha	Australia	-20.7122	116.7730	Australia/Perth
KTD	RORK	Kitadaito Airport		Japan	25.9447	131.3270	Asia/Tokyo
KTE	WMKE	Kerteh Airport	Kerteh	Malaysia	4.5372	103.4270	Asia/Singapore
KTF	NZTK	Takaka Airport		New Zealand	-40.8133	172.7750	Pacific/Auckland
KTG	WIOK	Ketapang(Rahadi Usman) Airport	Ketapang-Borneo Island	Indonesia	-1.8166	109.9630	Asia/Pontianak
KTI	VDTI	Techo International Airport	Phnom Penh	Cambodia	11.3629	104.9166	Asia/Bangkok
KTL	HKKT	Kitale Airport	Kitale	Kenya	0.9720	34.9586	Africa/Nairobi
KTM	VNKT	Tribhuvan International Airport	Kathmandu	Nepal	27.6966	85.3591	Asia/Kathmandu
KTN	PAKT	Ketchikan International Airport	Ketchikan	United States	55.3556	-131.7140	America/Sitka
KTO	SYKT	Kato Airport	Kato	Guyana	4.6492	-59.8322	America/Guyana
KTP	MKTP	Tinson Pen Airport	Tinson Pen	Jamaica	17.9886	-76.8238	America/Jamaica
KTQ	EFIT	Kitee Airport		Finland	62.1661	30.0736	Europe/Helsinki
KTR	YPTN	Tindal Airport		Australia	-14.5211	132.3780	Australia/Darwin
KTS	PFKT	Brevig Mission Airport	Brevig Mission	United States	65.3313	-166.4660	America/Nome
KTT	EFKT	Kittila Airport	Kittila	Finland	67.7010	24.8468	Europe/Helsinki
KTU	VIKO	Kota Airport		India	25.1602	75.8456	Asia/Kolkata
KTW	EPKT	Katowice International Airport	Katowice	Poland	50.4743	19.0800	Europe/Warsaw
KTX	GAKO	Koutiala Airport	Koutiala	Mali	12.3830	-5.4670	Africa/Abidjan
KTY	VCCN	Katukurunda Air Force Base	Kalutara	Sri Lanka	6.5521	79.9775	Asia/Colombo
KUA	WMKD	Kuantan Airport	Kuantan	Malaysia	3.7754	103.2090	Asia/Singapore
KUC	NGKT	Kuria Airport	Kuria	Kiribati	0.2186	173.4420	Pacific/Tarawa
KUD	WBKT	Kudat Airport	Kudat	Malaysia	6.9225	116.8360	Asia/Kuching
KUF	UWWW	Kurumoch International Airport	Samara	Russia	53.5049	50.1643	Europe/Samara
KUG	YKUB	Kubin Airport		Australia	-10.2250	142.2180	Australia/Brisbane
KUH	RJCK	Kushiro Airport	Kushiro	Japan	43.0410	144.1930	Asia/Tokyo
KUK	PFKA	Kasigluk Airport	Kasigluk	United States	60.8744	-162.5240	America/Nome
KUL	WMKK	Kuala Lumpur International Airport	Kuala Lumpur	Malaysia	2.7456	101.7100	Asia/Singapore
KUM	RJFC	Yakushima Airport		Japan	30.3856	130.6590	Asia/Tokyo
KUN	EYKA	Kaunas International Airport	Kaunas	Lithuania	54.9639	24.0848	Europe/Vilnius
KUO	EFKU	Kuopio Airport	Kuopio / Siilinjarvi	Finland	63.0071	27.7978	Europe/Helsinki
KUQ	AYKU	Kuri Airport	Kuri	Papua New Guinea	-7.1351	143.2761	Pacific/Port_Moresby
KUS	BGKK	Kulusuk Airport	Kulusuk	Greenland	65.5736	-37.1236	America/Nuuk
KUT	UGKO	Kopitnari Airport	Kutaisi	Georgia	42.1767	42.4826	Asia/Tbilisi
KUU	VIBR	Kullu Manali Airport		India	31.8767	77.1544	Asia/Kolkata
KUV	RKJK	Kunsan Air Base	Kunsan	South Korea	35.9038	126.6160	Asia/Seoul
KVA	LGKV	Alexander the Great International Airport	Kavala	Greece	40.9133	24.6192	Europe/Athens
KVB	ESGR	Skovde Airport	Skovde	Sweden	58.4564	13.9727	Europe/Berlin
KVC	PAVC	King Cove Airport	King Cove	United States	55.1163	-162.2660	America/Nome
KVG	AYKV	Kavieng Airport	Kavieng	Papua New Guinea	-2.5794	150.8080	Pacific/Port_Moresby
KVK	ULMK	Kirovsk-Apatity Airport	Apatity	Russia	67.4633	33.5883	Europe/Moscow
KVL	PAVL	Kivalina Airport	Kivalina	United States	67.7362	-164.5630	America/Nome
KVM	UHMO	Markovo Airport	Markovo	Russia	64.6670	170.4170	Asia/Anadyr
KVX	USKK	Pobedilovo Airport	Kirov	Russia	58.5033	49.3483	Europe/Kirov
KWA	PKWA	Bucholz Army Air Field	Kwajalein	Marshall Islands	8.7201	167.7320	Pacific/Kwajalein
KWE	ZUGY	Longdongbao Airport	Guiyang	China	26.5385	106.8010	Asia/Shanghai
KWG	UKDR	Kryvyi Rih International Airport	Kryvyi Rih	Ukraine	48.0433	33.2100	Europe/Kyiv
KWH	OAHN	Khwahan Airport	Khwahan	Afghanistan	37.8830	70.2170	Asia/Dushanbe
KWI	OKKK	Kuwait International Airport	Kuwait City	Kuwait	29.2266	47.9689	Asia/Riyadh
KWJ	RKJJ	Gwangju Airport	Gwangju	South Korea	35.1264	126.8090	Asia/Seoul
KWK	PAGG	Kwigillingok Airport	Kwigillingok	United States	59.8765	-163.1690	America/Nome
KWL	ZGKL	Guilin Liangjiang International Airport	Guilin City	China	25.2181	110.0390	Asia/Shanghai
KWM	YKOW	Kowanyama Airport	Kowanyama	Australia	-15.4856	141.7510	Australia/Brisbane
KWN	PAQH	Quinhagak Airport	Quinhagak	United States	59.7551	-161.8450	America/Anchorage
KWO	AYKW	Kawito Airport	Kawito	Papua New Guinea	-7.9770	142.8236	Pacific/Port_Moresby
KWS	AGKW	Kwailabesi Airport	Kwailabesi	Solomon Islands	-8.3605	160.7751	Pacific/Guadalcanal
KWT	PFKW	Kwethluk Airport	Kwethluk	United States	60.7903	-161.4440	America/Anchorage
KWZ	FZQM	Kolwezi Airport		DR Congo	-10.7659	25.5057	Africa/Maputo
KXB	WAWP	Sangia Nibandera Airport	Kolaka	Indonesia	-4.3412	121.5240	Asia/Makassar
KXD	USHK	Kondinskoye Airport	Kondinskoye	Russia	59.6551	67.4300	Asia/Yekaterinburg
KXE	FAKD	P C Pelser Airport	Klerksdorp	South Africa	-26.8711	26.7180	Africa/Johannesburg
KXF	NFNO	Koro Island Airport	Koro Island	Fiji	-17.3458	179.4220	Pacific/Fiji
KXK	UHKK	Komsomolsk-on-Amur Airport	Komsomolsk-on-Amur	Russia	50.4090	136.9340	Asia/Vladivostok
KXU	NTKT	Katiu Airport	Katiu	French Polynesia	-16.3394	-144.4030	Pacific/Tahiti
KYA	LTAN	Konya Airport	Konya	Turkey	37.9790	32.5619	Europe/Istanbul
KYD	RCLY	Lanyu Airport	Orchid Island	Taiwan	22.0270	121.5350	Asia/Taipei
KYE	OLKA	Rene Mouawad Air Base	Tripoli	Lebanon	34.5893	36.0113	Asia/Beirut
KYF	YYLR	Yeelirrie Airport		Australia	-27.2771	120.0957	Australia/Perth
KYI	YYTA	Yalata Mission Airport	Yalata Mission	Australia	-31.4706	131.8250	Australia/Adelaide
KYK	PAKY	Karluk Airport	Karluk	United States	57.5671	-154.4500	America/Anchorage
KYP	VYKP	Kyaukpyu Airport	Kyaukpyu	Myanmar	19.4264	93.5348	Asia/Yangon
KYS	GAKY	Kayes Dag Dag Airport		Mali	14.4812	-11.4044	Africa/Abidjan
KYT	VYKU	Kyauktu Airport	Kyauktu	Myanmar	21.4000	94.1333	Asia/Yangon
KYU	PFKU	Koyukuk Airport	Koyukuk	United States	64.8761	-157.7270	America/Anchorage
KYZ	UNKY	Kyzyl Airport	Kyzyl	Russia	51.6694	94.4006	Asia/Krasnoyarsk
KZC	VDKH	Kampong Chhnang Airport		Cambodia	12.2552	104.5640	Asia/Bangkok
KZF	AYKT	Kaintiba Airport	Kaintiba	Papua New Guinea	-7.5003	146.0338	Pacific/Port_Moresby
KZG	EDGY	Kitzingen Airport	Kitzingen	Germany	49.7416	10.1989	Europe/Berlin
KZI	LGKZ	Filippos Airport	Kozani	Greece	40.2861	21.8408	Europe/Athens
KZN	UWKD	Kazan International Airport	Kazan	Russia	55.6062	49.2787	Europe/Moscow
KZO	UAOO	Kzyl-Orda Southwest Airport	Kzyl-Orda	Kazakhstan	44.7069	65.5925	Asia/Qyzylorda
KZR	LTBZ	Zafer Airport	Altintas	Turkey	39.1090	30.1371	Europe/Istanbul
KZS	LGKJ	Kastelorizo Airport	Kastelorizo Island	Greece	36.1417	29.5764	Europe/Athens
LAA	KLAA	Lamar Municipal Airport	Lamar	United States	38.0697	-102.6880	America/Denver
LAD	FNLU	Quatro De Fevereiro Airport	Luanda	Angola	-8.8584	13.2312	Africa/Lagos
LAE	AYNZ	Lae Nadzab Airport	Nadzab	Papua New Guinea	-6.5698	146.7260	Pacific/Port_Moresby
LAF	KLAF	Purdue University Airport	Lafayette	United States	40.4123	-86.9369	America/Indiana/Indianapolis
LAH	WAPH	Oesman Sadik Airport Labuha	Labuha-Halmahera Island	Indonesia	-0.6353	127.5020	Asia/Jayapura
LAI	LFRO	Lannion-Cote de Granit Airport	Lannion	France	48.7544	-3.4717	Europe/Paris
LAJ	SBLJ	Lages Airport	Lages	Brazil	-27.7821	-50.2815	America/Sao_Paulo
LAK	CYKD	Aklavik Airport	Aklavik	Canada	68.2233	-135.0060	America/Inuvik
LAL	KLAL	Lakeland Linder Regional Airport	Lakeland	United States	27.9889	-82.0186	America/New_York
LAM	KLAM	Los Alamos Airport	Los Alamos	United States	35.8798	-106.2690	America/Denver
LAN	KLAN	Capital Region International Airport	Lansing	United States	42.7787	-84.5874	America/Detroit
LAO	RPLI	Laoag International Airport	Laoag City	Philippines	18.1781	120.5320	Asia/Manila
LAP	MMLP	Manuel Marquez de Leon International Airport	La Paz	Mexico	24.0727	-110.3620	America/Mazatlan
LAQ	HLLQ	La Abraq Airport	Al Bayda'	Libya	32.7887	21.9643	Africa/Tripoli
LAR	KLAR	Laramie Regional Airport	Laramie	United States	41.3121	-105.6750	America/Denver
LAS	KLAS	Harry Reid International Airport	Las Vegas	United States	36.0801	-115.1520	America/Los_Angeles
LAU	HKLU	Manda Airstrip	Lamu	Kenya	-2.2524	40.9131	Africa/Nairobi
LAW	KLAW	Lawton Fort Sill Regional Airport	Lawton	United States	34.5677	-98.4166	America/Chicago
LAX	KLAX	Los Angeles International Airport	Los Angeles	United States	33.9425	-118.4080	America/Los_Angeles
LAY	FALY	Ladysmith Airport	Ladysmith	South Africa	-28.5817	29.7497	Africa/Johannesburg
LAZ	SBLP	Bom Jesus da Lapa Airport	Bom Jesus Da Lapa	Brazil	-13.2621	-43.4081	America/Bahia
LBA	EGNM	Leeds Bradford Airport	Leeds	United Kingdom	53.8659	-1.6606	Europe/London
LBB	KLBB	Lubbock Preston Smith International Airport	Lubbock	United States	33.6636	-101.8230	America/Chicago
LBC	EDHL	Lubeck Blankensee Airport	Lubeck	Germany	53.8054	10.7192	Europe/Berlin
LBD	UTDL	Khudzhand Airport	Khudzhand	Tajikistan	40.2154	69.6947	Asia/Dushanbe
LBE	KLBE	Arnold Palmer Regional Airport	Latrobe	United States	40.2759	-79.4048	America/New_York
LBF	KLBF	North Platte Regional Airport Lee Bird Field	North Platte	United States	41.1262	-100.6840	America/Chicago
LBG	LFPB	Paris-Le Bourget Airport	Paris	France	48.9694	2.4414	Europe/Paris
LBI	LFCI	Albi-Le Sequestre Airport	Albi/Le Sequestre	France	43.9139	2.1131	Europe/Paris
LBJ	WATO	Komodo (Mutiara II) Airport	Labuan Bajo-Flores Island	Indonesia	-8.4867	119.8890	Asia/Makassar
LBL	KLBL	Liberal Mid-America Regional Airport	Liberal	United States	37.0442	-100.9600	America/Chicago
LBO	FZVI	Lusambo Airport	Lusambo	DR Congo	-4.9617	23.3783	Africa/Maputo
LBQ	FOGR	Lambarene Airport	Lambarene	Gabon	-0.7044	10.2457	Africa/Lagos
LBR	SWLB	Labrea Airport	Labrea	Brazil	-7.2790	-64.7695	America/Manaus
LBS	NFNL	Labasa Airport		Fiji	-16.4667	179.3400	Pacific/Fiji
LBT	KLBT	Lumberton Municipal Airport	Lumberton	United States	34.6099	-79.0594	America/New_York
LBU	WBKL	Labuan Airport	Labuan	Malaysia	5.3007	115.2500	Asia/Kuching
LBV	FOOL	Leon M Ba Airport	Libreville	Gabon	0.4586	9.4123	Africa/Lagos
LBW	WRLB	Long Bawan Airport	Long Bawan-Borneo Island	Indonesia	3.8670	115.6830	Asia/Makassar
LBX	RPLU	Lubang Airport		Philippines	13.8554	120.1050	Asia/Manila
LBY	LFRE	La Baule-Escoublac Airport	La Baule-Escoublac	France	47.2894	-2.3464	Europe/Paris
LBZ	FNLK	Lucapa Airport	Lucapa	Angola	-8.4457	20.7321	Africa/Lagos
LCA	LCLK	Larnaca International Airport	Larnarca	Cyprus	34.8751	33.6249	Asia/Nicosia
LCC	LIBN	Lecce Airport		Italy	40.2392	18.1333	Europe/Rome
LCD	FALO	Louis Trichardt Airport	Louis Trichardt	South Africa	-23.0619	29.8647	Africa/Johannesburg
LCE	MHLC	Goloson International Airport	La Ceiba	Honduras	15.7425	-86.8530	America/Tegucigalpa
LCF	MGRD	Las Vegas Airport	Rio Dulce	Guatemala	15.6689	-88.9579	America/Guatemala
LCG	LECO	A Coruna Airport	Culleredo	Spain	43.3021	-8.3773	Europe/Madrid
LCH	KLCH	Lake Charles Regional Airport	Lake Charles	United States	30.1261	-93.2233	America/Chicago
LCI	KLCI	Laconia Municipal Airport	Laconia	United States	43.5727	-71.4189	America/New_York
LCJ	EPLL	Lodz Wladyslaw Reymont Airport	Lodz	Poland	51.7219	19.3981	Europe/Warsaw
LCK	KLCK	Rickenbacker International Airport	Columbus	United States	39.8138	-82.9278	America/New_York
LCL	MULM	La Coloma Airport	Pinar del Rio	Cuba	22.3361	-83.6419	America/Havana
LCM	SACC	La Cumbre Airport	La Cumbre	Argentina	-31.0058	-64.5319	America/Argentina/Cordoba
LCN	YBLC	Balcanoona Airport		Australia	-30.5350	139.3370	Australia/Adelaide
LCO	FCBL	Lague Airport	Lague	Congo	-2.4500	14.5330	Africa/Lagos
LCQ	KLCQ	Lake City Gateway Airport	Lake City	United States	30.1820	-82.5769	America/New_York
LCV	LIQL	Lucca / Tassignano Airport	Lucca	Italy	43.8282	10.5781	Europe/Rome
LCX	ZSLD	Longyan Guanzhishan Airport	Longyan	China	25.6747	116.7470	Asia/Shanghai
LCY	EGLC	London City Airport	London	United Kingdom	51.5053	0.0553	Europe/London
LDA	VEMH	Malda Airport	Malda	India	25.0110	88.1270	Asia/Kolkata
LDB	SBLO	Governador Jose Richa Airport	Londrina	Brazil	-23.3336	-51.1301	America/Sao_Paulo
LDC	YLIN	Lindeman Island Airport	Lindeman Island	Australia	-20.4536	149.0400	Australia/Lindeman
LDE	LFBT	Tarbes-Lourdes-Pyrenees Airport	Tarbes/Lourdes/Pyrenees	France	43.1787	-0.0064	Europe/Paris
LDG	ULAL	Leshukonskoye Airport	Leshukonskoye	Russia	64.8960	45.7230	Europe/Moscow
LDH	YLHI	Lord Howe Island Airport	Lord Howe Island	Australia	-31.5383	159.0770	Australia/Lord_Howe
LDI	HTLI	Kikwetu Airport	Lindi	Tanzania	-9.8511	39.7578	Africa/Nairobi
LDJ	KLDJ	Linden Airport	Linden	United States	40.6174	-74.2446	America/New_York
LDK	ESGL	Lidkoping-Hovby Airport	Lidkoping	Sweden	58.4655	13.1744	Europe/Berlin
LDM	KLDM	Mason County Airport	Ludington	United States	43.9625	-86.4079	America/Detroit
LDN	VNLD	Lamidanda Airport	Lamidanda	Nepal	27.2531	86.6700	Asia/Kathmandu
LDO	SMDO	Ladouanie Airport	Aurora	Suriname	4.3761	-55.4071	America/Paramaribo
LDS	ZYLD	Lindu Airport	Yichun	China	47.7521	129.0191	Asia/Shanghai
LDU	WBKD	Lahad Datu Airport	Lahad Datu	Malaysia	5.0322	118.3240	Asia/Kuching
LDV	LFRJ	Landivisiau Air Base	Landivisiau	France	48.5303	-4.1516	Europe/Paris
LDX	SOOM	Saint-Laurent-du-Maroni Airport	Saint-Laurent-du-Maroni	French Guiana	5.4831	-54.0344	America/Cayenne
LDY	EGAE	City of Derry Airport	Derry	United Kingdom	55.0428	-7.1611	Europe/London
LDZ	FALD	Londolozi Airport	Londolozi	South Africa	-24.7502	31.4757	Africa/Johannesburg
LEA	YPLM	Learmonth Airport	Exmouth	Australia	-22.2356	114.0890	Australia/Perth
LEB	KLEB	Lebanon Municipal Airport	Lebanon	United States	43.6261	-72.3042	America/New_York
LEC	SBLE	Chapada Diamantina Airport	Lencois	Brazil	-12.4823	-41.2770	America/Bahia
LED	ULLI	Pulkovo Airport	St. Petersburg	Russia	59.8003	30.2625	Europe/Moscow
LEE	KLEE	Leesburg International Airport	Leesburg	United States	28.8231	-81.8087	America/New_York
LEF	FXLK	Lebakeng Airport	Lebakeng	Lesotho	-29.8908	28.6556	Africa/Johannesburg
LEH	LFOH	Le Havre Octeville Airport	Le Havre/Octeville	France	49.5339	0.0881	Europe/Paris
LEI	LEAM	Almeria International Airport	Almeria	Spain	36.8439	-2.3701	Europe/Madrid
LEJ	EDDP	Leipzig Halle Airport	Leipzig	Germany	51.4324	12.2416	Europe/Berlin
LEK	GULB	Labe Airport		Guinea	11.3261	-12.2868	Africa/Abidjan
LEL	YLEV	Lake Evella Airport	Lake Evella	Australia	-12.4989	135.8060	Australia/Darwin
LEM	KLEM	Lemmon Municipal Airport	Lemmon	United States	45.9187	-102.1060	America/Denver
LEN	LELN	Leon Airport	Leon	Spain	42.5890	-5.6556	Europe/Madrid
LEP	SNDN	Leopoldina Airport	Leopoldina	Brazil	-21.4661	-42.7270	America/Sao_Paulo
LEQ	EGHC	Land's End Airport	Land's End	United Kingdom	50.1028	-5.6706	Europe/London
LER	YLST	Leinster Airport		Australia	-27.8433	120.7030	Australia/Perth
LES	FXLS	Lesobeng Airport	Lesobeng	Lesotho	-29.7829	28.3167	Africa/Johannesburg
LET	SKLT	Alfredo Vasquez Cobo International Airport	Leticia	Colombia	-4.1936	-69.9432	America/Bogota
LEU	LESU	Aerodrom dels Pirineus-Alt Urgell Airport	Montferrer / Castellbo	Spain	42.3386	1.4092	Europe/Madrid
LEV	NFNB	Levuka Airfield	Bureta	Fiji	-17.7111	178.7590	Pacific/Fiji
LEW	KLEW	Auburn Lewiston Municipal Airport	Auburn/Lewiston	United States	44.0485	-70.2835	America/New_York
LEX	KLEX	Blue Grass Airport	Lexington	United States	38.0365	-84.6059	America/New_York
LEY	EHLE	Lelystad Airport	Lelystad	Netherlands, Kingdom of the	52.4603	5.5272	Europe/Brussels
LEZ	MHLE	La Esperanza Airport	La Esperanza	Honduras	14.2911	-88.1750	America/Tegucigalpa
LFB	FQLU	Lumbo Airport	Lumbo	Mozambique	-15.0331	40.6717	Africa/Maputo
LFI	KLFI	Langley Air Force Base	Hampton	United States	37.0829	-76.3605	America/New_York
LFK	KLFK	Angelina County Airport	Lufkin	United States	31.2340	-94.7500	America/Chicago
LFM	OISR	Lamerd Airport	Lamerd	Iran	27.3727	53.1888	Asia/Tehran
LFN	KLHZ	Triangle North Executive Airport	Louisburg	United States	36.0233	-78.3303	America/New_York
LFO	HAKL	Kelafo East Airport	Kelafo	Ethiopia	5.6570	44.3500	Africa/Nairobi
LFP	YLFD	Lakefield Airport		Australia	-14.9333	144.2000	Australia/Brisbane
LFR	SVLF	La Fria Airport		Venezuela	8.2392	-72.2710	America/Caracas
LFT	KLFT	Lafayette Regional Airport	Lafayette	United States	30.2053	-91.9876	America/Chicago
LFW	DXXX	Lome-Tokoin Airport	Lome	Togo	6.1656	1.2545	Africa/Abidjan
LGA	KLGA	La Guardia Airport	New York	United States	40.7772	-73.8726	America/New_York
LGB	KLGB	Long Beach /Daugherty Field/ Airport	Long Beach	United States	33.8177	-118.1520	America/Los_Angeles
LGC	KLGC	Lagrange Callaway Airport	Lagrange	United States	33.0089	-85.0726	America/New_York
LGD	KLGD	La Grande Union County Airport	La Grande	United States	45.2902	-118.0070	America/Los_Angeles
LGF	KLGF	Laguna AAF (Yuma Proving Ground) Airfield	Yuma Proving Ground(Yuma)	United States	32.8600	-114.3970	America/Phoenix
LGG	EBLG	Liege Airport	Liege	Belgium	50.6374	5.4432	Europe/Brussels
LGH	YLEC	Leigh Creek Airport		Australia	-30.5983	138.4260	Australia/Adelaide
LGI	MYLD	Deadman's Cay Airport	Deadman's Cay	Bahamas	23.1790	-75.0936	America/Toronto
LGK	WMKL	Langkawi International Airport	Langkawi	Malaysia	6.3297	99.7287	Asia/Singapore
LGL	WBGF	Long Lellang Airport	Long Datih	Malaysia	3.4210	115.1540	Asia/Kuching
LGO	EDWL	Langeoog Airport	Langeoog	Germany	53.7425	7.4978	Europe/Berlin
LGP	RPLP	Legazpi City International Airport	Legazpi City	Philippines	13.1575	123.7350	Asia/Manila
LGQ	SENL	Nueva Loja Airport	Lago Agrio	Ecuador	0.0931	-76.8675	America/Guayaquil
LGR	SCHR	Cochrane Airport	Cochrane	Chile	-47.2438	-72.5884	America/Santiago
LGS	SAMM	Comodoro D.R. Salomon Airport	Malargue	Argentina	-35.4936	-69.5743	America/Argentina/Mendoza
LGT	SKGA	La Gaviota Airport		Colombia	4.5497	-70.9250	America/Bogota
LGU	KLGU	Logan Cache Airport	Logan	United States	41.7912	-111.8520	America/Denver
LGW	EGKK	London Gatwick Airport	London	United Kingdom	51.1481	-0.1903	Europe/London
LHA	EDTL	Lahr Airport		Germany	48.3693	7.8277	Europe/Berlin
LHB	EG74	Bruntingthorpe Airport	Bruntingthorpe	United Kingdom	52.4930	-1.1251	Europe/London
LHE	OPLA	Alama Iqbal International Airport	Lahore	Pakistan	31.5216	74.4036	Asia/Karachi
LHG	YLRD	Lightning Ridge Airport		Australia	-29.4567	147.9840	Australia/Sydney
LHI	WAJL	Lereh Airport	Lereh-Papua Island	Indonesia	-3.1279	139.9430	Asia/Jayapura
LHK	ZHGH	Guangzhou MR Air Base	Guanghua	China	32.3894	111.6950	Asia/Shanghai
LHR	EGLL	London Heathrow Airport	London	United Kingdom	51.4706	-0.4619	Europe/London
LHS	SAVH	Las Heras Airport	Las Heras	Argentina	-46.5383	-68.9653	America/Argentina/Rio_Gallegos
LHU	FYLS	Lianshulu Airport	Muneambuanas	Namibia	-18.1167	23.3933	Africa/Maputo
LHV	KLHV	William T. Piper Memorial Airport	Lock Haven	United States	41.1356	-77.4223	America/New_York
LHW	ZLLL	Lanzhou Zhongchuan Airport	Lanzhou	China	36.5152	103.6200	Asia/Shanghai
LIA	ZULP	Liangping Airport	Liangping	China	30.6794	107.7860	Asia/Shanghai
LIC	KLIC	Limon Municipal Airport	Limon	United States	39.2748	-103.6660	America/Denver
LIE	FZFA	Libenge Airport	Libenge	DR Congo	3.6330	18.6330	Africa/Lagos
LIF	NWWL	Lifou Airport	Lifou	New Caledonia	-20.7748	167.2400	Pacific/Noumea
LIG	LFBL	Limoges Airport	Limoges/Bellegarde	France	45.8628	1.1794	Europe/Paris
LIH	PHLI	Lihue Airport	Lihue	United States	21.9760	-159.3390	Pacific/Honolulu
LII	WAJM	Mulia Airport	Mulia-Papua Island	Indonesia	-3.7095	137.9760	Asia/Jayapura
LIL	LFQQ	Lille-Lesquin Airport	Lille/Lesquin	France	50.5619	3.0894	Europe/Paris
LIM	SPJC	Jorge Chavez International Airport	Lima	Peru	-12.0219	-77.1143	America/Lima
LIN	LIML	Linate Airport	Milan	Italy	45.4451	9.2767	Europe/Rome
LIO	MRLM	Limon International Airport	Puerto Limon	Costa Rica	9.9580	-83.0220	America/Costa_Rica
LIP	SBLN	Lins Airport	Lins	Brazil	-21.6640	-49.7305	America/Sao_Paulo
LIQ	FZGA	Lisala Airport	Lisala	DR Congo	2.1710	21.4971	Africa/Maputo
LIR	MRLB	Daniel Oduber Quiros International Airport	Liberia	Costa Rica	10.5933	-85.5444	America/Costa_Rica
LIS	LPPT	Lisbon Portela Airport	Lisbon	Portugal	38.7813	-9.1359	Europe/Lisbon
LIT	KLIT	Adams Field	Little Rock	United States	34.7294	-92.2243	America/Chicago
LIW	VYLK	Loikaw Airport	Loikaw	Myanmar	19.6915	97.2148	Asia/Yangon
LIX	FWLK	Likoma Island Airport	Likoma Island	Malawi	-12.0830	34.7330	Africa/Maputo
LIY	KLHW	Wright Aaf (Fort Stewart)/Midcoast Regional Airport	Fort Stewart(Hinesville)	United States	31.8891	-81.5623	America/New_York
LJA	FZVA	Lodja Airport	Lodja	DR Congo	-3.4170	23.4500	Africa/Maputo
LJG	ZPLJ	Lijiang Airport	Lijiang	China	26.6800	100.2460	Asia/Shanghai
LJN	KLBX	Texas Gulf Coast Regional Airport	Angleton/Lake Jackson	United States	29.1086	-95.4621	America/Chicago
LJU	LJLJ	Ljubljana Joze Pucnik Airport	Ljubljana	Slovenia	46.2237	14.4576	Europe/Belgrade
LKA	WRKL	Gewayentana Airport	Larantuka-Flores Island	Indonesia	-8.3467	122.9810	Asia/Makassar
LKB	NFNK	Lakeba Island Airport	Lakeba Island	Fiji	-18.1992	-178.8170	Pacific/Fiji
LKD	YLND	Lakeland Airport		Australia	-15.8333	144.8500	Australia/Brisbane
LKG	HKLK	Lokichoggio Airport	Lokichoggio	Kenya	4.2041	34.3482	Africa/Nairobi
LKH	WBGL	Long Akah Airport	Long Akah	Malaysia	3.3000	114.7830	Asia/Kuching
LKK	PAKL	Kulik Lake Airport	Kulik Lake	United States	58.9821	-155.1210	America/Anchorage
LKL	ENNA	Banak Airport	Lakselv	Norway	70.0688	24.9735	Europe/Berlin
LKN	ENLK	Leknes Airport	Leknes	Norway	68.1525	13.6094	Europe/Berlin
LKO	VILK	Chaudhary Charan Singh International Airport	Lucknow	India	26.7606	80.8893	Asia/Kolkata
LKP	KLKP	Lake Placid Airport	Lake Placid	United States	44.2645	-73.9619	America/New_York
LKV	KLKV	Lake County Airport	Lakeview	United States	42.1611	-120.3990	America/Los_Angeles
LKW	OOLK	Lekhwair Airport		Oman	22.8050	55.3734	Asia/Dubai
LKY	HTLM	Lake Manyara Airport	Lake Manyara National Park	Tanzania	-3.3763	35.8183	Africa/Nairobi
LKZ	EGUL	RAF Lakenheath	Lakenheath	United Kingdom	52.4093	0.5610	Europe/London
LLA	ESPA	Lulea Airport	Lulea	Sweden	65.5438	22.1220	Europe/Berlin
LLB	ZULB	Qiannan Libo Airport		China	25.4525	107.9617	Asia/Shanghai
LLE	FAMN	Riverside Airport	Malelane	South Africa	-25.4300	31.5767	Africa/Johannesburg
LLF	ZGLG	Lingling Airport	Yongzhou	China	26.3387	111.6100	Asia/Shanghai
LLG	YCGO	Chillagoe Airport		Australia	-17.1428	144.5290	Australia/Brisbane
LLI	HALL	Lalibella Airport	Lalibela	Ethiopia	11.9750	38.9800	Africa/Nairobi
LLJ	VGLM	Lalmonirhat Airport	Lalmonirhat	Bangladesh	25.8875	89.4331	Asia/Dhaka
LLK	UBBL	Lankaran International Airport	Lankaran	Azerbaijan	38.7464	48.8180	Asia/Baku
LLS	SATK	Alferez Armando Rodriguez Airport	Las Lomitas	Argentina	-24.7214	-60.5488	America/Argentina/Cordoba
LLT	FNLB	Lobito Airport	Lobito	Angola	-12.3712	13.5366	Africa/Lagos
LLW	FWKI	Lilongwe International Airport	Lilongwe	Malawi	-13.7894	33.7810	Africa/Maputo
LLX	KCDA	Caledonia County Airport	Lyndonville	United States	44.5691	-72.0180	America/New_York
LLY	KVAY	South Jersey Regional Airport	Mount Holly	United States	39.9429	-74.8457	America/New_York
LMA	PAMH	Minchumina Airport	Minchumina	United States	63.8860	-152.3020	America/Anchorage
LMB	FWSM	Salima Airport	Salima	Malawi	-13.7559	34.5842	Africa/Maputo
LME	LFRM	Le Mans-Arnage Airport	Le Mans/Arnage	France	47.9486	0.2017	Europe/Paris
LMI	AYLU	Lumi Airport	Lumi	Papua New Guinea	-3.4768	142.0413	Pacific/Port_Moresby
LMM	MMLM	Valle del Fuerte International Airport	Los Mochis	Mexico	25.6852	-109.0810	America/Mazatlan
LMN	WBGJ	Limbang Airport	Limbang	Malaysia	4.8083	115.0100	Asia/Kuching
LMO	EGQS	RAF Lossiemouth	Lossiemouth	United Kingdom	57.7052	-3.3392	Europe/London
LMP	LICD	Lampedusa Airport	Lampedusa	Italy	35.4979	12.6181	Europe/Rome
LMQ	HLMB	Marsa Brega Airport		Libya	30.3781	19.5764	Africa/Tripoli
LMR	FALC	Lime Acres Finsch Mine Airport	Lime Acres	South Africa	-28.3601	23.4391	Africa/Johannesburg
LMS	KLMS	Louisville Winston County Airport	Louisville	United States	33.1462	-89.0625	America/Chicago
LMT	KLMT	Crater Lake/Klamath Regional Airport	Klamath Falls	United States	42.1561	-121.7330	America/Los_Angeles
LMV	VRGD	Madivaru Airport	Naifaru	Maldives	5.4574	73.3701	Indian/Maldives
LMY	AYLM	Lake Murray Airport	Lake Murray	Papua New Guinea	-7.0099	141.4940	Pacific/Port_Moresby
LNA	KLNA	Palm Beach County Park Airport	West Palm Beach	United States	26.5930	-80.0851	America/New_York
LNB	NVSM	Lamen Bay Airport	Lamen Bay	Vanuatu	-16.5842	168.1590	Pacific/Efate
LND	KLND	Hunt Field	Lander	United States	42.8152	-108.7300	America/Denver
LNE	NVSO	Lonorore Airport	Lonorore	Vanuatu	-15.8656	168.1720	Pacific/Efate
LNH	YLKN	Lake Nash Airport		Australia	-20.9667	137.9170	Australia/Darwin
LNI	PALN	Lonely Air Station	Lonely	United States	70.9107	-153.2420	America/Anchorage
LNJ	ZPLC	Lincang Airport	Lincang	China	23.7383	100.0250	Asia/Shanghai
LNK	KLNK	Lincoln Airport	Lincoln	United States	40.8510	-96.7592	America/Chicago
LNL	ZLLN	Longnan Chengxian Airport	Longnan	China	33.7880	105.7970	Asia/Shanghai
LNN	KLNN	Lake County Executive Airport	Willoughby	United States	41.6840	-81.3897	America/New_York
LNO	YLEO	Leonora Airport	Leonora	Australia	-28.8781	121.3150	Australia/Perth
LNP	KLNP	Lonesome Pine Airport	Wise	United States	36.9875	-82.5300	America/New_York
LNR	KLNR	Tri-County Regional Airport	Lone Rock	United States	43.2117	-90.1816	America/Chicago
LNS	KLNS	Lancaster Airport	Lancaster	United States	40.1217	-76.2961	America/New_York
LNV	AYKY	Londolovit Airport	Londolovit	Papua New Guinea	-3.0436	152.6290	Pacific/Port_Moresby
LNX	UUBS	Smolensk South Airport	Smolensk	Russia	54.7450	32.0650	Europe/Moscow
LNY	PHNY	Lanai Airport	Lanai City	United States	20.7856	-156.9510	Pacific/Honolulu
LNZ	LOWL	Linz Airport	Linz	Austria	48.2332	14.1875	Europe/Vienna
LOA	YLOR	Lorraine Airport		Australia	-18.9933	139.9070	Australia/Brisbane
LOB	SCAN	San Rafael Airport	Los Andes	Chile	-32.8142	-70.6467	America/Santiago
LOC	YLOK	Lock Airport	Lock	Australia	-33.5442	135.6930	Australia/Adelaide
LOD	NVSG	Longana Airport	Longana	Vanuatu	-15.3067	167.9670	Pacific/Efate
LOE	VTUL	Loei Airport		Thailand	17.4391	101.7220	Asia/Bangkok
LOH	SETM	Camilo Ponce Enriquez Airport	La Toma (Catamayo)	Ecuador	-3.9959	-79.3719	America/Guayaquil
LOI	SSLN	Helmuth Baungarten Airport	Lontras	Brazil	-27.1600	-49.5425	America/Sao_Paulo
LOK	HKLO	Lodwar Airport	Lodwar	Kenya	3.1220	35.6087	Africa/Nairobi
LOL	KLOL	Derby Field	Lovelock	United States	40.0664	-118.5650	America/Los_Angeles
LOO	DAUL	Laghouat Airport	Laghouat	Algeria	33.7644	2.9283	Africa/Algiers
LOP	WADL	Bandara International Lombok Airport	Mataram	Indonesia	-8.7573	116.2767	Asia/Makassar
LOS	DNMM	Murtala Muhammed International Airport	Lagos	Nigeria	6.5774	3.3212	Africa/Lagos
LOT	KLOT	Lewis University Airport	Chicago/Romeoville	United States	41.6073	-88.0962	America/Chicago
LOU	KLOU	Bowman Field	Louisville	United States	38.2280	-85.6637	America/Kentucky/Louisville
LOV	MMMV	Monclova International Airport		Mexico	26.9557	-101.4700	America/Monterrey
LOW	KLKU	Louisa County-Freeman field	Louisa	United States	38.0098	-77.9701	America/New_York
LOY	HKLY	Loyengalani Airport	Loyengalani	Kenya	2.7500	36.7170	Africa/Nairobi
LOZ	KLOZ	London Corbin Airport Magee Field	London	United States	37.0822	-84.0849	America/New_York
LPA	GCLP	Gran Canaria Airport	Gran Canaria Island	Spain	27.9319	-15.3866	Atlantic/Canary
LPB	SLLP	El Alto International Airport	La Paz / El Alto	Bolivia	-16.5133	-68.1923	America/La_Paz
LPC	KLPC	Lompoc Airport	Lompoc	United States	34.6656	-120.4680	America/Los_Angeles
LPD	SKLP	La Pedrera Airport	La Pedrera	Colombia	-1.3286	-69.5797	America/Bogota
LPF	ZUPS	Liupanshui Yuezhao Airport	Liupanshui	China	26.6094	104.9790	Asia/Shanghai
LPG	SADL	La Plata Airport	La Plata	Argentina	-34.9722	-57.8947	America/Argentina/Buenos_Aires
LPI	ESSL	Linkoping SAAB Airport	Linkoping	Sweden	58.4062	15.6805	Europe/Berlin
LPJ	SVAS	Armando Schwarck Airport	Guayabal	Venezuela	6.5781	-66.8169	America/Caracas
LPK	UUOL	Lipetsk Airport	Lipetsk	Russia	52.7028	39.5378	Europe/Moscow
LPL	EGGP	Liverpool John Lennon Airport	Liverpool	United Kingdom	53.3336	-2.8497	Europe/London
LPM	NVSL	Lamap Airport	Lamap	Vanuatu	-16.4540	167.8230	Pacific/Efate
LPO	KPPO	La Porte Municipal Airport	La Porte	United States	41.5725	-86.7345	America/Chicago
LPP	EFLP	Lappeenranta Airport	Lappeenranta	Finland	61.0446	28.1444	Europe/Helsinki
LPQ	VLLB	Luang Phabang International Airport	Luang Phabang	Laos	19.8973	102.1610	Asia/Bangkok
LPT	VTCL	Lampang Airport		Thailand	18.2709	99.5042	Asia/Bangkok
LPU	WRLP	Long Apung Airport	Long Apung-Borneo Island	Indonesia	1.7045	114.9703	Asia/Makassar
LPX	EVLA	Liepaja International Airport	Liepaja	Latvia	56.5175	21.0969	Europe/Riga
LPY	LFHP	Le Puy-Loudes Airport	Le Puy/Loudes	France	45.0807	3.7629	Europe/Paris
LQK	KLQK	Pickens County Airport	Pickens	United States	34.8100	-82.7029	America/New_York
LQM	SKLG	Caucaya Airport	Puerto Leguizamo	Colombia	-0.1823	-74.7708	America/Bogota
LQN	OAQN	Qala-I-Naw Airport	Qala-I-Naw	Afghanistan	34.9850	63.1178	Asia/Kabul
LRA	LGLR	Larisa Airport	Larisa	Greece	39.6563	22.3400	Europe/Athens
LRB	FXLR	Leribe Airport	Leribe	Lesotho	-28.8556	28.0528	Africa/Johannesburg
LRD	KLRD	Laredo International Airport	Laredo	United States	27.5438	-99.4616	America/Chicago
LRE	YLRE	Longreach Airport	Longreach	Australia	-23.4342	144.2800	Australia/Brisbane
LRF	KLRF	Little Rock Air Force Base	Jacksonville	United States	34.9169	-92.1497	America/Chicago
LRG	OPLL	Loralai Airport	Loralai	Pakistan	30.3555	68.6135	Asia/Karachi
LRH	LFBH	La Rochelle-Ile de Re Airport	La Rochelle/Ile de Re	France	46.1792	-1.1953	Europe/Paris
LRJ	KLRJ	Le Mars Municipal Airport	Le Mars	United States	42.7780	-96.1937	America/Chicago
LRL	DXNG	Niamtougou International Airport	Niamtougou	Togo	9.7673	1.0912	Africa/Abidjan
LRM	MDLR	Casa De Campo International Airport	La Romana	Dominican Republic	18.4507	-68.9118	America/Santo_Domingo
LRR	OISL	Lar Airport	Lar	Iran	27.6747	54.3833	Asia/Tehran
LRS	LGLE	Leros Airport	Leros Island	Greece	37.1849	26.8003	Europe/Athens
LRT	LFRH	Lorient South Brittany (Bretagne Sud) Airport	Lorient/Lann/Bihoue	France	47.7606	-3.4400	Europe/Paris
LRU	KLRU	Las Cruces International Airport	Las Cruces	United States	32.2894	-106.9220	America/Denver
LRV	SVRS	Gran Roque Airport	Los Roques	Venezuela	11.9500	-66.6700	America/Caracas
LSA	AYKA	Losuia Airport	Losuia	Papua New Guinea	-8.5058	151.0810	Pacific/Port_Moresby
LSB	KLSB	Lordsburg Municipal Airport	Lordsburg	United States	32.3335	-108.6920	America/Denver
LSC	SCSE	La Florida Airport	La Serena-Coquimbo	Chile	-29.9162	-71.1995	America/Santiago
LSE	KLSE	La Crosse Municipal Airport	La Crosse	United States	43.8790	-91.2567	America/Chicago
LSF	KLSF	Lawson Army Air Field (Fort Benning)	Fort Benning(Columbus)	United States	32.3373	-84.9913	America/Chicago
LSH	VYLS	Lashio Airport	Lashio	Myanmar	22.9779	97.7522	Asia/Yangon
LSI	EGPB	Sumburgh Airport	Lerwick	United Kingdom	59.8789	-1.2956	Europe/London
LSK	KLSK	Lusk Municipal Airport	Lusk	United States	42.7538	-104.4050	America/Denver
LSL	MRLC	Los Chiles Airport	Los Chiles	Costa Rica	11.0353	-84.7061	America/Costa_Rica
LSM	WBGD	Long Semado Airport	Long Semado	Malaysia	4.2170	115.6000	Asia/Kuching
LSN	KLSN	Los Banos Municipal Airport	Los Banos	United States	37.0629	-120.8690	America/Los_Angeles
LSO	LFOO	Les Sables-d'Olonne Talmont Airport	Les Sables-d'Olonne	France	46.4769	-1.7228	Europe/Paris
LSP	SVJC	Josefa Camejo International Airport	Paraguana	Venezuela	11.7808	-70.1515	America/Caracas
LSQ	SCGE	Maria Dolores Airport	Los Angeles	Chile	-37.4017	-72.4254	America/Santiago
LSS	TFFS	Terre-de-Haut Airport	Les Saintes	Guadeloupe	15.8644	-61.5806	America/Puerto_Rico
LST	YMLT	Launceston Airport	Launceston	Australia	-41.5453	147.2140	Australia/Hobart
LSU	WBGU	Long Sukang Airport	Long Sukang	Malaysia	4.5522	115.4940	Asia/Kuching
LSV	KLSV	Nellis Air Force Base	Las Vegas	United States	36.2362	-115.0340	America/Los_Angeles
LSW	WITM	Malikus Saleh Airport	Lhok Seumawe-Sumatra Island	Indonesia	5.2267	96.9503	Asia/Jakarta
LSX	WITL	Lhok Sukon Airport	Lhok Sukon-Sumatra Island	Indonesia	5.0695	97.2592	Asia/Jakarta
LSY	YLIS	Lismore Airport	Lismore	Australia	-28.8303	153.2600	Australia/Sydney
LSZ	LDLO	Losinj Island Airport	Losinj	Croatia	44.5658	14.3931	Europe/Belgrade
LTA	FATZ	Tzaneen Airport	Tzaneen	South Africa	-23.8244	30.3293	Africa/Johannesburg
LTC	FTTH	Lai Airport	Lai	Chad	9.4000	16.3000	Africa/Ndjamena
LTD	HLTD	Ghadames East Airport	Ghadames	Libya	30.1517	9.7153	Africa/Tripoli
LTG	VNLT	Langtang Airport	Langtang	Nepal	28.2000	85.5830	Asia/Kathmandu
LTI	ZMAT	Altai Airport	Altai	Mongolia	46.3764	96.2211	Asia/Hovd
LTK	OSLK	Bassel Al-Assad International Airport	Latakia	Syria	35.4011	35.9487	Asia/Damascus
LTL	FOOR	Lastourville Airport	Lastourville	Gabon	-0.8267	12.7486	Africa/Lagos
LTM	SYLT	Lethem Airport	Lethem	Guyana	3.3728	-59.7894	America/Boa_Vista
LTN	EGGW	London Luton Airport	London	United Kingdom	51.8747	-0.3683	Europe/London
LTO	MMLT	Loreto International Airport	Loreto	Mexico	25.9892	-111.3480	America/Mazatlan
LTP	YLHS	Lyndhurst Airport	Lyndhurst	Australia	-19.1958	144.3710	Australia/Brisbane
LTQ	LFAT	Le Touquet-Cote d'Opale Airport	Le Touquet-Paris-Plage	France	50.5174	1.6206	Europe/Paris
LTR	EILT	Letterkenny Airport	Letterkenny	Ireland	54.9513	-7.6728	Europe/Dublin
LTS	KLTS	Altus Air Force Base	Altus	United States	34.6671	-99.2667	America/Chicago
LTT	LFTZ	La Mole Airport	La Mole	France	43.2054	6.4820	Europe/Paris
LTU	VALT	Murod Kond Airport	Latur	India	18.4115	76.4647	Asia/Kolkata
LTV	YLOV	Lotus Vale Airport	Lotus Vale	Australia	-17.0483	141.3760	Australia/Brisbane
LTX	SELT	Cotopaxi International Airport	Latacunga	Ecuador	-0.9068	-78.6158	America/Guayaquil
LUA	VNLK	Lukla Airport	Lukla	Nepal	27.6869	86.7297	Asia/Kathmandu
LUB	SYLP	Lumid Pau Airport	Lumid Pau	Guyana	2.3939	-59.4410	America/Guyana
LUC	NFNH	Laucala Island Airport	Laucala Island	Fiji	-16.7481	-179.6670	Pacific/Fiji
LUD	FYLZ	Luderitz Airport	Luderitz	Namibia	-26.6874	15.2429	Africa/Windhoek
LUE	LZLU	Lucenec Airport	Lucenec	Slovakia	48.3394	19.7358	Europe/Prague
LUF	KLUF	Luke Air Force Base	Glendale	United States	33.5350	-112.3830	America/Phoenix
LUG	LSZA	Lugano Airport	Lugano	Switzerland	46.0043	8.9106	Europe/Zurich
LUH	VILD	Ludhiana Airport		India	30.8547	75.9526	Asia/Kolkata
LUJ	FALK	Lusikisiki Airport	Lusikisiki	South Africa	-31.3667	29.5833	Africa/Johannesburg
LUK	KLUK	Cincinnati Municipal Airport Lunken Field	Cincinnati	United States	39.1033	-84.4186	America/New_York
LUL	KLUL	Hesler Noble Field	Laurel	United States	31.6726	-89.1722	America/Chicago
LUM	ZPLX	Mangshi Airport	Luxi	China	24.4011	98.5317	Asia/Shanghai
LUN	FLKK	Kenneth Kaunda International Airport	Lusaka	Zambia	-15.3308	28.4526	Africa/Maputo
LUO	FNUE	Luena Airport	Luena	Angola	-11.7681	19.8977	Africa/Lagos
LUP	PHLU	Kalaupapa Airport	Kalaupapa	United States	21.2110	-156.9740	Pacific/Honolulu
LUQ	SAOU	Brigadier Mayor D Cesar Raul Ojeda Airport	San Luis	Argentina	-33.2732	-66.3564	America/Argentina/San_Luis
LUR	PALU	Cape Lisburne LRRS Airport	Cape Lisburne	United States	68.8751	-166.1100	America/Nome
LUS	FZCE	Lusanga Airport	Lusanga	DR Congo	-4.8000	18.7170	Africa/Lagos
LUT	YLRS	New Laura Airport		Australia	-15.1833	144.3670	Australia/Brisbane
LUU	YLRA	Laura Airport		Australia	-15.5500	144.4500	Australia/Brisbane
LUV	WAPL	Dumatumbun Airport	Langgur-Seram Island	Indonesia	-5.6616	132.7310	Asia/Jayapura
LUW	WAMW	Bubung Airport	Luwok-Celebes Island	Indonesia	-1.0389	122.7720	Asia/Makassar
LUX	ELLX	Luxembourg-Findel International Airport	Luxembourg	Luxembourg	49.6266	6.2115	Europe/Brussels
LUZ	EPLB	Lublin Airport	Lublin	Poland	51.2403	22.7136	Europe/Warsaw
LVA	LFOV	Laval-Entrammes Airport	Laval/Entrammes	France	48.0314	-0.7430	Europe/Paris
LVI	FLLI	Livingstone Airport	Livingstone	Zambia	-17.8218	25.8227	Africa/Maputo
LVK	KLVK	Livermore Municipal Airport	Livermore	United States	37.6934	-121.8200	America/Los_Angeles
LVL	KLVL	Brunswick County Airport	Lawrenceville	United States	36.7728	-77.7943	America/New_York
LVM	KLVM	Mission Field	Livingston	United States	45.6994	-110.4480	America/Denver
LVO	YLTN	Laverton Airport		Australia	-28.6136	122.4240	Australia/Perth
LVP	OIBV	Lavan Island Airport		Iran	26.8103	53.3563	Asia/Tehran
LVR	SILC	Municipal Bom Futuro Airport	Lucas do Rio Verde	Brazil	-13.0379	-55.9502	America/Cuiaba
LVS	KLVS	Las Vegas Municipal Airport	Las Vegas	United States	35.6542	-105.1420	America/Denver
LWB	KLWB	Greenbrier Valley Airport	Lewisburg	United States	37.8583	-80.3995	America/New_York
LWC	KLWC	Lawrence Municipal Airport	Lawrence	United States	39.0112	-95.2166	America/Chicago
LWH	YLAH	Lawn Hill Airport		Australia	-18.5683	138.6350	Australia/Brisbane
LWK	EGET	Lerwick / Tingwall Airport	Lerwick	United Kingdom	60.1922	-1.2436	Europe/London
LWL	KLWL	Wells Municipal Harriet Field	Wells	United States	41.1171	-114.9220	America/Los_Angeles
LWM	KLWM	Lawrence Municipal Airport	Lawrence	United States	42.7172	-71.1234	America/New_York
LWN	UDSG	Gyumri Shirak Airport	Gyumri	Armenia	40.7504	43.8593	Asia/Yerevan
LWO	UKLL	Lviv International Airport	Lviv	Ukraine	49.8125	23.9561	Europe/Kyiv
LWR	EHLW	Leeuwarden Air Base	Leeuwarden	Netherlands, Kingdom of the	53.2286	5.7606	Europe/Brussels
LWS	KLWS	Lewiston Nez Perce County Airport	Lewiston	United States	46.3745	-117.0150	America/Los_Angeles
LWT	KLWT	Lewistown Municipal Airport	Lewistown	United States	47.0493	-109.4670	America/Denver
LWV	KLWV	Lawrenceville Vincennes International Airport	Lawrenceville	United States	38.7643	-87.6055	America/Chicago
LWY	WBGW	Lawas Airport	Lawas	Malaysia	4.8492	115.4080	Asia/Kuching
LXA	ZULS	Lhasa Gonggar Airport	Lhasa	China	29.2978	90.9119	Asia/Shanghai
LXG	VLLN	Luang Namtha Airport	Luang Namtha	Laos	20.9670	101.4000	Asia/Bangkok
LXN	KLXN	Jim Kelly Field	Lexington	United States	40.7910	-99.7773	America/Chicago
LXR	HELX	Luxor International Airport	Luxor	Egypt	25.6710	32.7066	Africa/Cairo
LXS	LGLM	Limnos Airport	Limnos Island	Greece	39.9171	25.2363	Europe/Athens
LXU	FLLK	Lukulu Airport	Lukulu	Zambia	-14.3748	23.2495	Africa/Maputo
LXV	KLXV	Lake County Airport	Leadville	United States	39.2203	-106.3170	America/Denver
LYA	ZHLY	Luoyang Airport	Luoyang	China	34.7411	112.3880	Asia/Shanghai
LYB	MWCL	Edward Bodden Airfield	Little Cayman	Cayman Islands	19.6670	-80.1000	America/Panama
LYC	ESNL	Lycksele Airport		Sweden	64.5483	18.7162	Europe/Berlin
LYE	EGDL	RAF Lyneham	Lyneham	United Kingdom	51.5051	-1.9934	Europe/London
LYG	ZSLG	Lianyungang Airport	Lianyungang	China	34.5717	118.8736	Asia/Shanghai
LYH	KLYH	Lynchburg Regional Preston Glenn Field	Lynchburg	United States	37.3267	-79.2004	America/New_York
LYI	ZSLY	Shubuling Airport	Linyi	China	35.0461	118.4120	Asia/Shanghai
LYN	LFLY	Lyon-Bron Airport	Lyon/Bron	France	45.7272	4.9443	Europe/Paris
LYO	KLYO	Lyons Rice County Municipal Airport	Lyons	United States	38.3428	-98.2269	America/Chicago
LYP	OPFA	Faisalabad International Airport	Faisalabad	Pakistan	31.3650	72.9948	Asia/Karachi
LYR	ENSB	Svalbard Airport Longyear	Longyearbyen	Norway	78.2461	15.4656	Europe/Berlin
LYS	LFLL	Lyon Saint-Exupery Airport	Lyon	France	45.7264	5.0908	Europe/Paris
LYU	KELO	Ely Municipal Airport	Ely	United States	47.8245	-91.8307	America/Chicago
LYX	EGMD	Lydd Airport	Lydd	United Kingdom	50.9561	0.9392	Europe/London
LZA	FZUG	Luiza Airport	Luiza	DR Congo	-7.1830	22.4000	Africa/Maputo
LZC	MMLC	Lazaro Cardenas Airport	Lazaro Cardenas	Mexico	18.0017	-102.2210	America/Mexico_City
LZG	ZULA	Langzhong Gucheng Airport	Langzhong	China	31.5037	106.0353	Asia/Shanghai
LZH	ZGZH	Bailian Airport	Liuzhou	China	24.2075	109.3910	Asia/Shanghai
LZI	FZAL	Luozi Airport	Luozi	DR Congo	-4.9500	14.1330	Africa/Lagos
LZM	FNLZ	Luzamba Airport	Luzamba	Angola	-9.1160	18.0493	Africa/Lagos
LZN	RCFG	Matsu Nangan Airport	Nangang Island	Taiwan	26.1598	119.9580	Asia/Taipei
LZO	ZULZ	Luzhou Airport	Luzhou	China	28.8522	105.3930	Asia/Shanghai
LZR	YLZI	Lizard Island Airport		Australia	-14.6667	145.4500	Australia/Brisbane
LZU	KLZU	Gwinnett County Briscoe Field	Lawrenceville	United States	33.9781	-83.9624	America/New_York
LZY	ZUNZ	Nyingchi Airport	Nyingchi	China	29.3033	94.3353	Asia/Shanghai
MAA	VOMM	Chennai International Airport	Chennai	India	12.9900	80.1693	Asia/Kolkata
MAB	SBMA	Maraba Airport	Maraba	Brazil	-5.3686	-49.1380	America/Belem
MAC	KMAC	Macon Downtown Airport	Macon	United States	32.8221	-83.5620	America/New_York
MAD	LEMD	Madrid Barajas International Airport	Madrid	Spain	40.4936	-3.5668	Europe/Madrid
MAE	KMAE	Madera Municipal Airport	Madera	United States	36.9886	-120.1120	America/Los_Angeles
MAF	KMAF	Midland International Air and Space Port Airport	Midland	United States	31.9425	-102.2020	America/Chicago
MAG	AYMD	Madang Airport	Madang	Papua New Guinea	-5.2071	145.7890	Pacific/Port_Moresby
MAH	LEMH	Menorca Airport	Menorca Island	Spain	39.8626	4.2186	Europe/Madrid
MAI	FWMG	Mangochi Airport	Mangochi	Malawi	-14.4830	35.2670	Africa/Maputo
MAJ	PKMJ	Marshall Islands International Airport	Majuro Atoll	Marshall Islands	7.0648	171.2720	Pacific/Tarawa
MAK	HSSM	Malakal Airport	Malakal	South Sudan	9.5590	31.6522	Africa/Juba
MAL	WAPE	Mangole Airport Falabisahaya	Mangole Island	Indonesia	-1.8758	125.8300	Asia/Jayapura
MAM	MMMA	General Servando Canales International Airport	Matamoros	Mexico	25.7699	-97.5253	America/Matamoros
MAN	EGCC	Manchester Airport	Manchester	United Kingdom	53.3537	-2.2750	Europe/London
MAO	SBEG	Eduardo Gomes International Airport	Manaus	Brazil	-3.0386	-60.0497	America/Manaus
MAQ	VTPM	Mae Sot Airport		Thailand	16.6999	98.5451	Asia/Bangkok
MAR	SVMC	La Chinita International Airport	Maracaibo	Venezuela	10.5582	-71.7279	America/Caracas
MAS	AYMO	Momote Airport		Papua New Guinea	-2.0619	147.4240	Pacific/Port_Moresby
MAT	FZAM	Tshimpi Airport	Matadi	DR Congo	-5.7996	13.4404	Africa/Lagos
MAU	NTTP	Maupiti Airport		French Polynesia	-16.4265	-152.2440	Pacific/Tahiti
MAW	KMAW	Malden Regional Airport	Malden	United States	36.6006	-89.9922	America/Chicago
MAX	GOSM	Ouro Sogui Airport	Matam	Senegal	15.5936	-13.3228	Africa/Abidjan
MAY	MYAB	Clarence A. Bain Airport	Mangrove Cay	Bahamas	24.2877	-77.6846	America/Toronto
MAZ	TJMZ	Eugenio Maria De Hostos Airport	Mayaguez	Puerto Rico	18.2557	-67.1485	America/Puerto_Rico
MBA	HKMO	Mombasa Moi International Airport	Mombasa	Kenya	-4.0348	39.5942	Africa/Nairobi
MBB	YMBL	Marble Bar Airport		Australia	-21.1633	119.8330	Australia/Perth
MBC	FOGG	M'Bigou Airport	M'Bigou	Gabon	-1.8830	11.9330	Africa/Lagos
MBD	FAMM	Mmabatho International Airport	Mafeking	South Africa	-25.7984	25.5480	Africa/Johannesburg
MBE	RJEB	Monbetsu Airport	Monbetsu	Japan	44.3039	143.4040	Asia/Tokyo
MBF	YPOK	Porepunkah Airport		Australia	-36.7177	146.8900	Australia/Melbourne
MBG	KMBG	Mobridge Municipal Airport	Mobridge	United States	45.5465	-100.4080	America/Chicago
MBH	YMYB	Maryborough Airport		Australia	-25.5133	152.7150	Australia/Brisbane
MBI	HTMB	Mbeya Airport	Mbeya	Tanzania	-8.9170	33.4670	Africa/Nairobi
MBJ	MKJS	Sangster International Airport	Montego Bay	Jamaica	18.5037	-77.9134	America/Jamaica
MBK	SWXM	Regional Orlando Villas Boas Airport	Matupa	Brazil	-10.1703	-54.9528	America/Cuiaba
MBL	KMBL	Manistee Co Blacker Airport	Manistee	United States	44.2724	-86.2469	America/Detroit
MBO	RPUM	Mamburao Airport		Philippines	13.2081	120.6050	Asia/Manila
MBP	SPBB	Moyobamba Airport	Moyobamba	Peru	-6.0189	-76.9883	America/Lima
MBQ	HUMA	Mbarara Airport	Mbarara	Uganda	-0.5553	30.5994	Africa/Nairobi
MBS	KMBS	MBS International Airport	Saginaw	United States	43.5329	-84.0796	America/Detroit
MBT	RPVJ	Moises R. Espinosa Airport	Masbate	Philippines	12.3694	123.6290	Asia/Manila
MBU	AGGI	Babanakira Airport	Mbambanakira	Solomon Islands	-9.7475	159.8390	Pacific/Guadalcanal
MBW	YMMB	Melbourne Moorabbin Airport	Melbourne	Australia	-37.9758	145.1020	Australia/Melbourne
MBX	LJMB	Maribor Airport		Slovenia	46.4799	15.6861	Europe/Belgrade
MBY	KMBY	Omar N Bradley Airport	Moberly	United States	39.4639	-92.4270	America/Chicago
MBZ	SWMW	Maues Airport	Maues	Brazil	-3.3722	-57.7248	America/Manaus
MCA	GUMA	Macenta Airport	Macenta	Guinea	8.5330	-9.4670	Africa/Abidjan
MCB	KMCB	Mc Comb/Pike County/John E Lewis Field	Mc Comb	United States	31.1785	-90.4719	America/Chicago
MCC	KMCC	Mc Clellan Airfield	Sacramento	United States	38.6676	-121.4010	America/Los_Angeles
MCD	KMCD	Mackinac Island Airport	Mackinac Island	United States	45.8649	-84.6373	America/Detroit
MCE	KMCE	Merced Regional Macready Field	Merced	United States	37.2847	-120.5140	America/Los_Angeles
MCF	KMCF	MacDill Air Force Base	Tampa	United States	27.8493	-82.5212	America/New_York
MCG	PAMC	McGrath Airport	McGrath	United States	62.9529	-155.6060	America/Anchorage
MCH	SEMH	General Manuel Serrano Airport	Machala	Ecuador	-3.2689	-79.9616	America/Guayaquil
MCI	KMCI	Kansas City International Airport	Kansas City	United States	39.2976	-94.7139	America/Chicago
MCJ	SKLM	Jorge Isaac Airport	La Mina-Maicao	Colombia	11.2325	-72.4901	America/Bogota
MCK	KMCK	Mc Cook Ben Nelson Regional Airport	Mc Cook	United States	40.2063	-100.5920	America/Chicago
MCL	PAIN	Mc Kinley National Park Airport	Mckinley Park	United States	63.7326	-148.9110	America/Anchorage
MCN	KMCN	Middle Georgia Regional Airport	Macon	United States	32.6928	-83.6492	America/New_York
MCO	KMCO	Orlando International Airport	Orlando	United States	28.4294	-81.3090	America/New_York
MCP	SBMQ	Alberto Alcolumbre Airport	Macapa	Brazil	0.0507	-51.0722	America/Belem
MCQ	LHMC	Miskolc Airport	Miskolc	Hungary	48.1369	20.7914	Europe/Budapest
MCR	MGMM	Melchor de Mencos Airport	Melchor de Mencos	Guatemala	17.0686	-89.1522	America/Belize
MCS	SARM	Monte Caseros Airport	Monte Caseros	Argentina	-30.2719	-57.6402	America/Argentina/Cordoba
MCT	OOMS	Muscat International Airport	Muscat	Oman	23.5933	58.2844	Asia/Dubai
MCU	LFBK	Montlucon-Gueret Airport	Montlucon/Gueret	France	46.2226	2.3640	Europe/Paris
MCV	YMHU	McArthur River Mine Airport	McArthur River Mine	Australia	-16.4425	136.0840	Australia/Darwin
MCW	KMCW	Mason City Municipal Airport	Mason City	United States	43.1578	-93.3313	America/Chicago
MCX	URML	Uytash Airport	Makhachkala	Russia	42.8168	47.6523	Europe/Moscow
MCY	YBMC	Sunshine Coast Airport	Maroochydore	Australia	-26.6033	153.0910	Australia/Brisbane
MCZ	SBMO	Zumbi dos Palmares Airport	Maceio	Brazil	-9.5108	-35.7917	America/Maceio
MDC	WAMM	Sam Ratulangi Airport	Manado-Celebes Island	Indonesia	1.5493	124.9260	Asia/Makassar
MDD	KMDD	Midland Airpark	Midland	United States	32.0365	-102.1010	America/Chicago
MDE	SKRG	Jose Maria Cordova International Airport	Rionegro	Colombia	6.1645	-75.4231	America/Bogota
MDF	KMDZ	Taylor County Airport	Medford	United States	45.1010	-90.3033	America/Chicago
MDG	ZYMD	Mudanjiang Hailang International Airport	Mudanjiang	China	44.5241	129.5690	Asia/Shanghai
MDH	KMDH	Southern Illinois Airport	Carbondale/Murphysboro	United States	37.7781	-89.2520	America/Chicago
MDI	DNMK	Makurdi Airport	Makurdi	Nigeria	7.7039	8.6139	Africa/Lagos
MDK	FZEA	Mbandaka Airport	Mbandaka	DR Congo	0.0226	18.2887	Africa/Lagos
MDL	VYMD	Mandalay International Airport	Mandalay	Myanmar	21.7022	95.9779	Asia/Yangon
MDN	KIMS	Madison Municipal Airport	Madison	United States	38.7589	-85.4655	America/Indiana/Indianapolis
MDO	PAMD	Middleton Island Airport	Middleton Island	United States	59.4499	-146.3070	America/Anchorage
MDP	WAKD	Mindiptana Airport	Mindiptana-Papua Island	Indonesia	-5.7500	140.3670	Asia/Jayapura
MDQ	SAZM	Astor Piazzola International Airport	Mar del Plata	Argentina	-37.9342	-57.5733	America/Argentina/Buenos_Aires
MDS	MBMC	Middle Caicos Airport	Middle Caicos	Turks and Caicos Islands	21.8260	-71.8025	America/Grand_Turk
MDT	KMDT	Harrisburg International Airport	Harrisburg	United States	40.1935	-76.7634	America/New_York
MDU	AYMN	Mendi Airport		Papua New Guinea	-6.1477	143.6570	Pacific/Port_Moresby
MDW	KMDW	Chicago Midway International Airport	Chicago	United States	41.7860	-87.7524	America/Chicago
MDX	SATM	Mercedes Airport	Mercedes	Argentina	-29.2214	-58.0878	America/Argentina/Cordoba
MDY	PMDY	Henderson Field	Sand Island	United States Minor Outlying Islands	28.2017	-177.3810	Pacific/Pago_Pago
MDZ	SAME	El Plumerillo Airport	Mendoza	Argentina	-32.8317	-68.7929	America/Argentina/Mendoza
MEA	SBME	Macae Airport	Macae	Brazil	-22.3430	-41.7660	America/Sao_Paulo
MEB	YMEN	Melbourne Essendon Airport		Australia	-37.7281	144.9020	Australia/Melbourne
MEC	SEMT	Eloy Alfaro International Airport	Manta	Ecuador	-0.9461	-80.6788	America/Guayaquil
MED	OEMA	Prince Mohammad Bin Abdulaziz Airport	Medina	Saudi Arabia	24.5534	39.7051	Asia/Riyadh
MEE	NWWR	Mare Airport	Mare	New Caledonia	-21.4817	168.0380	Pacific/Noumea
MEG	FNMA	Malanje Airport	Malanje	Angola	-9.5251	16.3124	Africa/Lagos
MEH	ENMH	Mehamn Airport	Mehamn	Norway	71.0297	27.8267	Europe/Berlin
MEI	KMEI	Key Field	Meridian	United States	32.3326	-88.7519	America/Chicago
MEJ	KGKJ	Port Meadville Airport	Meadville	United States	41.6265	-80.2147	America/New_York
MEK	GMFM	Bassatine Airport	Meknes	Morocco	33.8791	-5.5151	Africa/Casablanca
MEL	YMML	Melbourne International Airport	Melbourne	Australia	-37.6733	144.8430	Australia/Melbourne
MEM	KMEM	Memphis International Airport	Memphis	United States	35.0424	-89.9767	America/Chicago
MEN	LFNB	Mende-Brenoux Airport	Mende/Brenoux	France	44.5021	3.5328	Europe/Paris
MEO	KMQI	Dare County Regional Airport	Manteo	United States	35.9190	-75.6955	America/New_York
MEP	WMAU	Mersing Airport	Mersing	Malaysia	2.3830	103.8670	Asia/Singapore
MEQ	WITC	Seunagan Airport	Peureumeue-Sumatra Island	Indonesia	4.2500	96.2170	Asia/Jakarta
MER	KMER	Castle Airport	Merced	United States	37.3805	-120.5680	America/Los_Angeles
MES	WIMK	Soewondo Air Force Base	Medan	Indonesia	3.5592	98.6711	Asia/Jakarta
MET	YMOT	Moreton Airport	Moreton	Australia	-12.4442	142.6380	Australia/Brisbane
MEU	SBMD	Monte Dourado Airport	Almeirim	Brazil	-0.8898	-52.6022	America/Santarem
MEV	KMEV	Minden Tahoe Airport	Minden	United States	39.0003	-119.7510	America/Los_Angeles
MEW	FZVM	Mweka Airport	Mweka	DR Congo	-4.8500	21.5500	Africa/Maputo
MEX	MMMX	Licenciado Benito Juarez International Airport	Mexico City	Mexico	19.4363	-99.0721	America/Mexico_City
MEY	VNMG	Meghauli Airport	Meghauli	Nepal	27.5774	84.2288	Asia/Kathmandu
MEZ	FAMH	Musina(Messina) Airport	Musina	South Africa	-22.3560	29.9862	Africa/Johannesburg
MFA	HTMA	Mafia Island Airport	Mafia Island	Tanzania	-7.9170	39.6670	Africa/Nairobi
MFC	FXMF	Mafeteng Airport	Mafeteng	Lesotho	-29.8011	27.2436	Africa/Johannesburg
MFD	KMFD	Mansfield Lahm Regional Airport	Mansfield	United States	40.8214	-82.5166	America/New_York
MFE	KMFE	Mc Allen Miller International Airport	Mc Allen	United States	26.1758	-98.2386	America/Chicago
MFF	FOOD	Moanda Airport	Moanda	Gabon	-1.5330	13.2670	Africa/Lagos
MFG	OPMF	Muzaffarabad Airport	Muzaffarabad	Pakistan	34.3390	73.5086	Asia/Karachi
MFI	KMFI	Marshfield Municipal Airport	Marshfield	United States	44.6369	-90.1893	America/Chicago
MFJ	NFMO	Moala Airport	Moala	Fiji	-18.5667	179.9510	Pacific/Fiji
MFK	RCMT	Matsu Beigan Airport	Beigan Island	Taiwan	26.2242	120.0030	Asia/Taipei
MFM	VMMC	Macau International Airport	Taipa	Macao	22.1496	113.5920	Asia/Macau
MFN	NZMF	Milford Sound Airport		New Zealand	-44.6733	167.9230	Pacific/Auckland
MFO	AYNG	Manguna Airport	Manguna	Papua New Guinea	-5.5778	151.7923	Pacific/Port_Moresby
MFP	YMCR	Manners Creek Airport		Australia	-22.1000	137.9830	Australia/Darwin
MFQ	DRRM	Maradi Airport	Maradi	Niger	13.5025	7.1267	Africa/Lagos
MFR	KMFR	Rogue Valley International Medford Airport	Medford	United States	42.3742	-122.8730	America/Los_Angeles
MFS	SKMF	Miraflores Airport	Miraflores	Colombia	1.3500	-71.9444	America/Bogota
MFU	FLMF	Mfuwe Airport	Mfuwe	Zambia	-13.2589	31.9366	Africa/Maputo
MFV	KMFV	Accomack County Airport	Melfa	United States	37.6469	-75.7611	America/New_York
MFX	LFKX	Meribel Airport	Ajaccio	France	45.4069	6.5806	Europe/Paris
MGA	MNMG	Augusto C. Sandino (Managua) International Airport	Managua	Nicaragua	12.1415	-86.1682	America/Managua
MGB	YMTG	Mount Gambier Airport		Australia	-37.7456	140.7850	Australia/Adelaide
MGC	KMGC	Michigan City Municipal Airport	Michigan City	United States	41.7033	-86.8212	America/Chicago
MGD	SLMG	Magdalena Airport	Magdalena	Bolivia	-13.2607	-64.0608	America/La_Paz
MGE	KMGE	Dobbins Air Reserve Base Airport	Marietta	United States	33.9154	-84.5163	America/New_York
MGF	SBMG	Regional de Maringa - Silvio Nane Junior Airport	Maringa	Brazil	-23.4794	-52.0122	America/Sao_Paulo
MGH	FAMG	Margate Airport	Margate	South Africa	-30.8574	30.3430	Africa/Johannesburg
MGJ	KMGJ	Orange County Airport	Montgomery	United States	41.5100	-74.2646	America/New_York
MGK	VYMT	Mong Tong Airport	Mong Tong	Myanmar	20.2967	98.8989	Asia/Yangon
MGL	EDLN	Monchengladbach Airport	Monchengladbach	Germany	51.2303	6.5044	Europe/Berlin
MGM	KMGM	Montgomery Regional (Dannelly Field) Airport	Montgomery	United States	32.3006	-86.3940	America/Chicago
MGN	SKMG	Baracoa Airport	Magangue	Colombia	9.2847	-74.8461	America/Bogota
MGQ	HCMM	Aden Adde International Airport	Mogadishu	Somalia	2.0144	45.3047	Africa/Nairobi
MGR	KMGR	Moultrie Municipal Airport	Moultrie	United States	31.0849	-83.8033	America/New_York
MGS	NCMG	Mangaia Island Airport	Mangaia Island	Cook Islands	-21.8960	-157.9067	Pacific/Rarotonga
MGT	YMGB	Milingimbi Airport	Milingimbi Island	Australia	-12.0944	134.8940	Australia/Darwin
MGU	VYMN	Manaung Airport	Manaung	Myanmar	18.8458	93.6889	Asia/Yangon
MGV	YMGR	Margaret River (Station) Airport		Australia	-18.6217	126.8830	Australia/Perth
MGW	KMGW	Morgantown Municipal Walter L. Bill Hart Field	Morgantown	United States	39.6429	-79.9163	America/New_York
MGX	FOGI	Moabi Airport	Moabi	Gabon	-2.4330	11.0000	Africa/Lagos
MGY	KMGY	Dayton Wright Brothers Airport	Dayton	United States	39.5890	-84.2249	America/New_York
MGZ	VYME	Myeik Airport	Mkeik	Myanmar	12.4398	98.6215	Asia/Yangon
MHA	SYMD	Mahdia Airport	Mahdia	Guyana	5.2775	-59.1511	America/Guyana
MHC	SCPQ	Mocopulli Airport	Dalcahue	Chile	-42.3403	-73.7156	America/Santiago
MHD	OIMM	Mashhad International Airport	Mashhad	Iran	36.2352	59.6410	Asia/Tehran
MHE	KMHE	Mitchell Municipal Airport	Mitchell	United States	43.7748	-98.0386	America/Chicago
MHG	EDFM	Mannheim-City Airport	Mannheim	Germany	49.4731	8.5142	Europe/Berlin
MHH	MYAM	Marsh Harbour International Airport	Marsh Harbour	Bahamas	26.5114	-77.0835	America/Toronto
MHI	HDMO	Moucha Airport	Moucha Island	Djibouti	11.7167	43.2000	Africa/Nairobi
MHK	KMHK	Manhattan Regional Airport	Manhattan	United States	39.1410	-96.6708	America/Chicago
MHL	KMHL	Marshall Memorial Municipal Airport	Marshall	United States	39.0958	-93.2029	America/Chicago
MHO	YMHO	Mount House Airport		Australia	-17.0550	125.7100	Australia/Perth
MHP	UMMM	Minsk 1 Airport	Minsk	Belarus	53.8645	27.5397	Europe/Minsk
MHQ	EFMA	Mariehamn Airport		Finland	60.1222	19.8982	Europe/Helsinki
MHR	KMHR	Sacramento Mather Airport	Sacramento	United States	38.5539	-121.2980	America/Los_Angeles
MHS	KMHS	Dunsmuir Municipal-Mott Airport	Dunsmuir	United States	41.2629	-122.2720	America/Los_Angeles
MHT	KMHT	Manchester Boston Regional Airport	Manchester	United States	42.9326	-71.4357	America/New_York
MHU	YHOT	Mount Hotham Airport	Mount Hotham	Australia	-37.0475	147.3340	Australia/Melbourne
MHV	KMHV	Mojave Airport	Mojave	United States	35.0594	-118.1520	America/Los_Angeles
MHW	SLAG	Monteagudo Airport	El Banado	Bolivia	-19.8270	-63.9610	America/La_Paz
MHX	NCMH	Manihiki Island Airport	Manihiki Island	Cook Islands	-10.3767	-161.0020	Pacific/Rarotonga
MHZ	EGUN	RAF Mildenhall	Mildenhall	United Kingdom	52.3619	0.4864	Europe/London
MIA	KMIA	Miami International Airport	Miami	United States	25.7932	-80.2906	America/New_York
MIB	KMIB	Minot Air Force Base	Minot	United States	48.4156	-101.3580	America/Chicago
MIC	KMIC	Crystal Airport	Minneapolis	United States	45.0620	-93.3539	America/Chicago
MID	MMMD	Licenciado Manuel Crescencio Rejon Int Airport	Merida	Mexico	20.9370	-89.6577	America/Merida
MIE	KMIE	Delaware County Johnson Field	Muncie	United States	40.2423	-85.3959	America/Indiana/Indianapolis
MIG	ZUMY	Mianyang Airport	Mianyang	China	31.4281	104.7410	Asia/Shanghai
MIH	YMIP	Mitchell Plateau Airport	Mitchell Plateau	Australia	-14.7914	125.8240	Australia/Perth
MII	SBML	Marilia Airport	Marilia	Brazil	-22.1969	-49.9264	America/Sao_Paulo
MIJ	MLIP	Mili Island Airport	Mili Island	Marshall Islands	6.0833	171.7330	Pacific/Tarawa
MIK	EFMI	Mikkeli Airport	Mikkeli	Finland	61.6866	27.2018	Europe/Helsinki
MIM	YMER	Merimbula Airport	Merimbula	Australia	-36.9086	149.9010	Australia/Sydney
MIN	YMPA	Minnipa Airport		Australia	-32.8433	135.1450	Australia/Adelaide
MIO	KMIO	Miami Municipal Airport	Miami	United States	36.9092	-94.8875	America/Chicago
MIP	LLMR	Mitzpe Ramon Airfield	Mitzpe Ramon	Israel	30.6506	34.8069	Asia/Jerusalem
MIQ	KMLE	Millard Airport	Omaha	United States	41.1960	-96.1120	America/Chicago
MIR	DTMB	Monastir Habib Bourguiba International Airport	Monastir	Tunisia	35.7581	10.7547	Africa/Tunis
MIS	AYMS	Misima Island Airport	Misima Island	Papua New Guinea	-10.6892	152.8380	Pacific/Port_Moresby
MIT	KMIT	Shafter Minter Field	Shafter	United States	35.5074	-119.1920	America/Los_Angeles
MIU	DNMA	Maiduguri International Airport	Maiduguri	Nigeria	11.8553	13.0809	Africa/Lagos
MIV	KMIV	Millville Municipal Airport	Millville	United States	39.3678	-75.0722	America/New_York
MIW	KMIW	Marshalltown Municipal Airport	Marshalltown	United States	42.1127	-92.9178	America/Chicago
MJA	FMSJ	Manja Airport	Manja	Madagascar	-21.4261	44.3165	Africa/Nairobi
MJC	DIMN	Man Airport		Côte d'Ivoire	7.2721	-7.5874	Africa/Abidjan
MJD	OPMJ	Moenjodaro Airport	Moenjodaro	Pakistan	27.3352	68.1431	Asia/Karachi
MJF	ENMS	Mosjoen Airport Kjaerstad		Norway	65.7840	13.2149	Europe/Berlin
MJG	MUMJ	Mayajigua Airport	Mayajigua	Cuba	22.2308	-79.0622	America/Havana
MJI	HLLM	Mitiga Airport	Tripoli	Libya	32.8941	13.2760	Africa/Tripoli
MJK	YSHK	Shark Bay Airport	Monkey Mia	Australia	-25.8939	113.5770	Australia/Perth
MJL	FOGM	Mouilla Ville Airport	Mouila	Gabon	-1.8451	11.0567	Africa/Lagos
MJM	FZWA	Mbuji Mayi Airport	Mbuji Mayi	DR Congo	-6.1212	23.5690	Africa/Maputo
MJN	FMNM	Amborovy Airport		Madagascar	-15.6668	46.3512	Africa/Nairobi
MJO	FYME	Mount Etjo Airport		Namibia	-21.0233	16.4528	Africa/Windhoek
MJP	YMJM	Manjimup Airport		Australia	-34.2653	116.1400	Australia/Perth
MJQ	KMJQ	Jackson Municipal Airport	Jackson	United States	43.6500	-94.9865	America/Chicago
MJR	SAEM	Miramar Airport	Miramar	Argentina	-38.2271	-57.8697	America/Argentina/Buenos_Aires
MJT	LGMT	Mytilene International Airport	Mytilene	Greece	39.0567	26.5983	Europe/Athens
MJU	WAWJ	Tampa Padang Airport	Mamuju-Celebes Island	Indonesia	-2.5833	119.0333	Asia/Makassar
MJV	LELC	San Javier Airport	San Javier	Spain	37.7750	-0.8124	Europe/Madrid
MJX	KMJX	Ocean County Airport	Toms River	United States	39.9275	-74.2924	America/New_York
MJZ	UERR	Mirny Airport	Mirny	Russia	62.5347	114.0390	Asia/Yakutsk
MKA	LKMR	Marianske Lazne Airport	Marianske Lazne	Czechia	49.9228	12.7247	Europe/Prague
MKB	FOOE	Mekambo Airport	Mekambo	Gabon	1.0170	13.9330	Africa/Lagos
MKC	KMKC	Charles B. Wheeler Downtown Airport	Kansas City	United States	39.1232	-94.5928	America/Chicago
MKE	KMKE	General Mitchell International Airport	Milwaukee	United States	42.9472	-87.8966	America/Chicago
MKG	KMKG	Muskegon County Airport	Muskegon	United States	43.1695	-86.2382	America/Detroit
MKH	FXMK	Mokhotlong Airport	Mokhotlong	Lesotho	-29.2818	29.0728	Africa/Johannesburg
MKI	FEGE	M'Boki Airport	Mboki	Central African Republic	5.3330	25.9319	Africa/Lagos
MKJ	FCOM	Makoua Airport	Makoua	Congo	-0.0170	15.5830	Africa/Lagos
MKK	PHMK	Molokai Airport	Kaunakakai	United States	21.1529	-157.0960	Pacific/Honolulu
MKL	KMKL	Mc Kellar Sipes Regional Airport	Jackson	United States	35.5999	-88.9156	America/Chicago
MKM	WBGK	Mukah Airport	Mukah	Malaysia	2.9064	112.0800	Asia/Kuching
MKO	KMKO	Davis Field	Muskogee	United States	35.6565	-95.3667	America/Chicago
MKP	NTGM	Makemo Airport		French Polynesia	-16.5839	-143.6580	Pacific/Tahiti
MKQ	WAKK	Mopah Airport	Merauke-Papua Island	Indonesia	-8.5203	140.4180	Asia/Jayapura
MKR	YMEK	Meekatharra Airport		Australia	-26.6117	118.5480	Australia/Perth
MKT	KMKT	Mankato Regional Airport	Mankato	United States	44.2216	-93.9187	America/Chicago
MKU	FOOK	Makokou Airport	Makokou	Gabon	0.5792	12.8909	Africa/Lagos
MKV	YMVG	Mount Cavenagh Airport		Australia	-25.9667	133.2000	Australia/Darwin
MKW	WASR	Rendani Airport	Manokwari-Papua Island	Indonesia	-0.8918	134.0490	Asia/Jayapura
MKY	YBMK	Mackay Airport	Mackay	Australia	-21.1717	149.1800	Australia/Brisbane
MKZ	WMKM	Malacca Airport	Malacca	Malaysia	2.2634	102.2520	Asia/Singapore
MLA	LMML	Luqa Airport	Luqa	Malta	35.8575	14.4775	Europe/Malta
MLB	KMLB	Melbourne Orlando International Airport	Melbourne	United States	28.1028	-80.6453	America/New_York
MLC	KMLC	Mc Alester Regional Airport	Mc Alester	United States	34.8824	-95.7835	America/Chicago
MLD	KMLD	Malad City Airport	Malad City	United States	42.1666	-112.2970	America/Boise
MLE	VRMM	Male International Airport	Male	Maldives	4.1918	73.5291	Indian/Maldives
MLF	KMLF	Milford Municipal-Ben and Judy Briscoe Field	Milford	United States	38.4266	-113.0120	America/Denver
MLG	WARA	Abdul Rachman Saleh Airport	Malang-Java Island	Indonesia	-7.9266	112.7150	Asia/Jakarta
MLH	LSZM	EuroAirport Basel-Mulhouse-Freiburg Airport	Bale/Mulhouse	Switzerland	47.5896	7.5299	Europe/Paris
MLI	KMLI	Quad City International Airport	Moline	United States	41.4485	-90.5075	America/Chicago
MLJ	KMLJ	Baldwin County Airport	Milledgeville	United States	33.1542	-83.2407	America/New_York
MLL	PADM	Marshall Don Hunter Sr Airport	Marshall	United States	61.8643	-162.0260	America/Anchorage
MLM	MMMM	General Francisco J. Mujica International Airport	Morelia	Mexico	19.8499	-101.0250	America/Mexico_City
MLN	GEML	Melilla Airport	Melilla Island	Spain	35.2798	-2.9563	Africa/Casablanca
MLO	LGML	Milos Airport	Milos Island	Greece	36.6969	24.4769	Europe/Athens
MLP	RPMM	Malabang Airport	Malabang	Philippines	7.6172	124.0590	Asia/Manila
MLR	YMCT	Millicent Airport		Australia	-37.5836	140.3660	Australia/Adelaide
MLS	KMLS	Frank Wiley Field	Miles City	United States	46.4280	-105.8860	America/Denver
MLT	KMLT	Millinocket Municipal Airport	Millinocket	United States	45.6478	-68.6856	America/New_York
MLU	KMLU	Monroe Regional Airport	Monroe	United States	32.5109	-92.0377	America/Chicago
MLV	YMEU	Merluna Airport		Australia	-13.0500	142.4830	Australia/Brisbane
MLW	GLMR	Spriggs Payne Airport	Monrovia	Liberia	6.2891	-10.7587	Africa/Monrovia
MLX	LTAT	Malatya Erhac Airport	Malatya	Turkey	38.4353	38.0910	Europe/Istanbul
MLY	PAML	Manley Hot Springs Airport	Manley Hot Springs	United States	64.9976	-150.6440	America/Anchorage
MLZ	SUMO	Cerro Largo International Airport	Melo	Uruguay	-32.3379	-54.2167	America/Montevideo
MMB	RJCM	Memanbetsu Airport	Ozora	Japan	43.8806	144.1640	Asia/Tokyo
MMC	MMDM	Ciudad Mante National Airport	Ciudad Mante	Mexico	22.7432	-99.0174	America/Monterrey
MMD	ROMD	Minami Daito Airport		Japan	25.8465	131.2630	Asia/Tokyo
MME	EGNV	Durham Tees Valley Airport	Durham	United Kingdom	54.5092	-1.4294	Europe/London
MMF	FKKF	Mamfe Airport	Mamfe	Cameroon	5.7042	9.3064	Africa/Lagos
MMG	YMOG	Mount Magnet Airport		Australia	-28.1161	117.8420	Australia/Perth
MMH	KMMH	Mammoth Yosemite Airport	Mammoth Lakes	United States	37.6241	-118.8380	America/Los_Angeles
MMI	KMMI	McMinn County Airport	Athens	United States	35.3973	-84.5626	America/New_York
MMJ	RJAF	Matsumoto Airport	Matsumoto	Japan	36.1668	137.9230	Asia/Tokyo
MMK	ULMM	Murmansk Airport	Murmansk	Russia	68.7817	32.7508	Europe/Moscow
MML	KMML	Southwest Minnesota Regional-Marshall-Ryan Field	Marshall	United States	44.4505	-95.8219	America/Chicago
MMM	YMMU	Middlemount Airport		Australia	-22.8025	148.7050	Australia/Brisbane
MMN	K6B6	Minute Man Air Field	Stow	United States	42.4604	-71.5180	America/New_York
MMO	GVMA	Maio Airport	Vila do Maio	Cabo Verde	15.1559	-23.2137	Atlantic/Cape_Verde
MMP	SKMP	San Bernardo Airport	Mompos	Colombia	9.2587	-74.4380	America/Bogota
MMQ	FLBA	Mbala Airport	Mbala	Zambia	-8.8592	31.3364	Africa/Maputo
MMS	KMMS	Selfs Airport	Marks	United States	34.2315	-90.2896	America/Chicago
MMT	KMMT	Mc Entire JNGB Airport	Eastover	United States	33.9208	-80.8013	America/New_York
MMU	KMMU	Morristown Municipal Airport	Morristown	United States	40.7994	-74.4149	America/New_York
MMX	ESMS	Malmo Sturup Airport	Malmo	Sweden	55.5363	13.3762	Europe/Berlin
MMY	ROMY	Miyako Airport	Miyako City	Japan	24.7828	125.2950	Asia/Tokyo
MMZ	OAMN	Maimana Airport		Afghanistan	35.9308	64.7609	Asia/Kabul
MNA	WAMN	Melangguane Airport	Karakelong Island	Indonesia	4.0069	126.6730	Asia/Makassar
MNB	FZAG	Muanda Airport		DR Congo	-5.9309	12.3518	Africa/Lagos
MNC	FQNC	Nacala Airport	Nacala	Mozambique	-14.4882	40.7122	Africa/Maputo
MNE	YMUG	Mungeranie Airport	Mungeranie	Australia	-28.0092	138.6570	Australia/Adelaide
MNF	NFMA	Mana Island Airport	Mana Island	Fiji	-17.6731	177.0980	Pacific/Fiji
MNG	YMGD	Maningrida Airport	Maningrida	Australia	-12.0561	134.2340	Australia/Darwin
MNH	OORQ	Rustaq Airport	Al Muladdah	Oman	23.6406	57.4875	Asia/Dubai
MNI	TRPG	John A. Osborne Airport	Gerald's Park	Montserrat	16.7914	-62.1933	America/Puerto_Rico
MNJ	FMSM	Mananjary Airport		Madagascar	-21.2018	48.3583	Africa/Nairobi
MNK	NGMA	Maiana Airport	Maiana	Kiribati	1.0036	173.0310	Pacific/Tarawa
MNL	RPLL	Ninoy Aquino International Airport	Manila	Philippines	14.5086	121.0200	Asia/Manila
MNM	KMNM	Menominee Regional Airport	Menominee	United States	45.1267	-87.6384	America/Chicago
MNN	KMNN	Marion Municipal Airport	Marion	United States	40.6162	-83.0635	America/New_York
MNO	FZRA	Manono Airport	Manono	DR Congo	-7.2889	27.3944	Africa/Maputo
MNQ	YMTO	Monto Airport		Australia	-24.8858	151.1000	Australia/Brisbane
MNR	FLMG	Mongu Airport	Mongu	Zambia	-15.2545	23.1623	Africa/Maputo
MNS	FLMA	Mansa Airport	Mansa	Zambia	-11.1370	28.8726	Africa/Maputo
MNU	VYMM	Mawlamyine Airport	Mawlamyine	Myanmar	16.4447	97.6607	Asia/Yangon
MNW	YMDS	Macdonald Downs Airport		Australia	-22.4667	135.2330	Australia/Darwin
MNX	SBMY	Manicore Airport	Manicore	Brazil	-5.8114	-61.2783	America/Manaus
MNY	AGGO	Mono Airport	Stirling Island	Solomon Islands	-7.4169	155.5650	Pacific/Guadalcanal
MNZ	KHEF	Manassas Regional Harry P. Davis field	Manassas	United States	38.7214	-77.5154	America/New_York
MOA	MUMO	Orestes Acosta Airport	Moa	Cuba	20.6539	-74.9222	America/Havana
MOB	KMOB	Mobile Regional Airport	Mobile	United States	30.6912	-88.2428	America/Chicago
MOC	SBMK	Mario Ribeiro Airport	Montes Claros	Brazil	-16.7069	-43.8189	America/Sao_Paulo
MOD	KMOD	Modesto City Co-Harry Sham Field	Modesto	United States	37.6258	-120.9540	America/Los_Angeles
MOE	VYMO	Momeik Airport		Myanmar	23.0925	96.6453	Asia/Yangon
MOF	WATC	Maumere(Wai Oti) Airport	Maumere-Flores Island	Indonesia	-8.6406	122.2370	Asia/Makassar
MOG	VYMS	Mong Hsat Airport	Mong Hsat	Myanmar	20.5168	99.2568	Asia/Yangon
MOI	NCMR	Mitiaro Island Airport	Mitiaro Island	Cook Islands	-19.8425	-157.7030	Pacific/Rarotonga
MOJ	SMMO	Moengo Airstrip	Moengo	Suriname	5.6076	-54.4003	America/Paramaribo
MOK	UZNM	Muynak Airport	Muynak	Uzbekistan	43.7552	59.0309	Asia/Samarkand
MOL	ENML	Molde Airport	Aro	Norway	62.7447	7.2625	Europe/Berlin
MOM	GQNL	Letfotar Airport	Moudjeria	Mauritania	17.7500	-12.5000	Africa/Abidjan
MON	NZMC	Mount Cook Airport		New Zealand	-43.7650	170.1330	Pacific/Auckland
MOO	YOOM	Moomba Airport		Australia	-28.0994	140.1970	Australia/Adelaide
MOP	KMOP	Mount Pleasant Municipal Airport	Mount Pleasant	United States	43.6217	-84.7375	America/Detroit
MOQ	FMMV	Morondava Airport		Madagascar	-20.2847	44.3176	Africa/Nairobi
MOR	KMOR	Moore Murrell Airport	Morristown	United States	36.1794	-83.3755	America/New_York
MOT	KMOT	Minot International Airport	Minot	United States	48.2594	-101.2800	America/Chicago
MOU	PAMO	Mountain Village Airport	Mountain Village	United States	62.0954	-163.6820	America/Nome
MOV	YMRB	Moranbah Airport	Moranbah	Australia	-22.0578	148.0770	Australia/Brisbane
MOX	KMOX	Morris Municipal - Charlie Schmidt Airport	Morris	United States	45.5660	-95.9672	America/Chicago
MOZ	NTTM	Moorea Airport		French Polynesia	-17.4900	-149.7620	Pacific/Tahiti
MPA	FYKM	Katima Mulilo Airport	Mpacha	Namibia	-17.6344	24.1767	Africa/Windhoek
MPC	WIPU	Muko Muko Airport	Muko Muko-Sumatra Island	Indonesia	-2.5419	101.0880	Asia/Jakarta
MPD	OPMP	Sindhri Tharparkar Airport	Sindhri	Pakistan	25.6828	69.0728	Asia/Karachi
MPH	RPVE	Godofredo P. Ramos Airport	Malay	Philippines	11.9245	121.9540	Asia/Manila
MPJ	KMPJ	Petit Jean Park Airport	Morrilton	United States	35.1389	-92.9092	America/Chicago
MPL	LFMT	Montpellier-Mediterranee Airport	Montpellier/Mediterranee	France	43.5762	3.9630	Europe/Paris
MPM	FQMA	Maputo Airport	Maputo	Mozambique	-25.9208	32.5726	Africa/Maputo
MPN	EGYP	Mount Pleasant Airport	Mount Pleasant	Falkland Islands (Malvinas)	-51.8228	-58.4472	Atlantic/Stanley
MPO	KMPO	Pocono Mountains Municipal Airport	Mount Pocono	United States	41.1375	-75.3789	America/New_York
MPR	KMPR	Mc Pherson Airport	Mc Pherson	United States	38.3524	-97.6913	America/Chicago
MPS	KOSA	Mount Pleasant Regional Airport	Mount Pleasant	United States	33.0955	-94.9615	America/Chicago
MPT	WPMN	Maliana Airport	Maliana	Timor-Leste	-8.9722	125.2150	Asia/Dili
MPV	KMPV	Edward F Knapp State Airport	Barre/Montpelier	United States	44.2035	-72.5623	America/New_York
MPW	UKCM	Mariupol International Airport	Mariupol	Ukraine	47.0761	37.4496	Europe/Kyiv
MPY	SOOA	Maripasoula Airport	Maripasoula	French Guiana	3.6575	-54.0372	America/Cayenne
MPZ	KMPZ	Mount Pleasant Municipal Airport	Mount Pleasant	United States	40.9466	-91.5111	America/Chicago
MQA	YMDI	Mandora Airport	Mandora	Australia	-19.7383	120.8380	Australia/Perth
MQB	KMQB	Macomb Municipal Airport	Macomb	United States	40.5201	-90.6524	America/Chicago
MQC	LFVM	Miquelon Airport	Miquelon	Saint Pierre and Miquelon	47.0955	-56.3803	America/Miquelon
MQD	SAVQ	Maquinchao Airport	Maquinchao	Argentina	-41.2431	-68.7078	America/Argentina/Salta
MQE	YMQA	Marqua Airport	Marqua	Australia	-22.8058	137.2510	Australia/Darwin
MQF	USCM	Magnitogorsk International Airport	Magnitogorsk	Russia	53.3931	58.7557	Asia/Yekaterinburg
MQH	SBMC	Minacu Airport	Minacu	Brazil	-13.5491	-48.1953	America/Sao_Paulo
MQJ	UEMA	Moma Airport	Honuu	Russia	66.4509	143.2616	Asia/Srednekolymsk
MQK	SLTI	San Matias Airport	San Matias	Bolivia	-16.3392	-58.4019	America/Cuiaba
MQL	YMIA	Mildura Airport	Mildura	Australia	-34.2292	142.0860	Australia/Melbourne
MQM	LTCR	Mardin Airport	Mardin	Turkey	37.2233	40.6317	Europe/Istanbul
MQN	ENRA	Mo i Rana Airport Rossvoll	Mo i Rana	Norway	66.3639	14.3014	Europe/Berlin
MQP	FAKN	Kruger Mpumalanga International Airport	Mpumalanga	South Africa	-25.3832	31.1056	Africa/Johannesburg
MQQ	FTTD	Moundou Airport		Chad	8.6244	16.0714	Africa/Ndjamena
MQS	TVSM	Mustique Airport	Mustique Island	Saint Vincent and the Grenadines	12.8879	-61.1802	America/Puerto_Rico
MQT	KSAW	Sawyer International Airport	Marquette	United States	46.3536	-87.3954	America/Detroit
MQU	SKQU	Jose Celestino Mutis Airport	Mariquita	Colombia	5.2126	-74.8836	America/Bogota
MQW	KMQW	Telfair Wheeler Airport	Mc Rae	United States	32.0958	-82.8800	America/New_York
MQX	HAMK	Mekele Airport		Ethiopia	13.4674	39.5335	Africa/Nairobi
MQY	KMQY	Smyrna Airport	Smyrna	United States	36.0090	-86.5201	America/Chicago
MQZ	YMGT	Margaret River Airport		Australia	-33.9306	115.1000	Australia/Perth
MRB	KMRB	Eastern Wv Regional Shepherd Field	Martinsburg	United States	39.4019	-77.9846	America/New_York
MRC	KMRC	Maury County Airport	Columbia/Mount Pleasant	United States	35.5541	-87.1789	America/Chicago
MRD	SVMD	Alberto Carnevalli Airport	Merida	Venezuela	8.5821	-71.1610	America/Caracas
MRE	HKMS	Mara Serena Lodge Airstrip	Masai Mara	Kenya	-1.4061	35.0081	Africa/Nairobi
MRF	KMRF	Marfa Municipal Airport	Marfa	United States	30.3711	-104.0180	America/Chicago
MRG	YMBA	Mareeba Airport		Australia	-17.0692	145.4190	Australia/Brisbane
MRI	PAMR	Merrill Field	Anchorage	United States	61.2135	-149.8440	America/Anchorage
MRK	KMKY	Marco Island Airport	Marco Island	United States	25.9950	-81.6725	America/New_York
MRN	KMRN	Foothills Regional Airport	Morganton	United States	35.8202	-81.6114	America/New_York
MRO	NZMS	Hood Airport	Masterton	New Zealand	-40.9733	175.6340	Pacific/Auckland
MRP	YALA	Marla Airport		Australia	-27.3333	133.6270	Australia/Adelaide
MRQ	RPUW	Marinduque Airport	Gasan	Philippines	13.3610	121.8260	Asia/Manila
MRR	SEMA	Jose Maria Velasco Ibarra Airport	Macara	Ecuador	-4.3782	-79.9410	America/Guayaquil
MRS	LFML	Marseille Provence Airport	Marseille	France	43.4393	5.2214	Europe/Paris
MRU	FIMP	Sir Seewoosagur Ramgoolam International Airport	Port Louis	Mauritius	-20.4302	57.6836	Indian/Mauritius
MRV	URMM	Mineralnyye Vody Airport	Mineralnyye Vody	Russia	44.2251	43.0819	Europe/Moscow
MRW	EKMB	Lolland Falster Maribo Airport	Lolland Falster / Maribo	Denmark	54.6993	11.4401	Europe/Berlin
MRX	OIAM	Mahshahr Airport		Iran	30.5562	49.1519	Asia/Tehran
MRY	KMRY	Monterey Peninsula Airport	Monterey	United States	36.5870	-121.8430	America/Los_Angeles
MRZ	YMOR	Moree Airport	Moree	Australia	-29.4989	149.8450	Australia/Sydney
MSA	CZMD	Muskrat Dam Airport	Muskrat Dam	Canada	53.4414	-91.7628	America/Winnipeg
MSC	KFFZ	Falcon Field	Mesa	United States	33.4608	-111.7280	America/Phoenix
MSE	EGMH	Kent International Airport	Manston	United Kingdom	51.3422	1.3461	Europe/London
MSF	YMNS	Mount Swan Airport		Australia	-22.6000	135.0170	Australia/Darwin
MSG	FXMA	Matsaile Airport	Matsaile	Lesotho	-29.8406	28.7764	Africa/Johannesburg
MSH	OOMA	Masirah Air Base	Masirah	Oman	20.6754	58.8905	Asia/Dubai
MSI	SIAM	Fazenda Palmital Airport	Morro Agudo	Brazil	-20.6964	-48.2864	America/Sao_Paulo
MSJ	RJSM	Misawa Air Base	Misawa	Japan	40.7032	141.3680	Asia/Tokyo
MSL	KMSL	Northwest Alabama Regional Airport	Muscle Shoals	United States	34.7453	-87.6102	America/Chicago
MSM	FZCV	Masi Manimba Airport	Masi Manimba	DR Congo	-4.7830	17.8500	Africa/Lagos
MSN	KMSN	Dane County Regional Truax Field	Madison	United States	43.1399	-89.3375	America/Chicago
MSO	KMSO	Missoula International Airport	Missoula	United States	46.9163	-114.0910	America/Denver
MSP	KMSP	Minneapolis-St Paul International/Wold-Chamberlain Airport	Minneapolis	United States	44.8820	-93.2218	America/Chicago
MSQ	UMMS	Minsk International Airport	Minsk	Belarus	53.8825	28.0307	Europe/Minsk
MSR	LTCK	Mus Airport	Mus	Turkey	38.7478	41.6612	Europe/Istanbul
MSS	KMSS	Massena International Richards Field	Massena	United States	44.9358	-74.8456	America/New_York
MST	EHBK	Maastricht Aachen Airport	Maastricht	Netherlands, Kingdom of the	50.9117	5.7701	Europe/Brussels
MSU	FXMM	Moshoeshoe I International Airport	Maseru	Lesotho	-29.4623	27.5525	Africa/Johannesburg
MSV	KMSV	Sullivan County International Airport	Monticello	United States	41.7016	-74.7950	America/New_York
MSW	HHMS	Massawa International Airport	Massawa	Eritrea	15.6700	39.3701	Africa/Nairobi
MSX	FCMM	Mossendjo Airport	Mossendjo	Congo	-2.9500	12.7000	Africa/Lagos
MSY	KMSY	Louis Armstrong New Orleans International Airport	New Orleans	United States	29.9934	-90.2580	America/Chicago
MSZ	FNMO	Namibe Airport	Namibe	Angola	-15.2612	12.1468	Africa/Lagos
MTA	NZMA	Matamata Glider Airport		New Zealand	-37.7344	175.7420	Pacific/Auckland
MTB	SKML	Montelibano Airport	Montelibano	Colombia	7.9717	-75.4325	America/Bogota
MTC	KMTC	Selfridge Angb Airport	Mount Clemens	United States	42.6083	-82.8355	America/Detroit
MTD	YMSF	Mount Sanford Station Airport		Australia	-16.9783	130.5550	Australia/Darwin
MTE	SNMA	Monte Alegre Airport	Monte Alegre	Brazil	-1.9958	-54.0742	America/Santarem
MTF	HAMT	Mizan Teferi Airport	Mizan Teferi	Ethiopia	6.9571	35.5547	Africa/Nairobi
MTG	SWVB	Vila Bela da Santissima Trindade Airport	Vila Bela Da Santissima Trindade	Brazil	-15.0153	-59.9672	America/Cuiaba
MTH	KMTH	The Florida Keys Marathon Airport	Marathon	United States	24.7261	-81.0514	America/New_York
MTI	GVMT	Mosteiros Airport	Vila do Mosteiros	Cabo Verde	15.0450	-24.3392	Atlantic/Cape_Verde
MTJ	KMTJ	Montrose Regional Airport	Montrose	United States	38.5098	-107.8940	America/Denver
MTK	NGMN	Makin Island Airport	Makin Island	Kiribati	3.3744	172.9920	Pacific/Tarawa
MTL	YMND	Maitland Airport		Australia	-32.7033	151.4880	Australia/Sydney
MTN	KMTN	Martin State Airport	Baltimore	United States	39.3257	-76.4138	America/New_York
MTO	KMTO	Coles County Memorial Airport	Mattoon/Charleston	United States	39.4779	-88.2792	America/Chicago
MTP	KMTP	Montauk Airport	Montauk	United States	41.0765	-71.9208	America/New_York
MTQ	YMIT	Mitchell Airport		Australia	-26.4833	147.9370	Australia/Brisbane
MTR	SKMR	Los Garzones Airport	Monteria	Colombia	8.8237	-75.8258	America/Bogota
MTS	FDMS	Matsapha Airport	Manzini	Eswatini	-26.5290	31.3075	Africa/Johannesburg
MTT	MMMT	Minatitlan/Coatzacoalcos National Airport	Minatitlan	Mexico	18.1034	-94.5807	America/Mexico_City
MTV	NVSA	Mota Lava Airport	Ablow	Vanuatu	-13.6660	167.7120	Pacific/Efate
MTW	KMTW	Manitowoc County Airport	Manitowoc	United States	44.1288	-87.6806	America/Chicago
MTY	MMMY	General Mariano Escobedo International Airport	Monterrey	Mexico	25.7785	-100.1070	America/Monterrey
MTZ	LLMZ	Bar Yehuda Airfield	Masada	Israel	31.3282	35.3886	Asia/Amman
MUA	AGGM	Munda Airport		Solomon Islands	-8.3280	157.2630	Pacific/Guadalcanal
MUB	FBMN	Maun Airport	Maun	Botswana	-19.9726	23.4311	Africa/Maputo
MUC	EDDM	Munich International Airport	Munich	Germany	48.3538	11.7861	Europe/Berlin
MUD	FQMD	Mueda Airport	Mueda	Mozambique	-11.6729	39.5631	Africa/Maputo
MUE	PHMU	Waimea Kohala Airport	Kamuela	United States	20.0013	-155.6680	Pacific/Honolulu
MUG	MMMG	Mulege Airport	Mulege	Mexico	26.8973	-111.9576	America/Mazatlan
MUH	HEMM	Mersa Matruh Airport	Mersa Matruh	Egypt	31.3254	27.2217	Africa/Cairo
MUI	KMUI	Muir Army Air Field (Fort Indiantown Gap) Airport	Fort Indiantown Gap(Annville)	United States	40.4348	-76.5694	America/New_York
MUK	NCMK	Mauke Airport	Mauke Island	Cook Islands	-20.1361	-157.3450	Pacific/Rarotonga
MUL	KMUL	Spence Airport	Moultrie	United States	31.1377	-83.7041	America/New_York
MUN	SVMT	Maturin Airport		Venezuela	9.7545	-63.1474	America/Caracas
MUO	KMUO	Mountain Home Air Force Base	Mountain Home	United States	43.0436	-115.8720	America/Boise
MUP	YMUP	Mulga Park Airport		Australia	-25.9000	131.6670	Australia/Darwin
MUQ	YMUC	Muccan Station Airport	Muccan Station	Australia	-20.6589	120.0670	Australia/Perth
MUR	WBGM	Marudi Airport	Marudi	Malaysia	4.1790	114.3290	Asia/Kuching
MUS	RJAM	Minami Torishima Airport		Japan	24.2897	153.9790	Asia/Tokyo
MUT	KMUT	Muscatine Municipal Airport	Muscatine	United States	41.3678	-91.1482	America/Chicago
MUW	DAOV	Ghriss Airport		Algeria	35.2077	0.1471	Africa/Algiers
MUX	OPMT	Multan International Airport	Multan	Pakistan	30.2032	71.4191	Asia/Karachi
MUY	FCBM	Mouyondzi Airport	Mouyondzi	Congo	-4.0149	13.9661	Africa/Lagos
MUZ	HTMU	Musoma Airport	Musoma	Tanzania	-1.5030	33.8021	Africa/Nairobi
MVA	BIRL	Reykjahlid Airport	Myvatn	Iceland	65.6558	-16.9181	Africa/Abidjan
MVB	FOON	M'Vengue El Hadj Omar Bongo Ondimba International Airport	Franceville	Gabon	-1.6562	13.4380	Africa/Lagos
MVC	KMVC	Monroe County Airport	Monroeville	United States	31.4580	-87.3510	America/Chicago
MVD	SUMU	Carrasco International /General C L Berisso Airport	Montevideo	Uruguay	-34.8384	-56.0308	America/Montevideo
MVE	KMVE	Montevideo Chippewa County Airport	Montevideo	United States	44.9691	-95.7103	America/Chicago
MVF	SBMS	Dix-Sept Rosado Airport	Mossoro	Brazil	-5.2019	-37.3643	America/Fortaleza
MVK	YMUK	Mulka Airport	Mulka	Australia	-28.3478	138.6500	Australia/Adelaide
MVL	KMVL	Morrisville Stowe State Airport	Morrisville	United States	44.5346	-72.6140	America/New_York
MVN	KMVN	Mount Vernon Airport	Mount Vernon	United States	38.3234	-88.8588	America/Chicago
MVO	FTTM	Mongo Airport	Mongo	Chad	12.1670	18.6750	Africa/Ndjamena
MVP	SKMU	Fabio Alberto Leon Bentley Airport	Mitu	Colombia	1.2537	-70.2339	America/Bogota
MVQ	UMOO	Mogilev Airport	Mogilev	Belarus	53.9549	30.0951	Europe/Minsk
MVR	FKKL	Salak Airport	Maroua	Cameroon	10.4514	14.2574	Africa/Lagos
MVS	SNMU	Mucuri Airport	Mucuri	Brazil	-18.0489	-39.8642	America/Bahia
MVT	NTGV	Mataiva Airport		French Polynesia	-14.8681	-148.7170	Pacific/Tahiti
MVU	YMGV	Musgrave Airport		Australia	-14.7833	143.5000	Australia/Brisbane
MVV	LFHM	Megeve Airport	Verdun	France	45.8208	6.6522	Europe/Paris
MVW	KBVS	Skagit Regional Airport	Burlington/Mount Vernon	United States	48.4709	-122.4210	America/Los_Angeles
MVX	FOGV	Minvoul Airport	Minvoul	Gabon	2.1500	12.1330	Africa/Lagos
MVY	KMVY	Martha's Vineyard Airport	Martha's Vineyard	United States	41.3931	-70.6143	America/New_York
MVZ	FVMV	Masvingo International Airport	Masvingo	Zimbabwe	-20.0553	30.8591	Africa/Maputo
MWA	KMWA	Veterans Airport of Southern Illinois	Marion	United States	37.7550	-89.0111	America/Chicago
MWB	YMRW	Morawa Airport		Australia	-29.2017	116.0220	Australia/Perth
MWC	KMWC	Lawrence J Timmerman Airport	Milwaukee	United States	43.1104	-88.0344	America/Chicago
MWD	OPMI	Mianwali Air Base	Mianwali	Pakistan	32.5631	71.5707	Asia/Karachi
MWE	HSMR	Merowe Airport	Merowe	Sudan	18.4500	31.8330	Africa/Khartoum
MWF	NVSN	Naone Airport	Maewo Island	Vanuatu	-15.0000	168.0830	Pacific/Efate
MWH	KMWH	Grant Co International Airport	Moses Lake	United States	47.2077	-119.3200	America/Los_Angeles
MWJ	SYMR	Matthews Ridge Airport	Matthews Ridge	Guyana	7.4881	-60.1848	America/Guyana
MWK	WIOM	Tarempa Airport	Matak Island	Indonesia	3.3481	106.2580	Asia/Jakarta
MWL	KMWL	Mineral Wells Airport	Mineral Wells	United States	32.7816	-98.0602	America/Chicago
MWM	KMWM	Windom Municipal Airport	Windom	United States	43.9134	-95.1094	America/Chicago
MWN	HTMD	Mwadui Airport	Mwadui	Tanzania	-3.5000	33.6170	Africa/Nairobi
MWO	KMWO	Middletown Regional-Hook Field Municipal Airport	Middletown	United States	39.5310	-84.3953	America/New_York
MWQ	VYMW	Magway Airport	Magway	Myanmar	20.1656	94.9414	Asia/Yangon
MWT	YMWT	Moolawatana Airport		Australia	-29.9167	139.7500	Australia/Adelaide
MWV	VDMK	Mondulkiri Airport	Sen Monorom	Cambodia	12.4636	107.1873	Asia/Bangkok
MWX	RKJB	Muan International Airport		South Korea	34.9914	126.3828	Asia/Seoul
MWY	YMIR	Miralwyn Airport		Australia	-30.1500	147.3350	Australia/Sydney
MWZ	HTMW	Mwanza Airport	Mwanza	Tanzania	-2.4445	32.9327	Africa/Nairobi
MXA	KMXA	Manila Municipal Airport	Manila	United States	35.8944	-90.1546	America/Chicago
MXB	WAWM	Andi Jemma Airport	Masamba-Celebes Island	Indonesia	-2.5580	120.3240	Asia/Makassar
MXD	YMWX	Marion Downs Airport		Australia	-23.3667	139.6670	Australia/Brisbane
MXE	KMEB	Laurinburg Maxton Airport	Maxton	United States	34.7919	-79.3658	America/New_York
MXF	KMXF	Maxwell Air Force Base	Montgomery	United States	32.3829	-86.3658	America/Chicago
MXH	AYMR	Moro Airport	Moro	Papua New Guinea	-6.3633	143.2380	Pacific/Port_Moresby
MXI	RPMQ	Mati National Airport		Philippines	6.9494	126.2730	Asia/Manila
MXJ	DNMN	Minna Airport	Minna	Nigeria	9.6522	6.4623	Africa/Lagos
MXK	AYMI	Mindik Airport	Mindik	Papua New Guinea	-6.4717	147.4411	Pacific/Port_Moresby
MXL	MMML	General Rodolfo Sanchez Taboada International Airport	Mexicali	Mexico	32.6306	-115.2420	America/Tijuana
MXM	FMSR	Morombe Airport		Madagascar	-21.7539	43.3755	Africa/Nairobi
MXN	LFRU	Morlaix-Ploujean Airport	Morlaix/Ploujean	France	48.6032	-3.8158	Europe/Paris
MXO	KMXO	Monticello Regional Airport	Monticello	United States	42.2204	-91.1633	America/Chicago
MXP	LIMC	Malpensa International Airport	Milan	Italy	45.6306	8.7281	Europe/Rome
MXR	UKBM	Myrhorod Air Base	Myrhorod	Ukraine	49.9317	33.6394	Europe/Kyiv
MXS	NSMA	Maota Airport	Maota	Samoa	-13.7423	-172.2580	Pacific/Apia
MXT	FMMO	Maintirano Airport	Maintirano	Madagascar	-18.0500	44.0330	Africa/Nairobi
MXU	YMWA	Mullewa Airport		Australia	-28.4750	115.5170	Australia/Perth
MXV	ZMMN	Moron Airport	Moron	Mongolia	49.6633	100.0990	Asia/Ulaanbaatar
MXX	ESKM	Mora Airport		Sweden	60.9579	14.5114	Europe/Berlin
MXY	PAMX	Mc Carthy Airport	Mccarthy	United States	61.4371	-142.9040	America/Anchorage
MXZ	ZGMX	Meixian Airport	Meixian	China	24.3500	116.1330	Asia/Shanghai
MYA	YMRY	Moruya Airport	Moruya	Australia	-35.8978	150.1440	Australia/Sydney
MYB	FOOY	Mayumba Airport	Mayumba	Gabon	-3.4584	10.6741	Africa/Lagos
MYC	SVBS	Escuela Mariscal Sucre Airport	Maracay	Venezuela	10.2500	-67.6494	America/Caracas
MYD	HKML	Malindi Airport	Malindi	Kenya	-3.2293	40.1017	Africa/Nairobi
MYE	RJTQ	Miyakejima Airport	Miyakejima	Japan	34.0736	139.5600	Asia/Tokyo
MYF	KMYF	Montgomery Field	San Diego	United States	32.8157	-117.1400	America/Los_Angeles
MYG	MYMM	Mayaguana Airport	Mayaguana	Bahamas	22.3795	-73.0135	America/Toronto
MYI	YMUI	Murray Island Airport	Murray Island	Australia	-9.9167	144.0550	Australia/Brisbane
MYJ	RJOM	Matsuyama Airport	Matsuyama	Japan	33.8272	132.7000	Asia/Tokyo
MYL	KMYL	Mc Call Municipal Airport	Mc Call	United States	44.8897	-116.1010	America/Boise
MYM	SYMM	Monkey Mountain Airport	Monkey Mountain	Guyana	4.4833	-59.6833	America/Guyana
MYN	OYMB	Mareb Airport	Mareb	Yemen	15.4692	45.3269	Asia/Riyadh
MYO	YMYR	Myroodan Station Airport		Australia	-18.1167	124.2670	Australia/Perth
MYP	UTAM	Mary Airport	Mary	Turkmenistan	37.6194	61.8967	Asia/Ashgabat
MYQ	VOMY	Mysore Airport	Mysore	India	12.3072	76.6497	Asia/Kolkata
MYR	KMYR	Myrtle Beach International Airport	Myrtle Beach	United States	33.6797	-78.9283	America/New_York
MYT	VYMK	Myitkyina Airport	Myitkyina	Myanmar	25.3836	97.3519	Asia/Yangon
MYU	PAMY	Mekoryuk Airport	Mekoryuk	United States	60.3714	-166.2710	America/Nome
MYV	KMYV	Yuba County Airport	Marysville	United States	39.0978	-121.5700	America/Los_Angeles
MYW	HTMT	Mtwara Airport	Mtwara	Tanzania	-10.3391	40.1818	Africa/Nairobi
MYX	AYMC	Menyamya Airport	Menyamya	Papua New Guinea	-7.2117	146.0194	Pacific/Port_Moresby
MYY	WBGR	Miri Airport	Miri	Malaysia	4.3220	113.9870	Asia/Kuching
MYZ	FWMY	Monkey Bay Airport	Monkey Bay	Malawi	-14.0836	34.9197	Africa/Maputo
MZA	SPMF	Manuel Prado Ugarteche Airport	Mazamari	Peru	-11.3254	-74.5356	America/Lima
MZB	FQMP	Mocimboa da Praia Airport	Mocimboa da Praia	Mozambique	-11.3618	40.3549	Africa/Maputo
MZC	FOOM	Mitzic Airport	Mitzic	Gabon	0.7830	11.5500	Africa/Lagos
MZG	RCQC	Makung Airport	Makung City	Taiwan	23.5687	119.6280	Asia/Taipei
MZH	LTAP	Amasya Merzifon Airport	Amasya	Turkey	40.8294	35.5220	Europe/Istanbul
MZI	GAMB	Ambodedjo Airport		Mali	14.5128	-4.0796	Africa/Abidjan
MZJ	KMZJ	Pinal Airpark	Marana	United States	32.5106	-111.3280	America/Phoenix
MZK	NGMK	Marakei Airport	Marakei	Kiribati	2.0586	173.2710	Pacific/Tarawa
MZL	SKMZ	La Nubia Airport	Manizales	Colombia	5.0296	-75.4647	America/Bogota
MZM	LFSF	Metz-Frescaty (BA 128) Air Base	Metz/Frescaty	France	49.0717	6.1317	Europe/Paris
MZO	MUMZ	Sierra Maestra Airport	Manzanillo	Cuba	20.2881	-77.0892	America/Havana
MZP	NZMK	Motueka Airport		New Zealand	-41.1233	172.9890	Pacific/Auckland
MZQ	FAMU	Mkuze Airport	Mkuze	South Africa	-27.6261	32.0443	Africa/Johannesburg
MZR	OAMS	Mazar I Sharif Airport		Afghanistan	36.7069	67.2097	Asia/Kabul
MZT	MMMZ	General Rafael Buelna International Airport	Mazatlan	Mexico	23.1614	-106.2660	America/Mazatlan
MZU	VEMZ	Muzaffarpur Airport		India	26.1191	85.3137	Asia/Kolkata
MZV	WBMU	Mulu Airport	Mulu	Malaysia	4.0483	114.8050	Asia/Kuching
MZW	DAAY	Mecheria Airport	Mecheria	Algeria	33.5359	-0.2424	Africa/Algiers
MZX	HAML	Masslo Airport	Masslo	Ethiopia	6.4081	39.7239	Africa/Nairobi
MZY	FAMO	Mossel Bay Airport	Mossel Bay	South Africa	-34.1583	22.0586	Africa/Johannesburg
MZZ	KMZZ	Marion Municipal Airport	Marion	United States	40.4899	-85.6797	America/Indiana/Indianapolis
NAA	YNBR	Narrabri Airport	Narrabri	Australia	-30.3192	149.8270	Australia/Sydney
NAC	YNRC	Naracoorte Airport		Australia	-36.9853	140.7250	Australia/Adelaide
NAE	DBBN	Natitingou Airport	Natitingou	Benin	10.3170	1.3830	Africa/Lagos
NAG	VANP	Dr. Babasaheb Ambedkar International Airport	Naqpur	India	21.0922	79.0472	Asia/Kolkata
NAH	WAMH	Naha Airport	Tahuna-Sangihe Island	Indonesia	3.6832	125.5280	Asia/Makassar
NAI	SYAN	Annai Airport	Annai	Guyana	3.9594	-59.1242	America/Guyana
NAJ	UBBN	Nakhchivan Airport	Nakhchivan	Azerbaijan	39.1888	45.4584	Asia/Baku
NAK	VTUQ	Nakhon Ratchasima Airport		Thailand	14.9495	102.3130	Asia/Bangkok
NAL	URMN	Nalchik Airport	Nalchik	Russia	43.5129	43.6366	Europe/Moscow
NAM	WAPR	Namlea Airport	Namlea-Buru Island	Indonesia	-3.2356	127.1000	Asia/Jayapura
NAN	NFFN	Nadi International Airport	Nadi	Fiji	-17.7554	177.4430	Pacific/Fiji
NAO	ZUNC	Nanchong Airport	Nanchong	China	30.7954	106.1626	Asia/Shanghai
NAP	LIRN	Napoli / Capodichino International Airport	Napoli	Italy	40.8860	14.2908	Europe/Rome
NAQ	BGQQ	Qaanaaq Airport	Qaanaaq	Greenland	77.4886	-69.3887	America/Thule
NAR	SKPN	Puerto Nare Airport	Armenia	Colombia	6.2100	-74.5906	America/Bogota
NAS	MYNN	Lynden Pindling International Airport	Nassau	Bahamas	25.0390	-77.4662	America/Toronto
NAT	SBSG	Greater Natal International Airport	Sao Goncalo Do Amarante	Brazil	-5.7698	-35.3666	America/Fortaleza
NAU	NTGN	Napuka Island Airport	Napuka Island	French Polynesia	-14.1768	-141.2670	Pacific/Tahiti
NAV	LTAZ	Nevsehir Kapadokya International Airport	Nevsehir	Turkey	38.7719	34.5345	Europe/Istanbul
NAW	VTSC	Narathiwat Airport		Thailand	6.5199	101.7430	Asia/Bangkok
NAY	ZBNY	Beijing Nanyuan Airport	Beijing	China	39.7828	116.3880	Asia/Shanghai
NBC	UWKE	Begishevo Airport	Nizhnekamsk	Russia	55.5647	52.0925	Europe/Moscow
NBE	DTNH	Enfidha - Hammamet International Airport	Enfidha	Tunisia	36.0758	10.4386	Africa/Tunis
NBG	KNBG	New Orleans Nas Jrb/Alvin Callender Field/ Airport	New Orleans	United States	29.8253	-90.0350	America/Chicago
NBH	YNHS	Nambucca Heads Airport	Nambucca Heads	Australia	-30.6500	153.0000	Australia/Sydney
NBJ	FNBJ	Dr. Antonio Agostinho Neto International Airport	Luanda	Angola	-9.0468	13.5072	Africa/Lagos
NBL	MPWN	San Blas Airport	Wannukandi	Panama	9.4496	-78.9795	America/Panama
NBO	HKJK	Jomo Kenyatta International Airport	Nairobi	Kenya	-1.3192	36.9278	Africa/Nairobi
NBS	ZYBS	Baishan Changbaishan Airport	Baishan	China	42.0664	127.6067	Asia/Shanghai
NBW	MUGM	Leeward Point Field	Guantanamo Bay Naval Station	Cuba	19.9065	-75.2071	America/Havana
NBX	WABI	Nabire Airport	Nabire-Papua Island	Indonesia	-3.3682	135.4960	Asia/Jayapura
NCA	MBNC	North Caicos Airport		Turks and Caicos Islands	21.9175	-71.9396	America/Grand_Turk
NCE	LFMN	Nice-Cote d'Azur Airport	Nice	France	43.6584	7.2159	Europe/Paris
NCG	MMCG	Nuevo Casas Grandes Airport		Mexico	30.3974	-107.8750	America/Chihuahua
NCH	HTNA	Nachingwea Airport	Nachingwea	Tanzania	-10.3575	38.7792	Africa/Nairobi
NCI	SKNC	Necocli Airport	Necocli	Colombia	8.4500	-76.7833	America/Bogota
NCJ	SAFS	Sunchales Aeroclub Airport	Sunchales	Argentina	-30.9575	-61.5283	America/Argentina/Cordoba
NCL	EGNT	Newcastle Airport	Newcastle	United Kingdom	55.0375	-1.6917	Europe/London
NCN	PFCB	Chenega Bay Airport	Chenega	United States	60.0773	-147.9920	America/Anchorage
NCO	KOQU	Quonset State Airport	North Kingstown	United States	41.5971	-71.4121	America/New_York
NCR	MNSC	San Carlos	San Carlos	Nicaragua	11.1334	-84.7700	America/Managua
NCS	FANC	Newcastle Airport	Newcastle	South Africa	-27.7706	29.9769	Africa/Johannesburg
NCT	MRNC	Guanacaste Airport	Nicoya/Guanacate	Costa Rica	10.1394	-85.4458	America/Costa_Rica
NCU	UZNN	Nukus Airport	Nukus	Uzbekistan	42.4884	59.6233	Asia/Samarkand
NCY	LFLP	Annecy-Haute-Savoie-Mont Blanc Airport	Annecy/Meythet	France	45.9292	6.0988	Europe/Paris
NDA	WAPC	Banda Airport Kepulauan	Banda Island	Indonesia	5.1167	97.1167	Asia/Jakarta
NDB	GQPP	Nouadhibou International Airport	Nouadhibou	Mauritania	20.9331	-17.0300	Africa/El_Aaiun
NDC	VAND	Nanded Airport	Nanded	India	19.1833	77.3167	Asia/Kolkata
NDD	FNSU	Sumbe Airport	Sumbe	Angola	-11.1679	13.8475	Africa/Lagos
NDE	HKMA	Mandera Airport	Mandera	Kenya	3.9330	41.8500	Africa/Nairobi
NDG	ZYQQ	Qiqihar Sanjiazi Airport	Qiqihar	China	47.2396	123.9180	Asia/Shanghai
NDJ	FTTJ	N'Djamena International Airport	N'Djamena	Chad	12.1337	15.0340	Africa/Ndjamena
NDL	FEFN	N'Dele Airport	N'Dele	Central African Republic	8.4272	20.6352	Africa/Lagos
NDM	HAMN	Mendi Airport	Mendi	Ethiopia	9.7670	35.1000	Africa/Nairobi
NDR	GMMW	Nador International Airport	Nador	Morocco	34.9888	-3.0282	Africa/Casablanca
NDS	YSAN	Sandstone Airport	Sandstone	Australia	-27.9800	119.2970	Australia/Perth
NDU	FYRU	Rundu Airport	Rundu	Namibia	-17.9565	19.7194	Africa/Windhoek
NDY	EGES	Sanday Airport	Sanday	United Kingdom	59.2503	-2.5767	Europe/London
NDZ	ETMN	Nordholz Airport		Germany	53.7677	8.6585	Europe/Berlin
NEC	SAZO	Necochea Airport	Necochea	Argentina	-38.4831	-58.8172	America/Argentina/Buenos_Aires
NEF	UWUF	Neftekamsk Airport	Neftekamsk	Russia	56.1069	54.3472	Asia/Yekaterinburg
NEG	MKNG	Negril Airport	Negril	Jamaica	18.3428	-78.3321	America/Jamaica
NEJ	HANJ	Nejjo Airport	Nejjo	Ethiopia	9.5500	35.4670	Africa/Nairobi
NEK	HANK	Nekemte Airport	Nekemte	Ethiopia	9.0500	36.6000	Africa/Nairobi
NEL	KNEL	Lakehurst NAES /Maxfield Field	Lakehurst	United States	40.0333	-74.3533	America/New_York
NEN	KNEN	Whitehouse Nolf Airport	Jacksonville	United States	30.3539	-81.8719	America/New_York
NER	UELL	Chulman Airport	Chulman	Russia	56.9139	124.9140	Asia/Yakutsk
NEU	VLNK	Nong Khang Airport	Nong Khang	Laos	20.6118	104.0682	Asia/Bangkok
NEV	TKPN	Vance W. Amory International Airport	Charlestown	Saint Kitts and Nevis	17.2057	-62.5899	America/Puerto_Rico
NEW	KNEW	Lakefront Airport	New Orleans	United States	30.0424	-90.0283	America/Chicago
NFG	USRN	Nefteyugansk Airport	Nefteyugansk	Russia	61.1083	72.6500	Asia/Yekaterinburg
NFL	KNFL	Fallon Naval Air Station /Van Voorhis Field	Fallon	United States	39.4166	-118.7010	America/Los_Angeles
NFR	HLNR	Nafurah 1 Airport	Nafurah 1	Libya	29.2132	21.5924	Africa/Tripoli
NGA	YYNG	Young Airport		Australia	-34.2556	148.2480	Australia/Sydney
NGB	ZSNB	Ningbo Lishe International Airport	Ningbo	China	29.8267	121.4620	Asia/Shanghai
NGD	TUPA	Captain Auguste George Airport	Anegada	Virgin Islands (British)	18.7272	-64.3297	America/Puerto_Rico
NGE	FKKN	N'Gaoundere Airport	N'Gaoundere	Cameroon	7.3570	13.5592	Africa/Lagos
NGF	PHNG	Kaneohe Bay MCAS (Marion E. Carl Field) Airport	Kaneohe	United States	21.4505	-157.7680	Pacific/Honolulu
NGI	NFNG	Ngau Airport	Ngau	Fiji	-18.1156	179.3400	Pacific/Fiji
NGL	FANG	Ngala Airport	Ngala	South Africa	-24.3878	31.3258	Africa/Johannesburg
NGO	RJGG	Chubu Centrair International Airport	Tokoname	Japan	34.8584	136.8050	Asia/Tokyo
NGP	KNGP	Corpus Christi Naval Air Station/Truax Field	Corpus Christi	United States	27.6926	-97.2911	America/Chicago
NGQ	ZUAL	Ngari Gunsa Airport	Shiquanhe	China	32.1000	80.0531	Asia/Shanghai
NGS	RJFU	Nagasaki Airport	Nagasaki	Japan	32.9169	129.9140	Asia/Tokyo
NGU	KNGU	Norfolk Ns (Chambers Fld) Airport	Norfolk	United States	36.9376	-76.2893	America/New_York
NGW	KNGW	Cabaniss Field Nolf Airport	Corpus Christi	United States	27.7003	-97.4344	America/Chicago
NGX	VNMA	Manang Airport	Ngawal	Nepal	28.6414	84.0892	Asia/Kathmandu
NHA	VVNT	Nha Trang Air Base	Nha Trang	Vietnam	12.2275	109.1920	Asia/Ho_Chi_Minh
NHD	OMDM	Al Minhad Air Base	Dubai	United Arab Emirates	25.0268	55.3662	Asia/Dubai
NHF	HSNW	New Halfa Airport	New Halfa	Sudan	15.3556	35.7278	Africa/Khartoum
NHK	KNHK	Patuxent River Naval Air Station/Trapnell Field Aiport	Patuxent River	United States	38.2860	-76.4118	America/New_York
NHS	OPNK	Nushki Airport	Nushki	Pakistan	29.5390	66.0233	Asia/Karachi
NHT	EGWU	RAF Northolt	London	United Kingdom	51.5530	-0.4182	Europe/London
NHV	NTMD	Nuku Hiva Airport		French Polynesia	-8.7956	-140.2290	Pacific/Marquesas
NHX	KNBJ	Barin Nolf Airport	Foley	United States	30.3891	-87.6353	America/Chicago
NHZ	KBXM	Brunswick Executive Airport	Brunswick	United States	43.8924	-69.9388	America/New_York
NIA	GLNA	Nimba Airport	Nimba	Liberia	7.5000	-8.6000	Africa/Monrovia
NIB	PAFS	Nikolai Airport	Nikolai	United States	63.0186	-154.3580	America/Anchorage
NIF	YCNF	Camp Nifty Airport		Australia	-21.6717	121.5870	Australia/Perth
NIG	NGNU	Nikunau Airport	Nikunau	Kiribati	-1.3144	176.4100	Pacific/Tarawa
NIM	DRRN	Diori Hamani International Airport	Niamey	Niger	13.4815	2.1836	Africa/Lagos
NIO	FZBI	Nioki Airport	Nioki	DR Congo	-2.7175	17.6847	Africa/Lagos
NIP	KNIP	Jacksonville Naval Air Station	Jacksonville	United States	30.2358	-81.6806	America/New_York
NIS	AYSE	Simberi Airport	Simberi Island	Papua New Guinea	-2.6622	151.9978	Pacific/Port_Moresby
NIT	LFBN	Niort-Souche Airport	Niort/Souche	France	46.3113	-0.4015	Europe/Paris
NIU	NFTO	Mata'aho Airport	Angaha	Tonga	-15.5708	-175.6330	Pacific/Tongatapu
NIX	GANR	Nioro du Sahel Airport	Nioro du Sahel	Mali	15.2381	-9.5761	Africa/Abidjan
NJA	RJTA	Atsugi Naval Air Facility		Japan	35.4546	139.4500	Asia/Tokyo
NJC	USNN	Nizhnevartovsk Airport	Nizhnevartovsk	Russia	60.9493	76.4836	Asia/Yekaterinburg
NJF	ORNI	Al Najaf International Airport	Najaf	Iraq	31.9897	44.4042	Asia/Baghdad
NJK	KNJK	El Centro Naf Airport	El Centro	United States	32.8292	-115.6720	America/Los_Angeles
NKC	GQNN	Nouakchott International Airport	Nouakchott	Mauritania	18.0982	-15.9485	Africa/Abidjan
NKG	ZSNJ	Nanjing Lukou Airport	Nanjing	China	31.7420	118.8620	Asia/Shanghai
NKL	FZAR	Nkolo Fuma Airport	Nkolo Fuma	DR Congo	-5.4500	14.8330	Africa/Lagos
NKM	RJNA	Nagoya Airport	Nagoya	Japan	35.2550	136.9240	Asia/Tokyo
NKS	FKAN	Nkongsamba Airport	Nkongsamba	Cameroon	4.9500	9.9330	Africa/Lagos
NKU	FXNK	Nkaus Airport	Nkaus	Lesotho	-30.0217	28.1969	Africa/Johannesburg
NKW	FJDG	Diego Garcia Naval Support Facility	Diego Garcia	British Indian Ocean Territory	-7.3133	72.4111	Indian/Chagos
NKX	KNKX	Miramar Marine Corps Air Station	San Diego	United States	32.8684	-117.1430	America/Los_Angeles
NKY	FCBY	Yokangassi Airport	Nkayi	Congo	-4.2170	13.2830	Africa/Lagos
NLA	FLSK	Simon Mwansa Kapwepwe International Airport	Ndola	Zambia	-12.9617	28.5167	Africa/Maputo
NLC	KNLC	Lemoore Naval Air Station (Reeves Field) Airport	Lemoore	United States	36.3330	-119.9520	America/Los_Angeles
NLD	MMNL	Quetzalcoatl International Airport	Nuevo Laredo	Mexico	27.4439	-99.5705	America/Matamoros
NLF	YDNI	Darnley Island Airport	Darnley Island	Australia	-9.5833	143.7670	Australia/Brisbane
NLG	PAOU	Nelson Lagoon Airport	Nelson Lagoon	United States	56.0075	-161.1600	America/Anchorage
NLI	UHNN	Nikolayevsk-na-Amure Airport	Nikolayevsk-na-Amure Airport	Russia	53.1550	140.6500	Asia/Vladivostok
NLK	YSNF	Norfolk Island International Airport	Burnt Pine	Norfolk Island	-29.0416	167.9390	Pacific/Norfolk
NLL	YNUL	Nullagine Airport		Australia	-21.9133	120.1980	Australia/Perth
NLO	FZAB	Ndolo Airport		DR Congo	-4.3267	15.3275	Africa/Lagos
NLP	FANS	Nelspruit Airport	Nelspruit	South Africa	-25.5000	30.9138	Africa/Johannesburg
NLS	YNIC	Nicholson Airport		Australia	-18.0500	128.9000	Australia/Perth
NLU	MMSM	Felipe Angeles International Airport	Santa Lucia	Mexico	19.7567	-99.0153	America/Mexico_City
NLV	UKON	Mykolaiv International Airport	Nikolayev	Ukraine	47.0579	31.9198	Europe/Kyiv
NMA	UZFN	Namangan Airport	Namangan	Uzbekistan	40.9846	71.5567	Asia/Tashkent
NMB	VADN	Daman Airport		India	20.4344	72.8432	Asia/Kolkata
NMC	MYEN	Normans Cay Airport		Bahamas	24.5943	-76.8202	America/Toronto
NME	PAGT	Nightmute Airport	Nightmute	United States	60.4710	-164.7010	America/Nome
NMF	VRDA	Maafaru International Airport	Maafaru	Maldives	5.8222	73.4747	Indian/Maldives
NMI	VANM	Navi Mumbai International Airport	Navi Mumbai	India	18.9944	73.0703	Asia/Kolkata
NML	CER4	Fort McMurray / Mildred Lake Airport	Fort McMurray	Canada	57.0556	-111.5740	America/Edmonton
NMR	YNAP	Nappa Merrie Airport		Australia	-27.5583	141.1330	Australia/Brisbane
NMS	VYNS	Namsang Airport	Namsang	Myanmar	20.8905	97.7359	Asia/Yangon
NMT	VYNT	Namtu Airport	Namtu	Myanmar	23.0830	97.3830	Asia/Yangon
NNA	GMMY	Kenitra Airport		Morocco	34.2989	-6.5959	Africa/Casablanca
NNB	AGGT	Santa Ana Airport	Santa Ana Island	Solomon Islands	-10.8480	162.4541	Pacific/Guadalcanal
NNG	ZGNN	Nanning Wuxu Airport	Nanning	China	22.6083	108.1720	Asia/Shanghai
NNI	FYNA	Namutoni Airport	Namutoni	Namibia	-18.8064	16.9272	Africa/Windhoek
NNL	PANO	Nondalton Airport	Nondalton	United States	59.9802	-154.8390	America/Anchorage
NNM	ULAM	Naryan Mar Airport	Naryan Mar	Russia	67.6400	53.1219	Europe/Moscow
NNR	EICA	Connemara Regional Airport	Inverin	Ireland	53.2303	-9.4678	Europe/Dublin
NNT	VTCN	Nan Airport		Thailand	18.8079	100.7830	Asia/Bangkok
NNU	SNNU	Nanuque Airport	Nanuque	Brazil	-17.8233	-40.3299	America/Sao_Paulo
NNX	WRLF	Nunukan Airport	Nunukan-Nunukan Island	Indonesia	4.1365	117.6670	Asia/Kuching
NNY	ZHNY	Nanyang Airport	Nanyang	China	32.9808	112.6150	Asia/Shanghai
NOA	YSNW	Nowra Airport		Australia	-34.9489	150.5370	Australia/Sydney
NOB	MRNS	Nosara Airport	Nicoya	Costa Rica	9.9765	-85.6530	America/Costa_Rica
NOC	EIKN	Ireland West Knock Airport	Charleston	Ireland	53.9103	-8.8185	Europe/Dublin
NOD	EDWS	Norden-Norddeich Airport	Norddeich	Germany	53.6331	7.1903	Europe/Berlin
NOG	MMNG	Nogales International Airport		Mexico	31.2261	-110.9760	America/Hermosillo
NOJ	USRO	Noyabrsk Airport	Noyabrsk	Russia	63.1833	75.2700	Asia/Yekaterinburg
NOK	SWXV	Xavantina Airport	Nova Xavantina	Brazil	-14.6983	-52.3464	America/Cuiaba
NON	NGTO	Nonouti Airport	Nonouti	Kiribati	-0.6397	174.4280	Pacific/Tarawa
NOP	LTCM	Sinop Airport	Sinop	Turkey	42.0158	35.0664	Europe/Istanbul
NOR	BINF	Nordfjordur Airport	Nordfjordur	Iceland	65.1319	-13.7464	Africa/Abidjan
NOS	FMNN	Fascene Airport	Nosy Be	Madagascar	-13.3121	48.3148	Africa/Nairobi
NOT	KDVO	Gnoss Field	Novato	United States	38.1436	-122.5560	America/Los_Angeles
NOU	NWWW	La Tontouta International Airport	Noumea	New Caledonia	-22.0146	166.2130	Pacific/Noumea
NOV	FNHU	Nova Lisboa Airport	Huambo	Angola	-12.8089	15.7605	Africa/Lagos
NOZ	UNWW	Spichenkovo Airport	Novokuznetsk	Russia	53.8114	86.8772	Asia/Novokuznetsk
NPA	KNPA	Pensacola Naval Air Station/Forrest Sherman field	Pensacola	United States	30.3527	-87.3186	America/Chicago
NPE	NZNR	Napier Airport		New Zealand	-39.4658	176.8700	Pacific/Auckland
NPL	NZNP	New Plymouth Airport	New Plymouth	New Zealand	-39.0086	174.1790	Pacific/Auckland
NPO	WIOG	Nanga Pinoh I Airport	Nanga Pinoh-Borneo Island	Indonesia	-0.3489	111.7480	Asia/Pontianak
NPR	SJNP	Novo Progresso Airport	Novo Progresso	Brazil	-7.1258	-55.4008	America/Santarem
NPT	KUUU	Newport State Airport	Newport	United States	41.5324	-71.2815	America/New_York
NQA	KNQA	Millington Regional Jetport Airport	Millington	United States	35.3567	-89.8703	America/Chicago
NQI	KNQI	Kingsville Naval Air Station	Kingsville	United States	27.5072	-97.8097	America/Chicago
NQL	SWNQ	Niquelandia Airport	Niquelandia	Brazil	-14.4349	-48.4915	America/Sao_Paulo
NQN	SAZN	Presidente Peron Airport	Neuquen	Argentina	-38.9490	-68.1557	America/Argentina/Salta
NQT	EGBN	Nottingham Airport	Nottingham	United Kingdom	52.9200	-1.0792	Europe/London
NQU	SKNQ	Reyes Murillo Airport	Nuqui	Colombia	5.6964	-77.2806	America/Bogota
NQX	KNQX	Key West Nas /Boca Chica Field/ Airport	Key West	United States	24.5758	-81.6889	America/New_York
NQY	EGHQ	Newquay Cornwall Airport	Newquay	United Kingdom	50.4406	-4.9954	Europe/London
NQZ	UACC	Astana International Airport	Astana	Kazakhstan	51.0222	71.4669	Asia/Almaty
NRA	YNAR	Narrandera Airport	Narrandera	Australia	-34.7022	146.5120	Australia/Sydney
NRB	KNRB	Mayport Ns (Adm David L. Mcdonald Field) Airport	Mayport	United States	30.3911	-81.4247	America/New_York
NRD	EDWY	Norderney Airport	Norderney	Germany	53.7069	7.2300	Europe/Berlin
NRE	WAPG	Namrole Airport	Namrole-Buru Island	Indonesia	-3.8208	126.7180	Asia/Jayapura
NRG	YNRG	Narrogin Airport		Australia	-32.9300	117.0800	Australia/Perth
NRK	ESSP	Norrkoping Airport	Norrkoping	Sweden	58.5863	16.2506	Europe/Berlin
NRL	EGEN	North Ronaldsay Airport	North Ronaldsay	United Kingdom	59.3675	-2.4344	Europe/London
NRM	GANK	Nara Airport	Nara	Mali	15.2170	-7.2670	Africa/Abidjan
NRN	EDLV	Niederrhein Airport	Weeze	Germany	51.6024	6.1422	Europe/Brussels
NRR	TJRV	Jose Aponte de la Torre Airport	Ceiba	Puerto Rico	18.2453	-65.6434	America/Puerto_Rico
NRS	KNRS	Imperial Beach Nolf (Ream Fld) Airport	Imperial Beach	United States	32.5667	-117.1170	America/Los_Angeles
NRT	RJAA	Narita International Airport	Tokyo	Japan	35.7647	140.3860	Asia/Tokyo
NSE	KNSE	Whiting Field Naval Air Station North Airport	Milton	United States	30.7242	-87.0219	America/Chicago
NSH	OINN	Noshahr Airport		Iran	36.6633	51.4647	Asia/Tehran
NSI	FKYS	Yaounde Nsimalen International Airport	Yaounde	Cameroon	3.7226	11.5533	Africa/Lagos
NSK	UOOO	Norilsk-Alykel Airport	Norilsk	Russia	69.3111	87.3322	Asia/Krasnoyarsk
NSL	KDVP	Slayton Municipal Airport	Slayton	United States	43.9868	-95.7826	America/Chicago
NSM	YNSM	Norseman Airport		Australia	-32.2100	121.7550	Australia/Perth
NSN	NZNS	Nelson Airport	Nelson	New Zealand	-41.2983	173.2210	Pacific/Auckland
NSO	YSCO	Scone Airport		Australia	-32.0372	150.8320	Australia/Sydney
NSP	RPLS	Sangley Point Air Base	Cavite City	Philippines	14.4954	120.9040	Asia/Manila
NSR	SWKQ	Serra da Capivara Airport	Sao Raimundo Nonato	Brazil	-9.0828	-42.6444	America/Fortaleza
NST	VTSF	Nakhon Si Thammarat Airport	Nakhon Si Thammarat	Thailand	8.5396	99.9447	Asia/Bangkok
NSV	YNSH	Noosa Airport		Australia	-26.4233	153.0630	Australia/Brisbane
NSY	LICZ	Sigonella Airport		Italy	37.4017	14.9224	Europe/Rome
NTB	ENNO	Notodden Airport		Norway	59.5657	9.2122	Europe/Berlin
NTD	KNTD	Point Mugu Naval Air Station (Naval Base Ventura Co)	Point Mugu	United States	34.1203	-119.1210	America/Los_Angeles
NTE	LFRS	Nantes Atlantique Airport	Nantes	France	47.1532	-1.6107	Europe/Paris
NTG	ZSNT	Nantong Airport	Nantong	China	32.0708	120.9760	Asia/Shanghai
NTI	WASB	Stenkol Airport	Bintuni-Papua Island	Indonesia	-2.1042	133.5220	Asia/Jayapura
NTL	YWLM	Newcastle Airport	Williamtown	Australia	-32.7950	151.8340	Australia/Sydney
NTN	YNTN	Normanton Airport		Australia	-17.6836	141.0700	Australia/Brisbane
NTO	GVAN	Agostinho Neto Airport	Ponta do Sol	Cabo Verde	17.2028	-25.0906	Atlantic/Cape_Verde
NTQ	RJNW	Noto Airport	Wajima	Japan	37.2931	136.9620	Asia/Tokyo
NTR	MMAN	Del Norte International Airport		Mexico	25.8656	-100.2370	America/Monterrey
NTT	NFTP	Kuini Lavenia Airport	Niuatoputapu	Tonga	-15.9773	-173.7910	Pacific/Tongatapu
NTU	KNTU	Oceana Nas /Apollo Soucek Field/ Station	Virginia Beach	United States	36.8207	-76.0335	America/New_York
NTX	WION	Ranai Airport	Ranai-Natuna Besar Island	Indonesia	3.9087	108.3880	Asia/Jakarta
NTY	FAPN	Pilanesberg International Airport	Pilanesberg	South Africa	-25.3338	27.1734	Africa/Johannesburg
NUB	YNUM	Numbulwar Airport		Australia	-14.2717	135.7170	Australia/Darwin
NUD	HSNH	En Nahud Airport	En Nahud	Sudan	12.6670	28.3330	Africa/Khartoum
NUE	EDDN	Nuremberg Airport	Nuremberg	Germany	49.4987	11.0669	Europe/Berlin
NUI	PAQT	Nuiqsut Airport	Nuiqsut	United States	70.2100	-151.0060	America/Anchorage
NUJ	OIHS	Hamadan Air Base	Hamadan	Iran	35.2116	48.6534	Asia/Tehran
NUK	NTGW	Nukutavake Airport	Nukutavake	French Polynesia	-19.2850	-138.7720	Pacific/Tahiti
NUL	PANU	Nulato Airport	Nulato	United States	64.7293	-158.0740	America/Anchorage
NUM	OENN	Neom Bay Airport	Neom	Saudi Arabia	27.9276	35.2887	Asia/Riyadh
NUN	KNUN	Saufley Field Nolf Airport	Pensacola	United States	30.4697	-87.3381	America/Chicago
NUQ	KNUQ	Moffett Federal Airfield	Mountain View	United States	37.4161	-122.0490	America/Los_Angeles
NUR	YNUB	Nullabor Motel Airport		Australia	-31.4417	130.9020	Australia/Adelaide
NUS	NVSP	Norsup Airport	Norsup	Vanuatu	-16.0797	167.4010	Pacific/Efate
NUU	HKNK	Nakuru Airport	Nakuru	Kenya	-0.2981	36.1593	Africa/Nairobi
NUW	KNUW	Whidbey Island Naval Air Station /Ault Field/ Airport	Oak Harbor	United States	48.3518	-122.6560	America/Los_Angeles
NUX	USMU	Novy Urengoy Airport	Novy Urengoy	Russia	66.0694	76.5203	Asia/Yekaterinburg
NVA	SKNV	Benito Salas Airport	Neiva	Colombia	2.9501	-75.2940	America/Bogota
NVD	KNVD	Nevada Municipal Airport	Nevada	United States	37.8521	-94.3049	America/Chicago
NVG	MNNG	Nueva Guinea Airport	Nueva Guinea	Nicaragua	11.6667	-84.4500	America/Managua
NVI	UZSA	Navoi Airport	Navoi	Uzbekistan	40.1172	65.1708	Asia/Samarkand
NVK	ENNK	Narvik Framnes Airport	Narvik	Norway	68.4369	17.3867	Europe/Berlin
NVN	KO02	Nervino Airport	Beckwourth	United States	39.8185	-120.3530	America/Los_Angeles
NVP	SWNA	Novo Aripuana Airport	Novo Aripuana	Brazil	-5.1180	-60.3649	America/Manaus
NVS	LFQG	Nevers-Fourchambault Airport	Nevers/Fourchambault	France	47.0026	3.1133	Europe/Paris
NVT	SBNF	Ministro Victor Konder International Airport	Navegantes	Brazil	-26.8800	-48.6514	America/Sao_Paulo
NWA	FMCI	Moheli Bandar Es Eslam Airport		Comoros	-12.2981	43.7664	Africa/Nairobi
NWI	EGSH	Norwich International Airport	Norwich	United Kingdom	52.6758	1.2828	Europe/London
NYA	USHN	Nyagan Airport	Nyagan	Russia	62.1100	65.6150	Asia/Yekaterinburg
NYE	HKNI	Nyeri Airport	Nyeri	Kenya	-0.3644	36.9785	Africa/Nairobi
NYG	KNYG	Quantico MCAF /Turner field	Quantico	United States	38.5017	-77.3053	America/New_York
NYI	DGSN	Sunyani Airport	Sunyani	Ghana	7.3618	-2.3288	Africa/Abidjan
NYK	HKNY	Nanyuki Airport	Nanyuki	Kenya	-0.0624	37.0410	Africa/Nairobi
NYM	USMM	Nadym Airport	Nadym	Russia	65.4809	72.6989	Asia/Yekaterinburg
NYN	YNYN	Nyngan Airport		Australia	-31.5511	147.2030	Australia/Sydney
NYO	ESKN	Stockholm Skavsta Airport	Stockholm / Nykoping	Sweden	58.7886	16.9122	Europe/Berlin
NYR	UENN	Nyurba Airport	Nyurba	Russia	63.2950	118.3370	Asia/Yakutsk
NYS	06N7	New York Skyports Seaplane Base	New York	United States	40.7340	-73.9729	America/New_York
NYT	VYEL	Naypyidaw Airport	Pyinmana	Myanmar	19.6235	96.2010	Asia/Yangon
NYU	VYBG	Bagan Airport	Nyaung U	Myanmar	21.1788	94.9302	Asia/Yangon
NYW	VYMY	Monywar Airport	Monywar	Myanmar	22.2330	95.1170	Asia/Yangon
NZA	FNZG	Nzagi Airport	Nzagi	Angola	-7.7169	21.3582	Africa/Lagos
NZC	SPZA	Maria Reiche Neuman Airport		Peru	-14.8540	-74.9615	America/Lima
NZE	GUNZ	Nzerekore Airport	Nzerekore	Guinea	7.8060	-8.7018	Africa/Abidjan
NZH	ZBMZ	Manzhouli Xijiao Airport	Manzhouli	China	49.5667	117.3300	Asia/Shanghai
NZL	ZBZL	Zhalantun Chengjisihan Airport	Zalantun	China	47.8658	122.7675	Asia/Shanghai
NZY	KNZY	North Island Naval Air Station-Halsey Field	San Diego	United States	32.6992	-117.2150	America/Los_Angeles
OAG	YORG	Orange Airport	Orange	Australia	-33.3817	149.1330	Australia/Sydney
OAH	OASD	Shindand Airport		Afghanistan	33.3913	62.2610	Asia/Kabul
OAI	OAIX	Bagram Air Base	Bagram	Afghanistan	34.9461	69.2650	Asia/Kabul
OAJ	KOAJ	Albert J Ellis Airport	Jacksonville	United States	34.8292	-77.6121	America/New_York
OAK	KOAK	Metropolitan Oakland International Airport	Oakland	United States	37.7213	-122.2210	America/Los_Angeles
OAL	SSKW	Cacoal Airport	Cacoal	Brazil	-11.4936	-61.1756	America/Porto_Velho
OAM	NZOU	Oamaru Airport		New Zealand	-44.9700	171.0820	Pacific/Auckland
OAN	MHEA	El Arrayan Airport	Olanchito	Honduras	15.5056	-86.5747	America/Tegucigalpa
OAR	KOAR	Marina Municipal Airport	Marina	United States	36.6819	-121.7620	America/Los_Angeles
OAS	OASA	Sharana Airstrip	Sharana	Afghanistan	33.1257	68.8385	Asia/Kabul
OAX	MMOX	Xoxocotlan International Airport	Oaxaca	Mexico	16.9999	-96.7266	America/Mexico_City
OAZ	OAZI	Camp Bastion Airport		Afghanistan	31.8638	64.2246	Asia/Kabul
OBC	HDOB	Obock Airport	Obock	Djibouti	11.9670	43.2670	Africa/Nairobi
OBE	KOBE	Okeechobee County Airport	Okeechobee	United States	27.2628	-80.8498	America/New_York
OBF	EDMO	Oberpfaffenhofen Airport		Germany	48.0814	11.2831	Europe/Berlin
OBI	SNTI	Obidos Airport	Obidos	Brazil	-1.8672	-55.5144	America/Santarem
OBL	EBZR	Oostmalle Air Base	Zoersel	Belgium	51.2647	4.7533	Europe/Brussels
OBN	EGEO	Oban Airport	North Connel	United Kingdom	56.4635	-5.3997	Europe/London
OBO	RJCB	Tokachi-Obihiro Airport	Obihiro	Japan	42.7333	143.2170	Asia/Tokyo
OBS	LFHO	Aubenas-Ardeche Meridional Airport	Aubenas/Ardeche Meridional	France	44.5442	4.3722	Europe/Paris
OBU	PAOB	Kobuk Airport	Kobuk	United States	66.9123	-156.8970	America/Anchorage
OCC	SECO	Francisco De Orellana Airport	Coca	Ecuador	-0.4629	-76.9868	America/Guayaquil
OCE	KOXB	Ocean City Municipal Airport	Ocean City	United States	38.3104	-75.1240	America/New_York
OCF	KOCF	Ocala International Jim Taylor Field	Ocala	United States	29.1726	-82.2242	America/New_York
OCH	KOCH	A L Mangham Jr. Regional Airport	Nacogdoches	United States	31.5780	-94.7095	America/Chicago
OCJ	MKBS	Boscobel Aerodrome	Ocho Rios	Jamaica	18.4042	-76.9690	America/Jamaica
OCM	YBGD	Boolgeeda Airport		Australia	-22.5400	117.2750	Australia/Perth
OCN	KOKB	Oceanside Municipal Airport	Oceanside	United States	33.2173	-117.3540	America/Los_Angeles
OCV	SKOC	Aguas Claras Airport	Ocana	Colombia	8.3151	-73.3583	America/Bogota
OCW	KOCW	Warren Field	Washington	United States	35.5705	-77.0498	America/New_York
ODA	FEFW	Ouadda Airport	Ouadda	Central African Republic	8.0106	22.3986	Africa/Lagos
ODB	LEBA	Cordoba Airport	Cordoba	Spain	37.8420	-4.8489	Europe/Madrid
ODC	KO27	Oakdale Airport	Oakdale	United States	37.7563	-120.8000	America/Los_Angeles
ODD	YOOD	Oodnadatta Airport		Australia	-27.5617	135.4470	Australia/Adelaide
ODE	EKOD	Odense Airport	Odense	Denmark	55.4767	10.3309	Europe/Berlin
ODH	EGVO	RAF Odiham	Odiham	United Kingdom	51.2341	-0.9428	Europe/London
ODJ	FEGO	Ouanda Djalle Airport	Ouanda Djalle	Central African Republic	8.9000	22.7830	Africa/Lagos
ODL	YCOD	Cordillo Downs Airport	Cordillo Downs	Australia	-26.7453	140.6380	Australia/Adelaide
ODN	WBGI	Long Seridan Airport	Long Seridan	Malaysia	3.9670	115.0500	Asia/Kuching
ODO	UIKB	Bodaybo Airport	Bodaybo	Russia	57.8661	114.2430	Asia/Irkutsk
ODR	YORV	Ord River Airport	Ord River	Australia	-17.3408	128.9120	Australia/Perth
ODS	UKOO	Odessa International Airport	Odessa	Ukraine	46.4268	30.6765	Europe/Kyiv
ODW	KOKH	Delaurentis Airport	Oak Harbor	United States	48.2515	-122.6740	America/Los_Angeles
ODY	VLOS	Oudomsay Airport	Oudomsay	Laos	20.6827	101.9940	Asia/Bangkok
OEC	WPOC	Oecussi Airport	Oecussi-Ambeno	Timor-Leste	-9.1981	124.3430	Asia/Dili
OEL	UUOR	Oryol Yuzhny Airport	Orel	Russia	52.9347	36.0022	Europe/Moscow
OEM	SMPA	Vincent Fayks Airport	Paloemeu	Suriname	3.3453	-55.4425	America/Paramaribo
OEO	KOEO	L O Simenstad Municipal Airport	Osceola	United States	45.3100	-92.6919	America/Chicago
OER	ESNO	Ornskoldsvik Airport	Ornskoldsvik	Sweden	63.4083	18.9900	Europe/Berlin
OES	SAVN	Antoine De St Exupery Airport	San Antonio Oeste	Argentina	-40.7512	-65.0343	America/Argentina/Salta
OFF	KOFF	Offutt Air Force Base	Omaha	United States	41.1183	-95.9125	America/Chicago
OFI	DIOF	Ouango Fitini Airport	Ouango Fitini	Côte d'Ivoire	9.6000	-4.0500	Africa/Abidjan
OFJ	BIOF	Olafsfjordur Airport	Olafsfjordur	Iceland	66.0833	-18.6667	Africa/Abidjan
OFK	KOFK	Karl Stefan Memorial Airport	Norfolk	United States	41.9855	-97.4351	America/Chicago
OFU	NSAS	Ofu Village Airport	Ofu Village	American Samoa	-14.1844	-169.6700	Pacific/Pago_Pago
OGA	KOGA	Searle Field	Ogallala	United States	41.1195	-101.7700	America/Denver
OGB	KOGB	Orangeburg Municipal Airport	Orangeburg	United States	33.4568	-80.8595	America/New_York
OGD	KOGD	Ogden Hinckley Airport	Ogden	United States	41.1959	-112.0120	America/Denver
OGE	AYOG	Ogeranang Airport		Papua New Guinea	-6.4668	147.3642	Pacific/Port_Moresby
OGG	PHOG	Kahului Airport	Kahului	United States	20.8986	-156.4300	Pacific/Honolulu
OGL	SYGO	Ogle Airport	Ogle	Guyana	6.8063	-58.1059	America/Guyana
OGN	ROYN	Yonaguni Airport		Japan	24.4669	122.9780	Asia/Tokyo
OGO	DIAU	Abengourou Airport	Abengourou	Côte d'Ivoire	6.7156	-3.4703	Africa/Abidjan
OGR	FTTB	Bongor Airport	Bongor	Chad	10.2881	15.3811	Africa/Ndjamena
OGS	KOGS	Ogdensburg International Airport	Ogdensburg	United States	44.6819	-75.4655	America/New_York
OGU	LTCB	Ordu–Giresun Airport	Ordu	Turkey	40.9667	38.0800	Europe/Istanbul
OGX	DAUU	Ain el Beida Airport	Ouargla	Algeria	31.9172	5.4128	Africa/Algiers
OGZ	URMO	Beslan Airport	Beslan	Russia	43.2051	44.6066	Europe/Moscow
OHA	NZOH	RNZAF Base Ohakea		New Zealand	-40.2060	175.3880	Pacific/Auckland
OHB	FMFE	Moramanga Aerodrome	Moramanga	Madagascar	-18.9175	48.2182	Africa/Nairobi
OHD	LWOH	Ohrid St. Paul the Apostle Airport	Ohrid	North Macedonia	41.1800	20.7423	Europe/Belgrade
OHE	ZYMH	Gu-Lian Airport	Mohe	China	52.9128	122.4300	Asia/Shanghai
OHH	UHSH	Okha Airport	Okha	Russia	53.5200	142.8900	Asia/Sakhalin
OHO	UHOO	Okhotsk Airport	Okhotsk	Russia	59.4101	143.0565	Asia/Vladivostok
OHR	EDXY	Wyk auf Fohr Airport	Wyk auf Fohr	Germany	54.6844	8.5283	Europe/Berlin
OHS	OOSH	Sohar Airport	Sohar	Oman	24.4642	56.6283	Asia/Dubai
OHT	OPKT	Kohat Airport	Kohat	Pakistan	33.5700	71.4400	Asia/Karachi
OIA	SDOW	Ourilandia do Norte Airport	Ourilandia Do Norte	Brazil	-6.7631	-51.0499	America/Belem
OIC	KOIC	Lt Warren Eaton Airport	Norwich	United States	42.5666	-75.5241	America/New_York
OIM	RJTO	Oshima Airport	Izu Oshima	Japan	34.7820	139.3600	Asia/Tokyo
OIR	RJEO	Okushiri Airport		Japan	42.0717	139.4330	Asia/Tokyo
OIT	RJFO	Oita Airport	Oita	Japan	33.4794	131.7370	Asia/Tokyo
OIZ	DTTB	Sidi Ahmed Air Base	Sidi Ahmed	Tunisia	37.2454	9.7914	Africa/Tunis
OJC	KOJC	Johnson County Executive Airport	Olathe	United States	38.8476	-94.7376	America/Chicago
OKA	ROAH	Naha Airport	Naha	Japan	26.1958	127.6460	Asia/Tokyo
OKC	KOKC	Will Rogers World Airport	Oklahoma City	United States	35.3931	-97.6007	America/Chicago
OKD	RJCO	Okadama Airport	Sapporo	Japan	43.1161	141.3800	Asia/Tokyo
OKE	RJKB	Okierabu Airport		Japan	27.4255	128.7010	Asia/Tokyo
OKF	FYOO	Okaukuejo Airport	Okaukuejo	Namibia	-19.1492	15.9119	Africa/Windhoek
OKH	EGXJ	RAF Cottesmore	Cottesmore	United Kingdom	52.7357	-0.6488	Europe/London
OKI	RJNO	Oki Airport	Okinoshima	Japan	36.1811	133.3250	Asia/Tokyo
OKJ	RJOB	Okayama Airport	Okayama City	Japan	34.7569	133.8550	Asia/Tokyo
OKK	KOKK	Kokomo Municipal Airport	Kokomo	United States	40.5282	-86.0590	America/Indiana/Indianapolis
OKL	WAJO	Oksibil Airport	Oksibil-Papua Island	Indonesia	-5.0911	140.6100	Asia/Jayapura
OKM	KOKM	Okmulgee Regional Airport	Okmulgee	United States	35.6681	-95.9487	America/Chicago
OKN	FOGQ	Okondja Airport	Okondja	Gabon	-0.6652	13.6731	Africa/Lagos
OKO	RJTY	Yokota Air Base	Fussa	Japan	35.7485	139.3480	Asia/Tokyo
OKQ	WAKO	Okaba Airport	Okaba-Papua Island	Indonesia	-8.0882	139.7190	Asia/Jayapura
OKR	YYKI	Yorke Island Airport	Yorke Island	Australia	-9.7570	143.4110	Australia/Brisbane
OKS	KOKS	Garden County Airport	Oshkosh	United States	41.4010	-102.3550	America/Denver
OKT	UWUK	Oktyabrskiy Airport	Kzyl-Yar	Russia	54.4400	53.3883	Asia/Yekaterinburg
OKU	FYMO	Mokuti Lodge Airport	Mokuti Lodge	Namibia	-18.8128	17.0594	Africa/Windhoek
OKY	YBOK	Oakey Airport		Australia	-27.4114	151.7350	Australia/Brisbane
OLA	ENOL	Orland Airport	Orland	Norway	63.6989	9.6040	Europe/Berlin
OLB	LIEO	Olbia / Costa Smeralda Airport	Olbia	Italy	40.8987	9.5176	Europe/Rome
OLC	SDCG	Senadora Eunice Micheles Airport	Sao Paulo De Olivenca	Brazil	-3.4679	-68.9204	America/Manaus
OLD	KOLD	Dewitt FieldOld Town Municipal Airport	Old Town	United States	44.9528	-68.6743	America/New_York
OLE	KOLE	Cattaraugus County-Olean Airport	Olean	United States	42.2412	-78.3714	America/New_York
OLF	KOLF	L M Clayton Airport	Wolf Point	United States	48.0945	-105.5750	America/Denver
OLI	BIRF	Rif Airport	Rif	Iceland	64.9114	-23.8231	Africa/Abidjan
OLJ	NVSZ	North West Santo Airport	Olpoi	Vanuatu	-14.8817	166.5580	Pacific/Efate
OLK	SGOL	Fuerte Olimpo Airport	Fuerte Olimpo	Paraguay	-21.0452	-57.8825	America/Asuncion
OLM	KOLM	Olympia Regional Airport	Olympia	United States	46.9694	-122.9030	America/Los_Angeles
OLN	SAVM	Lago Musters Airport	Sarmiento	Argentina	-45.5778	-69.0728	America/Argentina/Catamarca
OLO	LKOL	Olomouc Glider Airport	Olomouc	Czechia	49.5878	17.2108	Europe/Prague
OLP	YOLD	Olympic Dam Airport	Olympic Dam	Australia	-30.4850	136.8770	Australia/Adelaide
OLS	KOLS	Nogales International Airport	Nogales	United States	31.4177	-110.8480	America/Phoenix
OLU	KOLU	Columbus Municipal Airport	Columbus	United States	41.4480	-97.3426	America/Chicago
OLV	KOLV	Olive Branch Airport	Olive Branch	United States	34.9787	-89.7869	America/Chicago
OLY	KOLY	Olney Noble Airport	Olney-Noble	United States	38.7218	-88.1764	America/Chicago
OLZ	UEMO	Olyokminsk Airport	Olyokminsk	Russia	60.3975	120.4710	Asia/Yakutsk
OMA	KOMA	Eppley Airfield	Omaha	United States	41.3032	-95.8941	America/Chicago
OMB	FOOH	Omboue Hopital Airport	Omboue	Gabon	-1.5747	9.2627	Africa/Lagos
OMC	RPVO	Ormoc Airport	Ormoc City	Philippines	11.0580	124.5650	Asia/Manila
OMD	FYOG	Oranjemund Airport	Oranjemund	Namibia	-28.5847	16.4467	Africa/Johannesburg
OME	PAOM	Nome Airport	Nome	United States	64.5122	-165.4450	America/Nome
OMF	OJMF	King Hussein Air College	Mafraq	Jordan	32.3564	36.2592	Asia/Amman
OMG	FYOE	Omega Airport	Omega	Namibia	-18.0303	22.1897	Africa/Windhoek
OMH	OITR	Urmia Airport	Urmia	Iran	37.6681	45.0687	Asia/Tehran
OMI	OIAJ	Omidiyeh Airport	Omidiyeh	Iran	30.8352	49.5349	Asia/Tehran
OMK	KOMK	Omak Airport	Omak	United States	48.4644	-119.5180	America/Los_Angeles
OMM	OOMX	Marmul Airport	Marmul	Oman	18.1360	55.1821	Asia/Dubai
OMN	UZTZ	Zomin Airport	Lyaylyakul	Uzbekistan	40.0151	68.4098	Asia/Tashkent
OMO	LQMO	Mostar International Airport	Mostar	Bosnia and Herzegovina	43.2829	17.8459	Europe/Belgrade
OMR	LROD	Oradea International Airport	Oradea	Romania	47.0253	21.9025	Europe/Bucharest
OMS	UNOO	Omsk Central Airport	Omsk	Russia	54.9670	73.3105	Asia/Omsk
ONA	KONA	Winona Municipal-Max Conrad Field	Winona	United States	44.0772	-91.7083	America/Chicago
OND	FYOA	Ondangwa Airport	Ondangwa	Namibia	-17.8782	15.9526	Africa/Windhoek
ONG	YMTI	Mornington Island Airport		Australia	-16.6625	139.1780	Australia/Brisbane
ONI	WABD	Moanamani Airport	Moanamani-Papua Island	Indonesia	-3.9834	136.0833	Asia/Jayapura
ONJ	RJSR	Odate Noshiro Airport	Odate	Japan	40.1919	140.3710	Asia/Tokyo
ONK	UERO	Olenyok Airport	Olenyok	Russia	68.5150	112.4800	Asia/Yakutsk
ONL	KONL	The O'Neill Municipal John L Baker Field	O'Neill	United States	42.4699	-98.6881	America/Chicago
ONM	KONM	Socorro Municipal Airport	Socorro	United States	34.0225	-106.9030	America/Denver
ONO	KONO	Ontario Municipal Airport	Ontario	United States	44.0205	-117.0140	America/Boise
ONP	KONP	Newport Municipal Airport	Newport	United States	44.5804	-124.0580	America/Los_Angeles
ONQ	LTAS	Zonguldak Airport	Zonguldak	Turkey	41.5064	32.0886	Europe/Istanbul
ONR	YMNK	Monkira Airport		Australia	-24.8167	140.5330	Australia/Brisbane
ONS	YOLW	Onslow Airport		Australia	-21.6683	115.1130	Australia/Perth
ONT	KONT	Ontario International Airport	Ontario	United States	34.0560	-117.6010	America/Los_Angeles
ONU	NFOL	Ono-I-Lau Airport	Ono-I-Lau	Fiji	-20.6500	-178.7000	Pacific/Fiji
ONX	MPEJ	Enrique Adolfo Jimenez Airport	Colon	Panama	9.3566	-79.8674	America/Panama
ONY	KONY	Olney Municipal Airport	Olney	United States	33.3509	-98.8192	America/Chicago
OOA	KOOA	Oskaloosa Municipal Airport	Oskaloosa	United States	41.2262	-92.4939	America/Chicago
OOD	YKDD	Gudai-Darri Airstrip	Newman	Australia	-22.5036	119.0763	Australia/Perth
OOK	PAOO	Toksook Bay Airport	Toksook Bay	United States	60.5414	-165.0870	America/Nome
OOL	YBCG	Gold Coast Airport	Gold Coast	Australia	-28.1644	153.5050	Australia/Brisbane
OOM	YCOM	Cooma Snowy Mountains Airport	Cooma	Australia	-36.3006	148.9740	Australia/Sydney
OOR	YMOO	Mooraberree Airport		Australia	-25.2500	140.9830	Australia/Brisbane
OOT	NGON	Onotoa Airport	Onotoa	Kiribati	-1.7961	175.5260	Pacific/Tarawa
OPA	BIKP	Kopasker Airport	Kopasker	Iceland	66.3108	-16.4667	Africa/Abidjan
OPF	KOPF	Miami-Opa Locka Executive Airport	Miami	United States	25.9070	-80.2784	America/New_York
OPI	YOEN	Oenpelli Airport		Australia	-12.3250	133.0060	Australia/Darwin
OPL	KOPL	St Landry Parish Ahart Field	Opelousas	United States	30.5584	-92.0994	America/Chicago
OPO	LPPR	Francisco de Sa Carneiro Airport	Porto	Portugal	41.2481	-8.6814	Europe/Lisbon
OPP	SNSM	Salinopolis Airport	Salinopolis	Brazil	-0.6957	-47.3347	America/Belem
OPS	SWSI	Presidente Joao Batista Figueiredo Airport	Sinop	Brazil	-11.8850	-55.5861	America/Cuiaba
OPU	AYBM	Balimo Airport	Balimo	Papua New Guinea	-8.0500	142.9330	Pacific/Port_Moresby
OQN	UZKK	Kokand Airport	Kokand	Uzbekistan	40.5398	70.9748	Asia/Tashkent
ORA	SASO	Oran Airport	Oran	Argentina	-23.1528	-64.3292	America/Argentina/Salta
ORB	ESOE	Orebro Airport	Orebro	Sweden	59.2237	15.0380	Europe/Berlin
ORC	SKOE	Orocue Airport	Orocue	Colombia	4.7922	-71.3564	America/Bogota
ORD	KORD	Chicago O'Hare International Airport	Chicago	United States	41.9786	-87.9048	America/Chicago
ORE	LFOZ	Orleans-Saint-Denis-de-l'Hotel Airport	Orleans/Saint-Denis-de-l'Hotel	France	47.8969	2.1633	Europe/Paris
ORF	KORF	Norfolk International Airport	Norfolk	United States	36.8946	-76.2012	America/New_York
ORG	SMZO	Zorg en Hoop Airport	Paramaribo	Suriname	5.8111	-55.1907	America/Paramaribo
ORH	KORH	Worcester Regional Airport	Worcester	United States	42.2673	-71.8757	America/New_York
ORJ	SYOR	Orinduik Airport	Orinduik	Guyana	4.7253	-60.0350	America/Boa_Vista
ORK	EICK	Cork Airport	Cork	Ireland	51.8413	-8.4911	Europe/Dublin
ORL	KORL	Orlando Executive Airport	Orlando	United States	28.5455	-81.3329	America/New_York
ORM	EGBK	Sywell Aerodrome	Northampton	United Kingdom	52.3053	-0.7931	Europe/London
ORN	DAOO	Es Senia Airport	Oran	Algeria	35.6239	-0.6212	Africa/Algiers
ORP	FBOR	Orapa Airport		Botswana	-21.2667	25.3167	Africa/Maputo
ORR	YYOR	Yorketown Airport		Australia	-35.0000	137.6170	Australia/Adelaide
ORT	PAOR	Northway Airport	Northway	United States	62.9613	-141.9290	America/Anchorage
ORU	SLOR	Juan Mendoza Airport	Oruro	Bolivia	-17.9626	-67.0762	America/La_Paz
ORV	PFNO	Robert (Bob) Curtis Memorial Airport	Noorvik	United States	66.8179	-161.0190	America/Anchorage
ORW	OPOR	Ormara Airport	Ormara Raik	Pakistan	25.2747	64.5860	Asia/Karachi
ORX	SNOX	Oriximina Airport	Oriximina	Brazil	-1.7141	-55.8362	America/Santarem
ORY	LFPO	Paris-Orly Airport	Paris	France	48.7253	2.3594	Europe/Paris
OSB	ORBM	Mosul International Airport	Mosul	Iraq	36.3058	43.1474	Asia/Baghdad
OSC	KOSC	Oscoda Wurtsmith Airport	Oscoda	United States	44.4516	-83.3941	America/Detroit
OSD	ESNZ	Ostersund Airport	Ostersund	Sweden	63.1944	14.5003	Europe/Berlin
OSE	AYOM	Omora Airport	Omora	Papua New Guinea	-7.8278	147.0806	Pacific/Port_Moresby
OSF	UUMO	Ostafyevo International Airport	Moscow	Russia	55.5117	37.5072	Europe/Moscow
OSH	KOSH	Wittman Regional Airport	Oshkosh	United States	43.9844	-88.5570	America/Chicago
OSI	LDOS	Osijek Airport	Osijek	Croatia	45.4627	18.8102	Europe/Belgrade
OSK	ESMO	Oskarshamn Airport		Sweden	57.3505	16.4980	Europe/Berlin
OSL	ENGM	Oslo Gardermoen Airport	Oslo	Norway	60.1939	11.1004	Europe/Berlin
OSN	RKSO	Osan Air Base		South Korea	37.0906	127.0300	Asia/Seoul
OSO	YOSB	Osborne Mine Airport		Australia	-22.0817	140.5550	Australia/Brisbane
OSR	LKMT	Ostrava Leos Janacek Airport	Ostrava	Czechia	49.6963	18.1111	Europe/Prague
OSS	UCFO	Osh Airport	Osh	Kyrgyzstan	40.6090	72.7932	Asia/Bishkek
OST	EBOS	Ostend-Bruges International Airport	Ostend	Belgium	51.1989	2.8622	Europe/Brussels
OSU	KOSU	Ohio State University Airport	Columbus	United States	40.0798	-83.0730	America/New_York
OSW	UWOR	Orsk Airport	Orsk	Russia	51.0725	58.5956	Asia/Yekaterinburg
OSX	KOSX	Kosciusko Attala County Airport	Kosciusko	United States	33.0903	-89.5420	America/Chicago
OSY	ENNM	Namsos Hoknesora Airport	Namsos	Norway	64.4722	11.5786	Europe/Berlin
OSZ	EPKO	Koszalin Zegrze Airport		Poland	54.0425	16.2656	Europe/Warsaw
OTC	FTTL	Bol Airport	Bol	Chad	13.4433	14.7394	Africa/Ndjamena
OTG	KOTG	Worthington Municipal Airport	Worthington	United States	43.6551	-95.5792	America/Chicago
OTH	KOTH	Southwest Oregon Regional Airport	North Bend	United States	43.4171	-124.2460	America/Los_Angeles
OTI	WAMR	Pitu Airport	Gotalalamo-Morotai Island	Indonesia	2.0460	128.3250	Asia/Jayapura
OTJ	FYOW	Otjiwarongo Airport	Otjiwarongo	Namibia	-20.4347	16.6608	Africa/Windhoek
OTK	KTMK	Tillamook Airport	Tillamook	United States	45.4182	-123.8140	America/Los_Angeles
OTL	GQNB	Boutilimit Airport	Boutilimit	Mauritania	17.5330	-14.6830	Africa/Abidjan
OTM	KOTM	Ottumwa Regional Airport	Ottumwa	United States	41.1066	-92.4479	America/Chicago
OTP	LROP	Henri Coanda International Airport	Bucharest	Romania	44.5722	26.1022	Europe/Bucharest
OTR	MRCC	Coto 47 Airport	Corredores	Costa Rica	8.6016	-82.9686	America/Costa_Rica
OTU	SKOT	Otu Airport	El Rhin	Colombia	7.0104	-74.7155	America/Bogota
OTZ	PAOT	Ralph Wien Memorial Airport	Kotzebue	United States	66.8847	-162.5990	America/Nome
OUA	DFFD	Ouagadougou Airport	Ouagadougou	Burkina Faso	12.3532	-1.5124	Africa/Abidjan
OUD	GMFO	Angads Airport	Oujda	Morocco	34.7872	-1.9240	Africa/Casablanca
OUE	FCOU	Ouesso Airport		Congo	1.6160	16.0379	Africa/Lagos
OUG	DFCC	Ouahigouya Airport	Ouahigouya	Burkina Faso	13.5670	-2.4170	Africa/Abidjan
OUH	FAOH	Oudtshoorn Airport	Oudtshoorn	South Africa	-33.6070	22.1890	Africa/Johannesburg
OUI	VLHS	Ban Huoeisay Airport		Laos	20.2573	100.4370	Asia/Bangkok
OUL	EFOU	Oulu Airport	Oulu / Oulunsalo	Finland	64.9301	25.3546	Europe/Helsinki
OUN	KOUN	University of Oklahoma Westheimer Airport	Norman	United States	35.2456	-97.4721	America/Chicago
OUR	FKKI	Batouri Airport	Batouri	Cameroon	4.4750	14.3625	Africa/Lagos
OUS	SDOU	Ourinhos Airport	Ourinhos	Brazil	-22.9665	-49.9133	America/Sao_Paulo
OUT	FTTS	Bousso Airport	Bousso	Chad	10.4830	16.7170	Africa/Ndjamena
OUZ	GQPZ	Tazadit Airport	Zouerate	Mauritania	22.7564	-12.4836	Africa/Abidjan
OVA	FMSL	Bekily Airport	Bekily	Madagascar	-24.2357	45.3045	Africa/Nairobi
OVB	UNNT	Tolmachevo Airport	Novosibirsk	Russia	55.0126	82.6507	Asia/Novosibirsk
OVD	LEAS	Asturias Airport	Ranon	Spain	43.5636	-6.0346	Europe/Madrid
OVE	KOVE	Oroville Municipal Airport	Oroville	United States	39.4878	-121.6220	America/Los_Angeles
OVG	FAOB	Overberg Airport	Overberg	South Africa	-34.5549	20.2507	Africa/Johannesburg
OVL	SCOV	El Tuqui Airport	Ovalle	Chile	-30.5592	-71.1756	America/Santiago
OVR	SAZF	Olavarria Airport	Olavarria	Argentina	-36.8900	-60.2166	America/Argentina/Buenos_Aires
OVS	USHS	Sovetskiy Airport	Sovetskiy	Russia	61.3266	63.6019	Asia/Yekaterinburg
OWA	KOWA	Owatonna Degner Regional Airport	Owatonna	United States	44.1234	-93.2606	America/Chicago
OWB	KOWB	Owensboro Daviess County Airport	Owensboro	United States	37.7401	-87.1668	America/Chicago
OWD	KOWD	Norwood Memorial Airport	Norwood	United States	42.1905	-71.1729	America/New_York
OWK	KOWK	Central Maine Arpt of Norridgewock Airport	Norridgewock	United States	44.7155	-69.8665	America/New_York
OXB	GGOV	Osvaldo Vieira International Airport	Bissau	Guinea-Bissau	11.8948	-15.6537	Africa/Bissau
OXC	KOXC	Waterbury Oxford Airport	Oxford	United States	41.4786	-73.1352	America/New_York
OXD	KOXD	Miami University Airport	Oxford	United States	39.5023	-84.7844	America/New_York
OXF	EGTK	Oxford (Kidlington) Airport	Kidlington	United Kingdom	51.8369	-1.3200	Europe/London
OXP	SOOG	Saint-Georges-de-l'Oyapock Airport	Saint-Georges-de-l'Oyapock Airport	French Guiana	3.8976	-51.8041	America/Belem
OXR	KOXR	Oxnard Airport	Oxnard	United States	34.2008	-119.2070	America/Los_Angeles
OXY	YMNY	Morney Airport		Australia	-25.3583	141.4330	Australia/Brisbane
OYA	SATG	Goya Airport	Goya	Argentina	-29.1058	-59.2189	America/Argentina/Cordoba
OYE	FOGO	Oyem Airport	Oyem	Gabon	1.5431	11.5814	Africa/Lagos
OYK	SBOI	Oiapoque Airport	Oiapoque	Brazil	3.8555	-51.7969	America/Belem
OYL	HKMY	Moyale Airport	Moyale (Lower)	Kenya	3.4697	39.1014	Africa/Nairobi
OYN	YOUY	Ouyen Airport		Australia	-35.0890	142.3545	Australia/Melbourne
OYO	SAZH	Tres Arroyos Airport	Tres Arroyos	Argentina	-38.3869	-60.3297	America/Argentina/Buenos_Aires
OZA	KOZA	Ozona Municipal Airport	Ozona	United States	30.7353	-101.2030	America/Chicago
OZC	RPMO	Labo Airport	Ozamiz City	Philippines	8.1785	123.8420	Asia/Manila
OZG	GMAZ	Zagora Airport	Zagora	Morocco	30.3203	-5.8667	Africa/Casablanca
OZH	UKDE	Zaporizhzhia International Airport	Zaporizhia	Ukraine	47.8670	35.3157	Europe/Kyiv
OZP	LEMO	Moron Air Base	Moron	Spain	37.1749	-5.6159	Europe/Madrid
OZR	KOZR	Cairns AAF (Fort Rucker) Air Field	Fort Rucker/Ozark	United States	31.2757	-85.7134	America/Chicago
OZZ	GMMZ	Ouarzazate Airport	Ouarzazate	Morocco	30.9391	-6.9094	Africa/Casablanca
PAA	VYPA	Hpa-N Airport	Hpa-N	Myanmar	16.8937	97.6746	Asia/Yangon
PAB	VABI	Bilaspur Airport		India	21.9884	82.1110	Asia/Kolkata
PAC	MPMG	Marcos A. Gelabert International Airport	Albrook	Panama	8.9733	-79.5556	America/Panama
PAD	EDLP	Paderborn Lippstadt Airport	Paderborn	Germany	51.6141	8.6163	Europe/Berlin
PAE	KPAE	Snohomish County (Paine Field) Airport	Everett	United States	47.9063	-122.2820	America/Los_Angeles
PAF	HUPA	Pakuba Airport		Uganda	2.2022	31.5544	Africa/Nairobi
PAG	RPMP	Pagadian Airport	Pagadian City	Philippines	7.8307	123.4612	Asia/Manila
PAH	KPAH	Barkley Regional Airport	Paducah	United States	37.0608	-88.7738	America/Chicago
PAJ	OPPC	Parachinar Airport	Parachinar	Pakistan	33.9021	70.0716	Asia/Karachi
PAK	PHPA	Port Allen Airport	Hanapepe	United States	21.8969	-159.6030	Pacific/Honolulu
PAM	KPAM	Tyndall Air Force Base	Panama City	United States	30.0696	-85.5754	America/Chicago
PAN	VTSK	Pattani Airport		Thailand	6.7855	101.1540	Asia/Bangkok
PAO	KPAO	Palo Alto Airport of Santa Clara County	Palo Alto	United States	37.4611	-122.1150	America/Los_Angeles
PAP	MTPP	Toussaint Louverture International Airport	Port-au-Prince	Haiti	18.5800	-72.2925	America/Port-au-Prince
PAQ	PAAQ	Palmer Municipal Airport	Palmer	United States	61.5949	-149.0890	America/Anchorage
PAS	LGPA	Paros Airport	Paros Island	Greece	37.0103	25.1281	Europe/Athens
PAT	VEPT	Lok Nayak Jayaprakash Airport	Patna	India	25.5913	85.0880	Asia/Kolkata
PAU	VYPK	Pauk Airport	Pauk	Myanmar	21.4492	94.4869	Asia/Yangon
PAV	SBUF	Paulo Afonso Airport	Paulo Afonso	Brazil	-9.4009	-38.2506	America/Bahia
PAX	MTPX	Port-de-Paix Airport	Port-de-Paix	Haiti	19.9336	-72.8486	America/Port-au-Prince
PAY	WBKP	Pamol Airport	Pamol	Malaysia	5.9993	117.3999	Asia/Kuching
PAZ	MMPA	El Tajin National Airport	Poza Rica	Mexico	20.6027	-97.4608	America/Mexico_City
PBA	SDLO	Fazenda Pontal Airport	Cairu	Brazil	-13.5648	-38.9400	America/Bahia
PBB	SSPN	Paranaiba Airport	Paranaiba	Brazil	-19.6512	-51.1994	America/Campo_Grande
PBC	MMPB	Hermanos Serdan International Airport	Puebla	Mexico	19.1581	-98.3714	America/Mexico_City
PBD	VAPR	Porbandar Airport	Porbandar	India	21.6487	69.6572	Asia/Kolkata
PBE	SKPR	Puerto Berrio Airport	Puerto Berrio	Colombia	6.4603	-74.4105	America/Bogota
PBF	KPBF	Grider Field	Pine Bluff	United States	34.1731	-91.9356	America/Chicago
PBG	KPBG	Plattsburgh International Airport	Plattsburgh	United States	44.6509	-73.4681	America/New_York
PBH	VQPR	Paro Airport	Paro	Bhutan	27.4032	89.4246	Asia/Thimphu
PBI	KDJT	President Donald J. Trump International Airport (formerly: Palm Beach International Airport)	West Palm Beach	United States	26.6832	-80.0956	America/New_York
PBJ	NVSI	Tavie Airport	Paama Island	Vanuatu	-16.4390	168.2570	Pacific/Efate
PBL	SVPC	General Bartolome Salom International Airport		Venezuela	10.4805	-68.0730	America/Caracas
PBM	SMJP	Johan Adolf Pengel International Airport	Zandery	Suriname	5.4528	-55.1878	America/Paramaribo
PBN	FNPA	Porto Amboim Airport	Port Amboim	Angola	-10.7220	13.7655	Africa/Lagos
PBO	YPBO	Paraburdoo Airport	Paraburdoo	Australia	-23.1711	117.7450	Australia/Perth
PBP	MRIA	Islita Airport	Nandayure	Costa Rica	9.8561	-85.3708	America/Costa_Rica
PBQ	SWPM	Pimenta Bueno Airport	Pimenta Bueno	Brazil	-11.6416	-61.1791	America/Porto_Velho
PBR	MGPB	Puerto Barrios Airport	Puerto Barrios	Guatemala	15.7309	-88.5838	America/Guatemala
PBU	VYPT	Putao Airport	Putao	Myanmar	27.3299	97.4263	Asia/Yangon
PBV	SWPG	Porto dos Gauchos Airport	Porto Dos Gauchos	Brazil	-11.5169	-57.3339	America/Cuiaba
PBX	SWPQ	Fazenda Piraguassu Airport	Porto Alegre Do Norte	Brazil	-10.8611	-51.6850	America/Cuiaba
PBZ	FAPG	Plettenberg Bay Airport	Plettenberg Bay	South Africa	-34.0903	23.3278	Africa/Johannesburg
PCA	PAOC	Portage Creek Airport	Portage Creek	United States	58.9065	-157.7140	America/Anchorage
PCB	WIHP	Pondok Cabe Air Base	Jakarta	Indonesia	-6.3370	106.7650	Asia/Jakarta
PCD	KPDC	Prairie Du Chien Municipal Airport	Prairie Du Chien	United States	43.0193	-91.1237	America/Chicago
PCF	FAPS	Potchefstroom Airport	Potchefstroom	South Africa	-26.6710	27.0819	Africa/Johannesburg
PCG	MGPC	Paso Caballos Airport	Paso Caballos	Guatemala	17.2639	-90.2563	America/Guatemala
PCH	MHPC	Palacios Airport	Palacios	Honduras	15.9550	-84.9414	America/Tegucigalpa
PCL	SPCL	Cap FAP David Abenzur Rengifo International Airport	Pucallpa	Peru	-8.3779	-74.5743	America/Lima
PCN	NZPN	Picton Aerodrome	Picton	New Zealand	-41.3461	173.9560	Pacific/Auckland
PCO	MMPL	Punta Colorada Airport	La Ribera	Mexico	23.5750	-109.5358	America/Mazatlan
PCP	FPPR	Principe Airport		Sao Tome and Principe	1.6629	7.4117	Africa/Sao_Tome
PCQ	VLFL	Boun Neau Airport	Boun Neau	Laos	21.6475	101.9000	Asia/Bangkok
PCR	SKPC	German Olano Airport	Puerto Carreno	Colombia	6.1847	-67.4932	America/Bogota
PCS	SNPC	Picos Airport	Picos	Brazil	-7.0621	-41.5237	America/Fortaleza
PDA	SKPD	Obando Airport	Puerto Inirida	Colombia	3.8535	-67.9062	America/Bogota
PDC	NWWQ	Mueo Airport	Mueo	New Caledonia	-21.3164	164.9990	Pacific/Noumea
PDD	FQPO	Ponta do Ouro Airport	Ponta do Ouro	Mozambique	-26.8286	32.8377	Africa/Maputo
PDE	YPDI	Pandie Pandie Airport		Australia	-26.1167	139.4000	Australia/Adelaide
PDF	SNRD	Prado Airport	Prado	Brazil	-17.2967	-39.2712	America/Bahia
PDG	WIEE	Minangkabau Airport	Ketaping/Padang-Sumatra Island	Indonesia	-0.7869	100.2810	Asia/Jakarta
PDI	AYPD	Pindiu Airport	Pindiu	Papua New Guinea	-6.4451	147.5158	Pacific/Port_Moresby
PDK	KPDK	DeKalb Peachtree Airport	Atlanta	United States	33.8756	-84.3020	America/New_York
PDL	LPPD	Joao Paulo II Airport	Ponta Delgada	Portugal	37.7412	-25.6979	Atlantic/Azores
PDN	YPDA	Parndana Airport	Parndana	Australia	-35.8070	137.2640	Australia/Adelaide
PDO	WIPQ	Pendopo Airport	Talang Gudang-Sumatra Island	Indonesia	-3.2861	103.8800	Asia/Jakarta
PDP	SULS	Capitan Corbeta CA Curbelo International Airport	Punta del Este	Uruguay	-34.8551	-55.0943	America/Montevideo
PDS	MMPG	Piedras Negras International Airport		Mexico	28.6274	-100.5350	America/Matamoros
PDT	KPDT	Eastern Oregon Regional At Pendleton Airport	Pendleton	United States	45.6951	-118.8410	America/Los_Angeles
PDU	SUPU	Tydeo Larre Borges Airport	Paysandu	Uruguay	-32.3633	-58.0619	America/Montevideo
PDV	LBPD	Plovdiv International Airport	Plovdiv	Bulgaria	42.0678	24.8508	Europe/Sofia
PDX	KPDX	Portland International Airport	Portland	United States	45.5887	-122.5980	America/Los_Angeles
PDZ	SVPE	Pedernales Airport		Venezuela	9.9792	-62.2286	America/Caracas
PEA	YPSH	Penneshaw Airport	Ironstone	Australia	-35.7558	137.9629	Australia/Adelaide
PED	LKPD	Pardubice Airport	Pardubice	Czechia	50.0134	15.7386	Europe/Prague
PEE	USPP	Bolshoye Savino Airport	Perm	Russia	57.9145	56.0212	Asia/Yekaterinburg
PEF	EDCP	Peenemunde Airport	Peenemunde	Germany	54.1578	13.7744	Europe/Berlin
PEG	LIRZ	Perugia / San Egidio Airport	Perugia	Italy	43.0959	12.5132	Europe/Rome
PEH	SAZP	Comodoro Pedro Zanni Airport	Pehuajo	Argentina	-35.8446	-61.8576	America/Argentina/Buenos_Aires
PEI	SKPE	Matecana International Airport	Pereira	Colombia	4.8127	-75.7395	America/Bogota
PEK	ZBAA	Beijing Capital International Airport	Beijing	China	40.0801	116.5850	Asia/Shanghai
PEL	FXPG	Pelaneng Airport	Pelaneng	Lesotho	-29.1206	28.5053	Africa/Johannesburg
PEM	SPTU	Padre Aldamiz International Airport	Puerto Maldonado	Peru	-12.6136	-69.2286	America/Lima
PEN	WMKP	Penang International Airport	Penang	Malaysia	5.2971	100.2770	Asia/Singapore
PEQ	KPEQ	Pecos Municipal Airport	Pecos	United States	31.3824	-103.5110	America/Chicago
PER	YPPH	Perth International Airport	Perth	Australia	-31.9403	115.9670	Australia/Perth
PES	ULPB	Petrozavodsk Airport	Petrozavodsk	Russia	61.8852	34.1547	Europe/Moscow
PET	SBPK	Pelotas Airport	Pelotas	Brazil	-31.7184	-52.3277	America/Sao_Paulo
PEU	MHPL	Puerto Lempira Airport	Puerto Lempira	Honduras	15.2622	-83.7812	America/Tegucigalpa
PEV	LHPP	Pecs-Pogany Airport	Pecs-Pogany	Hungary	45.9909	18.2410	Europe/Budapest
PEW	OPPS	Peshawar International Airport	Peshawar	Pakistan	33.9939	71.5146	Asia/Karachi
PEX	UUYP	Pechora Airport	Pechora	Russia	65.1211	57.1308	Europe/Moscow
PEZ	UWPP	Penza Airport	Penza	Russia	53.1106	45.0211	Europe/Moscow
PFB	SBPF	Lauro Kurtz Airport	Passo Fundo	Brazil	-28.2440	-52.3266	America/Sao_Paulo
PFC	KPFC	Pacific City State Airport	Pacific City	United States	45.1998	-123.9620	America/Los_Angeles
PFJ	BIPA	Patreksfjordur Airport	Patreksfjordur	Iceland	65.5558	-23.9650	Africa/Abidjan
PFN	KPFN	Panama City-Bay Co International Airport	Panama City	United States	30.2121	-85.6828	America/Chicago
PFO	LCPH	Paphos International Airport	Paphos	Cyprus	34.7180	32.4857	Asia/Nicosia
PFQ	OITP	Parsabade Moghan Airport	Parsabad	Iran	39.6036	47.8815	Asia/Tehran
PFR	FZVS	Ilebo Airport	Ilebo	DR Congo	-4.3330	20.5830	Africa/Maputo
PGA	KPGA	Page Municipal Airport	Page	United States	36.9261	-111.4480	America/Phoenix
PGC	KW99	Grant County Airport	Petersburg	United States	38.9949	-79.1459	America/New_York
PGD	KPGD	Punta Gorda Airport	Punta Gorda	United States	26.9202	-81.9905	America/New_York
PGF	LFMP	Perpignan-Rivesaltes (Llabanere) Airport	Perpignan/Rivesaltes	France	42.7404	2.8707	Europe/Paris
PGH	VIPT	Pantnagar Airport	Pantnagar	India	29.0334	79.4737	Asia/Kolkata
PGI	FNCH	Chitato Airport	Chitato	Angola	-7.3589	20.8047	Africa/Lagos
PGK	WIPK	Pangkal Pinang (Depati Amir) Airport	Pangkal Pinang-Palaubangka Island	Indonesia	-2.1622	106.1390	Asia/Jakarta
PGL	KPQL	Trent Lott International Airport	Pascagoula	United States	30.4628	-88.5292	America/Chicago
PGO	KPSO	Stevens Field	Pagosa Springs	United States	37.2863	-107.0560	America/Denver
PGR	KPGR	Kirk Field	Paragould	United States	36.0629	-90.5078	America/Chicago
PGU	OIBP	Persian Gulf International Airport	Asalouyeh	Iran	27.3796	52.7377	Asia/Tehran
PGV	KPGV	Pitt Greenville Airport	Greenville	United States	35.6352	-77.3853	America/New_York
PGX	LFBX	Perigueux-Bassillac Airport	Perigueux/Bassillac	France	45.1981	0.8156	Europe/Paris
PGZ	SSZW	Ponta Grossa Airport	Ponta Grossa	Brazil	-25.1847	-50.1441	America/Sao_Paulo
PHA	VVPR	Phan Rang Airport	Phan Rang	Vietnam	11.6335	108.9520	Asia/Ho_Chi_Minh
PHB	SBPB	Prefeito Doutor Joao Silva Filho Airport	Parnaiba	Brazil	-2.8937	-41.7320	America/Fortaleza
PHC	DNPO	Port Harcourt International Airport	Port Harcourt	Nigeria	5.0155	6.9496	Africa/Lagos
PHD	KPHD	Harry Clever Field	New Philadelphia	United States	40.4709	-81.4197	America/New_York
PHE	YPPD	Port Hedland International Airport	Port Hedland	Australia	-20.3778	118.6260	Australia/Perth
PHF	KPHF	Newport News Williamsburg International Airport	Newport News	United States	37.1319	-76.4930	America/New_York
PHH	VNPR	Pokhara International Airport	Pokhara	Nepal	28.1845	84.0132	Asia/Kathmandu
PHI	SNYE	Pinheiro Airport	Pinheiro	Brazil	-2.4836	-45.0672	America/Fortaleza
PHK	KPHK	Palm Beach Co Glades Airport	Pahokee	United States	26.7850	-80.6934	America/New_York
PHL	KPHL	Philadelphia International Airport	Philadelphia	United States	39.8719	-75.2411	America/New_York
PHN	KPHN	St Clair County International Airport	Port Huron	United States	42.9110	-82.5289	America/Detroit
PHO	PAPO	Point Hope Airport	Point Hope	United States	68.3488	-166.7990	America/Nome
PHP	KPHP	Philip Airport	Philip	United States	44.0486	-101.5990	America/Denver
PHQ	YTMO	The Monument Airport		Australia	-21.8111	139.9240	Australia/Brisbane
PHS	VTPP	Phitsanulok Airport		Thailand	16.7829	100.2790	Asia/Bangkok
PHT	KPHT	Henry County Airport	Paris	United States	36.3382	-88.3829	America/Chicago
PHW	FAPH	Hendrik Van Eck Airport	Phalaborwa	South Africa	-23.9372	31.1554	Africa/Johannesburg
PHX	KPHX	Phoenix Sky Harbor International Airport	Phoenix	United States	33.4343	-112.0120	America/Phoenix
PHY	VTPB	Phetchabun Airport		Thailand	16.6760	101.1950	Asia/Bangkok
PIA	KPIA	Greater Peoria Regional Airport	Peoria	United States	40.6642	-89.6933	America/Chicago
PIB	KPIB	Hattiesburg Laurel Regional Airport	Hattiesburg/Laurel	United States	31.4671	-89.3371	America/Chicago
PIC	MBPI	Pine Cay Airport	Pine Cay	Turks and Caicos Islands	21.9000	-72.1000	America/Grand_Turk
PID	MYPI	Nassau Paradise Island Airport	Nassau	Bahamas	25.0830	-77.3000	America/Toronto
PIE	KPIE	St Petersburg Clearwater International Airport	St Petersburg-Clearwater	United States	27.9102	-82.6874	America/New_York
PIF	RCSQ	Pingtung North Airport	Pingtung	Taiwan	22.7002	120.4820	Asia/Taipei
PIH	KPIH	Pocatello Regional Airport	Pocatello	United States	42.9098	-112.5960	America/Boise
PIK	EGPK	Glasgow Prestwick Airport	Glasgow	United Kingdom	55.5094	-4.5867	Europe/London
PIL	SGPI	Carlos Miguel Gimenez Airport	Pilar	Paraguay	-26.8800	-58.3200	America/Argentina/Cordoba
PIM	KPIM	Harris County Airport	Pine Mountain	United States	32.8407	-84.8824	America/New_York
PIN	SWPI	Parintins Airport	Parintins	Brazil	-2.6730	-56.7772	America/Manaus
PIO	SPSO	Capitan FAP Renan Elias Olivera International Airport	Pisco	Peru	-13.7449	-76.2203	America/Lima
PIP	PAPN	Pilot Point Airport	Pilot Point	United States	57.5804	-157.5720	America/Anchorage
PIR	KPIR	Pierre Regional Airport	Pierre	United States	44.3827	-100.2860	America/Chicago
PIS	LFBI	Poitiers-Biard Airport	Poitiers/Biard	France	46.5877	0.3067	Europe/Paris
PIT	KPIT	Pittsburgh International Airport	Pittsburgh	United States	40.4915	-80.2329	America/New_York
PIU	SPUR	Capitan FAP Guillermo Concha Iberico International Airport	Piura	Peru	-5.2057	-80.6164	America/Lima
PIV	SNPX	Pirapora Airport	Pirapora	Brazil	-17.3169	-44.8603	America/Sao_Paulo
PIW	CZMN	Pikwitonei Airport	Pikwitonei	Canada	55.5889	-97.1642	America/Winnipeg
PIX	LPPI	Pico Airport	Pico Island	Portugal	38.5543	-28.4413	Atlantic/Azores
PIZ	PPIZ	Point Lay Lrrs Airport	Point Lay	United States	69.7329	-163.0050	America/Nome
PJA	ESUP	Pajala Airport		Sweden	67.2456	23.0689	Europe/Berlin
PJB	KPAN	Payson Airport	Payson	United States	34.2568	-111.3390	America/Phoenix
PJC	SGPJ	Dr Augusto Roberto Fuster International Airport	Pedro Juan Caballero	Paraguay	-22.6400	-55.8300	America/Asuncion
PJG	OPPG	Panjgur Airport	Panjgur	Pakistan	26.9545	64.1325	Asia/Karachi
PJM	MRPJ	Puerto Jimenez Airport	Puerto Jimenez	Costa Rica	8.5333	-83.3000	America/Costa_Rica
PKA	PAPK	Napaskiak Airport	Napaskiak	United States	60.7029	-161.7780	America/Anchorage
PKB	KPKB	Mid Ohio Valley Regional Airport	Parkersburg	United States	39.3451	-81.4392	America/New_York
PKC	UHPP	Yelizovo Airport	Petropavlovsk-Kamchatsky	Russia	53.1679	158.4540	Asia/Kamchatka
PKD	KPKD	Park Rapids Municipal Konshok Field	Park Rapids	United States	46.9006	-95.0731	America/Chicago
PKE	YPKS	Parkes Airport	Parkes	Australia	-33.1314	148.2390	Australia/Sydney
PKF	KPKF	Park Falls Municipal Airport	Park Falls	United States	45.9550	-90.4244	America/Chicago
PKG	WMPA	Pulau Pangkor Airport	Pangkor Island	Malaysia	4.2447	100.5530	Asia/Singapore
PKH	LGHL	Porto Cheli Airport	Porto Cheli	Greece	37.2975	23.1478	Europe/Athens
PKJ	MGPG	Playa Grande Airport	Playa Grande	Guatemala	15.9975	-90.7417	America/Guatemala
PKK	VYPU	Pakhokku Airport	Pakhokku	Myanmar	21.4043	95.1112	Asia/Yangon
PKN	WAOI	Iskandar Airport	Pangkalanbun-Borneo Island	Indonesia	-2.7052	111.6730	Asia/Pontianak
PKO	DBBP	Parakou Airport	Parakou	Benin	9.3577	2.6097	Africa/Lagos
PKP	NTGP	Puka Puka Airport		French Polynesia	-14.8095	-138.8130	Pacific/Tahiti
PKR	VNPK	Pokhara Airport	Pokhara	Nepal	28.2009	83.9821	Asia/Kathmandu
PKT	YPKT	Port Keats Airport		Australia	-14.2500	129.5290	Australia/Darwin
PKU	WIBB	Sultan Syarif Kasim Ii (Simpang Tiga) Airport	Pekanbaru-Sumatra Island	Indonesia	0.4608	101.4450	Asia/Jakarta
PKV	ULOO	Pskov Airport	Pskov	Russia	57.7839	28.3956	Europe/Moscow
PKW	FBSP	Selebi Phikwe Airport		Botswana	-22.0583	27.8288	Africa/Maputo
PKX	ZBAD	Beijing Daxing International Airport	Beijing	China	39.5092	116.4106	Asia/Shanghai
PKY	WAOP	Tjilik Riwut Airport	Palangkaraya-Kalimantan Tengah	Indonesia	-2.2251	113.9430	Asia/Pontianak
PKZ	VLPS	Pakse International Airport	Pakse	Laos	15.1321	105.7810	Asia/Bangkok
PLD	MRSR	Playa Samara Airport	Playa Samara	Costa Rica	10.2500	-85.4170	America/Costa_Rica
PLF	FTTP	Pala Airport	Pala	Chad	9.3781	14.9250	Africa/Ndjamena
PLH	EGHD	Plymouth City Airport	Plymouth	United Kingdom	50.4228	-4.1058	Europe/London
PLK	KPLK	M. Graham Clark-Taney County Airport	Point Lookout	United States	36.6259	-93.2289	America/Chicago
PLL	SBMN	Ponta Pelada Airport	Manaus	Brazil	-3.1460	-59.9863	America/Manaus
PLM	WIPP	Sultan Mahmud Badaruddin Ii Airport	Palembang-Sumatra Island	Indonesia	-2.8983	104.7000	Asia/Jakarta
PLN	KPLN	Pellston Regional Airport of Emmet County Airport	Pellston	United States	45.5709	-84.7967	America/Detroit
PLO	YPLC	Port Lincoln Airport	Port Lincoln	Australia	-34.6053	135.8800	Australia/Adelaide
PLP	MPLP	Captain Ramon Xatruch Airport	La Palma	Panama	8.4067	-78.1417	America/Panama
PLQ	EYPA	Palanga International Airport	Palanga	Lithuania	55.9732	21.0939	Europe/Vilnius
PLR	KPLR	St Clair County Airport	Pell City	United States	33.5588	-86.2491	America/Chicago
PLS	MBPV	Providenciales Airport	Providenciales Island	Turks and Caicos Islands	21.7736	-72.2659	America/Grand_Turk
PLT	SKPL	Plato Airport	Plato	Colombia	9.8000	-74.7833	America/Bogota
PLU	SBBH	Pampulha - Carlos Drummond de Andrade Airport	Belo Horizonte	Brazil	-19.8512	-43.9506	America/Sao_Paulo
PLV	UKHP	Suprunovka Airport	Poltava	Ukraine	49.5686	34.3972	Europe/Kyiv
PLW	WAML	Mutiara Airport	Palu-Celebes Island	Indonesia	-0.9185	119.9100	Asia/Makassar
PLX	UASS	Semey Airport	Semey	Kazakhstan	50.3514	80.2344	Asia/Almaty
PLZ	FAPE	Port Elizabeth Airport	Port Elizabeth	South Africa	-33.9849	25.6173	Africa/Johannesburg
PMA	HTPE	Pemba Airport	Chake	Tanzania	-5.2573	39.8114	Africa/Nairobi
PMB	KPMB	Pembina Municipal Airport	Pembina	United States	48.9425	-97.2408	America/Chicago
PMC	SCTE	El Tepual Airport	Puerto Montt	Chile	-41.4389	-73.0940	America/Santiago
PMD	KPMD	Palmdale Regional/USAF Plant 42 Airport	Palmdale	United States	34.6294	-118.0850	America/Los_Angeles
PMF	LIMP	Parma Airport	Parma	Italy	44.8245	10.2964	Europe/Rome
PMG	SBPP	Ponta Pora Airport	Ponta Pora	Brazil	-22.5496	-55.7026	America/Asuncion
PMH	KPMH	Greater Portsmouth Regional Airport	Portsmouth	United States	38.8405	-82.8473	America/New_York
PMI	LEPA	Palma De Mallorca Airport	Palma De Mallorca	Spain	39.5517	2.7388	Europe/Madrid
PMK	YPAM	Palm Island Airport		Australia	-18.7553	146.5810	Australia/Brisbane
PML	PAAL	Port Moller Airport	Cold Bay	United States	56.0060	-160.5610	America/Anchorage
PMO	LICJ	Palermo / Punta Raisi Airport	Palermo	Italy	38.1760	13.0910	Europe/Rome
PMQ	SAWP	Perito Moreno Airport	Perito Moreno	Argentina	-46.5379	-70.9787	America/Argentina/Rio_Gallegos
PMR	NZPM	Palmerston North Airport		New Zealand	-40.3206	175.6170	Pacific/Auckland
PMS	OSPR	Palmyra Airport		Syria	34.5574	38.3169	Asia/Damascus
PMV	SVMG	Del Caribe Santiago Marino International Airport	Isla Margarita	Venezuela	10.9126	-63.9666	America/Caracas
PMW	SBPJ	Brigadeiro Lysias Rodrigues Airport	Palmas	Brazil	-10.2915	-48.3570	America/Araguaina
PMY	SAVY	El Tehuelche Airport	Puerto Madryn	Argentina	-42.7592	-65.1027	America/Argentina/Catamarca
PMZ	MRPM	Palmar Sur Airport	Palmar Sur	Costa Rica	8.9510	-83.4686	America/Costa_Rica
PNA	LEPP	Pamplona Airport	Pamplona	Spain	42.7700	-1.6463	Europe/Madrid
PNB	SBPN	Porto Nacional Airport	Porto Nacional	Brazil	-10.7194	-48.3997	America/Araguaina
PNC	KPNC	Ponca City Regional Airport	Ponca City	United States	36.7320	-97.0998	America/Chicago
PNE	KPNE	Northeast Philadelphia Airport	Philadelphia	United States	40.0819	-75.0106	America/New_York
PNG	SSPG	Paranagua Airport	Paranagua	Brazil	-25.5401	-48.5312	America/Sao_Paulo
PNH	VDPP	Phnom Penh International Airport	Phnom Penh	Cambodia	11.5466	104.8440	Asia/Bangkok
PNI	PTPN	Pohnpei International Airport	Pohnpei Island	Micronesia, Federated States of	6.9851	158.2090	Pacific/Guadalcanal
PNK	WIOO	Supadio Airport	Pontianak-Borneo Island	Indonesia	-0.1507	109.4040	Asia/Pontianak
PNL	LICG	Pantelleria Airport	Pantelleria	Italy	36.8165	11.9689	Europe/Rome
PNN	KPNN	Princeton Municipal Airport	Princeton	United States	45.2007	-67.5644	America/New_York
PNP	AYGR	Girua Airport	Popondetta	Papua New Guinea	-8.8045	148.3090	Pacific/Port_Moresby
PNQ	VAPO	Pune Airport	Pune	India	18.5821	73.9197	Asia/Kolkata
PNR	FCPP	Pointe Noire Airport	Pointe Noire	Congo	-4.8160	11.8866	Africa/Lagos
PNS	KPNS	Pensacola Regional Airport	Pensacola	United States	30.4734	-87.1866	America/Chicago
PNT	SCNT	Tte. Julio Gallardo Airport	Puerto Natales	Chile	-51.6715	-72.5284	America/Punta_Arenas
PNV	EYPP	Panevezys Air Base	Panevezys	Lithuania	55.7294	24.4608	Europe/Vilnius
PNX	KGYI	North Texas Rgnl/Perrin Field	Sherman/Denison	United States	33.7141	-96.6737	America/Chicago
PNY	VOPC	Pondicherry Airport		India	11.9687	79.8101	Asia/Kolkata
PNZ	SBPL	Senador Nilo Coelho Airport	Petrolina	Brazil	-9.3624	-40.5691	America/Recife
POA	SBPA	Salgado Filho Airport	Porto Alegre	Brazil	-29.9944	-51.1714	America/Sao_Paulo
POB	KPOB	Pope Air Force Base	Fayetteville	United States	35.1709	-79.0145	America/New_York
POC	KPOC	Brackett Field	La Verne	United States	34.0916	-117.7820	America/Los_Angeles
POD	GOSP	Podor Airport	Podor	Senegal	16.6830	-14.9670	Africa/Abidjan
POE	KPOE	Polk Army Air Field	Fort Polk	United States	31.0448	-93.1917	America/Chicago
POF	KPOF	Poplar Bluff Regional Business Airport	Poplar Bluff	United States	36.7739	-90.3249	America/Chicago
POG	FOOG	Port Gentil Airport	Port Gentil	Gabon	-0.7117	8.7544	Africa/Lagos
POH	KPOH	Pocahontas Municipal Airport	Pocahontas	United States	42.7428	-94.6473	America/Chicago
POI	SLPO	Capitan Nicolas Rojas Airport	Potosi	Bolivia	-19.5431	-65.7237	America/La_Paz
POJ	SNPD	Patos de Minas Airport	Patos De Minas	Brazil	-18.6728	-46.4912	America/Sao_Paulo
POL	FQPB	Pemba Airport	Pemba / Porto Amelia	Mozambique	-12.9918	40.5240	Africa/Maputo
POM	AYPY	Port Moresby Jacksons International Airport	Port Moresby	Papua New Guinea	-9.4434	147.2200	Pacific/Port_Moresby
PON	MGPP	Poptun Airport	Poptun	Guatemala	16.3258	-89.4161	America/Guatemala
POO	SBPC	Pocos de Caldas Airport	Pocos De Caldas	Brazil	-21.8430	-46.5679	America/Sao_Paulo
POP	MDPP	Gregorio Luperon International Airport	Puerto Plata	Dominican Republic	19.7579	-70.5700	America/Santo_Domingo
POR	EFPO	Pori Airport	Pori	Finland	61.4617	21.8000	Europe/Helsinki
POS	TTPP	Piarco International Airport	Port of Spain	Trinidad and Tobago	10.5954	-61.3372	America/Puerto_Rico
POT	MKKJ	Ken Jones Airport	Ken Jones	Jamaica	18.1988	-76.5345	America/Jamaica
POU	KPOU	Hudson Valley Regional Airport	Poughkeepsie	United States	41.6266	-73.8842	America/New_York
POV	LZPW	Presov Air Base	Presov	Slovakia	49.0297	21.3156	Europe/Prague
POW	LJPZ	Portoroz Airport	Portoroz	Slovenia	45.4734	13.6150	Europe/Belgrade
POX	LFPT	Pontoise - Cormeilles-en-Vexin Airport	Pontoise	France	49.0966	2.0408	Europe/Paris
POY	KPOY	Powell Municipal Airport	Powell	United States	44.8672	-108.7930	America/Denver
POZ	EPPO	Poznan-Lawica Airport	Poznan	Poland	52.4210	16.8263	Europe/Warsaw
PPA	KPPA	Perry Lefors Field	Pampa	United States	35.6130	-100.9960	America/Chicago
PPB	SBDN	Presidente Prudente Airport	Presidente Prudente	Brazil	-22.1751	-51.4246	America/Sao_Paulo
PPC	PAPR	Prospect Creek Airport	Prospect Creek	United States	66.8141	-150.6440	America/Anchorage
PPE	MMPE	Puerto Penasco International Airport	Puerto Penasco	Mexico	31.3562	-113.5257	America/Hermosillo
PPF	KPPF	Tri City Airport	Parsons	United States	37.3299	-95.5062	America/Chicago
PPG	NSTU	Pago Pago International Airport	Pago Pago	American Samoa	-14.3310	-170.7100	Pacific/Pago_Pago
PPH	SVPH	Perai Tepuy Airport		Venezuela	4.5667	-61.4833	America/Caracas
PPI	YPIR	Port Pirie Airport		Australia	-33.2389	137.9950	Australia/Adelaide
PPJ	WIIG	Pulau Panjang Airport	Tjipara-Java Island	Indonesia	-5.6444	106.5625	Asia/Jakarta
PPK	UACP	Petropavlosk South Airport	Petropavlosk	Kazakhstan	54.7747	69.1839	Asia/Almaty
PPL	VNPL	Phaplu Airport	Phaplu	Nepal	27.5178	86.5845	Asia/Kathmandu
PPM	KPMP	Pompano Beach Airpark	Pompano Beach	United States	26.2471	-80.1111	America/New_York
PPN	SKPP	Guillermo Leon Valencia Airport	Popayan	Colombia	2.4544	-76.6093	America/Bogota
PPP	YBPN	Proserpine Whitsunday Coast Airport	Proserpine	Australia	-20.4950	148.5520	Australia/Brisbane
PPQ	NZPP	Paraparaumu Airport		New Zealand	-40.9047	174.9890	Pacific/Auckland
PPR	WIDE	Pasir Pangaraan Airport	Pasir Pengarayan-Sumatra Island	Indonesia	0.8454	100.3700	Asia/Jakarta
PPS	RPVP	Puerto Princesa Airport	Puerto Princesa City	Philippines	9.7421	118.7590	Asia/Manila
PPT	NTAA	Faa'a International Airport	Papeete	French Polynesia	-17.5537	-149.6070	Pacific/Tahiti
PPU	VYPP	Hpapun Airport	Pa Pun	Myanmar	18.0667	97.4498	Asia/Yangon
PPW	EGEP	Papa Westray Airport	Papa Westray	United Kingdom	59.3517	-2.9003	Europe/London
PPY	SNZA	Pouso Alegre Airport	Pouso Alegre	Brazil	-22.2892	-45.9191	America/Sao_Paulo
PQC	VVPQ	Phu Quoc Airport	Duong Dong	Vietnam	10.1678	103.9955	Asia/Ho_Chi_Minh
PQE	SKPQ	German Olano Air Base	La Dorada	Colombia	5.4836	-74.6574	America/Bogota
PQI	KPQI	Presque Isle International Airport	Presque Isle	United States	46.6890	-68.0448	America/New_York
PQM	MMPQ	Palenque International Airport		Mexico	17.5334	-91.9845	America/Mexico_City
PQQ	YPMQ	Port Macquarie Airport	Port Macquarie	Australia	-31.4358	152.8630	Australia/Sydney
PRA	SAAP	General Urquiza Airport	Parana	Argentina	-31.7948	-60.4804	America/Argentina/Cordoba
PRB	KPRB	Paso Robles Municipal Airport	Paso Robles	United States	35.6729	-120.6270	America/Los_Angeles
PRC	KPRC	Ernest A. Love Field	Prescott	United States	34.6545	-112.4200	America/Phoenix
PRD	YPDO	Pardoo Airport	Pardoo	Australia	-20.1175	119.5900	Australia/Perth
PRG	LKPR	Vaclav Havel Airport	Prague	Czechia	50.1008	14.2600	Europe/Prague
PRH	VTCP	Phrae Airport		Thailand	18.1322	100.1650	Asia/Bangkok
PRI	FSPP	Praslin Airport	Praslin Island	Seychelles	-4.3193	55.6914	Asia/Dubai
PRK	FAPK	Prieska Airport	Prieska	South Africa	-29.6836	22.7706	Africa/Johannesburg
PRM	LPPM	Portimao Airport		Portugal	37.1493	-8.5840	Europe/Lisbon
PRN	BKPR	Pristina International Airport	Prishtina	KS	42.5728	21.0358	Europe/Belgrade
PRO	KPRO	Perry Municipal Airport	Perry	United States	41.8280	-94.1599	America/Chicago
PRP	LFKO	Propriano Airport	Propriano	France	41.6606	8.8897	Europe/Paris
PRQ	SARS	Termal Airport	Presidencia Roque Saenz Pena	Argentina	-26.7536	-60.4922	America/Argentina/Cordoba
PRR	SYPR	Paruma Airport	Paruma	Guyana	5.8155	-61.0554	America/Guyana
PRS	AGGP	Parasi Airport	Parasi	Solomon Islands	-9.6417	161.4250	Pacific/Guadalcanal
PRU	VYPY	Pyay Airport	Pye	Myanmar	18.8245	95.2660	Asia/Yangon
PRV	LKPO	Prerov Air Base	Prerov	Czechia	49.4258	17.4047	Europe/Prague
PRX	KPRX	Cox Field	Paris	United States	33.6366	-95.4508	America/Chicago
PRY	FAWB	Wonderboom Airport	Pretoria	South Africa	-25.6539	28.2242	Africa/Johannesburg
PSA	LIRP	Pisa / San Giusto - Galileo Galilei International Airport	Pisa	Italy	43.6839	10.3927	Europe/Rome
PSB	KPSB	Mid State Airport	Philipsburg	United States	40.8844	-78.0873	America/New_York
PSC	KPSC	Tri Cities Airport	Pasco	United States	46.2647	-119.1190	America/Los_Angeles
PSD	HEPS	Port Said Airport	Port Said	Egypt	31.2794	32.2400	Africa/Cairo
PSE	TJPS	Mercedita Airport	Ponce	Puerto Rico	18.0083	-66.5630	America/Puerto_Rico
PSF	KPSF	Pittsfield Municipal Airport	Pittsfield	United States	42.4268	-73.2929	America/New_York
PSG	PAPG	Petersburg James A Johnson Airport	Petersburg	United States	56.8017	-132.9450	America/Sitka
PSH	EDXO	St. Peter-Ording Airport	Sankt Peter-Ording	Germany	54.3089	8.6869	Europe/Berlin
PSI	OPPI	Pasni Airport	Pasni	Pakistan	25.2905	63.3451	Asia/Karachi
PSJ	WAMP	Kasiguncu Airport	Poso-Celebes Island	Indonesia	-1.4167	120.6580	Asia/Makassar
PSK	KPSK	New River Valley Airport	Dublin	United States	37.1373	-80.6785	America/New_York
PSL	EGPT	Perth/Scone Airport	Perth	United Kingdom	56.4392	-3.3722	Europe/London
PSM	KPSM	Portsmouth International at Pease Airport	Portsmouth	United States	43.0779	-70.8233	America/New_York
PSN	KPSN	Palestine Municipal Airport	Palestine	United States	31.7797	-95.7063	America/Chicago
PSO	SKPS	Antonio Narino Airport	Pasto	Colombia	1.3962	-77.2915	America/Bogota
PSP	KPSP	Palm Springs International Airport	Palm Springs	United States	33.8297	-116.5070	America/Los_Angeles
PSR	LIBP	Pescara International Airport	Pescara	Italy	42.4317	14.1811	Europe/Rome
PSS	SARP	Libertador Gral D Jose De San Martin Airport	Posadas	Argentina	-27.3858	-55.9707	America/Argentina/Cordoba
PSU	WIOP	Pangsuma Airport	Putussibau-Borneo Island	Indonesia	0.8356	112.9370	Asia/Pontianak
PSW	SNOS	Municipal Jose Figueiredo Airport	Passos	Brazil	-20.7322	-46.6618	America/Sao_Paulo
PSX	KPSX	Palacios Municipal Airport	Palacios	United States	28.7275	-96.2510	America/Chicago
PSY	SFAL	Stanley Airport	Stanley	Falkland Islands (Malvinas)	-51.6857	-57.7776	Atlantic/Stanley
PSZ	SLPS	Capitan Av. Salvador Ogaya G. airport	Puerto Suarez	Bolivia	-18.9753	-57.8206	America/La_Paz
PTA	PALJ	Port Alsworth Airport	Port Alsworth	United States	60.2043	-154.3190	America/Anchorage
PTB	KPTB	Dinwiddie County Airport	Petersburg	United States	37.1838	-77.5074	America/New_York
PTF	NFFO	Malolo Lailai Island Airport	Malolo Lailai Island	Fiji	-17.7779	177.1970	Pacific/Fiji
PTG	FAPP	Polokwane International Airport	Potgietersrus	South Africa	-23.8453	29.4586	Africa/Johannesburg
PTH	PAPH	Port Heiden Airport	Port Heiden	United States	56.9591	-158.6330	America/Anchorage
PTJ	YPOD	Portland Airport		Australia	-38.3181	141.4710	Australia/Melbourne
PTK	KPTK	Oakland County International Airport	Pontiac	United States	42.6655	-83.4201	America/Detroit
PTM	SVPT	Palmarito Airport	Palmarito	Venezuela	7.5667	-70.1833	America/Caracas
PTN	KPTN	Harry P Williams Memorial Airport	Patterson	United States	29.7095	-91.3390	America/Chicago
PTO	SSPB	Pato Branco Airport	Pato Branco	Brazil	-26.2178	-52.6943	America/Sao_Paulo
PTP	TFFR	Pointe-a-Pitre Le Raizet	Pointe-a-Pitre Le Raizet	Guadeloupe	16.2653	-61.5318	America/Puerto_Rico
PTQ	SNMZ	Porto de Moz Airport	Porto De Moz	Brazil	-1.7414	-52.2361	America/Belem
PTS	KPTS	Atkinson Municipal Airport	Pittsburg	United States	37.4495	-94.7311	America/Chicago
PTT	KPTT	Pratt Industrial Airport	Pratt	United States	37.7016	-98.7469	America/Chicago
PTU	PAPM	Platinum Airport	Platinum	United States	59.0114	-161.8200	America/Anchorage
PTV	KPTV	Porterville Municipal Airport	Porterville	United States	36.0296	-119.0630	America/Los_Angeles
PTW	KPTW	Heritage Field	Pottstown	United States	40.2396	-75.5567	America/New_York
PTX	SKPI	Pitalito Airport	Pitalito	Colombia	1.8578	-76.0857	America/Bogota
PTY	MPTO	Tocumen International Airport	Tocumen	Panama	9.0714	-79.3835	America/Panama
PTZ	SESM	Rio Amazonas Airport	Shell Mera	Ecuador	-1.5052	-78.0627	America/Guayaquil
PUB	KPUB	Pueblo Memorial Airport	Pueblo	United States	38.2891	-104.4970	America/Denver
PUC	KPUC	Carbon County Regional/Buck Davis Field	Price	United States	39.6139	-110.7510	America/Denver
PUD	SAWD	Puerto Deseado Airport	Puerto Deseado	Argentina	-47.7353	-65.9041	America/Argentina/Rio_Gallegos
PUE	MPOA	Puerto Obaldia Airport	Puerto Obaldia	Panama	8.6863	-77.5244	America/Panama
PUF	LFBP	Pau Pyrenees Airport	Pau/Pyrenees (Uzein)	France	43.3800	-0.4186	Europe/Paris
PUG	YPAG	Port Augusta Airport		Australia	-32.5069	137.7170	Australia/Adelaide
PUJ	MDPC	Punta Cana International Airport	Punta Cana	Dominican Republic	18.5674	-68.3634	America/Santo_Domingo
PUK	NTGQ	Pukarua Airport	Pukarua	French Polynesia	-18.2956	-137.0170	Pacific/Tahiti
PUN	FZOP	Punia Airport	Punia	DR Congo	-1.3670	26.3330	Africa/Maputo
PUP	DFCP	Po Airport	Po	Burkina Faso	11.1500	-1.1500	Africa/Abidjan
PUQ	SCCI	Pdte. Carlos Ibanez del Campo Airport	Punta Arenas	Chile	-53.0026	-70.8546	America/Punta_Arenas
PUR	SLPR	Puerto Rico Airport	Puerto Rico/Manuripi	Bolivia	-11.1077	-67.5512	America/La_Paz
PUS	RKPK	Gimhae International Airport	Busan	South Korea	35.1795	128.9380	Asia/Seoul
PUU	SKAS	Tres De Mayo Airport	Puerto Asis	Colombia	0.5052	-76.5008	America/Bogota
PUV	NWWP	Poum Airport	Poum	New Caledonia	-20.2892	164.0990	Pacific/Noumea
PUW	KPUW	Pullman Moscow Regional Airport	Pullman/Moscow	United States	46.7439	-117.1100	America/Los_Angeles
PUX	SCPV	El Mirador Airport	Puerto Varas	Chile	-41.3494	-72.9467	America/Santiago
PUY	LDPL	Pula Airport	Pula	Croatia	44.8935	13.9222	Europe/Belgrade
PUZ	MNPC	Puerto Cabezas Airport	Puerto Cabezas	Nicaragua	14.0472	-83.3867	America/Managua
PVA	SKPV	El Embrujo Airport	Providencia	Colombia	13.3569	-81.3583	America/Bogota
PVC	KPVC	Provincetown Municipal Airport	Provincetown	United States	42.0719	-70.2214	America/New_York
PVD	KPVD	Rhode Island TF Green International Airport	Providence	United States	41.7326	-71.4204	America/New_York
PVE	MPVR	El Porvenir Airport	El Porvenir	Panama	9.5634	-79.0041	America/Panama
PVF	KPVF	Placerville Airport	Placerville	United States	38.7242	-120.7530	America/Los_Angeles
PVG	ZSPD	Shanghai Pudong International Airport	Shanghai	China	31.1434	121.8050	Asia/Shanghai
PVH	SBPV	Governador Jorge Teixeira de Oliveira Airport	Porto Velho	Brazil	-8.7093	-63.9023	America/Porto_Velho
PVI	SSPI	Paranavai Airport	Paranavai	Brazil	-23.0899	-52.4885	America/Sao_Paulo
PVK	LGPZ	Aktion National Airport	Preveza/Lefkada	Greece	38.9255	20.7653	Europe/Athens
PVL	KPBX	Pike County-Hatcher Field	Pikeville	United States	37.5618	-82.5664	America/New_York
PVN	LBPL	Dolna Mitropoliya Air Base	Dolna Mitropoliya	Bulgaria	43.4514	24.5028	Europe/Sofia
PVO	SEPV	Reales Tamarindos Airport	Portoviejo	Ecuador	-1.0417	-80.4722	America/Guayaquil
PVR	MMPR	Licenciado Gustavo Diaz Ordaz International Airport	Puerto Vallarta	Mexico	20.6801	-105.2540	America/Bahia_Banderas
PVS	UHMD	Provideniya Bay Airport	Chukotka	Russia	64.3781	-173.2430	Asia/Anadyr
PVU	KPVU	Provo Municipal Airport	Provo	United States	40.2192	-111.7230	America/Denver
PVW	KPVW	Hale County Airport	Plainview	United States	34.1681	-101.7170	America/Chicago
PWA	KPWA	Wiley Post Airport	Oklahoma City	United States	35.5342	-97.6471	America/Chicago
PWD	KPWD	Sher Wood Airport	Plentywood	United States	48.7903	-104.5340	America/Denver
PWE	UHMP	Pevek Airport	Pevek	Russia	69.7833	170.5970	Asia/Anadyr
PWK	KPWK	Chicago Executive Airport	Chicago/Prospect Heights/Wheeling	United States	42.1142	-87.9015	America/Chicago
PWM	KPWM	Portland International Jetport Airport	Portland	United States	43.6462	-70.3093	America/New_York
PWN	MYCP	Pitts Town Airport	Pitts Town	Bahamas	22.8297	-74.3461	America/Toronto
PWO	FZQC	Pweto Airport	Pweto	DR Congo	-8.4670	28.8830	Africa/Maputo
PWQ	UASP	Pavlodar Airport	Pavlodar	Kazakhstan	52.1950	77.0739	Asia/Almaty
PWT	KPWT	Bremerton National Airport	Bremerton	United States	47.4902	-122.7650	America/Los_Angeles
PWY	KPNA	Ralph Wenz Field	Pinedale	United States	42.7955	-109.8070	America/Denver
PXM	MMPS	Puerto Escondido International Airport	Puerto Escondido	Mexico	15.8769	-97.0891	America/Mexico_City
PXO	LPPS	Porto Santo Airport	Vila Baleira	Portugal	33.0734	-16.3500	Atlantic/Madeira
PXR	VTUJ	Surin Airport		Thailand	14.8683	103.4980	Asia/Bangkok
PXU	VVPK	Pleiku Airport	Pleiku	Vietnam	14.0045	108.0170	Asia/Ho_Chi_Minh
PYA	SKVL	Velasquez Airport	Velasquez	Colombia	5.9390	-74.4570	America/Bogota
PYB	VEJP	Jeypore Airport	Jeypore	India	18.8800	82.5520	Asia/Kolkata
PYE	NCPY	Tongareva Airport	Penrhyn Island	Cook Islands	-9.0144	-158.0324	Pacific/Rarotonga
PYG	VEPY	Pakyong Airport	Pakyong	India	27.2325	88.5883	Asia/Kolkata
PYH	SVPA	Cacique Aramare Airport		Venezuela	5.6200	-67.6061	America/Bogota
PYJ	UERP	Polyarny Airport	Yakutia	Russia	66.4004	112.0300	Asia/Yakutsk
PYK	OIIP	Payam Airport		Iran	35.7761	50.8267	Asia/Tehran
PYM	KPYM	Plymouth Municipal Airport	Plymouth	United States	41.9090	-70.7288	America/New_York
PYO	SEPT	Putumayo Airport	Puerto Putumayo	Ecuador	0.0833	-75.9000	America/Guayaquil
PYR	LGAD	Andravida Airport	Andravida	Greece	37.9207	21.2926	Europe/Athens
PYY	VTCI	Mae Hong Son Airport	Mae Hong Son	Thailand	19.3720	98.4370	Asia/Bangkok
PZA	SKPZ	Paz De Ariporo Airport	Paz De Ariporo	Colombia	5.8761	-71.8866	America/Bogota
PZB	FAPM	Pietermaritzburg Airport	Pietermaritzburg	South Africa	-29.6490	30.3987	Africa/Johannesburg
PZH	OPZB	Zhob Airport	Fort Sandeman	Pakistan	31.3584	69.4636	Asia/Karachi
PZI	ZUZH	Panzhihua Baoanying Airport	Panzhihua	China	26.5391	101.7981	Asia/Shanghai
PZL	FADQ	Zulu Inyala Airport	Phinda	South Africa	-27.8494	32.3097	Africa/Johannesburg
PZO	SVPR	General Manuel Carlos Piar International Airport	Puerto Ordaz-Ciudad Guayana	Venezuela	8.2885	-62.7604	America/Caracas
PZU	HSPN	Port Sudan New International Airport	Port Sudan	Sudan	19.4336	37.2341	Africa/Khartoum
PZY	LZPP	Piestany Airport	Piestany	Slovakia	48.6252	17.8284	Europe/Prague
QAC	SSQT	Castro Airport	Castro	Brazil	-24.8075	-49.9603	America/Sao_Paulo
QAK	SBBQ	Major Brigadeiro Doorgal Borges Airport	Barbacena	Brazil	-21.2672	-43.7611	America/Sao_Paulo
QAM	LFAY	Amiens-Glisy Airport	Amiens/Glisy	France	49.8730	2.3871	Europe/Paris
QAQ	LIAP	L'Aquila / Preturo Airport	L'Aquila	Italy	42.3799	13.3092	Europe/Rome
QAR	EHDL	Deelen Air Base	Arnhem	Netherlands, Kingdom of the	52.0606	5.8731	Europe/Brussels
QBC	CYBD	Bella Coola Airport	Bella Coola	Canada	52.3875	-126.5960	America/Vancouver
QBQ	LFSA	Besancon Thise Airport	St Nazaire	France	47.2747	6.0842	Europe/Paris
QBX	SNOB	Sobral Airport	Sobral	Brazil	-3.6789	-40.3368	America/Fortaleza
QCB	EDQA	Bamberg-Breitenau Airfield	Bamberg	Germany	49.9205	10.9145	Europe/Berlin
QCH	SNCX	Colatina Airport	Colatina	Brazil	-19.4870	-40.5794	America/Sao_Paulo
QCJ	SDBK	Botucatu Airport	Botucatu	Brazil	-22.9395	-48.4680	America/Sao_Paulo
QCN	ETNH	Hohn Airport	Hohn	Germany	54.3122	9.5382	Europe/Berlin
QCO	MUCO	Colon Airport	Colon	Cuba	22.7111	-80.9228	America/Havana
QCP	SNKN	Currais Novos Airport	Currais Novos	Brazil	-6.2808	-36.5403	America/Fortaleza
QCR	SSKU	Curitibanos Airport	Curitibanos	Brazil	-27.2825	-50.6114	America/Sao_Paulo
QCY	EGXC	RAF Coningsby	Coningsby	United Kingdom	53.0930	-0.1660	Europe/London
QDB	SSKS	Cachoeira do Sul Airport	Cachoeira Do Sul	Brazil	-30.0019	-52.9408	America/Sao_Paulo
QDC	SDDR	Dracena Airport	Dracena	Brazil	-21.4605	-51.6069	America/Sao_Paulo
QDF	SNKF	Conselheiro Lafaiete Airport	Conselheiro Lafaiete	Brazil	-20.7386	-43.7974	America/Sao_Paulo
QDJ	DAFI	Tsletsi Airport		Algeria	34.6657	3.3510	Africa/Algiers
QEF	EDFE	Frankfurt-Egelsbach Airport	Egelsbach	Germany	49.9600	8.6458	Europe/Berlin
QEO	EPKW	Bielsko-Bialo Kaniow Airfield	Czechowice-Dziedzice	Poland	49.9400	19.0220	Europe/Warsaw
QFD	DAAK	Boufarik Airport		Algeria	36.5458	2.8761	Africa/Algiers
QFO	EGSU	Duxford Airport	Duxford	United Kingdom	52.0908	0.1319	Europe/London
QFR	LIRH	Frosinone Military Airport	Frosinone	Italy	41.6464	13.2998	Europe/Rome
QGA	SSGY	Guaira Airport	Guaira	Brazil	-24.0811	-54.1917	America/Campo_Grande
QGB	SDYM	Limeira Airport	Limeira	Brazil	-22.6039	-47.4119	America/Sao_Paulo
QGC	SDLP	Lencois Paulista Airport	Lencois Paulista	Brazil	-22.5784	-48.7746	America/Sao_Paulo
QGF	SSNG	Montenegro Airport	Montenegro	Brazil	-29.7194	-51.4894	America/Sao_Paulo
QGP	SNGN	Garanhuns Airport	Garanhuns	Brazil	-8.8343	-36.4716	America/Recife
QGS	SDUO	Alagoinhas Airport	Alagoinhas	Brazil	-12.1751	-38.3802	America/Bahia
QGU	RJNG	Gifu Airport	Gifu	Japan	35.3941	136.8700	Asia/Tokyo
QGY	LHPR	Gyor-Per International Airport	Gyor	Hungary	47.6244	17.8136	Europe/Budapest
QHA	EBZH	Hasselt Airport	Hasselt	Belgium	50.9700	5.3751	Europe/Brussels
QHB	SDPW	Piracicaba Airport	Piracicaba	Brazil	-22.7115	-47.6182	America/Sao_Paulo
QHN	SWTY	Taguatinga Airport	Taguatinga	Brazil	-12.4339	-46.4006	America/Araguaina
QHP	SBTA	Base de Aviacao de Taubate Airport	Taubate	Brazil	-23.0401	-45.5160	America/Sao_Paulo
QHR	HAHM	Harar Meda Airport	Debre Zeyit	Ethiopia	8.7163	39.0059	Africa/Nairobi
QHU	EDXJ	Husum-Schwesing Airport	Husum	Germany	54.5100	9.1383	Europe/Berlin
QHV	SSNH	Novo Hamburgo Airport	Novo Hamburgo	Brazil	-29.6961	-51.0817	America/Sao_Paulo
QID	SNVI	Melio Viana Airport	Tres Coracoes	Brazil	-21.7906	-45.2692	America/Sao_Paulo
QIE	LFMI	Istres Le Tube/Istres Air Base (BA 125) Airport	Istres/Le Tube	France	43.5227	4.9238	Europe/Paris
QIG	SNIG	Iguatu Airport	Iguatu	Brazil	-6.3466	-39.2938	America/Fortaleza
QIQ	SDRK	Rio Claro Airport	Rio Claro	Brazil	-22.4311	-47.5642	America/Sao_Paulo
QIT	SNIP	Itapetinga Airport	Itapetinga	Brazil	-15.2445	-40.2772	America/Bahia
QJB	OEJB	Jubail Airport	Jubail	Saudi Arabia	27.0390	49.4051	Asia/Riyadh
QJD	YJIN	Jindabyne Airport		Australia	-36.4267	148.6020	Australia/Sydney
QKX	ENKA	Kautokeino Air Base		Norway	69.0403	23.0340	Europe/Berlin
QLA	EGHL	Lasham Airport	Lasham	United Kingdom	51.1872	-1.0335	Europe/London
QLC	EPGL	Gliwice Glider Airport		Poland	50.2694	18.6728	Europe/Warsaw
QLD	DAAB	Blida Airport		Algeria	36.5036	2.8142	Africa/Algiers
QLF	EFLA	Lahti Vesivehmaa Airport		Finland	61.1442	25.6935	Europe/Helsinki
QLS	LSGL	Lausanne-la Blecherette Airport	Lausanne	Switzerland	46.5453	6.6167	Europe/Zurich
QLT	LIRL	Latina Airport	Latina	Italy	41.5424	12.9090	Europe/Rome
QLU	EPLR	Lublin Radwiec Airport		Poland	51.2219	22.3947	Europe/Warsaw
QMF	SSMF	Mafra Airport	Mafra	Brazil	-26.1589	-49.8322	America/Sao_Paulo
QMJ	OIAI	Shahid Asyaee Airport		Iran	32.0024	49.2704	Asia/Tehran
QMM	LILQ	Massa Cinquale Airport	Marina Di Massa	Italy	43.9860	10.1428	Europe/Rome
QMZ	EDFZ	Mainz-Finthen Airport	Mainz	Germany	49.9675	8.1472	Europe/Berlin
QNC	LSGN	Neuchatel Airport		Switzerland	46.9575	6.8647	Europe/Zurich
QND	LYNS	Cenej Airport	Novi Sad	Serbia	45.3858	19.8392	Europe/Belgrade
QNJ	LFLI	Annemasse Airport	Annemasse	France	46.1920	6.2684	Europe/Paris
QNM	EBNM	Suarlee Airport	Namur	Belgium	50.4880	4.7689	Europe/Brussels
QNS	SBCO	Canoas Airport	Porto Alegre	Brazil	-29.9459	-51.1444	America/Sao_Paulo
QNV	SDNY	Aeroclube Airport	Nova Iguacu	Brazil	-22.7453	-43.4603	America/Sao_Paulo
QNX	LFLM	Macon-Charnay Airport	Macon/Charnay	France	46.2951	4.7958	Europe/Paris
QOA	SDKK	Mococa Airport	Mococa	Brazil	-21.4878	-47.0344	America/Sao_Paulo
QOB	EDQF	Ansbach-Petersdorf Airport	Ansbach	Germany	49.3611	10.6694	Europe/Berlin
QOE	ETNN	Norvenich Airport		Germany	50.8312	6.6582	Europe/Berlin
QOJ	SSSB	Sao Borja Airport	Sao Borja	Brazil	-28.6549	-56.0346	America/Sao_Paulo
QOW	DNIM	Sam Mbakwe International Airport	Owerri	Nigeria	5.4271	7.2060	Africa/Lagos
QPA	LIPU	Padova Airport	Padova	Italy	45.3958	11.8479	Europe/Rome
QPD	MUPR	Pinar Del Rio Airport	Pinar del Rio	Cuba	22.4214	-83.6784	America/Havana
QPG	WSAP	Paya Lebar Air Base		Singapore	1.3604	103.9100	Asia/Singapore
QPH	FBPY	Palapye Airport	Palapye	Botswana	-22.5670	27.1500	Africa/Maputo
QPM	EPOP	Opole-Polska Nowa Wies Airport	Opole	Poland	50.6333	17.7817	Europe/Warsaw
QPS	SBYS	Campo Fontenelle Airport	Pirassununga	Brazil	-21.9846	-47.3348	America/Sao_Paulo
QPZ	LIMS	Piacenza Airport	Piacenza	Italy	44.9131	9.7233	Europe/Rome
QRA	FAGM	Rand Airport	Johannesburg	South Africa	-26.2425	28.1512	Africa/Johannesburg
QRC	SCRG	De La Independencia Airport	Rancagua	Chile	-34.1737	-70.7757	America/Santiago
QRM	YNRM	Narromine Airport		Australia	-32.2147	148.2250	Australia/Sydney
QRO	MMQT	Queretaro Intercontinental Airport	Queretaro	Mexico	20.6173	-100.1860	America/Mexico_City
QRR	YWRN	Warren Airport		Australia	-31.7333	147.8030	Australia/Sydney
QRT	LIQN	Rieti Airport	Rieti	Italy	42.4272	12.8517	Europe/Rome
QRZ	SDRS	Resende Airport	Resende	Brazil	-22.4785	-44.4803	America/Sao_Paulo
QSA	LELL	Sabadell Airport	Sabadell	Spain	41.5209	2.1051	Europe/Madrid
QSC	SDSC	Sao Carlos Airport	Sao Carlos	Brazil	-21.8754	-47.9037	America/Sao_Paulo
QSF	DAAS	Ain Arnat Airport	Setif	Algeria	36.1781	5.3245	Africa/Algiers
QSI	HTMS	Moshi Airport	Moshi	Tanzania	-3.3633	37.3269	Africa/Nairobi
QSN	MUNB	San Nicolas De Bari Airport	San Nicolas	Cuba	22.7561	-81.9209	America/Havana
QSR	LIRI	Salerno / Pontecagnano Airport	Salerno	Italy	40.6204	14.9113	Europe/Rome
QSX	SYNA	New Amsterdam Airport	New Amsterdam	Guyana	6.2443	-57.4742	America/Guyana
QTJ	LFOR	Chartres Champhol Airport	Blois	France	48.4589	1.5239	Europe/Paris
QUG	EGHR	Chichester/Goodwood Airport	Chichester	United Kingdom	50.8594	-0.7592	Europe/London
QUN	RKNC	A-306 Airport	Chun Chon City	South Korea	37.8838	127.7180	Asia/Seoul
QUS	DNGU	Gusau Airport	Gusau	Nigeria	12.1717	6.6961	Africa/Lagos
QUT	RJTU	Utsunomiya Airport		Japan	36.5145	139.8710	Asia/Tokyo
QUY	EGUY	RAF Wyton	St. Ives	United Kingdom	52.3572	-0.1078	Europe/London
QVA	LILN	Varese / Venegono Airport	Varese	Italy	45.7422	8.8882	Europe/Rome
QVB	SSUV	Uniao da Vitoria Airport	Uniao Da Vitoria	Brazil	-26.2334	-51.0678	America/Sao_Paulo
QVE	EFFO	Forssa Airport	Forssa	Finland	60.8019	23.6456	Europe/Helsinki
QVP	SDRR	Avare-Arandu Airport	Avare	Brazil	-23.0925	-48.9874	America/Sao_Paulo
QWS	EPNT	Nowy Targ Airport	Nowy Targ	Poland	49.4628	20.0503	Europe/Warsaw
QWV	LYVA	Divci Airport	Valjevo	Serbia	44.2978	20.0219	Europe/Belgrade
QXB	LFMA	Aix-en-Provence (BA 114) Airport	Lyon	France	43.5056	5.3678	Europe/Paris
QXC	SNXS	Fazenda Sao Braz Airport	Barra De Santo Antonio	Brazil	-9.3753	-35.5417	America/Maceio
QYD	EPOK	Oksywie Military Air Base	Gdynia	Poland	54.5797	18.5172	Europe/Warsaw
QYR	LFQB	Troyes-Barberey Airport	Troyes/Barberey	France	48.3221	4.0167	Europe/Paris
QYY	EPBK	Bialystok-Krywlany Airport	Bialystok	Poland	53.1014	23.1706	Europe/Warsaw
QZD	LHUD	Szeged Glider Airport	Szeged	Hungary	46.2469	20.0908	Europe/Budapest
QZN	DAAZ	Relizane Airport		Algeria	35.7522	0.6263	Africa/Algiers
QZO	LIQB	Arezzo Airport	Arezzo	Italy	43.4559	11.8470	Europe/Rome
RAB	AYTK	Tokua Airport	Tokua	Papua New Guinea	-4.3405	152.3800	Pacific/Port_Moresby
RAC	KRAC	John H Batten Airport	Racine	United States	42.7606	-87.8152	America/Chicago
RAE	OERR	Arar Domestic Airport	Arar	Saudi Arabia	30.9066	41.1382	Asia/Riyadh
RAF	SAFR	Rafaela Airport	Rafaela	Argentina	-31.2825	-61.5017	America/Argentina/Cordoba
RAG	NZRA	Raglan Airfield		New Zealand	-37.8047	174.8600	Pacific/Auckland
RAH	OERF	Rafha Domestic Airport	Rafha	Saudi Arabia	29.6264	43.4906	Asia/Riyadh
RAI	GVNP	Praia International Airport	Praia	Cabo Verde	14.9245	-23.4935	Atlantic/Cape_Verde
RAJ	VARK	Rajkot Airport	Rajkot	India	22.3092	70.7795	Asia/Kolkata
RAK	GMMX	Menara Airport	Marrakech	Morocco	31.6069	-8.0363	Africa/Casablanca
RAL	KRAL	Riverside Municipal Airport	Riverside	United States	33.9519	-117.4450	America/Los_Angeles
RAM	YRNG	Ramingining Airport		Australia	-12.3564	134.8980	Australia/Darwin
RAN	LIDR	Ravenna Airport	Ravenna	Italy	44.3643	12.2249	Europe/Rome
RAO	SBRP	Leite Lopes Airport	Ribeirao Preto	Brazil	-21.1364	-47.7767	America/Sao_Paulo
RAP	KRAP	Rapid City Regional Airport	Rapid City	United States	44.0453	-103.0570	America/Denver
RAR	NCRG	Rarotonga International Airport	Avarua	Cook Islands	-21.2027	-159.8060	Pacific/Rarotonga
RAS	OIGG	Sardar-e-Jangal Airport	Rasht	Iran	37.3233	49.6178	Asia/Tehran
RAV	SKCN	Cravo Norte Airport	Cravo Norte	Colombia	6.3168	-70.2107	America/Bogota
RAZ	OPRT	Rawalakot Airport	Rawalakot	Pakistan	33.8497	73.7981	Asia/Karachi
RBA	GMME	Rabat-Sale Airport	Rabat	Morocco	34.0515	-6.7515	Africa/Casablanca
RBB	SWBR	Borba Airport	Borba	Brazil	-4.4063	-59.6024	America/Manaus
RBC	YROI	Robinvale Airport		Australia	-34.6500	142.7830	Australia/Melbourne
RBD	KRBD	Dallas Executive Airport	Dallas	United States	32.6809	-96.8682	America/Chicago
RBE	VDRK	Ratanakiri Airport	Ratanakiri	Cambodia	13.7300	106.9870	Asia/Bangkok
RBG	KRBG	Roseburg Regional Airport	Roseburg	United States	43.2388	-123.3560	America/Los_Angeles
RBJ	RJCR	Rebun Airport Airport		Japan	45.4550	141.0390	Asia/Tokyo
RBL	KRBL	Red Bluff Municipal Airport	Red Bluff	United States	40.1507	-122.2520	America/Los_Angeles
RBM	EDMS	Straubing Airport	Straubing	Germany	48.9008	12.5167	Europe/Berlin
RBO	SLRB	Robore Airport	Robore	Bolivia	-18.3292	-59.7650	America/La_Paz
RBQ	SLRQ	Rurenabaque Airport	Rurenabaque	Bolivia	-14.4279	-67.4968	America/La_Paz
RBR	SBRB	Placido de Castro Airport	Rio Branco	Brazil	-9.8689	-67.8981	America/Rio_Branco
RBS	YORB	Orbost Airport		Australia	-37.7900	148.6100	Australia/Melbourne
RBT	HKMB	Segel Airport	Marsabit	Kenya	2.3500	37.9830	Africa/Nairobi
RBU	YROE	Roebourne Airport	Roebourne	Australia	-20.7617	117.1570	Australia/Perth
RBV	AGRM	Ramata Airport	Ramata	Solomon Islands	-8.1681	157.6430	Pacific/Guadalcanal
RBW	KRBW	Lowcountry Regional Airport	Walterboro	United States	32.9210	-80.6406	America/New_York
RBX	HSMK	Rumbek Airport	Rumbek	South Sudan	6.8250	29.6690	Africa/Juba
RBY	PARY	Ruby Airport	Ruby	United States	64.7272	-155.4700	America/Anchorage
RCA	KRCA	Ellsworth Air Force Base	Rapid City	United States	44.1450	-103.1040	America/Denver
RCB	FARB	Richards Bay Airport	Richards Bay	South Africa	-28.7410	32.0921	Africa/Johannesburg
RCH	SKRH	Almirante Padilla Airport	Riohacha	Colombia	11.5262	-72.9260	America/Bogota
RCK	KRCK	H H Coffield Regional Airport	Rockdale	United States	30.6316	-96.9897	America/Chicago
RCL	NVSR	Redcliffe Airport	Redcliffe	Vanuatu	-15.4720	167.8350	Pacific/Efate
RCM	YRMD	Richmond Airport		Australia	-20.7019	143.1150	Australia/Brisbane
RCO	LFDN	Rochefort-Saint-Agnant (BA 721) Airport	Rochefort/Saint-Agnant	France	45.8878	-0.9831	Europe/Paris
RCQ	SATR	Reconquista Airport	Reconquista	Argentina	-29.2103	-59.6800	America/Argentina/Cordoba
RCR	KRCR	Fulton County Airport	Rochester	United States	41.0656	-86.1817	America/Indiana/Indianapolis
RCS	EGTO	Rochester Airport	Rochester	United Kingdom	51.3519	0.5033	Europe/London
RCT	KRCT	Nartron Field	Reed City	United States	43.9000	-85.5167	America/Detroit
RCU	SAOC	Area De Material Airport	Rio Cuarto	Argentina	-33.0851	-64.2613	America/Argentina/Cordoba
RCY	MYRP	Rum Cay Airport		Bahamas	23.6844	-74.8362	America/Toronto
RDB	PADG	Red Dog Airport	Red Dog	United States	68.0321	-162.8990	America/Nome
RDC	SNDC	Redencao Airport	Redencao	Brazil	-8.0333	-49.9799	America/Belem
RDD	KRDD	Redding Municipal Airport	Redding	United States	40.5090	-122.2930	America/Los_Angeles
RDE	WASM	Merdei Airport	Merdei-Papua Island	Indonesia	-1.5833	133.3330	Asia/Jayapura
RDG	KRDG	Reading Regional Carl A Spaatz Field	Reading	United States	40.3785	-75.9652	America/New_York
RDM	KRDM	Roberts Field	Redmond	United States	44.2541	-121.1500	America/Los_Angeles
RDN	WMPR	LTS Pulau Redang Airport	Redang	Malaysia	5.7653	103.0070	Asia/Singapore
RDO	EPRA	Warsaw-Radom Airport	Radom	Poland	51.3892	21.2133	Europe/Warsaw
RDR	KRDR	Grand Forks Air Force Base	Grand Forks	United States	47.9611	-97.4012	America/Chicago
RDS	SAHS	Rincon De Los Sauces Airport	Rincon de los Sauces	Argentina	-37.3906	-68.9042	America/Argentina/Mendoza
RDT	GOSR	Richard Toll Airport	Richard Toll	Senegal	16.4330	-15.6500	Africa/Abidjan
RDU	KRDU	Raleigh Durham International Airport	Raleigh/Durham	United States	35.8776	-78.7875	America/New_York
RDZ	LFCR	Rodez-Marcillac Airport	Rodez/Marcillac	France	44.4079	2.4827	Europe/Paris
REA	NTGE	Reao Airport		French Polynesia	-18.4659	-136.4400	Pacific/Tahiti
REB	EDAX	Rechlin-Larz Airport	Larz	Germany	53.3064	12.7522	Europe/Berlin
REC	SBRF	Guararapes - Gilberto Freyre International Airport	Recife	Brazil	-8.1265	-34.9236	America/Recife
RED	KRVL	Mifflin County Airport	Reedsville	United States	40.6774	-77.6268	America/New_York
REG	LICR	Reggio Calabria Airport	Reggio Calabria	Italy	38.0712	15.6516	Europe/Rome
REI	SOOR	Regina Airport	Regina	French Guiana	4.3147	-52.1317	America/Cayenne
REL	SAVT	Almirante Marco Andres Zar Airport	Rawson	Argentina	-43.2105	-65.2703	America/Argentina/Catamarca
REN	UWOO	Orenburg Central Airport	Orenburg	Russia	51.7958	55.4567	Asia/Yekaterinburg
REO	KREO	Rome State Airport	Rome	United States	42.5777	-117.8850	America/Boise
REP	VDSR	Angkor International Airport	Siem Reap	Cambodia	13.4107	103.8130	Asia/Bangkok
REQ	SPQN	Requena Airport	Requena	Peru	-5.0670	-73.8670	America/Lima
RER	MGRT	Retalhuleu Airport	Retalhuleu	Guatemala	14.5210	-91.6973	America/Guatemala
RES	SARE	Resistencia International Airport	Resistencia	Argentina	-27.4500	-59.0561	America/Argentina/Cordoba
RET	ENRS	Rost Airport		Norway	67.5278	12.1033	Europe/Berlin
REU	LERS	Reus Air Base	Reus	Spain	41.1474	1.1672	Europe/Madrid
REX	MMRX	General Lucio Blanco International Airport	Reynosa	Mexico	26.0089	-98.2285	America/Matamoros
REY	SLRY	Reyes Airport	Reyes	Bolivia	-14.3044	-67.3534	America/La_Paz
RFA	FEGR	Rafai Airport	Rafai	Central African Republic	4.9886	23.9278	Africa/Lagos
RFD	KRFD	Chicago Rockford International Airport	Chicago/Rockford	United States	42.1954	-89.0972	America/Chicago
RFG	KRFG	Rooke Field	Refugio	United States	28.2936	-97.3230	America/Chicago
RFN	BIRG	Raufarhofn Airport	Raufarhofn	Iceland	66.4064	-15.9183	Africa/Abidjan
RFP	NTTR	Raiatea Airport	Uturoa	French Polynesia	-16.7229	-151.4660	Pacific/Tahiti
RFR	MRRF	Rio Frio / Progreso Airport	Rio Frio / Progreso	Costa Rica	10.3274	-83.8876	America/Costa_Rica
RFS	MNRT	Rosita Airport	La Rosita	Nicaragua	13.8897	-84.4089	America/Managua
RGA	SAWE	Hermes Quijada International Airport	Rio Grande	Argentina	-53.7777	-67.7494	America/Argentina/Ushuaia
RGH	VEBG	Balurghat Airport	Balurghat	India	25.2617	88.7956	Asia/Kolkata
RGI	NTTG	Rangiroa Airport		French Polynesia	-14.9543	-147.6610	Pacific/Tahiti
RGK	UNBG	Gorno-Altaysk Airport	Gorno-Altaysk	Russia	51.9667	85.8333	Asia/Barnaul
RGL	SAWG	Piloto Civil N. Fernandez Airport	Rio Gallegos	Argentina	-51.6089	-69.3126	America/Argentina/Rio_Gallegos
RGN	VYYY	Yangon International Airport	Yangon	Myanmar	16.9073	96.1332	Asia/Yangon
RGO	ZKHM	Orang Airport		North Korea	41.4281	129.6470	Asia/Pyongyang
RGS	LEBG	Burgos Airport	Burgos	Spain	42.3576	-3.6208	Europe/Madrid
RGT	WIPR	Japura Airport	Rengat-Sumatra Island	Indonesia	-0.3528	102.3350	Asia/Jakarta
RHA	BIRE	Reykholar Airport	Reykholar	Iceland	65.4526	-22.2061	Africa/Abidjan
RHD	SANH	Las Termas Airport	Rio Hondo	Argentina	-27.4737	-64.9055	America/Argentina/Cordoba
RHE	LFSR	Reims-Champagne (BA 112) Airport	Reims/Champagne	France	49.3100	4.0500	Europe/Paris
RHG	HRYU	Ruhengeri Airport	Ruhengeri	Rwanda	-1.5000	29.6330	Africa/Maputo
RHI	KRHI	Rhinelander Oneida County Airport	Rhinelander	United States	45.6312	-89.4675	America/Chicago
RHL	YRYH	Roy Hill Station Airport		Australia	-22.6258	119.9590	Australia/Perth
RHN	FYSA	Skorpion Mine Airport	Rosh Pinah	Namibia	-27.8764	16.6478	Africa/Windhoek
RHO	LGRP	Diagoras Airport	Rodes Island	Greece	36.4054	28.0862	Europe/Athens
RHP	VNRC	Ramechhap Airport	Ramechhap	Nepal	27.3940	86.0614	Asia/Kathmandu
RHT	ZBAR	Alxa Right Banner Badanjilin Airport	Badanjilin	China	39.2250	101.5460	Asia/Shanghai
RHV	KRHV	Reid Hillview of Santa Clara County Airport	San Jose	United States	37.3329	-121.8190	America/Los_Angeles
RIA	SBSM	Santa Maria Airport	Santa Maria	Brazil	-29.7114	-53.6882	America/Sao_Paulo
RIB	SLRI	Capitan Av. Selin Zeitun Lopez Airport	Riberalta	Bolivia	-11.0000	-66.0000	America/La_Paz
RIC	KRIC	Richmond International Airport	Richmond	United States	37.5052	-77.3197	America/New_York
RID	KRID	Richmond Municipal Airport	Richmond	United States	39.7572	-84.8428	America/Indiana/Indianapolis
RIE	KRPD	Rice Lake Regional Carl's Field	Rice Lake	United States	45.4190	-91.7735	America/Chicago
RIF	KRIF	Richfield Municipal Airport	Richfield	United States	38.7364	-112.0990	America/Denver
RIG	SJRG	Rio Grande Airport	Rio Grande	Brazil	-32.0817	-52.1633	America/Sao_Paulo
RIH	MPSM	Scarlett Martinez International Airport	Rio Hato	Panama	8.3758	-80.1278	America/Panama
RIJ	SPJA	Juan Simons Vela Airport	Rioja	Peru	-6.0679	-77.1600	America/Lima
RIK	MRCR	Carrillo Airport	Nicoya	Costa Rica	9.8705	-85.4814	America/Costa_Rica
RIL	KRIL	Garfield County Regional Airport	Rifle	United States	39.5263	-107.7270	America/Denver
RIM	SPLN	San Nicolas Airport	Rodriguez de Mendoza	Peru	-6.3923	-77.5012	America/Lima
RIN	AGRC	Ringi Cove Airport	Ringi Cove	Solomon Islands	-8.1264	157.1430	Pacific/Guadalcanal
RIR	KRIR	Flabob Airport	Riverside/Rubidoux/	United States	33.9897	-117.4110	America/Los_Angeles
RIS	RJER	Rishiri Airport	Rishiri	Japan	45.2420	141.1860	Asia/Tokyo
RIV	KRIV	March ARB Airport	Riverside	United States	33.8807	-117.2590	America/Los_Angeles
RIW	KRIW	Central Wyoming Regional Airport	Riverton	United States	43.0642	-108.4600	America/Denver
RIX	EVRA	Riga International Airport	Riga	Latvia	56.9236	23.9711	Europe/Riga
RIY	OYRN	Mukalla International Airport	Riyan	Yemen	14.6626	49.3750	Asia/Riyadh
RJA	VORY	Rajahmundry Airport	Rajahmundry	India	17.1104	81.8182	Asia/Kolkata
RJB	VNRB	Rajbiraj Airport	Rajbiraj	Nepal	26.5170	86.7500	Asia/Kathmandu
RJH	VGRJ	Shah Mokhdum Airport	Rajshahi	Bangladesh	24.4372	88.6165	Asia/Dhaka
RJK	LDRI	Rijeka Airport	Rijeka	Croatia	45.2169	14.5703	Europe/Belgrade
RJL	LELO	Logrono-Agoncillo Airport	Logrono	Spain	42.4610	-2.3222	Europe/Madrid
RJN	OIKR	Rafsanjan Airport		Iran	30.2977	56.0511	Asia/Tehran
RKA	NTKK	Aratika Nord Airport		French Polynesia	-15.4853	-145.4700	Pacific/Tahiti
RKC	K1O5	Montague-Yreka Rohrer Field	Montague	United States	41.7304	-122.5460	America/Los_Angeles
RKD	KRKD	Knox County Regional Airport	Rockland	United States	44.0601	-69.0992	America/New_York
RKE	EKRK	Copenhagen Roskilde Airport	Copenhagen	Denmark	55.5856	12.1314	Europe/Berlin
RKH	KUZA	Rock Hill York Co Bryant field	Rock Hill	United States	34.9878	-81.0572	America/New_York
RKO	WIBR	Rokot Airport	Sipora Island	Indonesia	-2.0991	99.7007	Asia/Jakarta
RKP	KRKP	Aransas County Airport	Rockport	United States	28.0868	-97.0446	America/Chicago
RKR	KRKR	Robert S Kerr Airport	Poteau	United States	35.0216	-94.6213	America/Chicago
RKS	KRKS	Southwest Wyoming Regional Airport	Rock Springs	United States	41.5942	-109.0650	America/Denver
RKT	OMRK	Ras Al Khaimah International Airport	Ras Al Khaimah	United Arab Emirates	25.6135	55.9388	Asia/Dubai
RKV	BIRK	Reykjavik Airport	Reykjavik	Iceland	64.1300	-21.9406	Africa/Abidjan
RKW	KRKW	Rockwood Municipal Airport	Rockwood	United States	35.9223	-84.6897	America/Chicago
RLD	KRLD	Richland Airport	Richland	United States	46.3056	-119.3040	America/Los_Angeles
RLG	ETNL	Rostock-Laage Airport	Rostock	Germany	53.9182	12.2783	Europe/Berlin
RLK	ZBYZ	Bayannaoer Tianjitai Airport	Bayannur	China	40.9264	107.7389	Asia/Shanghai
RLO	SAOS	Valle Del Conlara International Airport	Merlo	Argentina	-32.3847	-65.1865	America/Argentina/San_Luis
RLT	DRZL	Arlit Airport	Arlit	Niger	18.7904	7.3660	Africa/Lagos
RMA	YROM	Roma Airport	Roma	Australia	-26.5450	148.7750	Australia/Brisbane
RMB	OOBR	Buraimi Airport	Buraimi	Oman	24.2330	55.7830	Asia/Dubai
RME	KRME	Griffiss International Airport	Rome	United States	43.2338	-75.4070	America/New_York
RMF	HEMA	Marsa Alam International Airport	Marsa Alam	Egypt	25.5571	34.5837	Africa/Cairo
RMG	KRMG	Richard B Russell Airport	Rome	United States	34.3506	-85.1580	America/New_York
RMI	LIPR	Rimini / Miramare - Federico Fellini International Airport	Rimini	Italy	44.0203	12.6117	Europe/Rome
RMK	YREN	Renmark Airport		Australia	-34.1964	140.6740	Australia/Adelaide
RML	VCCC	Colombo Ratmalana Airport	Colombo	Sri Lanka	6.8220	79.8862	Asia/Colombo
RMN	AYRG	Rumginae Airport		Papua New Guinea	-5.8972	141.2717	Pacific/Port_Moresby
RMO	LUKK	Chisinau International Airport	Chisinau	Moldova	46.9277	28.9310	Europe/Chisinau
RMQ	RCMQ	Taichung Ching Chuang Kang Airport	Taichung City	Taiwan	24.2647	120.6210	Asia/Taipei
RMS	ETAR	Ramstein Air Base	Ramstein	Germany	49.4369	7.6003	Europe/Berlin
RMU	LEMI	Región de Murcia International Airport	Corvera	Spain	37.8030	-1.1250	Europe/Madrid
RMY	KMPI	Mariposa Yosemite Airport	Mariposa	United States	37.5109	-120.0400	America/Los_Angeles
RNA	AGAR	Ulawa Airport	Arona	Solomon Islands	-9.8605	161.9795	Pacific/Guadalcanal
RNB	ESDF	Ronneby Airport		Sweden	56.2667	15.2650	Europe/Berlin
RNC	KRNC	Warren County Memorial Airport	Mc Minnville	United States	35.6987	-85.8438	America/Chicago
RND	KRND	Randolph Air Force Base	Universal City	United States	29.5297	-98.2789	America/Chicago
RNE	LFLO	Roanne-Renaison Airport	Roanne/Renaison	France	46.0583	4.0014	Europe/Paris
RNH	KRNH	New Richmond Regional Airport	New Richmond	United States	45.1483	-92.5381	America/Chicago
RNI	MNCI	Corn Island	Corn Island	Nicaragua	12.1629	-83.0638	America/Managua
RNJ	RORY	Yoron Airport		Japan	27.0440	128.4020	Asia/Tokyo
RNL	AGGR	Rennell/Tingoa Airport	Rennell Island	Solomon Islands	-11.5339	160.0630	Pacific/Guadalcanal
RNM	OOGB	Qarn Alam Airport	Ghaba	Oman	21.3830	57.0500	Asia/Dubai
RNN	EKRN	Bornholm Airport	Ronne	Denmark	55.0633	14.7596	Europe/Berlin
RNO	KRNO	Reno Tahoe International Airport	Reno	United States	39.4991	-119.7680	America/Los_Angeles
RNS	LFRN	Rennes-Saint-Jacques Airport	Rennes/Saint-Jacques	France	48.0695	-1.7348	Europe/Paris
RNT	KRNT	Renton Municipal Airport	Renton	United States	47.4931	-122.2160	America/Los_Angeles
RNU	WBKR	Ranau Airport	Ranau	Malaysia	5.9500	116.6670	Asia/Kuching
RNZ	KRZL	Jasper County Airport	Rensselaer	United States	40.9479	-87.1826	America/Chicago
ROA	KROA	Roanoke Regional Woodrum Field	Roanoke	United States	37.3255	-79.9754	America/New_York
ROB	GLRB	Roberts International Airport	Monrovia	Liberia	6.2338	-10.3623	Africa/Monrovia
ROC	KROC	Greater Rochester International Airport	Rochester	United States	43.1189	-77.6724	America/New_York
ROD	FARS	Robertson Airport	Robertson	South Africa	-33.8122	19.9028	Africa/Johannesburg
ROG	KROG	Rogers Executive Airport	Rogers	United States	36.3723	-94.1069	America/Chicago
ROH	YROB	Robinhood Airport		Australia	-18.8450	143.7100	Australia/Brisbane
ROI	VTUV	Roi Et Airport		Thailand	16.1168	103.7740	Asia/Bangkok
ROK	YBRK	Rockhampton Airport	Rockhampton	Australia	-23.3819	150.4750	Australia/Brisbane
RON	SKPA	Juan Jose Rondon Airport	Paipa	Colombia	5.7645	-73.1054	America/Bogota
ROO	SWRD	Rondonopolis Airport	Rondonopolis	Brazil	-16.5860	-54.7248	America/Cuiaba
ROP	PGRO	Rota International Airport	Rota Island	Northern Mariana Islands	14.1743	145.2430	Pacific/Guam
ROR	PTRO	Babelthuap Airport	Babelthuap Island	Palau	7.3677	134.5440	Pacific/Palau
ROS	SAAR	Islas Malvinas Airport	Rosario	Argentina	-32.9036	-60.7850	America/Argentina/Cordoba
ROT	NZRO	Rotorua Regional Airport	Rotorua	New Zealand	-38.1092	176.3170	Pacific/Auckland
ROV	URRP	Platov International Airport	Rostov-on-Don	Russia	47.5008	39.9336	Europe/Moscow
ROW	KROW	Roswell International Air Center Airport	Roswell	United States	33.3016	-104.5310	America/Denver
ROX	KROX	Roseau Municipal Rudy Billberg Field	Roseau	United States	48.8560	-95.6970	America/Chicago
ROY	SAWM	Rio Mayo Airport	Rio Mayo	Argentina	-45.7039	-70.2456	America/Argentina/Catamarca
ROZ	LERT	Rota Naval Station Airport	Rota	Spain	36.6452	-6.3495	Europe/Madrid
RPA	VNRP	Rolpa Airport	Rolpa	Nepal	28.2670	82.7670	Asia/Kathmandu
RPB	YRRB	Roper Bar Airport		Australia	-14.7383	134.5180	Australia/Darwin
RPM	YNGU	Ngukurr Airport		Australia	-14.7228	134.7470	Australia/Darwin
RPN	LLIB	Ben Ya'akov Airport	Rosh Pina	Israel	32.9810	35.5719	Asia/Jerusalem
RPR	VARP	Raipur Airport	Raipur	India	21.1804	81.7388	Asia/Kolkata
RPX	KRPX	Roundup Airport	Roundup	United States	46.4750	-108.5430	America/Denver
RQA	ZWRQ	Ruoqiang Loulan Airport	Ruoqiang	China	38.9747	88.0083	Asia/Shanghai
RQO	KRQO	El Reno Regional Airport	El Reno	United States	35.4727	-98.0058	America/Chicago
RQW	ORQW	Qayyarah West Airport	Qayyarah	Iraq	35.7672	43.1251	Asia/Baghdad
RQY	VOSH	Shivamogga Airport	Shimoga	India	13.8547	75.6106	Asia/Kolkata
RRE	YMRE	Marree Airport		Australia	-29.6633	138.0650	Australia/Adelaide
RRG	FIMR	Sir Charles Gaetan Duval Airport	Port Mathurin	Mauritius	-19.7577	63.3610	Indian/Mauritius
RRK	VERK	Rourkela Airport		India	22.2567	84.8146	Asia/Kolkata
RRL	KRRL	Merrill Municipal Airport	Merrill	United States	45.1989	-89.7129	America/Chicago
RRR	NTKO	Raroia Airport		French Polynesia	-16.0450	-142.4769	Pacific/Tahiti
RRS	ENRO	Roros Airport	Roros	Norway	62.5784	11.3423	Europe/Berlin
RRT	KRRT	Warroad International Memorial Field	Warroad	United States	48.9414	-95.3484	America/Chicago
RSA	SAZR	Santa Rosa Airport	Santa Rosa	Argentina	-36.5883	-64.2757	America/Argentina/Salta
RSB	YRSB	Roseberth Airport		Australia	-25.8333	139.6500	Australia/Brisbane
RSD	MYER	Rock Sound Airport	Rock Sound	Bahamas	24.8951	-76.1769	America/Toronto
RSH	PARS	Russian Mission Airport	Russian Mission	United States	61.7789	-161.3195	America/Anchorage
RSI	OERS	Red Sea International Airport	Hanak	Saudi Arabia	25.6281	37.0888	Asia/Riyadh
RSK	WASC	Abresso Airport	Ransiki-Papua Island	Indonesia	-1.5085	134.1870	Asia/Jayapura
RSL	KRSL	Russell Municipal Airport	Russell	United States	38.8721	-98.8118	America/Chicago
RSN	KRSN	Ruston Regional Airport	Ruston	United States	32.5144	-92.5917	America/Chicago
RSS	HSDZ	Damazin Airport	Ad Damazin	Sudan	11.7859	34.3367	Africa/Khartoum
RST	KRST	Rochester International Airport	Rochester	United States	43.9083	-92.5000	America/Chicago
RSU	RKJY	Yeosu Airport	Yeosu	South Korea	34.8423	127.6170	Asia/Seoul
RSW	KRSW	Southwest Florida International Airport	Fort Myers	United States	26.5362	-81.7552	America/New_York
RTA	NFNR	Rotuma Airport	Rotuma	Fiji	-12.4825	177.0710	Pacific/Fiji
RTB	MHRO	Juan Manuel Galvez International Airport	Roatan Island	Honduras	16.3168	-86.5230	America/Tegucigalpa
RTC	VARG	Ratnagiri Airport		India	17.0136	73.3278	Asia/Kolkata
RTE	SBMT	Campo de Marte Airport	Sao Paulo	Brazil	-23.5091	-46.6378	America/Sao_Paulo
RTG	WATG	Satar Tacik Airport	Satar Tacik-Flores Island	Indonesia	-8.5970	120.4770	Asia/Makassar
RTM	EHRD	Rotterdam Airport	Rotterdam	Netherlands, Kingdom of the	51.9569	4.4372	Europe/Brussels
RTN	KRTN	Raton Municipal-Crews Field	Raton	United States	36.7415	-104.5020	America/Denver
RTP	YRTP	Rutland Plains Airport		Australia	-15.6433	141.8430	Australia/Brisbane
RTS	YRTI	Rottnest Island Airport		Australia	-32.0067	115.5400	Australia/Perth
RTU	WAQC	Maratua Airport	Maratua Island	Indonesia	2.1975	118.5992	Asia/Makassar
RTW	UWSS	Saratov Central Airport	Saratov	Russia	51.5650	46.0467	Europe/Saratov
RTY	YMYT	Merty Merty Airport		Australia	-28.5833	140.3170	Australia/Adelaide
RUA	HUAR	Arua Airport	Arua	Uganda	3.0500	30.9170	Africa/Nairobi
RUD	OIMJ	Shahroud Airport		Iran	36.4253	55.1042	Asia/Tehran
RUE	FZMB	Rughenda Airfield	Butembo	DR Congo	0.1171	29.3130	Africa/Maputo
RUG	ZSRG	Rugao Air Base	Rugao	China	32.2579	120.5017	Asia/Shanghai
RUH	OERK	King Khaled International Airport	Riyadh	Saudi Arabia	24.9576	46.6988	Asia/Riyadh
RUI	KSRR	Sierra Blanca Regional Airport	Ruidoso	United States	33.4628	-105.5350	America/Denver
RUK	VNRK	Rukumkot Airport	Rukumkot	Nepal	28.6270	82.1950	Asia/Kathmandu
RUL	VRQM	Maavaarulaa Airport	Gadhdhoo	Maldives	0.3367	73.5114	Indian/Maldives
RUM	VNRT	Rumjatar Airport	Rumjatar	Nepal	27.3035	86.5504	Asia/Kathmandu
RUN	FMEE	Roland Garros Airport	St Denis	Réunion	-20.8871	55.5103	Asia/Dubai
RUP	VERU	Rupsi India Airport		India	26.1397	89.9100	Asia/Kolkata
RUR	NTAR	Rurutu Airport		French Polynesia	-22.4341	-151.3610	Pacific/Tahiti
RUS	AGGU	Marau Airport	Marau	Solomon Islands	-9.8617	160.8250	Pacific/Guadalcanal
RUT	KRUT	Rutland - Southern Vermont Regional Airport	Rutland	United States	43.5294	-72.9496	America/New_York
RUV	MGRB	Rubelsanto Airport	Rubelsanto	Guatemala	15.9920	-90.4453	America/Guatemala
RUY	MHRU	Copan Ruinas Airport	Ruinas de Copan	Honduras	14.8403	-89.1440	America/Tegucigalpa
RVA	FMSG	Farafangana Airport		Madagascar	-22.8053	47.8206	Africa/Nairobi
RVD	SWLC	General Leite de Castro Airport	Rio Verde	Brazil	-17.8347	-50.9561	America/Sao_Paulo
RVE	SKSA	Los Colonizadores Airport	Saravena	Colombia	6.9514	-71.8569	America/Bogota
RVI	URRR	Rostov-na-Donu Airport	Rostov-on-Don	Russia	47.2582	39.8181	Europe/Moscow
RVK	ENRM	Rorvik Airport Ryum	Rorvik	Norway	64.8383	11.1461	Europe/Berlin
RVN	EFRO	Rovaniemi Airport	Rovaniemi	Finland	66.5648	25.8304	Europe/Helsinki
RVO	FARI	Reivilo Airport	Reivilo	South Africa	-27.5472	24.1725	Africa/Johannesburg
RVR	KU34	Green River Municipal Airport	Green River	United States	38.9614	-110.2270	America/Denver
RVS	KRVS	Tulsa Riverside Airport	Tulsa	United States	36.0396	-95.9846	America/Chicago
RVT	YNRV	Ravensthorpe Airport		Australia	-33.7972	120.2080	Australia/Perth
RVV	NTAV	Raivavae Airport		French Polynesia	-23.8852	-147.6620	Pacific/Tahiti
RVY	SURV	Presidente General Don Oscar D. Gestido International Airport	Rivera	Uruguay	-30.9746	-55.4762	America/Montevideo
RWF	KRWF	Redwood Falls Municipal Airport	Redwood Falls	United States	44.5472	-95.0823	America/Chicago
RWI	KRWI	Rocky Mount Wilson Regional Airport	Rocky Mount	United States	35.8563	-77.8919	America/New_York
RWL	KRWL	Rawlins Municipal Harvey Field	Rawlins	United States	41.8056	-107.2000	America/Denver
RWN	UKLR	Rivne International Airport	Rivne	Ukraine	50.6071	26.1416	Europe/Kyiv
RXE	KRXE	Rexburg Madison County Airport	Rexburg	United States	43.8339	-111.8050	America/Boise
RXS	RPVR	Roxas Airport	Roxas City	Philippines	11.5977	122.7520	Asia/Manila
RYB	UUBK	Staroselye Airport	Rybinsk	Russia	58.1042	38.9294	Europe/Moscow
RYG	ENRY	Moss Airport Rygge	Rygge	Norway	59.3789	10.7856	Europe/Berlin
RYK	OPRK	Shaikh Zaid Airport	Rahim Yar Khan	Pakistan	28.3839	70.2796	Asia/Karachi
RYN	LFCY	Royan-Medis Airport	Royan/Medis	France	45.6281	-0.9725	Europe/Paris
RYO	SAWT	28 De Noviembre Airport	El Turbio	Argentina	-51.6092	-72.2217	America/Argentina/Rio_Gallegos
RZA	SAWU	Santa Cruz Airport	Santa Cruz	Argentina	-50.0165	-68.5792	America/Argentina/Rio_Gallegos
RZE	EPRZ	Rzeszow-Jasionka Airport	Rzeszow	Poland	50.1100	22.0190	Europe/Warsaw
RZN	UUWR	Turlatovo Airport	Ryazan	Russia	54.5559	39.8552	Europe/Moscow
RZP	RPSD	Cesar Lim Rodriguez Airport	Taytay Airport	Philippines	10.8187	119.5077	Asia/Manila
RZR	OINR	Ramsar Airport		Iran	36.9099	50.6796	Asia/Tehran
RZV	LTFO	Rize–Artvin Airport		Turkey	41.1692	40.8289	Europe/Istanbul
RZZ	KRZZ	Halifax County Airport	Roanoke Rapids	United States	36.4395	-77.7093	America/New_York
SAA	KSAA	Shively Field	Saratoga	United States	41.4449	-106.8240	America/Denver
SAB	TNCS	Juancho E. Yrausquin Airport	Saba	Bonaire, Sint Eustatius and Saba	17.6450	-63.2200	America/Puerto_Rico
SAC	KSAC	Sacramento Executive Airport	Sacramento	United States	38.5125	-121.4930	America/Los_Angeles
SAD	KSAD	Safford Regional Airport	Safford	United States	32.8548	-109.6350	America/Phoenix
SAF	KSAF	Santa Fe Municipal Airport	Santa Fe	United States	35.6171	-106.0890	America/Denver
SAG	VASD	Shirdi Airport	Kakadi	India	19.6886	74.3789	Asia/Kolkata
SAH	OYSN	Sana'a International Airport	Sana'a	Yemen	15.4763	44.2197	Asia/Riyadh
SAI	VDSA	Siem Reap–Angkor International Airport	Siem Reap	Cambodia	13.3753	104.2208	Asia/Bangkok
SAK	BIKR	Saudarkrokur Airport	Saudarkrokur	Iceland	65.7317	-19.5728	Africa/Abidjan
SAL	MSLP	El Salvador International Airport	Santa Clara	El Salvador	13.4409	-89.0557	America/El_Salvador
SAN	KSAN	San Diego International Airport	San Diego	United States	32.7336	-117.1900	America/Los_Angeles
SAP	MHLM	Ramon Villeda Morales International Airport	La Mesa	Honduras	15.4526	-87.9236	America/Tegucigalpa
SAQ	MYAN	San Andros Airport	Andros Island	Bahamas	25.0538	-78.0490	America/Toronto
SAR	KSAR	Sparta Community Hunter Field	Sparta	United States	38.1489	-89.6987	America/Chicago
SAS	KSAS	Salton Sea Airport	Salton City	United States	33.2414	-115.9520	America/Los_Angeles
SAT	KSAT	San Antonio International Airport	San Antonio	United States	29.5337	-98.4698	America/Chicago
SAU	WRKS	Sawu Airport	Sawu-Sawu Island	Indonesia	-10.4833	121.9000	Asia/Makassar
SAV	KSAV	Savannah Hilton Head International Airport	Savannah	United States	32.1276	-81.2021	America/New_York
SAW	LTFJ	Sabiha Gokcen International Airport	Istanbul	Turkey	40.8986	29.3092	Europe/Istanbul
SAY	LIQS	Siena / Ampugnano Airport	Siena	Italy	43.2563	11.2550	Europe/Rome
SAZ	GLST	Sasstown Airport	Sasstown	Liberia	4.6667	-8.4333	Africa/Monrovia
SBA	KSBA	Santa Barbara Municipal Airport	Santa Barbara	United States	34.4262	-119.8400	America/Los_Angeles
SBB	SVSB	Santa Barbara de Barinas Airport	Santa Barbara	Venezuela	7.8035	-71.1657	America/Caracas
SBD	KSBD	San Bernardino International Airport	San Bernardino	United States	34.0954	-117.2350	America/Los_Angeles
SBE	AYSA	Suabi Airport		Papua New Guinea	-6.1044	142.2783	Pacific/Port_Moresby
SBG	WITN	Maimun Saleh Airport	Sabang-We Island	Indonesia	5.8741	95.3397	Asia/Jakarta
SBH	TFFJ	Gustaf III Airport	Gustavia	Saint Barthélemy	17.9044	-62.8436	America/Puerto_Rico
SBI	GUSB	Sambailo Airport	Koundara	Guinea	12.5727	-13.3585	Africa/Abidjan
SBJ	SNMX	Sao Mateus Airport	Sao Mateus	Brazil	-18.7213	-39.8337	America/Sao_Paulo
SBK	LFRT	Saint-Brieuc-Armor Airport	Saint-Brieuc/Armor	France	48.5378	-2.8544	Europe/Paris
SBL	SLSA	Santa Ana Del Yacuma Airport	Santa Ana del Yacuma	Bolivia	-13.7622	-65.4352	America/La_Paz
SBM	KSBM	Sheboygan County Memorial Airport	Sheboygan	United States	43.7696	-87.8514	America/Chicago
SBN	KSBN	South Bend Regional Airport	South Bend	United States	41.7087	-86.3173	America/Indiana/Indianapolis
SBP	KSBP	San Luis County Regional Airport	San Luis Obispo	United States	35.2368	-120.6420	America/Los_Angeles
SBQ	OPSB	Sibi Airport	Sibi	Pakistan	29.5712	67.8479	Asia/Karachi
SBR	YSII	Saibai Island Airport	Saibai Island	Australia	-9.3783	142.6250	Australia/Brisbane
SBS	KSBS	Steamboat Springs Bob Adams Field	Steamboat Springs	United States	40.5163	-106.8660	America/Denver
SBT	USDA	Sabetta Airport	Sabetta	Russia	71.2150	72.0380	Asia/Yekaterinburg
SBU	FASB	Springbok Airport	Springbok	South Africa	-29.6893	17.9396	Africa/Johannesburg
SBW	WBGS	Sibu Airport	Sibu	Malaysia	2.2616	111.9850	Asia/Kuching
SBX	KSBX	Shelby Airport	Shelby	United States	48.5407	-111.8710	America/Denver
SBY	KSBY	Salisbury Ocean City Wicomico Regional Airport	Salisbury	United States	38.3405	-75.5103	America/New_York
SBZ	LRSB	Sibiu International Airport	Sibiu	Romania	45.7856	24.0913	Europe/Bucharest
SCB	KSCB	Scribner State Airport	Scribner	United States	41.6103	-96.6299	America/Chicago
SCC	PASC	Deadhorse Airport	Deadhorse	United States	70.1947	-148.4650	America/Anchorage
SCD	MHUL	Sulaco Airport	Sulaco	Honduras	14.9072	-87.2634	America/Tegucigalpa
SCE	KUNV	State College Regional Airport	State College	United States	40.8493	-77.8487	America/New_York
SCF	KSDL	Scottsdale Airport	Scottsdale	United States	33.6229	-111.9110	America/Phoenix
SCG	YSPK	Spring Creek Airport		Australia	-18.6333	144.5670	Australia/Brisbane
SCH	KSCH	Schenectady County Airport	Schenectady	United States	42.8525	-73.9289	America/New_York
SCI	SVPM	Paramillo Airport		Venezuela	7.8013	-72.2029	America/Caracas
SCK	KSCK	Stockton Metropolitan Airport	Stockton	United States	37.8942	-121.2380	America/Los_Angeles
SCL	SCEL	Comodoro Arturo Merino Benitez International Airport	Santiago	Chile	-33.3930	-70.7858	America/Santiago
SCM	PACM	Scammon Bay Airport	Scammon Bay	United States	61.8453	-165.5710	America/Nome
SCN	EDDR	Saarbrucken Airport	Saarbrucken	Germany	49.2146	7.1095	Europe/Berlin
SCO	UATE	Aktau Airport	Aktau	Kazakhstan	43.8601	51.0920	Asia/Aqtau
SCP	LFNC	Mont-Dauphin - St-Crepin Airport	Mende	France	44.7017	6.6003	Europe/Paris
SCQ	LEST	Santiago de Compostela Airport	Santiago de Compostela	Spain	42.8963	-8.4151	Europe/Madrid
SCR	ESKS	Salen Scandinavian Mountains Airport	Sälen	Sweden	61.1590	12.8400	Europe/Berlin
SCS	EGPM	Scatsta Airport	Shetland Islands	United Kingdom	60.4328	-1.2961	Europe/London
SCT	OYSQ	Socotra International Airport	Socotra Islands	Yemen	12.6307	53.9058	Asia/Riyadh
SCU	MUCU	Antonio Maceo International Airport	Santiago	Cuba	19.9698	-75.8354	America/Havana
SCV	LRSV	Suceava Stefan cel Mare Airport	Suceava	Romania	47.6875	26.3541	Europe/Bucharest
SCW	UUYY	Syktyvkar Airport	Syktyvkar	Russia	61.6470	50.8451	Europe/Moscow
SCY	SEST	San Cristobal Airport	San Cristobal	Ecuador	-0.9102	-89.6174	Pacific/Galapagos
SCZ	AGGL	Santa Cruz/Graciosa Bay/Luova Airport	Santa Cruz/Graciosa Bay/Luova	Solomon Islands	-10.7203	165.7950	Pacific/Guadalcanal
SDB	FALW	Langebaanweg Airport	Langebaanweg	South Africa	-32.9689	18.1603	Africa/Johannesburg
SDD	FNUB	Lubango Airport	Lubango	Angola	-14.9247	13.5750	Africa/Lagos
SDE	SANE	Vicecomodoro Angel D. La Paz Aragones Airport	Santiago del Estero	Argentina	-27.7656	-64.3100	America/Argentina/Cordoba
SDF	KSDF	Louisville Muhammad Ali International Airport	Louisville	United States	38.1744	-85.7360	America/Kentucky/Louisville
SDG	OICS	Sanandaj Airport		Iran	35.2459	47.0092	Asia/Tehran
SDH	MHRS	Santa Rosa Copan Airport	Santa Rosa de Copan	Honduras	14.8149	-88.7515	America/Tegucigalpa
SDJ	RJSS	Sendai Airport	Sendai	Japan	38.1397	140.9170	Asia/Tokyo
SDK	WBKS	Sandakan Airport	Sandakan	Malaysia	5.9009	118.0590	Asia/Kuching
SDL	ESNN	Sundsvall-Harnosand Airport	Sundsvall/ Harnosand	Sweden	62.5281	17.4439	Europe/Berlin
SDM	KSDM	Brown Field Municipal Airport	San Diego	United States	32.5723	-116.9800	America/Los_Angeles
SDN	ENSD	Sandane Airport Anda	Sandane	Norway	61.8300	6.1058	Europe/Berlin
SDP	PASD	Sand Point Airport	Sand Point	United States	55.3150	-160.5230	America/Anchorage
SDQ	MDSD	Las Americas International Airport	Santo Domingo	Dominican Republic	18.4297	-69.6689	America/Santo_Domingo
SDR	LEXJ	Santander Airport	Santander	Spain	43.4271	-3.8200	Europe/Madrid
SDS	RJSD	Sado Airport		Japan	38.0602	138.4140	Asia/Tokyo
SDT	OPSS	Saidu Sharif Airport	Saidu Sharif	Pakistan	34.8136	72.3528	Asia/Karachi
SDU	SBRJ	Santos Dumont Airport	Rio De Janeiro	Brazil	-22.9105	-43.1631	America/Sao_Paulo
SDV	LLSD	Sde Dov Airport	Tel Aviv	Israel	32.1147	34.7822	Asia/Jerusalem
SDX	KSEZ	Sedona Airport	Sedona	United States	34.8486	-111.7880	America/Phoenix
SDY	KSDY	Sidney Richland Municipal Airport	Sidney	United States	47.7069	-104.1930	America/Denver
SEA	KSEA	Seattle Tacoma International Airport	Seattle	United States	47.4490	-122.3090	America/Los_Angeles
SEB	HLLS	Sabha Airport	Sabha	Libya	26.9870	14.4725	Africa/Tripoli
SEE	KSEE	Gillespie Field	San Diego/El Cajon	United States	32.8262	-116.9720	America/Los_Angeles
SEF	KSEF	Sebring Regional Airport	Sebring	United States	27.4564	-81.3424	America/New_York
SEG	KSEG	Penn Valley Airport	Selinsgrove	United States	40.8206	-76.8639	America/New_York
SEH	WAJS	Senggeh Airport	Senggeh-Papua Island	Indonesia	-3.4333	140.8170	Asia/Jayapura
SEM	KSEM	Craig Field	Selma	United States	32.3439	-86.9878	America/Chicago
SEN	EGMC	Southend Airport	Southend	United Kingdom	51.5714	0.6956	Europe/London
SEO	DISG	Seguela Airport	Seguela	Côte d'Ivoire	7.9683	-6.7108	Africa/Abidjan
SEP	KSEP	Stephenville Clark Regional Airport	Stephenville	United States	32.2153	-98.1777	America/Chicago
SEQ	WIBS	Sungai Pakning Bengkalis Airport	Bengkalis-Sumatra Island	Indonesia	1.3700	102.1400	Asia/Jakarta
SER	KSER	Freeman Municipal Airport	Seymour	United States	38.9236	-85.9074	America/Indiana/Indianapolis
SEU	HTSN	Seronera Airport	Seronera	Tanzania	-2.4581	34.8225	Africa/Nairobi
SEV	UKCS	Sievierodonetsk Airport	Sievierodonetsk	Ukraine	48.9003	38.5417	Europe/Kyiv
SEW	HE24	Siwa Oasis North Airport	Siwa	Egypt	29.3455	25.5067	Africa/Cairo
SEY	GQNS	Selibaby Airport	Selibaby	Mauritania	15.1797	-12.2073	Africa/Abidjan
SEZ	FSIA	Seychelles International Airport	Mahe Island	Seychelles	-4.6743	55.5218	Asia/Dubai
SFA	DTTX	Sfax Thyna International Airport	Sfax	Tunisia	34.7180	10.6910	Africa/Tunis
SFB	KSFB	Orlando Sanford International Airport	Orlando	United States	28.7776	-81.2375	America/New_York
SFC	TFFC	St-Francois Airport	St-Francois	Guadeloupe	16.2578	-61.2625	America/Puerto_Rico
SFD	SVSR	San Fernando De Apure Airport	Inglaterra	Venezuela	7.8833	-67.4440	America/Caracas
SFE	RPUS	San Fernando Airport		Philippines	16.5956	120.3030	Asia/Manila
SFF	KSFF	Felts Field	Spokane	United States	47.6828	-117.3230	America/Los_Angeles
SFG	TFFG	L'Esperance Airport	Grand Case	Saint Martin (French part)	18.0999	-63.0472	America/Puerto_Rico
SFH	MMSF	San Felipe International Airport		Mexico	30.9302	-114.8090	America/Tijuana
SFI	GMMS	Safi Airport	Safi	Morocco	32.2833	-9.2333	Africa/Casablanca
SFJ	BGSF	Kangerlussuaq Airport	Kangerlussuaq	Greenland	67.0122	-50.7116	America/Nuuk
SFK	SNSW	Soure Airport	Soure	Brazil	-0.6994	-48.5210	America/Belem
SFL	GVSF	Sao Filipe Airport	Sao Filipe	Cabo Verde	14.8850	-24.4800	Atlantic/Cape_Verde
SFM	KSFM	Sanford Regional Airport	Sanford	United States	43.3939	-70.7080	America/New_York
SFN	SAAV	Sauce Viejo Airport	Santa Fe	Argentina	-31.7117	-60.8117	America/Argentina/Cordoba
SFO	KSFO	San Francisco International Airport	San Francisco	United States	37.6190	-122.3750	America/Los_Angeles
SFQ	LTCH	Sanliurfa Airport	Sanliurfa	Turkey	37.0943	38.8471	Europe/Istanbul
SFS	RPLB	Subic Bay International Airport	Olongapo City	Philippines	14.7944	120.2710	Asia/Manila
SFT	ESNS	Skelleftea Airport	Skelleftea	Sweden	64.6248	21.0769	Europe/Berlin
SFZ	KSFZ	North Central State Airport	Pawtucket	United States	41.9208	-71.4914	America/New_York
SGA	OASN	Sheghnan Airport	Sheghnan	Afghanistan	37.5670	71.5000	Asia/Dushanbe
SGC	USRR	Surgut Airport	Surgut	Russia	61.3437	73.4018	Asia/Yekaterinburg
SGD	EKSB	Sonderborg Airport	Sonderborg	Denmark	54.9644	9.7917	Europe/Berlin
SGE	EDGS	Siegerland Airport		Germany	50.7077	8.0830	Europe/Berlin
SGF	KSGF	Springfield Branson National Airport	Springfield	United States	37.2457	-93.3886	America/Chicago
SGG	WBGY	Simanggang Airport	Simanggang	Malaysia	1.2170	111.4500	Asia/Kuching
SGH	KSGH	Springfield Beckley Municipal Airport	Springfield	United States	39.8403	-83.8402	America/New_York
SGI	OPSR	Mushaf Air Base	Sargodha	Pakistan	32.0486	72.6650	Asia/Karachi
SGN	VVTS	Tan Son Nhat International Airport	Ho Chi Minh City	Vietnam	10.8188	106.6520	Asia/Ho_Chi_Minh
SGO	YSGE	St George Airport		Australia	-28.0497	148.5950	Australia/Brisbane
SGP	YSHG	Shay Gap Airport	Shay Gap	Australia	-20.4247	120.1410	Australia/Perth
SGQ	WRLA	Sanggata Airport	Sanggata-Timor Island	Indonesia	0.5000	117.3334	Asia/Makassar
SGR	KSGR	Sugar Land Regional Airport	Houston	United States	29.6223	-95.6565	America/Chicago
SGS	RPMN	Sanga Sanga Airport		Philippines	5.0470	119.7430	Asia/Manila
SGT	KSGT	Stuttgart Municipal Airport	Stuttgart	United States	34.5995	-91.5750	America/Chicago
SGU	KSGU	St George Municipal Airport	St George	United States	37.0364	-113.5103	America/Denver
SGV	SAVS	Sierra Grande Airport	Sierra Grande	Argentina	-41.5917	-65.3394	America/Argentina/Salta
SGX	HTSO	Songea Airport	Songea	Tanzania	-10.6830	35.5830	Africa/Nairobi
SGY	PAGY	Skagway Airport	Skagway	United States	59.4601	-135.3160	America/Juneau
SGZ	VTSH	Songkhla Airport		Thailand	7.1866	100.6080	Asia/Bangkok
SHA	ZSSS	Shanghai Hongqiao International Airport	Shanghai	China	31.1979	121.3360	Asia/Shanghai
SHB	RJCN	Nakashibetsu Airport	Nakashibetsu	Japan	43.5775	144.9600	Asia/Tokyo
SHC	HASC	Shire Airport	Shire	Ethiopia	14.0794	38.2708	Africa/Nairobi
SHD	KSHD	Shenandoah Valley Regional Airport	Staunton/Waynesboro/Harrisonburg	United States	38.2638	-78.8964	America/New_York
SHE	ZYTX	Taoxian Airport	Shenyang	China	41.6398	123.4830	Asia/Shanghai
SHG	PAGH	Shungnak Airport	Shungnak	United States	66.8881	-157.1620	America/Anchorage
SHH	PASH	Shishmaref Airport	Shishmaref	United States	66.2496	-166.0890	America/Nome
SHI	RORS	Shimojishima Airport		Japan	24.8267	125.1450	Asia/Tokyo
SHJ	OMSJ	Sharjah International Airport	Sharjah	United Arab Emirates	25.3286	55.5172	Asia/Dubai
SHK	FXSH	Sehonghong Airport	Sehonghong	Lesotho	-29.7309	28.7689	Africa/Johannesburg
SHL	VEBI	Shillong Airport	Shillong	India	25.7036	91.9787	Asia/Kolkata
SHM	RJBD	Nanki Shirahama Airport	Shirahama	Japan	33.6622	135.3640	Asia/Tokyo
SHN	KSHN	Sanderson Field	Shelton	United States	47.2336	-123.1480	America/Los_Angeles
SHO	FDSK	King Mswati III International Airport	Manzini	Eswatini	-26.3586	31.7169	Africa/Johannesburg
SHP	ZBSH	Shanhaiguan Airport	Qinhuangdao	China	39.9681	119.7310	Asia/Shanghai
SHQ	YSPT	Southport Airport		Australia	-27.9150	153.3730	Australia/Brisbane
SHR	KSHR	Sheridan County Airport	Sheridan	United States	44.7692	-106.9800	America/Denver
SHS	ZHSS	Shashi Airport	Shashi	China	30.3244	112.2810	Asia/Shanghai
SHT	YSHT	Shepparton Airport		Australia	-36.4289	145.3930	Australia/Melbourne
SHU	YSMP	Smith Point Airport		Australia	-11.1500	132.1500	Australia/Darwin
SHV	KSHV	Shreveport Regional Airport	Shreveport	United States	32.4466	-93.8256	America/Chicago
SHW	OESH	Sharurah Airport		Saudi Arabia	17.4669	47.1214	Asia/Riyadh
SHX	PAHX	Shageluk Airport	Shageluk	United States	62.6923	-159.5690	America/Anchorage
SHY	HTSY	Shinyanga Airport	Shinyanga	Tanzania	-3.6093	33.5035	Africa/Nairobi
SHZ	FXSS	Seshutes Airport	Seshutes	Lesotho	-29.2676	28.5523	Africa/Johannesburg
SIA	ZLSN	Xiguan Airport	Xi'an	China	34.3767	109.1200	Asia/Shanghai
SIB	FCBS	Sibiti Airport	Sibiti	Congo	-3.6830	13.3500	Africa/Lagos
SID	GVAC	Amilcar Cabral International Airport	Espargos	Cabo Verde	16.7414	-22.9494	Atlantic/Cape_Verde
SIE	LPSI	Sines Airport		Portugal	37.9417	-8.8173	Europe/Lisbon
SIF	VNSI	Simara Airport	Simara	Nepal	27.1595	84.9801	Asia/Kathmandu
SIG	TJIG	Fernando Luis Ribas Dominicci Airport	San Juan	Puerto Rico	18.4568	-66.0981	America/Puerto_Rico
SIH	VNDT	Silgadi Doti Airport	Silgadi Doti	Nepal	29.2631	80.9360	Asia/Kathmandu
SII	GMMF	Sidi Ifni Xx Airport	Sidi Ifni	Morocco	29.3667	-10.1878	Africa/Casablanca
SIJ	BISI	Siglufjordur Airport	Siglufjordur	Iceland	66.1333	-18.9167	Africa/Abidjan
SIK	KSIK	Sikeston Memorial Municipal Airport	Sikeston	United States	36.8989	-89.5618	America/Chicago
SIL	AYSG	Sila Airport	Sila Mission	Papua New Guinea	-9.0736	148.3893	Pacific/Port_Moresby
SIM	AYSJ	Simbai Airport	Simbai	Papua New Guinea	-5.2786	144.5447	Pacific/Port_Moresby
SIN	WSSS	Singapore Changi International Airport	Singapore	Singapore	1.3502	103.9940	Asia/Singapore
SIO	YSMI	Smithton Airport		Australia	-40.8350	145.0840	Australia/Hobart
SIP	UKFF	Simferopol International Airport	Simferopol	Ukraine	45.0522	33.9751	Europe/Simferopol
SIQ	WIDS	Dabo Airport	Pasirkuning-Singkep Island	Indonesia	-0.4792	104.5790	Asia/Jakarta
SIR	LSGS	Sion Airport	Sion	Switzerland	46.2196	7.3268	Europe/Zurich
SIS	FASS	Sishen Airport	Sishen	South Africa	-27.6486	22.9993	Africa/Johannesburg
SIT	PASI	Sitka Rocky Gutierrez Airport	Sitka	United States	57.0471	-135.3620	America/Sitka
SIU	MNSI	Siuna	Siuna	Nicaragua	13.7272	-84.7778	America/Managua
SIV	KSIV	Sullivan County Airport	Sullivan	United States	39.1147	-87.4483	America/Indiana/Indianapolis
SIW	WIMP	Parapat Airport	Parapat-Sumatra Island	Indonesia	2.6667	98.9333	Asia/Jakarta
SIX	YSGT	Singleton Airport	Singleton	Australia	-32.6008	151.1931	Australia/Sydney
SIY	KSIY	Siskiyou County Airport	Montague	United States	41.7814	-122.4680	America/Los_Angeles
SJA	SPJN	San Juan de Marcona Airport	San Juan de Marcona	Peru	-15.3525	-75.1372	America/Lima
SJB	SLJO	San Joaquin Airport	San Joaquin	Bolivia	-13.0528	-64.6617	America/La_Paz
SJC	KSJC	Norman Y. Mineta San Jose International Airport	San Jose	United States	37.3626	-121.9290	America/Los_Angeles
SJD	MMSD	Los Cabos International Airport	San Jose del Cabo	Mexico	23.1518	-109.7210	America/Mazatlan
SJE	SKSJ	Jorge E. Gonzalez Torres Airport	San Jose Del Guaviare	Colombia	2.5797	-72.6394	America/Bogota
SJI	RPUH	San Jose Airport	San Jose	Philippines	12.3615	121.0470	Asia/Manila
SJJ	LQSA	Sarajevo International Airport	Sarajevo	Bosnia and Herzegovina	43.8246	18.3315	Europe/Belgrade
SJK	SBSJ	Professor Urbano Ernesto Stumpf Airport	Sao Jose Dos Campos	Brazil	-23.2292	-45.8615	America/Sao_Paulo
SJL	SBUA	Sao Gabriel da Cachoeira Airport	Sao Gabriel Da Cachoeira	Brazil	-0.1484	-66.9855	America/Manaus
SJN	KSJN	St Johns Industrial Air Park	St Johns	United States	34.5186	-109.3790	America/Phoenix
SJO	MROC	Juan Santamaria International Airport	San Jose	Costa Rica	9.9939	-84.2088	America/Costa_Rica
SJP	SBSR	Sao Jose do Rio Preto Airport	Sao Jose Do Rio Preto	Brazil	-20.8166	-49.4065	America/Sao_Paulo
SJQ	FLSS	Sesheke Airport	Sesheke	Zambia	-17.4763	24.3047	Africa/Maputo
SJS	SLJE	San Jose De Chiquitos Airport	San Jose de Chiquitos	Bolivia	-17.8308	-60.7431	America/La_Paz
SJT	KSJT	San Angelo Regional Mathis Field	San Angelo	United States	31.3577	-100.4960	America/Chicago
SJU	TJSJ	Luis Munoz Marin International Airport	San Juan	Puerto Rico	18.4394	-66.0018	America/Puerto_Rico
SJV	SLJV	San Javier Airport	San Javier	Bolivia	-16.2708	-62.4703	America/La_Paz
SJW	ZBSJ	Shijiazhuang Daguocun International Airport	Shijiazhuang	China	38.2807	114.6970	Asia/Shanghai
SJY	EFSI	Seinajoki Airport	Seinajoki / Ilmajoki	Finland	62.6921	22.8323	Europe/Helsinki
SJZ	LPSJ	Sao Jorge Airport	Velas	Portugal	38.6655	-28.1758	Atlantic/Azores
SKA	KSKA	Fairchild Air Force Base	Spokane	United States	47.6151	-117.6560	America/Los_Angeles
SKB	TKPK	Robert L. Bradshaw International Airport	Basseterre	Saint Kitts and Nevis	17.3112	-62.7187	America/Puerto_Rico
SKC	AYSU	Suki Airport	Suki	Papua New Guinea	-8.0466	141.7222	Pacific/Port_Moresby
SKD	UZSS	Samarkand Airport	Samarkand	Uzbekistan	39.7005	66.9838	Asia/Samarkand
SKE	ENSN	Skien Airport	Geiteryggen	Norway	59.1850	9.5669	Europe/Berlin
SKF	KSKF	Lackland Air Force Base (Kelly Field Annex) Airport	San Antonio	United States	29.3842	-98.5811	America/Chicago
SKG	LGTS	Thessaloniki Macedonia International Airport	Thessaloniki	Greece	40.5197	22.9709	Europe/Athens
SKH	VNSK	Surkhet Airport	Surkhet	Nepal	28.5860	81.6360	Asia/Kathmandu
SKK	PFSH	Shaktoolik Airport	Shaktoolik	United States	64.3711	-161.2240	America/Anchorage
SKL	XBRO	Skye Bridge Ashaig Airport	Broadford	United Kingdom	57.2534	-5.8279	Europe/London
SKN	ENSK	Stokmarknes Skagen Airport	Hadsel	Norway	68.5788	15.0334	Europe/Berlin
SKO	DNSO	Sadiq Abubakar III International Airport	Sokoto	Nigeria	12.9163	5.2072	Africa/Lagos
SKP	LWSK	Skopje Alexander the Great Airport	Skopje	North Macedonia	41.9616	21.6214	Europe/Belgrade
SKQ	FXSK	Sekakes Airport	Sekakes	Lesotho	-30.0389	28.3703	Africa/Johannesburg
SKS	EKSP	Vojens Skrydstrup Airport	Vojens	Denmark	55.2256	9.2639	Europe/Berlin
SKT	OPST	Sialkot Airport	Sialkot	Pakistan	32.5356	74.3639	Asia/Karachi
SKU	LGSY	Skiros Airport	Skiros Island	Greece	38.9676	24.4872	Europe/Athens
SKV	HESC	St Catherine International Airport		Egypt	28.6853	34.0625	Africa/Cairo
SKW	PASW	Skwentna Airport	Skwentna	United States	61.9653	-151.1910	America/Anchorage
SKX	UWPS	Saransk Airport	Saransk	Russia	54.1251	45.2123	Europe/Moscow
SKZ	OPSK	Sukkur Airport	Mirpur Khas	Pakistan	27.7220	68.7917	Asia/Karachi
SLA	SASA	Martin Miguel De Guemes International Airport	Salta	Argentina	-24.8560	-65.4862	America/Argentina/Salta
SLB	KSLB	Storm Lake Municipal Airport	Storm Lake	United States	42.5973	-95.2407	America/Chicago
SLC	KSLC	Salt Lake City International Airport	Salt Lake City	United States	40.7884	-111.9780	America/Denver
SLD	LZSL	Sliac Airport	Sliac	Slovakia	48.6378	19.1341	Europe/Prague
SLE	KSLE	McNary Field	Salem	United States	44.9095	-123.0030	America/Los_Angeles
SLF	OESL	Sulayel Airport		Saudi Arabia	20.4647	45.6196	Asia/Riyadh
SLG	KSLG	Smith Field	Siloam Springs	United States	36.1919	-94.4900	America/Chicago
SLH	NVSC	Sola Airport	Sola	Vanuatu	-13.8517	167.5370	Pacific/Efate
SLI	FLSW	Solwesi Airport	Solwesi	Zambia	-12.1737	26.3651	Africa/Maputo
SLJ	YSOL	Solomon Airport	Karijini National Park	Australia	-22.2553	117.7619	Australia/Perth
SLK	KSLK	Adirondack Regional Airport	Saranac Lake	United States	44.3853	-74.2062	America/New_York
SLL	OOSA	Salalah Airport	Salalah	Oman	17.0387	54.0913	Asia/Dubai
SLM	LESA	Salamanca Airport	Salamanca	Spain	40.9521	-5.5020	Europe/Madrid
SLN	KSLN	Salina Municipal Airport	Salina	United States	38.7910	-97.6522	America/Chicago
SLO	KSLO	Salem Leckrone Airport	Salem	United States	38.6429	-88.9642	America/Chicago
SLP	MMSP	Ponciano Arriaga International Airport	San Luis Potosi	Mexico	22.2543	-100.9310	America/Mexico_City
SLQ	PASL	Sleetmute Airport	Sleetmute	United States	61.7005	-157.1660	America/Anchorage
SLR	KSLR	Sulphur Springs Municipal Airport	Sulphur Springs	United States	33.1598	-95.6211	America/Chicago
SLS	LBSS	Silistra Polkovnik Lambrinovo Airfield	Silistra	Bulgaria	44.0552	27.1788	Europe/Sofia
SLT	KANK	Harriet Alexander Field	Salida	United States	38.5383	-106.0490	America/Denver
SLU	TLPC	George F. L. Charles Airport	Castries	Saint Lucia	14.0202	-60.9929	America/Puerto_Rico
SLV	VISM	Shimla Airport		India	31.0818	77.0680	Asia/Kolkata
SLW	MMIO	Plan De Guadalupe International Airport	Saltillo	Mexico	25.5495	-100.9290	America/Monterrey
SLX	MBSY	Salt Cay Airport	Salt Cay	Turks and Caicos Islands	21.3330	-71.2000	America/Grand_Turk
SLY	USDD	Salekhard Airport	Salekhard	Russia	66.5908	66.6110	Asia/Yekaterinburg
SLZ	SBSL	Marechal Cunha Machado International Airport	Sao Luis	Brazil	-2.5854	-44.2341	America/Fortaleza
SMA	LPAZ	Santa Maria Airport	Vila do Porto	Portugal	36.9714	-25.1706	Atlantic/Azores
SMB	SCSB	Franco Bianco Airport	Cerro Sombrero	Chile	-52.7367	-69.3336	America/Punta_Arenas
SMD	KSMD	Smith Field	Fort Wayne	United States	41.1434	-85.1528	America/Indiana/Indianapolis
SME	KSME	Lake Cumberland Regional Airport	Somerset	United States	37.0534	-84.6159	America/New_York
SMF	KSMF	Sacramento International Airport	Sacramento	United States	38.6954	-121.5910	America/Los_Angeles
SMG	SPMR	Santa Maria Airport	Santa Maria	Peru	-11.9833	-77.0000	America/Lima
SMI	LGSM	Samos Airport	Samos Island	Greece	37.6900	26.9117	Europe/Athens
SMK	PAMK	St Michael Airport	St Michael	United States	63.4901	-162.1100	America/Nome
SML	MYLS	Stella Maris Airport	Stella Maris	Bahamas	23.5823	-75.2686	America/Toronto
SMM	WBKA	Semporna Airport	Semporna	Malaysia	4.4500	118.5830	Asia/Kuching
SMN	KSMN	Lemhi County Airport	Salmon	United States	45.1238	-113.8810	America/Boise
SMO	KSMO	Santa Monica Municipal Airport	Santa Monica	United States	34.0158	-118.4510	America/Los_Angeles
SMQ	WAOS	Sampit(Hasan) Airport	Sampit-Borneo Island	Indonesia	-2.4992	112.9750	Asia/Pontianak
SMR	SKSM	Simon Bolivar International Airport	Santa Marta	Colombia	11.1196	-74.2306	America/Bogota
SMS	FMMS	Sainte Marie Airport		Madagascar	-17.0939	49.8158	Africa/Nairobi
SMU	PASP	Sheep Mountain Airport	Sheep Mountain	United States	61.8120	-147.5070	America/Anchorage
SMV	LSZS	Samedan Airport		Switzerland	46.5341	9.8841	Europe/Zurich
SMW	GMMA	Smara Airport	Smara	Western Sahara	26.7318	-11.6847	Africa/El_Aaiun
SMX	KSMX	Santa Maria Pub/Capt G Allan Hancock Field	Santa Maria	United States	34.8989	-120.4570	America/Los_Angeles
SMY	GOTS	Simenti Airport	Simenti	Senegal	13.0468	-13.2954	Africa/Abidjan
SMZ	SMST	Stoelmanseiland Airport	Stoelmanseiland	Suriname	4.3500	-54.4167	America/Paramaribo
SNA	KSNA	John Wayne Airport-Orange County Airport	Santa Ana	United States	33.6757	-117.8680	America/Los_Angeles
SNB	YSNB	Snake Bay Airport		Australia	-11.4228	130.6540	Australia/Darwin
SNC	SESA	General Ulpiano Paez Airport	Salinas	Ecuador	-2.2050	-80.9889	America/Guayaquil
SNE	GVSN	Preguica Airport	Preguica	Cabo Verde	16.5884	-24.2847	Atlantic/Cape_Verde
SNF	SVSP	Sub Teniente Nestor Arias Airport	San Felipe	Venezuela	10.2787	-68.7552	America/Caracas
SNG	SLSI	Capitan Av. Juan Cochamanidis S. Airport	San Ignacio de Velasco	Bolivia	-16.3836	-60.9628	America/La_Paz
SNH	YSPE	Stanthorpe Airport		Australia	-28.6203	151.9910	Australia/Brisbane
SNI	GLGE	Greenville Sinoe Airport	Greenville	Liberia	5.0343	-9.0668	Africa/Monrovia
SNJ	MUSJ	San Julian Air Base	Pinar Del Rio	Cuba	22.0953	-84.1520	America/Havana
SNK	KSNK	Winston Field	Snyder	United States	32.6934	-100.9500	America/Chicago
SNL	KSNL	Shawnee Regional Airport	Shawnee	United States	35.3579	-96.9428	America/Chicago
SNM	SLSM	San Ignacio de Moxos Airport	San Ignacio de Moxos	Bolivia	-14.0000	-65.6339	America/La_Paz
SNN	EINN	Shannon Airport	Shannon	Ireland	52.7020	-8.9248	Europe/Dublin
SNO	VTUI	Sakon Nakhon Airport		Thailand	17.1951	104.1190	Asia/Bangkok
SNP	PASN	St Paul Island Airport	St Paul Island	United States	57.1673	-170.2200	America/Nome
SNR	LFRZ	Saint-Nazaire-Montoir Airport	Saint-Nazaire/Montoir	France	47.3122	-2.1492	Europe/Paris
SNS	KSNS	Salinas Municipal Airport	Salinas	United States	36.6628	-121.6060	America/Los_Angeles
SNU	MUSC	Abel Santamaria Airport	Santa Clara	Cuba	22.4922	-79.9436	America/Havana
SNV	SVSE	Santa Elena de Uairen Airport		Venezuela	4.5550	-61.1500	America/Caracas
SNW	VYTD	Thandwe Airport	Thandwe	Myanmar	18.4607	94.3001	Asia/Yangon
SNX	OIIS	Semnan Airport	Semnan	Iran	35.5911	53.4951	Asia/Tehran
SNY	KSNY	Sidney Municipal-Lloyd W Carr Field	Sidney	United States	41.1013	-102.9850	America/Denver
SNZ	SBSC	Santa Cruz Airport	Rio De Janeiro	Brazil	-22.9324	-43.7191	America/Sao_Paulo
SOB	LHSM	Sarmellek International Airport	Sarmellek	Hungary	46.6864	17.1591	Europe/Budapest
SOC	WARQ	Adi Sumarmo Wiryokusumo Airport	Sukarata(Solo)-Java Island	Indonesia	-7.5161	110.7570	Asia/Jakarta
SOD	SDCO	Sorocaba Airport	Sorocaba	Brazil	-23.4780	-47.4900	America/Sao_Paulo
SOE	FCOS	Souanke Airport	Souanke	Congo	2.0670	14.1330	Africa/Lagos
SOF	LBSF	Sofia Airport	Sofia	Bulgaria	42.6967	23.4114	Europe/Sofia
SOG	ENSG	Sogndal Airport	Sogndal	Norway	61.1561	7.1378	Europe/Berlin
SOJ	ENSR	Sorkjosen Airport	Sorkjosen	Norway	69.7868	20.9594	Europe/Berlin
SOK	FXSM	Semonkong Airport	Semonkong	Lesotho	-29.8386	28.0600	Africa/Johannesburg
SOM	SVST	San Tome Airport		Venezuela	8.9451	-64.1511	America/Caracas
SON	NVSS	Santo Pekoa International Airport	Luganville	Vanuatu	-15.5050	167.2200	Pacific/Efate
SOO	ESNY	Soderhamn Airport	Soderhamn	Sweden	61.2615	17.0991	Europe/Berlin
SOP	KSOP	Moore County Airport	Pinehurst/Southern Pines	United States	35.2374	-79.3912	America/New_York
SOQ	WASS	Sorong (Jefman) Airport	Sorong-Papua Island	Indonesia	-0.9264	131.1210	Asia/Jayapura
SOT	EFSO	Sodankyla Airport	Sodankyla	Finland	67.3950	26.6191	Europe/Helsinki
SOU	EGHI	Southampton Airport	Southampton	United Kingdom	50.9503	-1.3568	Europe/London
SOV	PASO	Seldovia Airport	Seldovia	United States	59.4424	-151.7040	America/Anchorage
SOW	KSOW	Show Low Regional Airport	Show Low	United States	34.2655	-110.0060	America/Phoenix
SOX	SKSO	Alberto Lleras Camargo Airport	Sogamoso	Colombia	5.6773	-72.9703	America/Bogota
SOY	EGER	Stronsay Airport	Stronsay	United Kingdom	59.1553	-2.6414	Europe/London
SOZ	LFKS	Solenzara (BA 126) Air Base	Solenzara	France	41.9244	9.4060	Europe/Paris
SPA	KSPA	Spartanburg Downtown Memorial Airport	Spartanburg	United States	34.9157	-81.9565	America/New_York
SPC	GCLA	La Palma Airport	Sta Cruz de la Palma	Spain	28.6265	-17.7556	Atlantic/Canary
SPD	VGSD	Saidpur Airport	Saidpur	Bangladesh	25.7592	88.9089	Asia/Dhaka
SPE	WBKO	Sepulot Airport	Sepulot	Malaysia	4.7330	116.4670	Asia/Kuching
SPF	KSPF	Black Hills Clyde Ice Field	Spearfish	United States	44.4803	-103.7830	America/Denver
SPG	KSPG	Albert Whitted Airport	St Petersburg	United States	27.7651	-82.6270	America/New_York
SPI	KSPI	Abraham Lincoln Capital Airport	Springfield	United States	39.8441	-89.6779	America/Chicago
SPJ	LGSP	Sparti Airport	Sparti	Greece	36.9739	22.5263	Europe/Athens
SPM	ETAD	Spangdahlem Air Base	Trier	Germany	49.9727	6.6925	Europe/Berlin
SPN	PGSN	Francisco C. Ada Saipan International Airport	Saipan Island	Northern Mariana Islands	15.1190	145.7290	Pacific/Guam
SPP	FNME	Menongue Airport	Menongue	Angola	-14.6576	17.7198	Africa/Lagos
SPS	KSPS	Sheppard Air Force Base-Wichita Falls Municipal Airport	Wichita Falls	United States	33.9888	-98.4919	America/Chicago
SPU	LDSP	Split Airport	Split	Croatia	43.5389	16.2980	Europe/Belgrade
SPW	KSPW	Spencer Municipal Airport	Spencer	United States	43.1655	-95.2028	America/Chicago
SPX	HESX	Sphinx International Airport	Giza	Egypt	30.1147	30.8933	Africa/Cairo
SPY	DISP	San Pedro Airport		Côte d'Ivoire	4.7467	-6.6608	Africa/Abidjan
SPZ	KASG	Springdale Municipal Airport	Springdale	United States	36.1764	-94.1193	America/Chicago
SQA	KIZA	Santa Ynez Airport	Santa Ynez	United States	34.6068	-120.0760	America/Los_Angeles
SQC	YSCR	Southern Cross Airport		Australia	-31.2400	119.3600	Australia/Perth
SQD	SPSF	San Francisco Airport	San Francisco de Yeso	Peru	-6.6167	-77.7667	America/Lima
SQG	WIOS	Sintang(Susilo) Airport	Sintang-Borneo Island	Indonesia	0.0636	111.4730	Asia/Pontianak
SQH	VVNS	Na-San Airport	Son-La	Vietnam	21.2170	104.0330	Asia/Bangkok
SQI	KSQI	Whiteside Co Arpt-Jos H Bittorf field	Sterling/Rockfalls	United States	41.7428	-89.6763	America/Chicago
SQJ	ZSSM	Sanming Shaxian Airport	Sanming	China	26.4281	117.8450	Asia/Shanghai
SQL	KSQL	San Carlos Airport	San Carlos	United States	37.5119	-122.2500	America/Los_Angeles
SQM	SWUA	Sao Miguel do Araguaia Airport	Sao Miguel Do Araguaia	Brazil	-13.3313	-50.1976	America/Sao_Paulo
SQN	WAPN	Emalamo Sanana Airport	Sanana-Seram Island	Indonesia	-2.0805	125.9670	Asia/Jayapura
SQO	ESUD	Storuman Airport		Sweden	64.9609	17.6966	Europe/Berlin
SQQ	EYSA	Siauliai International Airport	Siauliai	Lithuania	55.8939	23.3950	Europe/Vilnius
SQR	WAWS	Soroako Airport	Soroako-Celebes Island	Indonesia	-2.5312	121.3580	Asia/Makassar
SQU	SPOA	Saposoa Airport	Plaza Saposoa	Peru	-6.9600	-76.7684	America/Lima
SQW	EKSV	Skive Airport	Skive	Denmark	56.5502	9.1730	Europe/Berlin
SQX	SSOE	Sao Miguel do Oeste Airport	Sao Miguel Do Oeste	Brazil	-26.7816	-53.5035	America/Sao_Paulo
SQY	SSRU	Sao Lourenco do Sul Airport	Sao Lourenco Do Sul	Brazil	-31.3833	-52.0328	America/Sao_Paulo
SQZ	EGXP	RAF Scampton	Scampton	United Kingdom	53.3078	-0.5508	Europe/London
SRA	SSZR	Santa Rosa Airport	Santa Rosa	Brazil	-27.9067	-54.5204	America/Sao_Paulo
SRB	SLSR	Santa Rosa De Yacuma Airport	Santa Rosa	Bolivia	-14.0662	-66.7868	America/La_Paz
SRC	KSRC	Searcy Municipal Airport	Searcy	United States	35.2106	-91.7375	America/Chicago
SRD	SLRA	San Ramon Airport	San Ramon / Mamore	Bolivia	-13.2639	-64.6039	America/La_Paz
SRE	SLAL	AlcantarÃ­ International Airport	Sucre	Bolivia	-19.2463	-65.1510	America/La_Paz
SRG	WARS	Achmad Yani Airport	Semarang-Java Island	Indonesia	-6.9727	110.3750	Asia/Jakarta
SRH	FTTA	Sarh Airport	Sarh	Chad	9.1444	18.3744	Africa/Ndjamena
SRJ	SLSB	Capitan Av. German Quiroga G. Airport	San Borja	Bolivia	-14.8592	-66.7375	America/La_Paz
SRN	YSRN	Strahan Airport		Australia	-42.1550	145.2920	Australia/Hobart
SRP	ENSO	Stord Airport	Leirvik	Norway	59.7919	5.3408	Europe/Berlin
SRQ	KSRQ	Sarasota Bradenton International Airport	Sarasota/Bradenton	United States	27.3954	-82.5544	America/New_York
SRT	HUSO	Soroti Airport	Soroti	Uganda	1.7277	33.6228	Africa/Nairobi
SRW	KRUQ	Mid-Carolina Regional Airport	Salisbury	United States	35.6459	-80.5203	America/New_York
SRX	HLGD	Gardabya Airport	Sirt	Libya	31.0635	16.5950	Africa/Tripoli
SRY	OINZ	Dasht-e Naz Airport	Sari	Iran	36.6358	53.1936	Asia/Tehran
SRZ	SLET	El Trompillo Airport	Santa Cruz	Bolivia	-17.8116	-63.1715	America/La_Paz
SSA	SBSV	Deputado Luiz Eduardo Magalhaes International Airport	Salvador	Brazil	-12.9086	-38.3229	America/Bahia
SSC	KSSC	Shaw Air Force Base	Sumter	United States	33.9727	-80.4706	America/New_York
SSD	SCSF	Victor Lafon Airport	San Felipe	Chile	-32.7458	-70.7050	America/Santiago
SSE	VASL	Solapur Airport	Solapur	India	17.6280	75.9348	Asia/Kolkata
SSF	KSSF	Stinson Municipal Airport	San Antonio	United States	29.3370	-98.4711	America/Chicago
SSG	FGSL	Malabo Airport	Malabo	Equatorial Guinea	3.7553	8.7087	Africa/Lagos
SSH	HESH	Sharm El Sheikh International Airport	Sharm el-Sheikh	Egypt	27.9773	34.3950	Africa/Cairo
SSI	KSSI	St. Simons Island Airport at McKinnon Field	Brunswick	United States	31.1518	-81.3913	America/New_York
SSJ	ENST	Sandnessjoen Airport Stokka	Alstahaug	Norway	65.9568	12.4689	Europe/Berlin
SSN	RKSM	Seoul Air Base		South Korea	37.4458	127.1140	Asia/Seoul
SSO	SNLO	Sao Lourenco Airport	Sao Lourenco	Brazil	-22.0909	-45.0445	America/Sao_Paulo
SSR	NVSH	Sara Airport	Pentecost Island	Vanuatu	-15.4708	168.1520	Pacific/Efate
SST	SAZL	Santa Teresita Airport	Santa Teresita	Argentina	-36.5423	-56.7218	America/Argentina/Buenos_Aires
SSX	LTAQ	Samsun Samair Airport	Samsun	Turkey	41.2786	36.3052	Europe/Istanbul
SSY	FNBC	Mbanza Congo Airport	Mbanza Congo	Angola	-6.2699	14.2470	Africa/Lagos
SSZ	SBST	Base Aerea de Santos Airport	Guaruja	Brazil	-23.9281	-46.2997	America/Sao_Paulo
STA	EKVJ	Stauning Airport	Skjern / Ringkobing	Denmark	55.9901	8.3539	Europe/Berlin
STB	SVSZ	Santa Barbara del Zulia Airport		Venezuela	8.9746	-71.9433	America/Caracas
STC	KSTC	St Cloud Regional Airport	St Cloud	United States	45.5466	-94.0599	America/Chicago
STD	SVSO	Mayor Buenaventura Vivas International Airport	Santo Domingo	Venezuela	7.5654	-72.0351	America/Caracas
STE	KSTE	Stevens Point Municipal Airport	Stevens Point	United States	44.5452	-89.5303	America/Chicago
STG	PAPB	St George Airport	St George	United States	56.5783	-169.6620	America/Nome
STH	YSMR	Strathmore Airport		Australia	-17.8500	142.5670	Australia/Brisbane
STI	MDST	Cibao International Airport	Santiago	Dominican Republic	19.4061	-70.6047	America/Santo_Domingo
STJ	KSTJ	Rosecrans Memorial Airport	St Joseph	United States	39.7719	-94.9097	America/Chicago
STK	KSTK	Sterling Municipal Airport	Sterling	United States	40.6153	-103.2650	America/Denver
STL	KSTL	Lambert St Louis International Airport	St Louis	United States	38.7487	-90.3700	America/Chicago
STM	SBSN	Maestro Wilson Fonseca Airport	Santarem	Brazil	-2.4247	-54.7858	America/Santarem
STN	EGSS	London Stansted Airport	London	United Kingdom	51.8850	0.2350	Europe/London
STP	KSTP	St Paul Downtown Holman Field	St Paul	United States	44.9345	-93.0600	America/Chicago
STQ	KOYM	St Marys Municipal Airport	St Marys	United States	41.4125	-78.5026	America/New_York
STR	EDDS	Stuttgart Airport	Stuttgart	Germany	48.6899	9.2220	Europe/Berlin
STS	KSTS	Charles M. Schulz Sonoma County Airport	Santa Rosa	United States	38.5090	-122.8130	America/Los_Angeles
STT	TIST	Cyril E. King Airport	Charlotte Amalie	Virgin Islands (U.S.)	18.3373	-64.9734	America/Puerto_Rico
STV	VASU	Surat Airport		India	21.1141	72.7418	Asia/Kolkata
STW	URMT	Stavropol Shpakovskoye Airport	Stavropol	Russia	45.1092	42.1128	Europe/Moscow
STX	TISX	Henry E Rohlsen Airport	Christiansted	Virgin Islands (U.S.)	17.7019	-64.7986	America/Puerto_Rico
STY	SUSO	Nueva Hesperides International Airport	Salto	Uruguay	-31.4385	-57.9853	America/Montevideo
STZ	SWST	Santa Terezinha Airport	Santa Terezinha	Brazil	-10.4647	-50.5186	America/Araguaina
SUA	KSUA	Witham Field	Stuart	United States	27.1817	-80.2211	America/New_York
SUB	WARR	Juanda International Airport	Surabaya	Indonesia	-7.3798	112.7870	Asia/Jakarta
SUD	KSUD	Stroud Municipal Airport	Stroud	United States	35.7896	-96.6557	America/Chicago
SUE	KSUE	Door County Cherryland Airport	Sturgeon Bay	United States	44.8437	-87.4215	America/Chicago
SUF	LICA	Lamezia Terme Airport	Lamezia Terme	Italy	38.9054	16.2423	Europe/Rome
SUG	RPMS	Surigao Airport	Surigao City	Philippines	9.7558	125.4809	Asia/Manila
SUH	OOSR	Sur Airport	Sur	Oman	22.5330	59.4830	Asia/Dubai
SUI	UGSS	Sukhumi Dranda Airport	Sukhumi	Georgia	42.8582	41.1281	Asia/Tbilisi
SUJ	LRSM	Satu Mare Airport	Satu Mare	Romania	47.7033	22.8857	Europe/Bucharest
SUL	OPSU	Sui Airport	Sui	Pakistan	28.6451	69.1769	Asia/Karachi
SUM	KSMS	Sumter Airport	Sumter	United States	33.9950	-80.3613	America/New_York
SUN	KSUN	Friedman Memorial Airport	Hailey	United States	43.5044	-114.2960	America/Boise
SUO	KS21	Sunriver Airport	Sunriver	United States	43.8763	-121.4530	America/Los_Angeles
SUP	WART	Trunojoyo Airport	Sumenep-Madura Island	Indonesia	-7.0243	113.8902	Asia/Jakarta
SUQ	SESC	Sucua Airport	Sucua	Ecuador	-2.4830	-78.1670	America/Guayaquil
SUR	CJV7	Summer Beaver Airport	Summer Beaver	Canada	52.7086	-88.5419	America/Toronto
SUS	KSUS	Spirit of St Louis Airport	St Louis	United States	38.6621	-90.6520	America/Chicago
SUT	HTSU	Sumbawanga Airport	Sumbawanga	Tanzania	-7.9670	31.6670	Africa/Nairobi
SUU	KSUU	Travis Air Force Base	Fairfield	United States	38.2627	-121.9270	America/Los_Angeles
SUV	NFNA	Nausori International Airport	Nausori	Fiji	-18.0433	178.5590	Pacific/Fiji
SUW	KSUW	Richard I Bong Airport	Superior	United States	46.6897	-92.0947	America/Chicago
SUX	KSUX	Sioux Gateway Col. Bud Day Field	Sioux City	United States	42.4026	-96.3844	America/Chicago
SUY	UENS	Suntar Airport	Suntar	Russia	62.1850	117.6350	Asia/Yakutsk
SVA	PASA	Savoonga Airport	Savoonga	United States	63.6864	-170.4930	America/Nome
SVB	FMNS	Sambava Airport		Madagascar	-14.2786	50.1747	Africa/Nairobi
SVC	KSVC	Grant County Airport	Silver City	United States	32.6365	-108.1560	America/Denver
SVD	TVSA	Argyle International Airport	Argyle	Saint Vincent and the Grenadines	13.1627	-61.1514	America/Puerto_Rico
SVE	KSVE	Susanville Municipal Airport	Susanville	United States	40.3757	-120.5730	America/Los_Angeles
SVF	DBBS	Save Airport	Save	Benin	8.0182	2.4646	Africa/Lagos
SVG	ENZV	Stavanger Airport Sola	Stavanger	Norway	58.8767	5.6378	Europe/Berlin
SVH	KSVH	Statesville Regional Airport	Statesville	United States	35.7653	-80.9539	America/New_York
SVI	SKSV	Eduardo Falla Solano Airport	San Vicente Del Caguan	Colombia	2.1522	-74.7663	America/Bogota
SVJ	ENSH	Svolvaer Helle Airport	Svolvaer	Norway	68.2433	14.6692	Europe/Berlin
SVL	EFSA	Savonlinna Airport	Savonlinna	Finland	61.9431	28.9451	Europe/Helsinki
SVN	KSVN	Hunter Army Air Field	Savannah	United States	32.0100	-81.1457	America/New_York
SVO	UUEE	Sheremetyevo International Airport	Moscow	Russia	55.9726	37.4146	Europe/Moscow
SVP	FNKU	Kuito Airport	Kuito	Angola	-12.4046	16.9474	Africa/Lagos
SVQ	LEZL	Sevilla Airport	Sevilla	Spain	37.4180	-5.8931	Europe/Madrid
SVT	FBSV	Savuti Airport	Savuti	Botswana	-18.5206	24.0767	Africa/Maputo
SVU	NFNS	Savusavu Airport	Savusavu	Fiji	-16.8028	179.3410	Pacific/Fiji
SVW	PASV	Sparrevohn LRRS Airport	Sparrevohn	United States	61.0974	-155.5740	America/Anchorage
SVX	USSS	Koltsovo Airport	Yekaterinburg	Russia	56.7431	60.8027	Asia/Yekaterinburg
SVZ	SVSA	San Antonio Del Tachira Airport		Venezuela	7.8408	-72.4397	America/Bogota
SWA	ZGOW	Shantou Waisha Airport	Shantou	China	23.4269	116.7620	Asia/Shanghai
SWC	YSWL	Stawell Airport		Australia	-37.0717	142.7410	Australia/Melbourne
SWD	PAWD	Seward Airport	Seward	United States	60.1269	-149.4190	America/Anchorage
SWF	KSWF	Stewart International Airport	Newburgh	United States	41.5041	-74.1048	America/New_York
SWH	YSWH	Swan Hill Airport		Australia	-35.3758	143.5330	Australia/Melbourne
SWJ	NVSX	Southwest Bay Airport	Malekula Island	Vanuatu	-16.4864	167.4472	Pacific/Efate
SWN	OPSW	Sahiwal Airport	Sahiwal	Pakistan	31.8894	72.3917	Asia/Karachi
SWO	KSWO	Stillwater Regional Airport	Stillwater	United States	36.1612	-97.0857	America/Chicago
SWP	FYSM	Swakopmund Airport	Swakopmund	Namibia	-22.6619	14.5681	Africa/Windhoek
SWQ	WADS	Sumbawa Besar Airport	Sumbawa Island	Indonesia	-8.4890	117.4120	Asia/Makassar
SWS	EGFH	Swansea Airport	Swansea	United Kingdom	51.6053	-4.0678	Europe/London
SWT	UNSS	Strezhevoy Airport	Strezhevoy	Russia	60.7094	77.6600	Asia/Tomsk
SWU	RKSW	Suwon Airport		South Korea	37.2394	127.0070	Asia/Seoul
SWV	UHMW	Severo-Evensk Airport	Evensk	Russia	61.9217	159.2300	Asia/Magadan
SWW	KSWW	Avenger Field	Sweetwater	United States	32.4674	-100.4670	America/Chicago
SWX	FBSW	Shakawe Airport	Shakawe	Botswana	-18.3739	21.8326	Africa/Maputo
SWY	WMBA	Sitiawan Airport	Sitiawan	Malaysia	4.2164	100.6986	Asia/Singapore
SXB	LFST	Strasbourg Airport	Strasbourg	France	48.5383	7.6282	Europe/Paris
SXE	YWSL	West Sale Airport	West Sale	Australia	-38.0917	146.9650	Australia/Melbourne
SXG	FLSN	Senanga Airport	Senanga	Zambia	-16.1000	23.2670	Africa/Maputo
SXI	OIBS	Sirri Island Airport		Iran	25.9089	54.5394	Asia/Tehran
SXJ	ZWSS	Shanshan Airport	Shanshan	China	42.9117	90.2475	Asia/Shanghai
SXK	WAPI	Saumlaki Airport	Saumlaki-Yamdena Island	Indonesia	-7.9886	131.3060	Asia/Jayapura
SXL	EISG	Sligo Airport	Sligo	Ireland	54.2802	-8.5992	Europe/Dublin
SXM	TNCM	Princess Juliana International Airport	Saint Martin	Sint Maarten (Dutch part)	18.0410	-63.1089	America/Puerto_Rico
SXN	FBSN	Sua Pan Airport		Botswana	-20.5534	26.1158	Africa/Maputo
SXO	SWFX	Sao Felix do Araguaia Airport	Sao Felix Do Araguaia	Brazil	-11.6324	-50.6896	America/Cuiaba
SXQ	PASX	Soldotna Airport	Soldotna	United States	60.4757	-151.0340	America/Anchorage
SXR	VISR	Sheikh ul Alam Airport	Srinagar	India	33.9871	74.7742	Asia/Kolkata
SXS	WBKH	Sahabat [Sahabat 16] Airport	Sahabat	Malaysia	5.0878	119.0940	Asia/Kuching
SXT	WMAN	Sungai Tiang Airport	Taman Negara	Malaysia	4.3303	102.3950	Asia/Singapore
SXU	HASD	Soddu Airport	Soddu	Ethiopia	6.8170	37.7500	Africa/Nairobi
SXV	VOSM	Salem Airport		India	11.7833	78.0656	Asia/Kolkata
SXX	SNFX	Sao Felix do Xingu Airport	Sao Felix Do Xingu	Brazil	-6.6403	-51.9900	America/Belem
SXZ	LTCL	Siirt Airport	Siirt	Turkey	37.9789	41.8404	Europe/Istanbul
SYA	PASY	Eareckson Air Station	Shemya	United States	52.7123	174.1140	America/Adak
SYC	SPSY	Shiringayoc Airport	Shiringayoc	Peru	-11.8833	-69.2000	America/Lima
SYD	YSSY	Sydney Kingsford Smith International Airport	Sydney	Australia	-33.9461	151.1770	Australia/Sydney
SYE	OYSH	Sadah Airport	Sadah	Yemen	16.9670	43.7330	Asia/Riyadh
SYI	KSYI	Bomar Field Shelbyville Municipal Airport	Shelbyville	United States	35.5601	-86.4425	America/Chicago
SYJ	OIKY	Sirjan Airport		Iran	29.5509	55.6727	Asia/Tehran
SYK	BIST	Stykkisholmur Airport	Stykkisholmur	Iceland	65.0581	-22.7942	Africa/Abidjan
SYM	ZPSM	Simao Airport	Simao	China	22.7933	100.9590	Asia/Shanghai
SYN	KSYN	Stanton Airfield	Stanton	United States	44.4755	-93.0163	America/Chicago
SYO	RJSY	Shonai Airport	Shonai	Japan	38.8122	139.7870	Asia/Tokyo
SYP	MPSA	Ruben Cantu Airport	Santiago	Panama	8.0856	-80.9453	America/Panama
SYQ	MRPV	Tobias Bolanos International Airport	San Jose	Costa Rica	9.9571	-84.1398	America/Costa_Rica
SYR	KSYR	Syracuse Hancock International Airport	Syracuse	United States	43.1112	-76.1063	America/New_York
SYS	UERS	Saskylakh Airport	Saskylakh	Russia	71.9279	114.0800	Asia/Yakutsk
SYT	LFLN	Saint-Yan Airport	Saint-Yan	France	46.4125	4.0133	Europe/Paris
SYU	YWBS	Warraber Island Airport	Sue Islet	Australia	-10.2083	142.8250	Australia/Brisbane
SYV	KSYV	Sylvester Airport	Sylvester	United States	31.5585	-83.8957	America/New_York
SYW	OPSN	Sehwan Sharif Airport	Sehwan Sharif	Pakistan	26.4731	67.7172	Asia/Karachi
SYX	ZJSY	Sanya Phoenix International Airport	Sanya	China	18.3029	109.4120	Asia/Shanghai
SYY	EGPO	Stornoway Airport	Stornoway	United Kingdom	58.2156	-6.3311	Europe/London
SYZ	OISS	Shiraz Shahid Dastghaib International Airport	Shiraz	Iran	29.5392	52.5898	Asia/Tehran
SZA	FNSO	Soyo Airport	Soyo	Angola	-6.1411	12.3718	Africa/Lagos
SZB	WMSA	Sultan Abdul Aziz Shah International Airport	Subang	Malaysia	3.1306	101.5490	Asia/Singapore
SZE	HASM	Semera Airport	Semera	Ethiopia	11.7875	40.9917	Africa/Nairobi
SZF	LTFH	Samsun Carsamba Airport	Samsun	Turkey	41.2545	36.5671	Europe/Istanbul
SZG	LOWS	Salzburg Airport	Salzburg	Austria	47.7933	13.0043	Europe/Berlin
SZH	ZBSG	Shuozhou Zirun Airport	Shuozhou	China	39.2731	112.6911	Asia/Shanghai
SZJ	MUSN	Siguanea Airport	Isla de la Juventud	Cuba	21.6425	-82.9551	America/Havana
SZK	FASZ	Skukuza Airport	Skukuza	South Africa	-24.9609	31.5887	Africa/Johannesburg
SZL	KSZL	Whiteman Air Force Base	Knob Noster	United States	38.7303	-93.5479	America/Chicago
SZM	FYSS	Sesriem Airstrip		Namibia	-24.5128	15.7467	Africa/Windhoek
SZN	KSZN	Santa Cruz Island Airport	Santa Barbara	United States	34.0606	-119.9150	America/Los_Angeles
SZP	KSZP	Santa Paula Airport	Santa Paula	United States	34.3472	-119.0610	America/Los_Angeles
SZR	LBSZ	Stara Zagora Airport	Stara Zagora	Bulgaria	42.3767	25.6552	Europe/Sofia
SZS	NZRC	Ryans Creek Aerodrome	Oban	New Zealand	-46.8997	168.1010	Pacific/Auckland
SZT	MMSC	San Cristobal De Las Casas Airport		Mexico	16.6903	-92.5301	America/Mexico_City
SZV	ZSSZ	Guangfu Airport	Suzhou	China	31.2631	120.4010	Asia/Shanghai
SZW	EDOP	Schwerin Parchim Airport		Germany	53.4270	11.7834	Europe/Berlin
SZX	ZGSZ	Shenzhen Bao'an International Airport	Shenzhen	China	22.6393	113.8110	Asia/Shanghai
SZY	EPSY	Olsztyn-Mazury Airport	Szymany	Poland	53.4819	20.9378	Europe/Warsaw
SZZ	EPSC	Szczecin-Goleniow Solidarnosc Airport	Goleniow	Poland	53.5847	14.9022	Europe/Warsaw
TAB	TTCP	Tobago-Crown Point Airport	Scarborough	Trinidad and Tobago	11.1497	-60.8322	America/Puerto_Rico
TAC	RPVA	Daniel Z. Romualdez Airport	Tacloban City	Philippines	11.2276	125.0280	Asia/Manila
TAD	KTAD	Perry Stokes Airport	Trinidad	United States	37.2594	-104.3410	America/Denver
TAE	RKTN	Daegu Airport	Daegu	South Korea	35.8941	128.6590	Asia/Seoul
TAF	DAOL	Tafaraoui Airport		Algeria	35.5424	-0.5323	Africa/Algiers
TAG	RPSP	Panglao Bohol International Airport	Panglao	Philippines	9.5719	123.7695	Asia/Manila
TAH	NVVW	Tanna Airport		Vanuatu	-19.4551	169.2240	Pacific/Efate
TAI	OYTZ	Ta'izz International Airport	Ta'izz	Yemen	13.6860	44.1391	Asia/Riyadh
TAJ	AYTJ	Tadji Airport	Aitape	Papua New Guinea	-3.1982	142.4310	Pacific/Port_Moresby
TAK	RJOT	Takamatsu Airport	Takamatsu	Japan	34.2142	134.0160	Asia/Tokyo
TAL	PATA	Ralph M Calhoun Memorial Airport	Tanana	United States	65.1744	-152.1090	America/Anchorage
TAM	MMTM	General Francisco Javier Mina International Airport	Tampico	Mexico	22.2964	-97.8659	America/Monterrey
TAN	YTGA	Tangalooma Airport		Australia	-27.1300	153.3630	Australia/Brisbane
TAO	ZSQD	Qingdao Jiaodong International Airport	Qingdao	China	36.3619	120.0883	Asia/Shanghai
TAP	MMTP	Tapachula International Airport	Tapachula	Mexico	14.7943	-92.3700	America/Mexico_City
TAQ	YTAR	Tarcoola Airport	Tarcoola	Australia	-30.7033	134.5840	Australia/Adelaide
TAR	LIBG	Taranto / Grottaglie Airport	Grottaglie	Italy	40.5175	17.4032	Europe/Rome
TAS	UZTT	Tashkent International Airport	Tashkent	Uzbekistan	41.2579	69.2812	Asia/Tashkent
TAT	LZTT	Poprad-Tatry Airport	Poprad	Slovakia	49.0736	20.2411	Europe/Prague
TAU	SKTA	Tauramena Airport	Tauramena	Colombia	5.0128	-72.7424	America/Bogota
TAW	SUTB	Tacuarembo Airport	Tacuarembo	Uruguay	-31.7490	-55.9258	America/Montevideo
TAX	WAPT	Taliabu Island Airport	Tikong-Taliabu Island	Indonesia	-1.6426	124.5590	Asia/Jayapura
TAY	EETU	Tartu Airport	Tartu	Estonia	58.3075	26.6904	Europe/Tallinn
TAZ	UTAT	Dashoguz Airport	Dashoguz	Turkmenistan	41.7611	59.8267	Asia/Ashgabat
TBB	VVTH	Dong Tac Airport	Tuy Hoa	Vietnam	13.0496	109.3340	Asia/Ho_Chi_Minh
TBF	NGTE	Tabiteuea North Airport		Kiribati	-1.2245	174.7760	Pacific/Tarawa
TBG	AYTB	Tabubil Airport	Tabubil	Papua New Guinea	-5.2786	141.2260	Pacific/Port_Moresby
TBH	RPVU	Romblon Airport	Romblon	Philippines	12.3110	122.0850	Asia/Manila
TBI	MYCB	New Bight Airport	Cat Island	Bahamas	24.3153	-75.4523	America/Toronto
TBJ	DTKA	Tabarka 7 Novembre Airport	Tabarka	Tunisia	36.9800	8.8769	Africa/Tunis
TBK	YTBR	Timber Creek Airport		Australia	-15.6200	130.4450	Australia/Darwin
TBL	YTAB	Tableland Homestead Airport		Australia	-17.2833	126.9000	Australia/Perth
TBN	KTBN	Waynesville-St. Robert Regional Forney field	Fort Leonard Wood	United States	37.7416	-92.1407	America/Chicago
TBO	HTTB	Tabora Airport	Tabora	Tanzania	-5.0764	32.8333	Africa/Nairobi
TBP	SPME	Capitan FAP Pedro Canga Rodriguez Airport	Tumbes	Peru	-3.5525	-80.3814	America/Lima
TBR	KTBR	Statesboro Bulloch County Airport	Statesboro	United States	32.4827	-81.7369	America/New_York
TBS	UGTB	Tbilisi International Airport	Tbilisi	Georgia	41.6692	44.9547	Asia/Tbilisi
TBT	SBTT	Tabatinga Airport	Tabatinga	Brazil	-4.2557	-69.9358	America/Bogota
TBU	NFTF	Fua'amotu International Airport	Nuku'alofa	Tonga	-21.2412	-175.1500	Pacific/Tongatapu
TBW	UUOT	Donskoye Airport	Tambov	Russia	52.8061	41.4828	Europe/Moscow
TBY	FBTS	Tshabong Airport	Tshabong	Botswana	-26.0333	22.4000	Africa/Maputo
TBZ	OITT	Tabriz International Airport	Tabriz	Iran	38.1339	46.2350	Asia/Tehran
TCA	YTNK	Tennant Creek Airport	Tennant Creek	Australia	-19.6344	134.1830	Australia/Darwin
TCB	MYAT	Treasure Cay Airport	Treasure Cay	Bahamas	26.7453	-77.3913	America/Toronto
TCC	KTCC	Tucumcari Municipal Airport	Tucumcari	United States	35.1828	-103.6030	America/Denver
TCE	LRTC	Tulcea Airport	Tulcea	Romania	45.0625	28.7143	Europe/Bucharest
TCG	ZWTC	Tacheng Airport	Tacheng	China	46.6725	83.3408	Asia/Shanghai
TCH	FOOT	Tchibanga Airport	Tchibanga	Gabon	-2.8500	11.0170	Africa/Lagos
TCL	KTCL	Tuscaloosa Regional Airport	Tuscaloosa	United States	33.2206	-87.6114	America/Chicago
TCM	KTCM	McChord Air Force Base	Tacoma	United States	47.1377	-122.4760	America/Los_Angeles
TCN	MMHC	Tehuacan Airport		Mexico	18.4972	-97.4199	America/Mexico_City
TCO	SKCO	La Florida Airport	Tumaco	Colombia	1.8144	-78.7492	America/Bogota
TCP	HETB	Taba International Airport	Taba	Egypt	29.5878	34.7781	Africa/Cairo
TCQ	SPTN	Coronel FAP Carlos Ciriani Santa Rosa International Airport	Tacna	Peru	-18.0533	-70.2758	America/Lima
TCR	VOTK	Tuticorin Airport	Thoothukkudi	India	8.7242	78.0258	Asia/Kolkata
TCS	KTCS	Truth Or Consequences Municipal Airport	Truth Or Consequences	United States	33.2369	-107.2720	America/Denver
TCU	FATN	Thaba Nchu Tar Airport	Homeward	South Africa	-29.3178	26.8228	Africa/Johannesburg
TCW	YTOC	Tocumwal Airport		Australia	-35.8117	145.6080	Australia/Sydney
TCX	OIMT	Tabas Airport	Tabas	Iran	33.6678	56.8927	Asia/Tehran
TCZ	ZUTC	Tengchong Tuofeng Airport	Tengchong	China	24.9381	98.4858	Asia/Shanghai
TDA	SKTD	Trinidad Airport	Trinidad	Colombia	5.4328	-71.6625	America/Bogota
TDD	SLTR	Teniente Av. Jorge Henrich Arauz Airport	Trinidad	Bolivia	-14.8187	-64.9180	America/La_Paz
TDG	RPMW	Tandag Airport		Philippines	9.0721	126.1710	Asia/Manila
TDJ	HDTJ	Tadjoura Airport	Tadjoura	Djibouti	11.7830	42.9170	Africa/Nairobi
TDK	UAAT	Taldykorgan Airport	Taldy Kurgan	Kazakhstan	45.1262	78.4470	Asia/Almaty
TDL	SAZT	Heroes De Malvinas Airport	Tandil	Argentina	-37.2374	-59.2279	America/Argentina/Buenos_Aires
TDN	YTHD	Theda Station Airport		Australia	-14.7881	126.4960	Australia/Perth
TDO	KTDO	Ed Carlson Memorial Field South Lewis County Airport	Toledo	United States	46.4772	-122.8060	America/Los_Angeles
TDP	SPDR	Trompeteros Airport	Corrientes	Peru	-3.8060	-75.0393	America/Lima
TDR	YTDR	Theodore Airport		Australia	-24.9933	150.0930	Australia/Brisbane
TDS	AYSS	Sasereme Airport	Sasereme	Papua New Guinea	-7.6228	142.8689	Pacific/Port_Moresby
TDT	FATD	Tanda Tula Airport	Welverdiend	South Africa	-24.5336	31.3000	Africa/Johannesburg
TDV	FMSN	Samangoky Airport	Tanandava	Madagascar	-21.7000	43.7330	Africa/Nairobi
TDW	KTDW	Tradewind Airport	Amarillo	United States	35.1699	-101.8260	America/Chicago
TDX	VTBO	Trat Airport		Thailand	12.2746	102.3190	Asia/Bangkok
TDZ	KTDZ	Toledo Executive Airport	Toledo	United States	41.5649	-83.4823	America/New_York
TEA	MHTE	Tela Airport	Tela	Honduras	15.7759	-87.4758	America/Tegucigalpa
TEB	KTEB	Teterboro Airport	Teterboro	United States	40.8501	-74.0608	America/New_York
TEC	SBTL	Telemaco Borba Airport	Telemaco Borba	Brazil	-24.3178	-50.6516	America/Sao_Paulo
TED	EKTS	Thisted Airport	Thisted	Denmark	57.0688	8.7052	Europe/Berlin
TEE	DABS	Cheikh Larbi Tebessi Airport	Tebessi	Algeria	35.4316	8.1207	Africa/Algiers
TEF	YTEF	Telfer Airport		Australia	-21.7150	122.2290	Australia/Perth
TEG	DFET	Tenkodogo Airport	Tenkodogo	Burkina Faso	11.8000	-0.3670	Africa/Abidjan
TEI	VETJ	Tezu Airport	Tezu	India	27.9412	96.1344	Asia/Kolkata
TEL	WBKE	Telupid Airport	Telupid	Malaysia	5.6286	117.1260	Asia/Kuching
TEM	YTEM	Temora Airport		Australia	-34.4214	147.5120	Australia/Sydney
TEN	ZUTR	Tongren Fenghuang Airport		China	27.8833	109.3089	Asia/Shanghai
TEQ	LTBU	Tekirdag Corlu Airport	Corlu	Turkey	41.1382	27.9191	Europe/Istanbul
TER	LPLA	Lajes Field	Lajes	Portugal	38.7618	-27.0908	Atlantic/Azores
TES	HHTS	Tessenei Airport	Tessenei	Eritrea	15.1170	36.6830	Africa/Nairobi
TET	FQTT	Chingozi Airport	Tete	Mozambique	-16.1048	33.6402	Africa/Maputo
TEU	NZMO	Manapouri Airport		New Zealand	-45.5331	167.6500	Pacific/Auckland
TEV	LETL	Teruel Airport	Teruel	Spain	40.4119	-1.2175	Europe/Madrid
TEX	KTEX	Telluride Regional Airport	Telluride	United States	37.9538	-107.9080	America/Denver
TEY	BITE	Tingeyri Airport	Tingeyri	Iceland	65.8703	-23.5600	Africa/Abidjan
TEZ	VETZ	Tezpur Airport		India	26.7091	92.7847	Asia/Kolkata
TFF	SBTF	Tefe Airport	Tefe	Brazil	-3.3829	-64.7241	America/Manaus
TFI	AYTU	Tufi Airport	Tufi	Papua New Guinea	-9.0760	149.3198	Pacific/Port_Moresby
TFL	SNTO	Juscelino Kubitscheck Airport	Teofilo Otoni	Brazil	-17.8923	-41.5136	America/Sao_Paulo
TFM	AYTE	Telefomin Airport	Telefomin	Papua New Guinea	-5.1261	141.6419	Pacific/Port_Moresby
TFN	GCXO	Tenerife Norte Airport	Tenerife Island	Spain	28.4827	-16.3415	Atlantic/Canary
TFS	GCTS	Tenerife South Airport	Tenerife Island	Spain	28.0445	-16.5725	Atlantic/Canary
TFT	OPTT	Taftan Airport	Taftan	Pakistan	28.9642	61.5954	Asia/Karachi
TFU	ZUTF	Chengdu Tianfu International Airport	Chengdu	China	30.3190	104.4450	Asia/Shanghai
TGA	WSAT	Tengah Air Base		Singapore	1.3873	103.7090	Asia/Singapore
TGC	WBGT	Tanjung Manis Airport	Tanjung Manis	Malaysia	2.1778	111.2020	Asia/Kuching
TGD	LYPG	Podgorica Airport	Podgorica	Montenegro	42.3594	19.2519	Europe/Belgrade
TGG	WMKN	Sultan Mahmud Airport	Kuala Terengganu	Malaysia	5.3826	103.1030	Asia/Singapore
TGH	NVST	Tongoa Island Airport	Tongoa Island	Vanuatu	-16.8911	168.5510	Pacific/Efate
TGI	SPGM	Tingo Maria Airport	Tingo Maria	Peru	-9.1330	-75.9500	America/Lima
TGJ	NWWA	Tiga Airport	Tiga	New Caledonia	-21.0961	167.8040	Pacific/Noumea
TGK	URRT	Taganrog Yuzhny Airport	Taganrog	Russia	47.2000	38.8500	Europe/Moscow
TGM	LRTM	Transilvania Targu Mures International Airport	Targu Mures	Romania	46.4677	24.4125	Europe/Bucharest
TGN	YLTV	Latrobe Valley Airport		Australia	-38.2072	146.4700	Australia/Melbourne
TGO	ZBTL	Tongliao Airport	Tongliao	China	43.5567	122.2000	Asia/Shanghai
TGP	UNIP	Podkamennaya Tunguska Airport	Bor	Russia	61.5897	89.9940	Asia/Krasnoyarsk
TGQ	SWTS	Tangara da Serra Airport	Tangara Da Serra	Brazil	-14.6620	-57.4435	America/Cuiaba
TGR	DAUK	Touggourt Sidi Madhi Airport	Touggourt	Algeria	33.0678	6.0887	Africa/Algiers
TGT	HTTG	Tanga Airport	Tanga	Tanzania	-5.0924	39.0712	Africa/Nairobi
TGU	MHTG	Toncontin International Airport	Tegucigalpa	Honduras	14.0609	-87.2172	America/Tegucigalpa
TGV	LBTG	Bukhovtsi Airfield	Targovishte	Bulgaria	43.3066	26.7009	Europe/Sofia
TGZ	MMTG	Angel Albino Corzo International Airport	Tuxtla Gutierrez	Mexico	16.5636	-93.0225	America/Mexico_City
THA	KTHA	Tullahoma Regional Arpt/Wm Northern Field	Tullahoma	United States	35.3801	-86.2464	America/Chicago
THB	FXTA	Thaba-Tseka Airport	Thaba-Tseka	Lesotho	-29.5228	28.6158	Africa/Johannesburg
THC	GLTN	Tchien Airport	Tchien	Liberia	6.0457	-8.1387	Africa/Monrovia
THD	VVTX	Thọ Xuân Airport	Thanh Hóa	Vietnam	19.9017	105.4678	Asia/Bangkok
THE	SBTE	Senador Petronio Portela Airport	Teresina	Brazil	-5.0599	-42.8235	America/Fortaleza
THF	EDDI	Berlin Tempelhof Airport	Berlin	Germany	52.4736	13.4017	Europe/Berlin
THG	YTNG	Thangool Airport	Biloela	Australia	-24.4939	150.5760	Australia/Brisbane
THH	NZTS	Taharoa Aerodrome	Taharoa	New Zealand	-38.1811	174.7080	Pacific/Auckland
THI	GQNC	Tichitt Airport	Tichitt	Mauritania	18.4500	-9.5170	Africa/Abidjan
THK	VLTK	Thakhek Airport	Thakhek	Laos	17.4000	104.8000	Asia/Bangkok
THL	VYTL	Tachileik Airport	Tachileik	Myanmar	20.4838	99.9354	Asia/Yangon
THM	KTHM	Thompson Falls Airport	Thompson Falls	United States	47.5735	-115.2810	America/Denver
THN	ESGT	Trollhattan-Vanersborg Airport	Trollhattan	Sweden	58.3181	12.3450	Europe/Berlin
THO	BITN	Thorshofn Airport	Thorshofn	Iceland	66.2185	-15.3356	Africa/Abidjan
THQ	ZLTS	Tianshui Maijishan Airport	Tianshui	China	34.5594	105.8600	Asia/Shanghai
THR	OIII	Mehrabad International Airport	Tehran	Iran	35.6892	51.3134	Asia/Tehran
THS	VTPO	Sukhothai Airport		Thailand	17.2380	99.8182	Asia/Bangkok
THT	GQNT	Tamchakett Airport	Tamchakett	Mauritania	17.2330	-10.8170	Africa/Abidjan
THU	BGTL	Thule Air Base	Thule	Greenland	76.5312	-68.7032	America/Thule
THV	KTHV	York Airport	York	United States	39.9170	-76.8730	America/New_York
THX	UOTT	Turukhansk Airport	Turukhansk	Russia	65.7972	87.9353	Asia/Krasnoyarsk
THY	FATH	Thohoyandou Airport	Thohoyandou	South Africa	-23.0769	30.3836	Africa/Johannesburg
THZ	DRRT	Tahoua Airport	Tahoua	Niger	14.8757	5.2654	Africa/Lagos
TIA	LATI	Tirana International Airport Mother Teresa	Tirana	Albania	41.4147	19.7206	Europe/Tirane
TIB	SKTB	Tibu Airport	Tibu	Colombia	8.6315	-72.7304	America/Bogota
TID	DAOB	Bou Chekif Airport	Tiaret	Algeria	35.3411	1.4632	Africa/Algiers
TIE	HATP	Tippi Airport	Tippi	Ethiopia	7.2024	35.4150	Africa/Nairobi
TIF	OETF	Taif Airport		Saudi Arabia	21.4834	40.5443	Asia/Riyadh
TIH	NTGC	Tikehau Airport		French Polynesia	-15.1196	-148.2310	Pacific/Tahiti
TII	OATN	Tarin Kowt Airport	Tarin Kowt	Afghanistan	32.6042	65.8658	Asia/Kabul
TIJ	MMTJ	General Abelardo L. Rodriguez International Airport	Tijuana	Mexico	32.5411	-116.9700	America/Los_Angeles
TIK	KTIK	Tinker Air Force Base	Oklahoma City	United States	35.4147	-97.3866	America/Chicago
TIM	WABP	Moses Kilangin Airport	Timika-Papua Island	Indonesia	-4.5283	136.8870	Asia/Jayapura
TIN	DAOF	Tindouf Airport	Tindouf	Algeria	27.7004	-8.1671	Africa/Algiers
TIO	VYHN	Tilin Airport	Tilin	Myanmar	21.7000	94.1000	Asia/Yangon
TIP	HLLT	Tripoli International Airport	Tripoli	Libya	32.6635	13.1590	Africa/Tripoli
TIQ	PGWT	Tinian International Airport	Tinian Island	Northern Mariana Islands	14.9992	145.6190	Pacific/Guam
TIR	VOTP	Tirupati Airport	Tirupati	India	13.6325	79.5433	Asia/Kolkata
TIU	NZTU	Timaru Airport		New Zealand	-44.3028	171.2250	Pacific/Auckland
TIV	LYTV	Tivat Airport	Tivat	Montenegro	42.4047	18.7233	Europe/Belgrade
TIW	KTIW	Tacoma Narrows Airport	Tacoma	United States	47.2679	-122.5780	America/Los_Angeles
TIX	KTIX	Space Coast Regional Airport	Titusville	United States	28.5148	-80.7992	America/New_York
TIY	GQND	Tidjikja Airport	Tidjikja	Mauritania	18.5701	-11.4235	Africa/Abidjan
TIZ	AYTA	Tari Airport	Tari	Papua New Guinea	-5.8450	142.9480	Pacific/Port_Moresby
TJA	SLTJ	Capitan Oriel Lea Plaza Airport	Tarija	Bolivia	-21.5557	-64.7013	America/La_Paz
TJB	WIBT	Tanjung Balai Airport	Karinmunbesar Island	Indonesia	1.0500	103.3830	Asia/Jakarta
TJG	WAON	Warukin Airport	Tanta-Tabalong-Borneo Island	Indonesia	-2.2166	115.4360	Asia/Makassar
TJH	RJBT	Tajima Airport	Tajima	Japan	35.5128	134.7870	Asia/Tokyo
TJI	MHTJ	Trujillo Airport	Trujillo	Honduras	15.9268	-85.9382	America/Tegucigalpa
TJK	LTAW	Tokat Airport	Tokat	Turkey	40.3074	36.3674	Europe/Istanbul
TJL	SBTG	Plinio Alarcom Airport	Tres Lagoas	Brazil	-20.7544	-51.6839	America/Campo_Grande
TJM	USTR	Roshchino International Airport	Tyumen	Russia	57.1896	65.3243	Asia/Yekaterinburg
TJN	NTKM	Takume Airport	Takume	French Polynesia	-15.8547	-142.2680	Pacific/Tahiti
TJQ	WIOD	Buluh Tumbang (H A S Hanandjoeddin) Airport	Tanjung Pandan-Belitung Island	Indonesia	-2.7457	107.7550	Asia/Jakarta
TJS	WALG	Tanjung Harapan Airport	Tanjung Selor-Borneo Island	Indonesia	2.8364	117.3740	Asia/Makassar
TJU	UTDK	Kulob Airport	Kulyab	Tajikistan	37.9881	69.8050	Asia/Dushanbe
TJV	VOTJ	Tanjore Air Force Base	Thanjavur	India	10.7224	79.1016	Asia/Kolkata
TKA	PATK	Talkeetna Airport	Talkeetna	United States	62.3205	-150.0940	America/Anchorage
TKC	FKKC	Tiko Airport	Tiko	Cameroon	4.0892	9.3605	Africa/Lagos
TKD	DGTK	Takoradi Airport	Sekondi-Takoradi	Ghana	4.8961	-1.7748	Africa/Abidjan
TKF	KTRK	Truckee Tahoe Airport	Truckee	United States	39.3200	-120.1400	America/Los_Angeles
TKG	WICT	Radin Inten II (Branti) Airport	Bandar Lampung-Sumatra Island	Indonesia	-5.2406	105.1756	Asia/Jakarta
TKH	VTPI	Takhli Airport		Thailand	15.2773	100.2960	Asia/Bangkok
TKJ	PFTO	Tok Junction Airport	Tok	United States	63.3295	-142.9540	America/Anchorage
TKK	PTKK	Chuuk International Airport	Weno Island	Micronesia, Federated States of	7.4619	151.8430	Pacific/Port_Moresby
TKN	RJKN	Tokunoshima Airport	Tokunoshima	Japan	27.8364	128.8810	Asia/Tokyo
TKO	FXTK	Tlokoeng Airport	Tlokoeng	Lesotho	-29.2330	28.8830	Africa/Johannesburg
TKP	NTGT	Takapoto Airport		French Polynesia	-14.7095	-145.2460	Pacific/Tahiti
TKQ	HTKA	Kigoma Airport	Kigoma	Tanzania	-4.8862	29.6709	Africa/Nairobi
TKR	VGSG	Thakurgaon Airport	Thakurgaon	Bangladesh	26.0164	88.4036	Asia/Dhaka
TKS	RJOS	Tokushima Airport	Tokushima	Japan	34.1328	134.6070	Asia/Tokyo
TKT	VTPT	Tak Airport		Thailand	16.8960	99.2533	Asia/Bangkok
TKU	EFTU	Turku Airport	Turku	Finland	60.5141	22.2628	Europe/Helsinki
TKV	NTGO	Tatakoto Airport	Tatakoto	French Polynesia	-17.3553	-138.4450	Pacific/Tahiti
TKW	AYTN	Tekin Airport	Tekin	Papua New Guinea	-5.2437	142.1652	Pacific/Port_Moresby
TKX	NTKR	Takaroa Airport		French Polynesia	-14.4558	-145.0250	Pacific/Tahiti
TKY	YTKY	Turkey Creek Airport	Turkey Creek	Australia	-17.0408	128.2060	Australia/Perth
TKZ	NZTO	Tokoroa Airfield	Tokoroa	New Zealand	-38.2367	175.8920	Pacific/Auckland
TLA	PATE	Teller Airport	Teller	United States	65.2404	-166.3390	America/Nome
TLB	OPTA	Tarbela Dam Airport	Tarbela	Pakistan	33.9861	72.6114	Asia/Karachi
TLC	MMTO	Licenciado Adolfo Lopez Mateos International Airport	Toluca	Mexico	19.3371	-99.5660	America/Mexico_City
TLD	FBTL	Limpopo Valley Airport	Tuli Lodge	Botswana	-22.1892	29.1269	Africa/Maputo
TLE	FMST	Toliara Airport		Madagascar	-23.3834	43.7285	Africa/Nairobi
TLH	KTLH	Tallahassee Regional Airport	Tallahassee	United States	30.3965	-84.3503	America/New_York
TLI	WAMI	Toli Toli Airport	Toli Toli-Celebes Island	Indonesia	-1.0298	120.8170	Asia/Makassar
TLJ	PATL	Tatalina LRRS Airport	Takotna	United States	62.8944	-155.9770	America/Anchorage
TLK	UECT	Talakan Airport		Russia	59.8764	111.0444	Asia/Yakutsk
TLL	EETN	Tallinn Airport	Tallinn	Estonia	59.4133	24.8328	Europe/Tallinn
TLM	DAON	Zenata – Messali El Hadj Airport	Tlemcen	Algeria	35.0167	-1.4500	Africa/Algiers
TLN	LFTH	Toulon-Hyeres Airport	Toulon/Hyeres/Le Palyvestre	France	43.0973	6.1460	Europe/Paris
TLQ	ZWTP	Turpan Jiaohe Airport	Turpan	China	43.0306	89.1006	Asia/Shanghai
TLR	KTLR	Mefford Field	Tulare	United States	36.1563	-119.3260	America/Los_Angeles
TLS	LFBO	Toulouse-Blagnac Airport	Toulouse/Blagnac	France	43.6291	1.3638	Europe/Paris
TLU	SKTL	Tolu Airport	Tolu	Colombia	9.5094	-75.5854	America/Bogota
TLV	LLBG	Ben Gurion International Airport	Tel Aviv	Israel	32.0114	34.8867	Asia/Jerusalem
TLX	SCTL	Panguilemo Airport	Talca	Chile	-35.3778	-71.6017	America/Santiago
TLY	UHWP	Plastun Airport	Plastun	Russia	44.8150	136.2920	Asia/Vladivostok
TLZ	SWKT	Catalao Airport	Catalao	Brazil	-18.2168	-47.8997	America/Sao_Paulo
TMA	KTMA	Henry Tift Myers Airport	Tifton	United States	31.4290	-83.4885	America/New_York
TMB	KTMB	Miami Executive Airport	Miami	United States	25.6476	-80.4332	America/New_York
TMC	WADT	Tambolaka Airport	Waikabubak-Sumba Island	Indonesia	-9.4097	119.2440	Asia/Makassar
TMD	GQNH	Timbedra Airport	Timbedra	Mauritania	16.2330	-8.1670	Africa/Abidjan
TME	SKTM	Gustavo Vargas Airport	Tame	Colombia	6.4511	-71.7603	America/Bogota
TMF	VRNT	Thimarafushi Airport	Thimarafushi	Maldives	2.2115	73.1538	Indian/Maldives
TMG	WBKM	Tomanggong Airport	Tomanggong	Malaysia	5.4000	118.6500	Asia/Kuching
TMH	WAKT	Tanah Merah Airport	Tanah Merah-Papua Island	Indonesia	-6.0992	140.2980	Asia/Jayapura
TMI	VNTR	Tumling Tar Airport	Tumling Tar	Nepal	27.3150	87.1933	Asia/Kathmandu
TMJ	UZST	Termez Airport	Termez	Uzbekistan	37.2867	67.3100	Asia/Samarkand
TML	DGLE	Tamale Airport	Tamale	Ghana	9.5572	-0.8632	Africa/Abidjan
TMM	FMMT	Toamasina Airport		Madagascar	-18.1095	49.3925	Africa/Nairobi
TMN	NGTM	Tamana Island Airport	Tamana Island	Kiribati	-2.4858	175.9700	Pacific/Tarawa
TMO	SVTM	Tumeremo Airport		Venezuela	7.2500	-61.4333	America/Caracas
TMP	EFTP	Tampere-Pirkkala Airport	Tampere / Pirkkala	Finland	61.4141	23.6044	Europe/Helsinki
TMQ	DFEM	Tambao Airport	Tambao	Burkina Faso	14.8000	0.0500	Africa/Abidjan
TMR	DAAT	Aguenar – Hadj Bey Akhamok Airport	Tamanrasset	Algeria	22.8115	5.4511	Africa/Algiers
TMS	FPST	Sao Tome International Airport	Sao Tome	Sao Tome and Principe	0.3782	6.7122	Africa/Sao_Tome
TMT	SBTB	Trombetas Airport	Oriximina	Brazil	-1.4896	-56.3968	America/Santarem
TMU	MRTR	Tambor Airport	Nicoya	Costa Rica	9.7385	-85.0138	America/Costa_Rica
TMW	YSTW	Tamworth Airport	Tamworth	Australia	-31.0839	150.8470	Australia/Sydney
TMX	DAUT	Timimoun Airport	Timimoun	Algeria	29.2371	0.2760	Africa/Algiers
TMZ	NZTH	Thames Aerodrome		New Zealand	-37.1567	175.5500	Pacific/Auckland
TNA	ZSJN	Yaoqiang Airport	Jinan	China	36.8572	117.2160	Asia/Shanghai
TNB	WRLH	Tanah Grogot Airport	Tanah Grogot-Borneo Island	Indonesia	-1.9101	116.2020	Asia/Makassar
TNC	PATC	Tin City Long Range Radar Station Airport	Tin City	United States	65.5631	-167.9220	America/Nome
TND	MUTD	Alberto Delgado Airport	Trinidad	Cuba	21.7883	-79.9972	America/Havana
TNE	RJFG	New Tanegashima Airport		Japan	30.6051	130.9910	Asia/Tokyo
TNF	LFPN	Toussus-le-Noble Airport	Toussus-le-Noble	France	48.7519	2.1062	Europe/Paris
TNG	GMTT	Ibn Batouta Airport	Tangier	Morocco	35.7269	-5.9169	Africa/Casablanca
TNH	ZYTN	Tonghua Sanyuanpu Airport	Tonghua	China	42.2539	125.7033	Asia/Shanghai
TNI	VIST	Satna Airport		India	24.5623	80.8549	Asia/Kolkata
TNJ	WIDN	Kijang Airport	Tanjung Pinang-Bintan Island	Indonesia	0.9227	104.5320	Asia/Jakarta
TNL	UKLT	Ternopil International Airport	Ternopil	Ukraine	49.5242	25.7001	Europe/Kyiv
TNM	SCRM	Teniente Rodolfo Marsh Martin Base	Isla Rey Jorge	Antarctica	-62.1908	-58.9867	America/Punta_Arenas
TNN	RCNN	Tainan Airport	Tainan City	Taiwan	22.9504	120.2060	Asia/Taipei
TNO	MRTM	Tamarindo De Santa Cruz Airport	Santa Cruz	Costa Rica	10.3135	-85.8155	America/Costa_Rica
TNP	KTNP	Twentynine Palms Airport	Twentynine Palms	United States	34.1316	-115.9460	America/Los_Angeles
TNR	FMMI	Ivato Airport	Antananarivo	Madagascar	-18.7969	47.4788	Africa/Nairobi
TNT	KTNT	Dade Collier Training and Transition Airport	Miami	United States	25.8618	-80.8970	America/New_York
TNU	KTNU	Newton Municipal Airport	Newton	United States	41.6744	-93.0217	America/Chicago
TNV	PLFA	Tabuaeran Island Airport	Tabuaeran Island	Kiribati	3.8994	-159.3890	Pacific/Kiritimati
TNX	VDST	Stung Treng Airport	Stung Treng	Cambodia	13.5319	106.0150	Asia/Bangkok
TNZ	ZMTL	Tosontsengel Airport	Tosontsengel	Mongolia	48.7390	98.2936	Asia/Ulaanbaatar
TOA	KTOA	Zamperini Field	Torrance	United States	33.8034	-118.3400	America/Los_Angeles
TOB	HLGN	Gamal Abdel Nasser Airport	Tobruk	Libya	31.8610	23.9070	Africa/Tripoli
TOC	KTOC	Toccoa Rg Letourneau Field	Toccoa	United States	34.5938	-83.2958	America/New_York
TOD	WMBT	Pulau Tioman Airport	Pulau Tioman	Malaysia	2.8182	104.1600	Asia/Singapore
TOE	DTTZ	Tozeur Nefta International Airport	Tozeur	Tunisia	33.9397	8.1106	Africa/Tunis
TOF	UNTT	Bogashevo Airport	Tomsk	Russia	56.3803	85.2083	Asia/Tomsk
TOG	PATG	Togiak Airport	Togiak Village	United States	59.0528	-160.3970	America/Anchorage
TOH	NVSD	Torres Airstrip	Loh/Linua	Vanuatu	-13.3280	166.6380	Pacific/Efate
TOI	KTOI	Troy Municipal Airport	Troy	United States	31.8604	-86.0121	America/Chicago
TOJ	LETO	Torrejon Airport	Madrid	Spain	40.4967	-3.4459	Europe/Madrid
TOL	KTOL	Toledo Express Airport	Toledo	United States	41.5868	-83.8078	America/New_York
TOM	GATB	Timbuktu Airport	Timbuktu	Mali	16.7305	-3.0076	Africa/Abidjan
TOO	MRSV	San Vito De Java Airport	Coto Brus	Costa Rica	8.8261	-82.9589	America/Costa_Rica
TOP	KTOP	Philip Billard Municipal Airport	Topeka	United States	39.0687	-95.6225	America/Chicago
TOQ	SCBE	Barriles Airport	Tocopilla	Chile	-22.1411	-70.0629	America/Santiago
TOR	KTOR	Torrington Municipal Airport	Torrington	United States	42.0645	-104.1530	America/Denver
TOS	ENTC	Tromso Airport	Tromso	Norway	69.6833	18.9189	Europe/Berlin
TOT	SMCO	Totness Airport	Totness	Suriname	5.8658	-56.3275	America/Paramaribo
TOU	NWWU	Touho Airport	Touho	New Caledonia	-20.7900	165.2590	Pacific/Noumea
TOW	SBTD	Toledo Airport	Toledo	Brazil	-24.6863	-53.6975	America/Sao_Paulo
TOX	USTO	Tobolsk Airport	Tobolsk	Russia	58.1358	68.2319	Asia/Yekaterinburg
TOY	RJNT	Toyama Airport	Toyama	Japan	36.6483	137.1880	Asia/Tokyo
TPA	KTPA	Tampa International Airport	Tampa	United States	27.9755	-82.5332	America/New_York
TPC	SETR	Tarapoa Airport	Tarapoa	Ecuador	-0.1230	-76.3378	America/Guayaquil
TPE	RCTP	Taiwan Taoyuan International Airport	Taipei	Taiwan	25.0777	121.2330	Asia/Taipei
TPF	KTPF	Peter O Knight Airport	Tampa	United States	27.9156	-82.4493	America/New_York
TPG	WMBI	Taiping (Tekah) Airport	Taiping	Malaysia	4.8670	100.7170	Asia/Singapore
TPH	KTPH	Tonopah Airport	Tonopah	United States	38.0602	-117.0870	America/Los_Angeles
TPI	AYTI	Tapini Airport	Tapini	Papua New Guinea	-8.3567	146.9892	Pacific/Port_Moresby
TPJ	VNTJ	Suketar Airport	Taplejung	Nepal	27.3509	87.6953	Asia/Kathmandu
TPK	WITA	Teuku Cut Ali Airport	Tapak Tuan-Sumatra Island	Indonesia	3.2634	97.1838	Asia/Jakarta
TPL	KTPL	Draughon Miller Central Texas Regional Airport	Temple	United States	31.1525	-97.4078	America/Chicago
TPN	SETI	Tiputini Airport	Tiputini	Ecuador	-0.7761	-75.5264	America/Guayaquil
TPP	SPST	Cadete FAP Guillermo Del Castillo Paredes Airport	Tarapoto	Peru	-6.5087	-76.3732	America/Lima
TPQ	MMEP	Amado Nervo National Airport	Tepic	Mexico	21.4195	-104.8430	America/Mazatlan
TPR	YTMP	Tom Price Airport	Tom Price	Australia	-22.7460	117.8690	Australia/Perth
TPS	LICT	Trapani / Birgi Airport	Trapani	Italy	37.9114	12.4880	Europe/Rome
TPU	VNTP	Tikapur Airport	Tikapur	Nepal	28.5170	81.1500	Asia/Kathmandu
TQD	ORAT	Al Taqaddum Air Base	Al Habbaniyah	Iraq	33.3381	43.5971	Asia/Baghdad
TQL	USDS	Tarko-Sale Airport	Tarko-Sale	Russia	64.9308	77.8181	Asia/Yekaterinburg
TQN	OATQ	Talolqan Airport	Taloqan	Afghanistan	36.7707	69.5320	Asia/Kabul
TQO	MMTL	Felipe Carrillo Puerto International Airport	Tulum	Mexico	20.1667	-87.6667	America/Cancun
TQP	YTEE	Trepell Airport		Australia	-21.8350	140.8880	Australia/Brisbane
TQQ	WA44	Maranggo Airport	Waha-Tomea Island	Indonesia	-5.7646	123.9170	Asia/Makassar
TQS	SKTQ	Tres Esquinas Air Base	Tres Esquinas	Colombia	0.7459	-75.2340	America/Bogota
TRA	RORT	Tarama Airport		Japan	24.6539	124.6750	Asia/Tokyo
TRB	SKTU	Gonzalo Mejia Airport	Turbo	Colombia	8.0745	-76.7415	America/Bogota
TRC	MMTC	Francisco Sarabia International Airport	Torreon	Mexico	25.5683	-103.4110	America/Monterrey
TRD	ENVA	Trondheim Airport Vaernes	Trondheim	Norway	63.4578	10.9240	Europe/Berlin
TRE	EGPU	Tiree Airport	Balemartine	United Kingdom	56.4992	-6.8692	Europe/London
TRF	ENTO	Sandefjord Airport Torp	Torp	Norway	59.1867	10.2586	Europe/Berlin
TRG	NZTG	Tauranga Airport	Tauranga	New Zealand	-37.6719	176.1960	Pacific/Auckland
TRI	KTRI	Tri Cities Regional Tn Va Airport	Bristol/Johnson/Kingsport	United States	36.4752	-82.4074	America/New_York
TRK	WALR	Juwata Airport	Tarakan Island	Indonesia	3.3267	117.5660	Asia/Makassar
TRL	KTRL	Terrell Municipal Airport	Terrell	United States	32.7092	-96.2674	America/Chicago
TRM	KTRM	Jacqueline Cochran Regional Airport	Palm Springs	United States	33.6267	-116.1600	America/Los_Angeles
TRN	LIMF	Torino / Caselle International Airport	Torino	Italy	45.2008	7.6496	Europe/Rome
TRO	YTRE	Taree Airport	Taree	Australia	-31.8886	152.5140	Australia/Sydney
TRQ	SBTK	Tarauaca Airport	Tarauaca	Brazil	-8.1553	-70.7833	America/Rio_Branco
TRR	VCCT	China Bay Airport	Trincomalee	Sri Lanka	8.5385	81.1819	Asia/Colombo
TRS	LIPQ	Trieste / Ronchi Dei Legionari	Trieste	Italy	45.8275	13.4722	Europe/Rome
TRU	SPRU	Capitan FAP Carlos Martinez De Pinillos International Airport	Trujillo	Peru	-8.0814	-79.1088	America/Lima
TRV	VOTV	Trivandrum International Airport	Trivandrum	India	8.4821	76.9201	Asia/Kolkata
TRW	NGTA	Bonriki International Airport	Tarawa	Kiribati	1.3816	173.1470	Pacific/Tarawa
TRX	KTRX	Trenton Municipal Airport	Trenton	United States	40.0835	-93.5906	America/Chicago
TRY	HUTO	Tororo Airport	Tororo	Uganda	0.6830	34.1670	Africa/Nairobi
TRZ	VOTR	Tiruchirapally Civil Airport Airport	Tiruchirappally	India	10.7654	78.7097	Asia/Kolkata
TSA	RCSS	Taipei Songshan Airport	Taipei City	Taiwan	25.0694	121.5520	Asia/Taipei
TSB	FYTM	Tsumeb Airport	Tsumeb	Namibia	-19.2619	17.7325	Africa/Windhoek
TSC	SETH	Taisha Airport	Taisha	Ecuador	-2.3817	-77.5028	America/Guayaquil
TSF	LIPH	Treviso / Sant'Angelo Airport	Treviso	Italy	45.6484	12.1944	Europe/Rome
TSH	FZUK	Tshikapa Airport	Tshikapa	DR Congo	-6.4383	20.7947	Africa/Maputo
TSJ	RJDT	Tsushima Airport	Tsushima	Japan	34.2849	129.3310	Asia/Tokyo
TSL	MMTN	Tamuin Airport		Mexico	22.0383	-98.8065	America/Mexico_City
TSM	KSKX	Taos Regional Airport	Taos	United States	36.4582	-105.6720	America/Denver
TSN	ZBTJ	Tianjin Binhai International Airport	Tianjin	China	39.1244	117.3460	Asia/Shanghai
TSP	KTSP	Tehachapi Municipal Airport	Tehachapi	United States	35.1350	-118.4390	America/Los_Angeles
TSQ	SSTE	Torres Airport	Torres	Brazil	-29.4149	-49.8100	America/Sao_Paulo
TSR	LRTR	Timisoara Traian Vuia Airport	Timisoara	Romania	45.8099	21.3379	Europe/Bucharest
TST	VTST	Trang Airport		Thailand	7.5087	99.6166	Asia/Bangkok
TSU	NGTS	Tabiteuea South Airport	Tabiteuea South	Kiribati	-1.4744	175.0640	Pacific/Tarawa
TSV	YBTL	Townsville Airport	Townsville	Australia	-19.2525	146.7650	Australia/Brisbane
TSX	WALT	Tanjung Santan Airport	Santan-Borneo Island	Indonesia	-0.0930	117.4530	Asia/Makassar
TSY	WICM	Cibeureum Airport	Tasikmalaya-Java Island	Indonesia	-7.3466	108.2460	Asia/Jakarta
TTA	GMAT	Tan Tan Airport	Tan Tan	Morocco	28.4482	-11.1613	Africa/Casablanca
TTB	LIET	Tortoli' / Arbatax Airport	Arbatax	Italy	39.9188	9.6830	Europe/Rome
TTC	SCTT	Las Breas Airport	Taltal	Chile	-25.5643	-70.3759	America/Santiago
TTD	KTTD	Portland Troutdale Airport	Portland	United States	45.5494	-122.4010	America/Los_Angeles
TTE	WAMT	Sultan Khairun Babullah Airport	Sango-Ternate Island	Indonesia	0.8314	127.3810	Asia/Jayapura
TTG	SAST	General Enrique Mosconi Airport	Tartagal	Argentina	-22.6196	-63.7937	America/Argentina/Salta
TTH	OOTH	Thumrait Air Base	Thumrait	Oman	17.6660	54.0246	Asia/Dubai
TTI	NTTE	Tetiaroa Airport	Tetiaroa	French Polynesia	-17.0133	-149.5870	Pacific/Tahiti
TTJ	RJOR	Tottori Airport	Tottori	Japan	35.5301	134.1670	Asia/Tokyo
TTN	KTTN	Trenton Mercer Airport	Trenton	United States	40.2767	-74.8135	America/New_York
TTO	KBTN	Britton Municipal Airport	Britton	United States	45.8152	-97.7431	America/Chicago
TTQ	MRAO	Aerotortuguero Airport	Roxana	Costa Rica	10.5690	-83.5148	America/Costa_Rica
TTR	WAWT	Pongtiku Airport	Tanah Toraja-Celebes Island	Indonesia	-3.0447	119.8220	Asia/Makassar
TTS	FMNT	Tsaratanana Airport	Tsaratanana	Madagascar	-16.7511	47.6190	Africa/Nairobi
TTT	RCFN	Taitung Airport	Taitung City	Taiwan	22.7550	121.1020	Asia/Taipei
TTU	GMTN	Saniat Rmel Airport		Morocco	35.5943	-5.3200	Africa/Casablanca
TTX	YTST	Truscott Mungalalu Airport		Australia	-14.0897	126.3810	Australia/Perth
TUA	SETU	Teniente Coronel Luis a Mantilla Airport	Tulcan	Ecuador	0.8095	-77.7081	America/Guayaquil
TUB	NTAT	Tubuai Airport		French Polynesia	-23.3654	-149.5240	Pacific/Tahiti
TUC	SANT	Teniente Benjamin Matienzo Airport	San Miguel de Tucuman	Argentina	-26.8409	-65.1049	America/Argentina/Tucuman
TUD	GOTT	Tambacounda Airport	Tambacounda	Senegal	13.7368	-13.6531	Africa/Abidjan
TUF	LFOT	Tours-Val-de-Loire Airport	Tours/Val de Loire (Loire Valley)	France	47.4322	0.7276	Europe/Paris
TUG	RPUT	Tuguegarao Airport	Tuguegarao City	Philippines	17.6434	121.7332	Asia/Manila
TUI	OETR	Turaif Domestic Airport		Saudi Arabia	31.6927	38.7312	Asia/Riyadh
TUJ	HAMJ	Tume Airport	Maji	Ethiopia	5.8330	35.5330	Africa/Nairobi
TUK	OPTU	Turbat International Airport	Turbat	Pakistan	25.9864	63.0302	Asia/Karachi
TUL	KTUL	Tulsa International Airport	Tulsa	United States	36.1984	-95.8881	America/Chicago
TUM	YTMU	Tumut Airport		Australia	-35.2628	148.2410	Australia/Sydney
TUN	DTTA	Tunis Carthage International Airport	Tunis	Tunisia	36.8510	10.2272	Africa/Tunis
TUO	NZAP	Taupo Airport	Taupo	New Zealand	-38.7397	176.0840	Pacific/Auckland
TUP	KTUP	Tupelo Regional Airport	Tupelo	United States	34.2681	-88.7699	America/Chicago
TUQ	DFOT	Tougan Airport	Tougan	Burkina Faso	13.0670	-3.0670	Africa/Abidjan
TUR	SBTU	Tucurui Airport	Tucurui	Brazil	-3.7860	-49.7203	America/Belem
TUS	KTUS	Tucson International Airport	Tucson	United States	32.1161	-110.9410	America/Phoenix
TUU	OETB	Tabuk Airport		Saudi Arabia	28.3654	36.6189	Asia/Riyadh
TUV	SVTC	Tucupita Airport	Tucupita	Venezuela	9.0890	-62.0942	America/Caracas
TVA	FMMR	Morafenobe Airport	Morafenobe	Madagascar	-17.8501	44.9205	Africa/Nairobi
TVC	KTVC	Cherry Capital Airport	Traverse City	United States	44.7414	-85.5822	America/Detroit
TVF	KTVF	Thief River Falls Regional Airport	Thief River Falls	United States	48.0657	-96.1850	America/Chicago
TVI	KTVI	Thomasville Regional Airport	Thomasville	United States	30.9016	-83.8813	America/New_York
TVL	KTVL	Lake Tahoe Airport	South Lake Tahoe	United States	38.8939	-119.9950	America/Los_Angeles
TVS	ZBTS	Tangshan Sannühe Airport	Tangshan	China	39.7178	118.0026	Asia/Shanghai
TVU	NFNM	Matei Airport	Matei	Fiji	-16.6906	-179.8770	Pacific/Fiji
TVY	VYDW	Dawei Airport	Dawei	Myanmar	14.1039	98.2036	Asia/Yangon
TWB	YTWB	Toowoomba Airport		Australia	-27.5428	151.9160	Australia/Brisbane
TWC	ZWTS	Tumxuk Tangwangcheng Airport	Tumxuk	China	39.8881	79.2319	Asia/Shanghai
TWE	AK49	Taylor Airport	Taylor	United States	65.6793	-164.7990	America/Nome
TWF	KTWF	Joslin Field Magic Valley Regional Airport	Twin Falls	United States	42.4818	-114.4880	America/Boise
TWU	WBKW	Tawau Airport	Tawau	Malaysia	4.3202	118.1280	Asia/Kuching
TWZ	NZUK	Pukaki Airport	Twitzel	New Zealand	-44.2350	170.1180	Pacific/Auckland
TXA	MMTA	Tlaxcala Airport		Mexico	19.5380	-98.1735	America/Mexico_City
TXF	SNTF	Teixeira de Freitas Airport	Teixeira De Freitas	Brazil	-17.5245	-39.6685	America/Bahia
TXG	RCLG	Taichung Airport	Taichung City	Taiwan	24.1863	120.6540	Asia/Taipei
TXK	KTXK	Texarkana Regional Webb Field	Texarkana	United States	33.4537	-93.9910	America/Chicago
TXL	EDDT	Berlin-Tegel International Airport	Berlin	Germany	52.5597	13.2877	Europe/Berlin
TXM	WAST	Teminabuan Airport	Atinjoe-Papua Island	Indonesia	-1.4447	132.0210	Asia/Jayapura
TXN	ZSTX	Tunxi International Airport	Huangshan	China	29.7333	118.2560	Asia/Shanghai
TXU	DITB	Tabou Airport	Tabou	Côte d'Ivoire	4.4378	-7.3627	Africa/Abidjan
TYB	YTIB	Tibooburra Airport		Australia	-29.4511	142.0580	Australia/Sydney
TYD	UHBW	Tynda Airport	Tynda	Russia	55.2842	124.7790	Asia/Yakutsk
TYF	ESST	Torsby Airport		Sweden	60.1576	12.9913	Europe/Berlin
TYG	YTHY	Thylungra Airport		Australia	-26.0833	143.4670	Australia/Brisbane
TYL	SPYL	Capitan Montes Airport		Peru	-4.5766	-81.2541	America/Lima
TYM	MYES	Staniel Cay Airport		Bahamas	24.1691	-76.4391	America/Toronto
TYN	ZBYN	Taiyuan Wusu Airport	Taiyuan	China	37.7469	112.6280	Asia/Shanghai
TYP	YTMY	Tobermorey Airport	Tobermorey	Australia	-22.2558	137.9530	Australia/Darwin
TYR	KTYR	Tyler Pounds Regional Airport	Tyler	United States	32.3541	-95.4024	America/Chicago
TYS	KTYS	McGhee Tyson Airport	Knoxville	United States	35.8110	-83.9940	America/New_York
TYT	SUTR	Treinta y Tres Airport	Treinta y Tres	Uruguay	-33.2000	-54.3500	America/Montevideo
TYZ	KTYL	Taylor Airport	Taylor	United States	34.4528	-110.1150	America/Phoenix
TZC	KCFS	Tuscola Area Airport	Caro	United States	43.4588	-83.4455	America/Detroit
TZL	LQTZ	Tuzla International Airport	Tuzla	Bosnia and Herzegovina	44.4587	18.7248	Europe/Belgrade
TZR	LHTA	Taszar Air Base	Taszar	Hungary	46.3931	17.9175	Europe/Budapest
TZX	LTCG	Trabzon International Airport	Trabzon	Turkey	40.9951	39.7897	Europe/Istanbul
UAB	LTAG	Incirlik Air Base	Adana	Turkey	37.0021	35.4259	Europe/Istanbul
UAH	NTMU	Ua Huka Airport	Ua Huka	French Polynesia	-8.9361	-139.5520	Pacific/Marquesas
UAI	WPDB	Suai Airport	Suai	Timor-Leste	-9.3033	125.2870	Asia/Dili
UAK	BGBW	Narsarsuaq Airport	Narsarsuaq	Greenland	61.1605	-45.4260	America/Nuuk
UAL	FNUA	Luau Airport	Luau	Angola	-10.7158	22.2311	Africa/Lagos
UAM	PGUA	Andersen Air Force Base	Andersen	Guam	13.5840	144.9300	Pacific/Guam
UAP	NTMP	Ua Pou Airport	Ua Pou	French Polynesia	-9.3517	-140.0780	Pacific/Marquesas
UAQ	SANU	Domingo Faustino Sarmiento Airport	San Juan	Argentina	-31.5715	-68.4182	America/Argentina/San_Juan
UAR	GMFB	Bouarfa Airport	Bouarfa	Morocco	32.5143	-1.9831	Africa/Casablanca
UAS	HKSB	Samburu South Airport	Samburu South	Kenya	0.5306	37.5342	Africa/Nairobi
UAX	MGUX	Uaxactun Airport	Uaxactun	Guatemala	17.3939	-89.6327	America/Guatemala
UBA	SBUR	Mario de Almeida Franco Airport	Uberaba	Brazil	-19.7647	-47.9661	America/Sao_Paulo
UBB	YMAA	Mabuiag Island Airport	Mabuiag Island	Australia	-9.9500	142.1830	Australia/Brisbane
UBJ	RJDC	Yamaguchi Ube Airport	Ube	Japan	33.9300	131.2790	Asia/Tokyo
UBN	ZMCK	Chinggis Khaan International Airport	Ulaanbaatar	Mongolia	47.6516	106.8218	Asia/Ulaanbaatar
UBP	VTUU	Ubon Ratchathani Airport	Ubon Ratchathani	Thailand	15.2513	104.8700	Asia/Bangkok
UBR	WAJU	Ubrub Airport	Ubrub-Papua Island	Indonesia	-3.6667	140.8500	Asia/Jayapura
UBS	KUBS	Columbus Lowndes County Airport	Columbus	United States	33.4654	-88.3803	America/Chicago
UBT	SDUB	Ubatuba Airport	Ubatuba	Brazil	-23.4411	-45.0756	America/Sao_Paulo
UBU	YKAL	Kalumburu Airport		Australia	-14.2883	126.6320	Australia/Perth
UCB	ZBUC	Ulanqab Jining Airport	Ulanqab	China	41.1297	113.1081	Asia/Shanghai
UCK	UKLC	Lutsk Airport	Lutsk	Ukraine	50.6784	25.4872	Europe/Kyiv
UCN	GLBU	Buchanan Airport	Buchanan	Liberia	5.1677	-9.2835	Africa/Monrovia
UCT	UUYH	Ukhta Airport	Ukhta	Russia	63.5669	53.8047	Europe/Moscow
UCY	KUCY	Everett-Stewart Regional Airport	Union City	United States	36.3818	-88.9854	America/Chicago
UCZ	SPIZ	Uchiza Airport	Uchiza	Peru	-8.4670	-76.3500	America/Lima
UDA	YUDA	Undara Airport		Australia	-18.2000	144.6000	Australia/Brisbane
UDD	KUDD	Bermuda Dunes Airport	Palm Springs	United States	33.7484	-116.2750	America/Los_Angeles
UDE	EHVK	Volkel Air Base	Uden	Netherlands, Kingdom of the	51.6564	5.7086	Europe/Brussels
UDI	SBUL	Ten. Cel. Aviador Cesar Bombonato Airport	Uberlandia	Brazil	-18.8836	-48.2253	America/Sao_Paulo
UDJ	UKLU	Uzhhorod International Airport	Uzhhorod	Ukraine	48.6343	22.2634	Europe/Prague
UDN	LIPD	Udine / Campoformido Air Base	Udine	Italy	46.0322	13.1868	Europe/Rome
UDR	VAUD	Maharana Pratap Airport	Udaipur	India	24.6177	73.8961	Asia/Kolkata
UEE	YQNS	Queenstown Airport		Australia	-42.0750	145.5320	Australia/Hobart
UEL	FQQL	Quelimane Airport	Quelimane	Mozambique	-17.8555	36.8691	Africa/Maputo
UEN	USDU	Urengoy Airport	Urengoy	Russia	65.9600	78.4370	Asia/Yekaterinburg
UEO	ROKJ	Kumejima Airport		Japan	26.3635	126.7140	Asia/Tokyo
UES	KUES	Waukesha County Airport	Waukesha	United States	43.0410	-88.2371	America/Chicago
UET	OPQT	Quetta International Airport	Quetta	Pakistan	30.2514	66.9378	Asia/Karachi
UFA	UWUU	Ufa International Airport	Ufa	Russia	54.5575	55.8744	Asia/Yekaterinburg
UGA	ZMBN	Bulgan Airport	Bulgan	Mongolia	48.8550	103.4760	Asia/Ulaanbaatar
UGC	UZNU	Urgench Airport	Urgench	Uzbekistan	41.5843	60.6417	Asia/Samarkand
UGN	KUGN	Waukegan Regional Airport	Chicago/Waukegan	United States	42.4222	-87.8679	America/Chicago
UGO	FNUG	Uige Airport	Uige	Angola	-7.6031	15.0278	Africa/Lagos
UGT	ZMBR	Bulagtai Resort Airport	Umnugobitour	Mongolia	43.7493	104.1150	Asia/Ulaanbaatar
UHE	LKKU	Kunovice Airport	Uherske Hradiste	Czechia	49.0294	17.4397	Europe/Prague
UIB	SKUI	El Carano Airport	Quibdo	Colombia	5.6908	-76.6412	America/Bogota
UIH	VVPC	Phu Cat Airport	Quy Nohn	Vietnam	13.9550	109.0420	Asia/Ho_Chi_Minh
UII	MHUT	Utila Airport	Utila Island	Honduras	16.1131	-86.8803	America/Tegucigalpa
UIK	UIBS	Ust-Ilimsk Airport	Ust-Ilimsk	Russia	58.1361	102.5650	Asia/Irkutsk
UIL	KUIL	Quillayute Airport	Quillayute	United States	47.9366	-124.5630	America/Los_Angeles
UIN	KUIN	Quincy Regional Baldwin Field	Quincy	United States	39.9427	-91.1946	America/Chicago
UIO	SEQM	Nuevo Aeropuerto Internacional Mariscal Sucre	Quito	Ecuador	-0.1292	-78.3575	America/Guayaquil
UIP	LFRQ	Quimper-Cornouaille Airport	Quimper/Pluguffan	France	47.9750	-4.1678	Europe/Paris
UIQ	NVVQ	Quion Hill Airport	Quion Hill	Vanuatu	-17.5400	168.4420	Pacific/Efate
UIR	YQDI	Quirindi Airport		Australia	-31.4906	150.5140	Australia/Sydney
UJE	UJAP	Ujae Atoll Airport	Ujae Atoll	Marshall Islands	8.9281	165.7620	Pacific/Tarawa
UKA	HKUK	Ukunda Airstrip	Ukunda	Kenya	-4.2933	39.5711	Africa/Nairobi
UKB	RJBE	Kobe Airport	Kobe	Japan	34.6328	135.2240	Asia/Tokyo
UKG	UEBT	Ust-Kuyga Airport	Ust-Kuyga	Russia	70.0110	135.6450	Asia/Vladivostok
UKI	KUKI	Ukiah Municipal Airport	Ukiah	United States	39.1260	-123.2010	America/Los_Angeles
UKK	UASK	Ust-Kamennogorsk Airport	Ust Kamenogorsk	Kazakhstan	50.0366	82.4942	Asia/Almaty
UKS	URFB	Belbek Airport	Sevastopol	Ukraine	44.6890	33.5710	Europe/Simferopol
UKT	KUKT	Quakertown Airport	Quakertown	United States	40.4352	-75.3819	America/New_York
UKU	AYNU	Nuku Airport	Nuku	Papua New Guinea	-3.6767	142.4843	Pacific/Port_Moresby
UKX	UITT	Ust-Kut Airport	Ust-Kut	Russia	56.8567	105.7300	Asia/Irkutsk
ULA	SAWJ	Capitan D Daniel Vazquez Airport	San Julian	Argentina	-49.3068	-67.8026	America/Argentina/Rio_Gallegos
ULB	NVSU	Ulei Airport	Ambryn Island	Vanuatu	-16.3297	168.3011	Pacific/Efate
ULD	FAUL	Prince Mangosuthu Buthelezi Airport	Ulundi	South Africa	-28.3206	31.4165	Africa/Johannesburg
ULG	ZMUL	Ulgii Mongolei Airport		Mongolia	48.9933	89.9225	Asia/Hovd
ULH	OEAO	Prince Abdul Majeed bin Abdulaziz International Airport	Al-'Ula	Saudi Arabia	26.4833	38.1169	Asia/Riyadh
ULK	UERL	Lensk Airport	Lensk	Russia	60.7206	114.8260	Asia/Yakutsk
ULM	KULM	New Ulm Municipal Airport	New Ulm	United States	44.3196	-94.5023	America/Chicago
ULN	ZMUB	Chinggis Khaan International Airport	Ulan Bator	Mongolia	47.8431	106.7670	Asia/Ulaanbaatar
ULO	ZMUG	Ulaangom Airport		Mongolia	49.9733	92.0797	Asia/Hovd
ULP	YQLP	Quilpie Airport		Australia	-26.6122	144.2530	Australia/Brisbane
ULQ	SKUL	Farfan Airport	Tulua	Colombia	4.0884	-76.2351	America/Bogota
ULU	HUGU	Gulu Airport	Gulu	Uganda	2.8056	32.2718	Africa/Nairobi
ULV	UWLL	Ulyanovsk Baratayevka Airport	Ulyanovsk	Russia	54.2683	48.2267	Europe/Ulyanovsk
ULX	FAUS	Ulusaba Airport	Ulusaba	South Africa	-24.7854	31.3549	Africa/Johannesburg
ULY	UWLW	Ulyanovsk East Airport	Ulyanovsk	Russia	54.4010	48.8027	Europe/Ulyanovsk
UMA	MUMA	Punta de Maisi Airport	Maisi	Cuba	20.2506	-74.1505	America/Havana
UME	ESNU	Umea Airport	Umea	Sweden	63.7918	20.2828	Europe/Berlin
UMI	SPIL	Quince Air Base	Quince Mil	Peru	-13.2333	-70.7533	America/Lima
UMM	PAST	Summit Airport	Summit	United States	63.3315	-149.1270	America/Anchorage
UMR	YPWR	Woomera Airfield	Woomera	Australia	-31.1442	136.8170	Australia/Adelaide
UMS	UEMU	Ust-Maya Airport	Ust-Maya	Russia	60.3570	134.4350	Asia/Khandyga
UMT	PAUM	Umiat Airport	Umiat	United States	69.3711	-152.1360	America/Anchorage
UMU	SSUM	Umuarama Airport	Umuarama	Brazil	-23.7987	-53.3138	America/Sao_Paulo
UMY	UKHS	Sumy Airport	Sumy	Ukraine	50.8583	34.7625	Europe/Kyiv
UNA	SBTC	Hotel Transamerica Airport	Una	Brazil	-15.3552	-38.9990	America/Bahia
UND	OAUZ	Konduz Airport		Afghanistan	36.6651	68.9108	Asia/Kabul
UNE	FXQN	Qacha's Nek Airport	Qacha's Nek	Lesotho	-30.1117	28.6719	Africa/Johannesburg
UNG	AYKI	Kiunga Airport	Kiunga	Papua New Guinea	-6.1257	141.2820	Pacific/Port_Moresby
UNI	TVSU	Union Island International Airport	Union Island	Saint Vincent and the Grenadines	12.6001	-61.4119	America/Puerto_Rico
UNK	PAUN	Unalakleet Airport	Unalakleet	United States	63.8884	-160.7990	America/Anchorage
UNN	VTSR	Ranong Airport		Thailand	9.7776	98.5855	Asia/Bangkok
UNT	EGPW	Unst Airport	Shetland Islands	United Kingdom	60.7472	-0.8539	Europe/London
UNU	KUNU	Dodge County Airport	Juneau	United States	43.4266	-88.7032	America/Chicago
UOA	NTTX	Mururoa Atoll Airport	Mururoa Atoll	French Polynesia	-21.8670	-138.9170	Pacific/Tahiti
UOL	WAMY	Buol Airport	Buol-Celebes Island	Indonesia	1.1590	121.4280	Asia/Makassar
UOS	KUOS	Franklin County Airport	Sewanee	United States	35.2051	-85.8981	America/Chicago
UOX	KUOX	University Oxford Airport	Oxford	United States	34.3843	-89.5368	America/Chicago
UPB	MUPB	Playa Baracoa Airport	Havana	Cuba	23.0328	-82.5794	America/Havana
UPG	WAAA	Hasanuddin International Airport	Ujung Pandang-Celebes Island	Indonesia	-5.0616	119.5540	Asia/Makassar
UPL	MRUP	Upala Airport	Upala	Costa Rica	10.8922	-85.0162	America/Costa_Rica
UPN	MMPN	Licenciado y General Ignacio Lopez Rayon Airport		Mexico	19.3967	-102.0390	America/Mexico_City
UPP	PHUP	Upolu Airport	Hawi	United States	20.2653	-155.8600	Pacific/Honolulu
UPV	EGDJ	Upavon Aerodrome	Upavon	United Kingdom	51.2862	-1.7820	Europe/London
URA	UARR	Uralsk Airport	Uralsk	Kazakhstan	51.1508	51.5431	Asia/Oral
URC	ZWWW	Urumqi Diwopu International Airport	Urumqi	China	43.9071	87.4742	Asia/Shanghai
URD	EDQE	Burg Feuerstein Airport	Ebermannstadt	Germany	49.7942	11.1336	Europe/Berlin
URE	EEKE	Kuressaare Airport	Kuressaare	Estonia	58.2299	22.5095	Europe/Tallinn
URG	SBUG	Rubem Berta Airport	Uruguaiana	Brazil	-29.7822	-57.0382	America/Sao_Paulo
URJ	USHU	Uray Airport	Uray	Russia	60.1033	64.8267	Asia/Yekaterinburg
URM	SVUM	Uriman Airport		Venezuela	5.3333	-62.7667	America/Caracas
URO	LFOP	Rouen Airport	Rouen/Vallee de Seine	France	49.3842	1.1748	Europe/Paris
URR	SKUR	Urrao Airport	Urrao	Colombia	6.3288	-76.1425	America/Bogota
URS	UUOK	Kursk East Airport	Kursk	Russia	51.7506	36.2956	Europe/Moscow
URT	VTSB	Surat Thani Airport	Surat Thani	Thailand	9.1326	99.1356	Asia/Bangkok
URY	OEGT	Guriat Domestic Airport		Saudi Arabia	31.4119	37.2795	Asia/Riyadh
USA	KJQF	Concord Regional Airport	Concord	United States	35.3878	-80.7091	America/New_York
USH	SAWH	Malvinas Argentinas Airport	Ushuahia	Argentina	-54.8433	-68.2958	America/Argentina/Ushuaia
USI	SYMB	Mabaruma Airport	Mabaruma	Guyana	8.2000	-59.7833	America/Guyana
USJ	UAAL	Usharal Airport	Usharal	Kazakhstan	46.1903	80.8314	Asia/Almaty
USK	UUYS	Usinsk Airport	Usinsk	Russia	66.0047	57.3672	Europe/Moscow
USL	YUSL	Useless Loop Airport		Australia	-26.1667	113.4000	Australia/Perth
USM	VTSM	Samui Airport	Na Thon (Ko Samui Island)	Thailand	9.5478	100.0620	Asia/Bangkok
USN	RKPU	Ulsan Airport	Ulsan	South Korea	35.5935	129.3520	Asia/Seoul
USQ	LTBO	Usak Airport	Usak	Turkey	38.6815	29.4717	Europe/Istanbul
USR	UEMT	Ust-Nera Airport	Ust-Nera	Russia	64.5500	143.1150	Asia/Ust-Nera
USS	MUSS	Sancti Spiritus Airport	Sancti Spiritus	Cuba	21.9704	-79.4427	America/Havana
UST	KSGJ	Northeast Florida Regional Airport	St Augustine	United States	29.9592	-81.3398	America/New_York
USU	RPVV	Francisco B. Reyes Airport	Coron	Philippines	12.1215	120.1000	Asia/Manila
UTA	FVMU	Mutare Airport		Zimbabwe	-18.9975	32.6272	Africa/Maputo
UTB	YMTB	Muttaburra Airport		Australia	-22.5833	144.5330	Australia/Brisbane
UTE	FABU	Bultfontein Airport	Bultfontein	South Africa	-28.2734	26.1358	Africa/Johannesburg
UTG	FXQG	Quthing Airport	Quthing	Lesotho	-30.4075	27.6933	Africa/Johannesburg
UTH	VTUD	Udon Thani Airport	Udon Thani	Thailand	17.3864	102.7880	Asia/Bangkok
UTI	EFUT	Utti Air Base	Utti / Valkeala	Finland	60.8964	26.9384	Europe/Helsinki
UTM	KUTA	Tunica Municipal Airport	Tunica	United States	34.6810	-90.3467	America/Chicago
UTN	FAUP	Pierre Van Ryneveld Airport	Upington	South Africa	-28.3991	21.2602	Africa/Johannesburg
UTO	PAIM	Indian Mountain LRRS Airport	Utopia Creek	United States	65.9928	-153.7040	America/Anchorage
UTP	VTBU	U-Tapao International Airport	Rayong	Thailand	12.6799	101.0050	Asia/Bangkok
UTR	VTPU	Uttaradit Airport	Uttaradit	Thailand	17.6170	100.1000	Asia/Bangkok
UTS	UUYX	Ust-Tsylma Airport	Ust-Tsylma	Russia	65.4373	52.2003	Europe/Moscow
UTT	FAUT	K. D. Matanzima Airport	Mthatha	South Africa	-31.5479	28.6743	Africa/Johannesburg
UTW	FAQT	Queenstown Airport	Queenstown	South Africa	-31.9202	26.8822	Africa/Johannesburg
UUA	UWKB	Bugulma Airport	Bugulma	Russia	54.6400	52.8017	Europe/Moscow
UUD	UIUU	Ulan-Ude Airport (Mukhino)	Ulan Ude	Russia	51.8078	107.4380	Asia/Irkutsk
UUK	PAKU	Ugnu-Kuparuk Airport	Kuparuk	United States	70.3308	-149.5980	America/Anchorage
UUN	ZMBU	Baruun Urt Airport		Mongolia	46.6603	113.2850	Asia/Ulaanbaatar
UUS	UHSS	Yuzhno-Sakhalinsk Airport	Yuzhno-Sakhalinsk	Russia	46.8887	142.7180	Asia/Sakhalin
UVA	KUVA	Garner Field	Uvalde	United States	29.2113	-99.7436	America/Chicago
UVE	NWWV	Ouvea Airport	Ouvea	New Caledonia	-20.6406	166.5730	Pacific/Noumea
UVF	TLPL	Hewanorra International Airport	Vieux Fort	Saint Lucia	13.7332	-60.9526	America/Puerto_Rico
UVL	HEKG	El Kharga Airport		Egypt	25.4736	30.5907	Africa/Cairo
UYL	HSNN	Nyala Airport	Nyala	Sudan	12.0535	24.9562	Africa/Khartoum
UYN	ZLYL	Yulin Airport	Yulin	China	38.2692	109.7310	Asia/Shanghai
UYU	SLUY	Uyuni Airport	Quijarro	Bolivia	-20.4463	-66.8484	America/La_Paz
UZC	LYUZ	Ponikve Airport	Uzice	Serbia	43.8989	19.6977	Europe/Belgrade
UZU	SATU	Curuzu Cuatia Airport	Curuzu Cuatia	Argentina	-29.7706	-57.9789	America/Argentina/Cordoba
VAA	EFVA	Vaasa Airport	Vaasa	Finland	63.0507	21.7622	Europe/Helsinki
VAC	EDWU	Varrelbusch Airport	Cloppenburg	Germany	52.9083	8.0406	Europe/Berlin
VAD	KVAD	Moody Air Force Base	Valdosta	United States	30.9678	-83.1930	America/New_York
VAF	LFLU	Valence-Chabeuil Airport	Valence/Chabeuil	France	44.9216	4.9699	Europe/Paris
VAG	SBVG	Major Brigadeiro Trompowsky Airport	Varginha	Brazil	-21.5901	-45.4733	America/Sao_Paulo
VAH	SLVG	Capitan Av. Vidal Villagomez Toledo Airport	Vallegrande	Bolivia	-18.4825	-64.0994	America/La_Paz
VAI	AYVN	Vanimo Airport		Papua New Guinea	-2.6972	141.3020	Pacific/Port_Moresby
VAK	PAVA	Chevak Airport	Chevak	United States	61.5409	-165.6005	America/Nome
VAL	SNVB	Valenca Airport	Valenca	Brazil	-13.2965	-38.9924	America/Bahia
VAM	VRMV	Villa Airport	Maamigili	Maldives	3.4706	72.8358	Indian/Maldives
VAN	LTCI	Van Ferit Melen Airport	Van	Turkey	38.4682	43.3323	Europe/Istanbul
VAO	AGGV	Suavanao Airport	Suavanao	Solomon Islands	-7.5856	158.7310	Pacific/Guadalcanal
VAP	SCRD	Rodelillo Airport	Vina Del Mar	Chile	-33.0681	-71.5575	America/Santiago
VAR	LBWN	Varna Airport	Varna	Bulgaria	43.2321	27.8251	Europe/Sofia
VAS	LTAR	Sivas Airport	Sivas	Turkey	39.8138	36.9035	Europe/Istanbul
VAT	FMMY	Vatomandry Airport	Vatomandry	Madagascar	-19.3833	48.9500	Africa/Nairobi
VAU	NFNV	Vatukoula Airport	Vatukoula	Fiji	-17.5000	177.8420	Pacific/Fiji
VAV	NFTV	Vava'u International Airport	Vava'u Island	Tonga	-18.5853	-173.9620	Pacific/Tongatapu
VAW	ENSS	Vardo Airport Svartnes	Vardo	Norway	70.3554	31.0449	Europe/Berlin
VBA	VYAN	Ann Airport	Aeng	Myanmar	19.7692	94.0261	Asia/Yangon
VBC	VYCZ	Chanmyathazi Airport	Mandalay	Myanmar	21.9405	96.0896	Asia/Yangon
VBG	KVBG	Vandenberg Air Force Base	Lompoc	United States	34.7373	-120.5840	America/Los_Angeles
VBP	VYBP	Bokpyinn Airport	Bokpyinn	Myanmar	11.2670	98.7670	Asia/Yangon
VBS	LIPO	Brescia / Montichiari Airport	Brescia	Italy	45.4289	10.3306	Europe/Rome
VBV	NFVB	Vanua Balavu Airport	Vanua Balavu	Fiji	-17.2690	-178.9760	Pacific/Fiji
VBY	ESSV	Visby Airport	Visby	Sweden	57.6628	18.3462	Europe/Berlin
VCA	VVCT	Tra Noc Airport	Can Tho	Vietnam	10.0851	105.7120	Asia/Ho_Chi_Minh
VCD	YVRD	Victoria River Downs Airport		Australia	-16.4021	131.0050	Australia/Darwin
VCE	LIPZ	Venezia / Tessera - Marco Polo Airport	Venezia	Italy	45.5053	12.3519	Europe/Rome
VCH	SUVO	Vichadero Airport	Vichadero	Uruguay	-31.7670	-54.6170	America/Montevideo
VCL	VVCA	Chu Lai International Airport	Dung Quat Bay	Vietnam	15.4033	108.7060	Asia/Ho_Chi_Minh
VCP	SBKP	Viracopos International Airport	Campinas	Brazil	-23.0074	-47.1345	America/Sao_Paulo
VCR	SVCO	Carora Airport	Carora	Venezuela	10.1756	-70.0652	America/Caracas
VCS	VVCS	Co Ong Airport	Con Ong	Vietnam	8.7318	106.6330	Asia/Ho_Chi_Minh
VCT	KVCT	Victoria Regional Airport	Victoria	United States	28.8526	-96.9185	America/Chicago
VCV	KVCV	Southern California Logistics Airport	Victorville	United States	34.5975	-117.3830	America/Los_Angeles
VDA	LLOV	Ovda International Airport	Eilat	Israel	29.9403	34.9358	Asia/Jerusalem
VDB	ENFG	Leirin Airport		Norway	61.0156	9.2881	Europe/Berlin
VDC	SBVC	Glauber Rocha Airport	Vitória da Conquista	Brazil	-14.9078	-40.9147	America/Bahia
VDE	GCHI	Hierro Airport	El Hierro Island	Spain	27.8148	-17.8871	Atlantic/Canary
VDH	VVDH	Dong Hoi Airport	Dong Hoi	Vietnam	17.5150	106.5906	Asia/Bangkok
VDI	KVDI	Vidalia Regional Airport	Vidalia	United States	32.1927	-82.3712	America/New_York
VDM	SAVV	Gobernador Castello Airport	Viedma / Carmen de Patagones	Argentina	-40.8692	-63.0004	America/Argentina/Salta
VDO	VVVD	Van Don International Airport	Vân Đồn	Vietnam	21.1178	107.4142	Asia/Bangkok
VDP	SVVP	Valle de La Pascua Airport		Venezuela	9.2220	-65.9936	America/Caracas
VDR	SAOD	Villa Dolores Airport	Villa Dolores	Argentina	-31.9452	-65.1463	America/Argentina/Cordoba
VDS	ENVD	Vadso Airport	Vadso	Norway	70.0653	29.8447	Europe/Berlin
VDY	VOJV	Vijayanagar Aerodrome (JSW)		India	15.1750	76.6349	Asia/Kolkata
VDZ	PAVD	Valdez Pioneer Field	Valdez	United States	61.1339	-146.2480	America/Anchorage
VEE	PAVE	Venetie Airport	Venetie	United States	67.0087	-146.3660	America/Anchorage
VEL	KVEL	Vernal Regional Airport	Vernal	United States	40.4409	-109.5100	America/Denver
VER	MMVR	General Heriberto Jara International Airport	Veracruz	Mexico	19.1459	-96.1873	America/Mexico_City
VEV	AGBA	Barakoma Airport	Barakoma	Solomon Islands	-7.9128	156.7060	Pacific/Guadalcanal
VEY	BIVM	Vestmannaeyjar Airport	Vestmannaeyjar	Iceland	63.4243	-20.2789	Africa/Abidjan
VFA	FVFA	Victoria Falls International Airport	Victoria Falls	Zimbabwe	-18.0959	25.8390	Africa/Maputo
VGA	VOBZ	Vijayawada Airport		India	16.5304	80.7968	Asia/Kolkata
VGD	ULWW	Vologda Airport	Vologda	Russia	59.2825	39.9444	Europe/Moscow
VGO	LEVX	Vigo Airport	Vigo	Spain	42.2318	-8.6268	Europe/Madrid
VGT	KVGT	North Las Vegas Airport	Las Vegas	United States	36.2107	-115.1940	America/Los_Angeles
VGZ	SKVG	Villa Garzon Airport	Villa Garzon	Colombia	0.9819	-76.6042	America/Bogota
VHC	FNSA	Saurimo Airport	Saurimo	Angola	-9.6891	20.4319	Africa/Lagos
VHM	ESNV	Vilhelmina Airport		Sweden	64.5791	16.8336	Europe/Berlin
VHN	KVHN	Culberson County Airport	Van Horn	United States	31.0578	-104.7840	America/Chicago
VHV	UENI	Verkhnevilyuisk Airport	Verkhnevilyuisk	Russia	63.4581	120.2692	Asia/Yakutsk
VHY	LFLV	Vichy-Charmeil Airport	Vichy/Charmeil	France	46.1697	3.4037	Europe/Paris
VHZ	NTUV	Vahitahi Airport	Vahitahi	French Polynesia	-18.7800	-138.8530	Pacific/Tahiti
VIA	SSVI	Videira Airport	Videira	Brazil	-26.9997	-51.1419	America/Sao_Paulo
VIC	LIPT	Vicenza Airport	Vicenza	Italy	45.5734	11.5295	Europe/Rome
VID	LBVD	Vidin Smurdan Airfield	Vidin	Bulgaria	44.0224	22.8161	Europe/Sofia
VIE	LOWW	Vienna International Airport	Vienna	Austria	48.1103	16.5697	Europe/Vienna
VIG	SVVG	Juan Pablo Perez Alfonso Airport	El Vigia	Venezuela	8.6241	-71.6727	America/Caracas
VIH	KVIH	Rolla National Airport	Rolla/Vichy	United States	38.1274	-91.7695	America/Chicago
VII	VVVH	Vinh Airport	Vinh	Vietnam	18.7376	105.6710	Asia/Bangkok
VIJ	TUPW	Virgin Gorda Airport	Spanish Town	Virgin Islands (British)	18.4464	-64.4275	America/Puerto_Rico
VIL	GMMH	Dakhla Airport	Dakhla	Western Sahara	23.7183	-15.9320	Africa/El_Aaiun
VIN	UKWW	Vinnytsia/Gavyryshivka Airport	Vinnitsa	Ukraine	49.2425	28.6138	Europe/Kyiv
VIP	LSMP	Payerne Airport	Payerne	Switzerland	46.8467	6.9206	Europe/Zurich
VIQ	WPVQ	Viqueque Airport	Viqueque	Timor-Leste	-8.8838	126.3730	Asia/Dili
VIR	FAVG	Virginia Airport	Durban	South Africa	-29.7706	31.0584	Africa/Johannesburg
VIS	KVIS	Visalia Municipal Airport	Visalia	United States	36.3187	-119.3930	America/Los_Angeles
VIT	LEVT	Vitoria/Foronda Airport	Alava	Spain	42.8828	-2.7245	Europe/Madrid
VIX	SBVT	Eurico de Aguiar Salles Airport	Vitoria	Brazil	-20.2581	-40.2864	America/Sao_Paulo
VIY	LFPV	Villacoublay-Velizy (BA 107) Air Base	Villacoublay/Velizy	France	48.7744	2.2015	Europe/Paris
VJB	FQXA	Xai-Xai Airport	Xai-Xai	Mozambique	-25.0378	33.6274	Africa/Maputo
VJI	KVJI	Virginia Highlands Airport	Abingdon	United States	36.6871	-82.0333	America/New_York
VKG	VVRG	Rach Gia Airport	Rach Gia	Vietnam	9.9580	105.1324	Asia/Ho_Chi_Minh
VKO	UUWW	Vnukovo International Airport	Moscow	Russia	55.5915	37.2615	Europe/Moscow
VKS	KVKS	Vicksburg Municipal Airport	Vicksburg	United States	32.2393	-90.9284	America/Chicago
VKT	UUYW	Vorkuta Airport	Vorkuta	Russia	67.4886	63.9931	Europe/Moscow
VKV	ULAH	Vaskovo Airport	Arkhangelsk	Russia	64.4417	40.4217	Europe/Moscow
VKX	KVKX	Potomac Airfield	Friendly	United States	38.7476	-76.9572	America/New_York
VLA	KVLA	Vandalia Municipal Airport	Vandalia	United States	38.9915	-89.1662	America/Chicago
VLC	LEVC	Valencia Airport	Valencia	Spain	39.4893	-0.4816	Europe/Madrid
VLD	KVLD	Valdosta Regional Airport	Valdosta	United States	30.7825	-83.2767	America/New_York
VLG	SAZV	Villa Gesell Airport	Villa Gesell	Argentina	-37.2354	-57.0292	America/Argentina/Buenos_Aires
VLI	NVVV	Port Vila Bauerfield Airport	Port Vila	Vanuatu	-17.6993	168.3200	Pacific/Efate
VLK	URRY	Zavetnoe Airport		Russia	46.5443	43.6457	Europe/Moscow
VLL	LEVD	Valladolid Airport	Valladolid	Spain	41.7061	-4.8519	Europe/Madrid
VLM	SLVM	Teniente Coronel Rafael Pabon Airport	Villamontes	Bolivia	-21.2552	-63.4056	America/La_Paz
VLN	SVVA	Arturo Michelena International Airport	Valencia	Venezuela	10.1497	-67.9284	America/Caracas
VLP	SWVC	Vila Rica Airport	Vila Rica	Brazil	-9.9794	-51.1422	America/Cuiaba
VLR	SCLL	Vallenar Airport	Vallenar	Chile	-28.5964	-70.7560	America/Santiago
VLS	NVSV	Valesdir Airport	Valesdir	Vanuatu	-16.7961	168.1770	Pacific/Efate
VLU	ULOL	Velikiye Luki Airport	Velikiye Luki	Russia	56.3811	30.6081	Europe/Moscow
VLV	SVVL	Dr. Antonio Nicolas Briceno Airport	Valera	Venezuela	9.3405	-70.5841	America/Caracas
VME	SAOR	Villa Reynolds Airport	Villa Reynolds	Argentina	-33.7299	-65.3874	America/Argentina/San_Luis
VMU	AYBA	Baimuru Airport	Baimuru	Papua New Guinea	-7.4969	144.8199	Pacific/Port_Moresby
VNA	VLSV	Saravane Airport	Saravane	Laos	15.7094	106.4107	Asia/Bangkok
VNC	KVNC	Venice Municipal Airport	Venice	United States	27.0716	-82.4403	America/New_York
VND	FMSU	Vangaindrano Airport	Vangaindrano	Madagascar	-23.3508	47.5817	Africa/Nairobi
VNE	LFRV	Vannes-Meucon Airport	Vannes/Meucon	France	47.7233	-2.7186	Europe/Paris
VNO	EYVI	Vilnius International Airport	Vilnius	Lithuania	54.6341	25.2858	Europe/Vilnius
VNR	YVRS	Vanrook Station Airport		Australia	-16.9633	141.9500	Australia/Brisbane
VNS	VEBN	Lal Bahadur Shastri Airport	Varanasi	India	25.4524	82.8593	Asia/Kolkata
VNT	EVVA	Ventspils International Airport	Ventspils	Latvia	57.3578	21.5442	Europe/Riga
VNX	FQVL	Vilankulo Airport	Vilanculo	Mozambique	-22.0184	35.3133	Africa/Maputo
VNY	KVNY	Van Nuys Airport	Van Nuys	United States	34.2098	-118.4900	America/Los_Angeles
VOD	LKVO	Vodochody Airport	Vodochoky	Czechia	50.2166	14.3958	Europe/Prague
VOG	URWW	Volgograd International Airport	Volgograd	Russia	48.7825	44.3455	Europe/Volgograd
VOH	FMNV	Vohimarina Airport		Madagascar	-13.3758	50.0028	Africa/Nairobi
VOI	GLVA	Voinjama Airport	Voinjama	Liberia	8.4000	-9.7670	Africa/Monrovia
VOK	KVOK	Volk Field	Camp Douglas	United States	43.9390	-90.2534	America/Chicago
VOL	LGBL	Nea Anchialos Airport	Nea Anchialos	Greece	39.2196	22.7943	Europe/Athens
VOT	SDVG	Votuporanga Airport	Votuporanga	Brazil	-20.4632	-50.0045	America/Sao_Paulo
VOZ	UUOO	Voronezh International Airport	Voronezh	Russia	51.8142	39.2296	Europe/Moscow
VPE	FNGI	Ngjiva Pereira Airport	Ngiva	Angola	-17.0435	15.6838	Africa/Lagos
VPN	BIVO	Vopnafjordur Airport	Vopnafjordur	Iceland	65.7206	-14.8506	Africa/Abidjan
VPS	KVPS	Eglin Air Force Base	Valparaiso	United States	30.4832	-86.5254	America/Chicago
VPY	FQCH	Chimoio Airport	Chimoio	Mozambique	-19.1513	33.4290	Africa/Maputo
VPZ	KVPZ	Porter County Municipal Airport	Valparaiso	United States	41.4540	-87.0071	America/Chicago
VQQ	KVQQ	Cecil Field	Jacksonville	United States	30.2187	-81.8767	America/New_York
VQS	TJVQ	Antonio Rivera Rodriguez Airport	Vieques Island	Puerto Rico	18.1348	-65.4936	America/Puerto_Rico
VRA	MUVR	Juan Gualberto Gomez International Airport	Varadero	Cuba	23.0344	-81.4353	America/Havana
VRB	KVRB	Vero Beach Municipal Airport	Vero Beach	United States	27.6556	-80.4179	America/New_York
VRC	RPUV	Virac Airport	Virac	Philippines	13.5764	124.2060	Asia/Manila
VRE	FAVR	Vredendal Airport	Vredendal	South Africa	-31.6410	18.5448	Africa/Johannesburg
VRI	ULDW	Varandey Airport		Russia	68.8485	58.2014	Europe/Moscow
VRK	EFVR	Varkaus Airport	Varkaus / Joroinen	Finland	62.1711	27.8686	Europe/Helsinki
VRL	LPVR	Vila Real Airport		Portugal	41.2743	-7.7205	Europe/Lisbon
VRN	LIPX	Verona / Villafranca Airport	Verona	Italy	45.3957	10.8885	Europe/Rome
VRO	MUKW	Kawama Airport	Matanzas	Cuba	23.1240	-81.3016	America/Havana
VRU	FAVB	Vryburg Airport	Vyrburg	South Africa	-26.9824	24.7288	Africa/Johannesburg
VRZ	SSOL	Lavras Airport	Lavras	Brazil	-21.2406	-44.9639	America/Sao_Paulo
VSA	MMVA	Carlos Rovirosa Perez International Airport	Villahermosa	Mexico	17.9970	-92.8174	America/Mexico_City
VSE	LPVZ	Viseu Airport		Portugal	40.7255	-7.8890	Europe/Lisbon
VSF	KVSF	Hartness State (Springfield) Airport	Springfield	United States	43.3436	-72.5173	America/New_York
VSG	UKCW	Luhansk International Airport	Luhansk	Ukraine	48.4174	39.3741	Europe/Kyiv
VSK	KS98	Vista Field	Kennewick	United States	46.2186	-119.2100	America/Los_Angeles
VST	ESOW	Stockholm Vasteras Airport	Stockholm / Vasteras	Sweden	59.5894	16.6336	Europe/Berlin
VSV	VISV	Shravasti Airport	Shravasti	India	27.5031	82.0269	Asia/Kolkata
VTB	UMII	Vitebsk East Airport	Vitebsk	Belarus	55.1265	30.3496	Europe/Minsk
VTE	VLVT	Wattay International Airport	Vientiane	Laos	17.9883	102.5630	Asia/Bangkok
VTF	NFVL	Vatulele Airport	Vatulele	Fiji	-18.5125	177.6390	Pacific/Fiji
VTG	VVVT	Vung Tau Airport	Vung Tau	Vietnam	10.3725	107.0950	Asia/Ho_Chi_Minh
VTL	LFSZ	Vittel Champ De Course Airport	Luxeuil	France	48.2239	5.9353	Europe/Paris
VTM	LLNV	Nevatim Air Base	Beersheba	Israel	31.2083	35.0123	Asia/Jerusalem
VTN	KVTN	Miller Field	Valentine	United States	42.8578	-100.5480	America/Chicago
VTU	MUVT	Hermanos Ameijeiras Airport	Las Tunas	Cuba	20.9876	-76.9358	America/Havana
VTZ	VOVZ	Vishakhapatnam Airport	Visakhapatnam	India	17.7212	83.2245	Asia/Kolkata
VUP	SKVP	Alfonso Lopez Pumarejo Airport	Valledupar	Colombia	10.4350	-73.2495	America/Bogota
VUS	ULWU	Velikiy Ustyug Airport	Velikiy Ustyug	Russia	60.7883	46.2600	Europe/Moscow
VVB	FMMH	Mahanoro Airport	Mahanoro	Madagascar	-19.8330	48.8000	Africa/Nairobi
VVC	SKVV	Vanguardia Airport	Villavicencio	Colombia	4.1679	-73.6138	America/Bogota
VVI	SLVR	Viru Viru International Airport	Santa Cruz	Bolivia	-17.6448	-63.1354	America/La_Paz
VVK	ESSW	Vastervik Airport	Vastervik	Sweden	57.7800	16.5236	Europe/Berlin
VVO	UHWW	Vladivostok International Airport	Vladivostok	Russia	43.3990	132.1480	Asia/Vladivostok
VVZ	DAAP	Illizi Takhamalt Airport	Illizi	Algeria	26.7235	8.6227	Africa/Algiers
VXC	FQLC	Lichinga Airport	Lichinga	Mozambique	-13.2740	35.2663	Africa/Maputo
VXE	GVSV	Sao Pedro Airport	Sao Pedro	Cabo Verde	16.8332	-25.0553	Atlantic/Cape_Verde
VXO	ESMX	Vaxjo Kronoberg Airport	Vaxjo	Sweden	56.9291	14.7280	Europe/Berlin
VYD	FAVY	Vryheid Airport	Vryheid	South Africa	-27.7869	30.7964	Africa/Johannesburg
VYI	UENW	Vilyuisk Airport	Vilyuisk	Russia	63.7567	121.6933	Asia/Yakutsk
VYS	KVYS	Illinois Valley Regional-Walter A Duncan field	Peru	United States	41.3519	-89.1531	America/Chicago
WAA	PAIW	Wales Airport	Wales	United States	65.6226	-168.0950	America/Nome
WAC	HAWC	Waca Airport	Waca	Ethiopia	7.1670	37.1670	Africa/Nairobi
WAE	OEWD	Wadi Al Dawasir Airport		Saudi Arabia	20.5043	45.1996	Asia/Riyadh
WAF	OPWN	Wana Airport	Waana	Pakistan	32.3047	69.5704	Asia/Karachi
WAG	NZWU	Wanganui Airport	Wanganui	New Zealand	-39.9622	175.0250	Pacific/Auckland
WAH	KBWP	Harry Stern Airport	Wahpeton	United States	46.2441	-96.6074	America/Chicago
WAI	FMNW	Ambalabe Airport	Antsohihy	Madagascar	-14.8988	47.9939	Africa/Nairobi
WAK	FMSZ	Ankazoabo Airport	Ankazoabo	Madagascar	-22.2964	44.5315	Africa/Nairobi
WAL	KWAL	Wallops Flight Facility Airport	Wallops Island	United States	37.9402	-75.4664	America/New_York
WAM	FMMZ	Ambatondrazaka Airport	Ambatondrazaka	Madagascar	-17.7954	48.4426	Africa/Nairobi
WAO	AYWB	Wabo Airport	Wabo	Papua New Guinea	-6.9894	145.0751	Pacific/Port_Moresby
WAP	SCAP	Alto Palena Airport	Alto Palena	Chile	-43.6119	-71.8061	America/Santiago
WAQ	FMMG	Antsalova Airport	Antsalova	Madagascar	-18.7013	44.6149	Africa/Nairobi
WAR	WAJR	Waris Airport	Waris-Papua Island	Indonesia	-3.2224	140.9790	Asia/Jayapura
WAT	EIWF	Waterford Airport	Waterford	Ireland	52.1872	-7.0870	Europe/Dublin
WAV	YWAV	Wave Hill Airport		Australia	-17.3933	131.1180	Australia/Darwin
WAW	EPWA	Warsaw Chopin Airport	Warsaw	Poland	52.1657	20.9671	Europe/Warsaw
WAX	HLZW	Zwara Airport	Zuwara	Libya	32.9523	12.0155	Africa/Tripoli
WAY	KWAY	Greene County Airport	Waynesburg	United States	39.9001	-80.1331	America/New_York
WAZ	YWCK	Warwick Airport		Australia	-28.1494	151.9430	Australia/Brisbane
WBA	WAPV	WahaiSeram Island	Seram Island	Indonesia	-2.8142	129.4820	Asia/Jayapura
WBD	FMNF	Avaratra Airport	Befandriana	Madagascar	-15.2000	48.4830	Africa/Nairobi
WBG	ETNS	Schleswig Airport		Germany	54.4593	9.5163	Europe/Berlin
WBM	AYWD	Wapenamanda Airport		Papua New Guinea	-5.6433	143.8950	Pacific/Port_Moresby
WBO	FMSB	Antsoa Airport	Beroroha	Madagascar	-21.6070	45.1360	Africa/Nairobi
WBQ	PAWB	Beaver Airport	Beaver	United States	66.3622	-147.4070	America/Anchorage
WBR	KRQB	Roben Hood Airport	Big Rapids	United States	43.7226	-85.5041	America/Detroit
WBU	KBDU	Boulder Municipal Airport	Boulder	United States	40.0394	-105.2260	America/Denver
WBW	KWBW	Wilkes Barre Wyoming Valley Airport	Wilkes-Barre	United States	41.2972	-75.8512	America/New_York
WCA	SCST	Gamboa Airport	Castro	Chile	-42.4903	-73.7728	America/Santiago
WCH	SCTN	Chaiten Airport	Chaiten	Chile	-42.9328	-72.6991	America/Santiago
WCR	PALR	Chandalar Lake Airport	Chandalar Lake	United States	67.5045	-148.4830	America/Anchorage
WDG	KWDG	Enid Woodring Regional Airport	Enid	United States	36.3792	-97.7911	America/Chicago
WDH	FYWH	Hosea Kutako International Airport	Windhoek	Namibia	-22.4799	17.4709	Africa/Windhoek
WDI	YWND	Wondai Airport		Australia	-26.2833	151.8580	Australia/Brisbane
WDR	KWDR	Barrow County Airport	Winder	United States	33.9829	-83.6674	America/New_York
WEF	ZSWF	Weifang Airport	Weifang	China	36.6467	119.1190	Asia/Shanghai
WEH	ZSWH	Weihai Airport	Weihai	China	37.1871	122.2290	Asia/Shanghai
WEI	YBWP	Weipa Airport	Weipa	Australia	-12.6786	141.9250	Australia/Brisbane
WEL	FAWM	Welkom Airport	Welkom	South Africa	-27.9980	26.6696	Africa/Johannesburg
WET	WABG	Wagethe Airport	Wagethe-Papua Island	Indonesia	-4.0442	136.2780	Asia/Jayapura
WEW	YWWA	Wee Waa Airport		Australia	-30.2583	149.4080	Australia/Sydney
WEX	EICD	Castlebridge Airport	Wexford	Ireland	52.3333	-6.4667	Europe/Dublin
WFI	FMSF	Fianarantsoa Airport		Madagascar	-21.4416	47.1117	Africa/Nairobi
WFK	KFVE	Northern Aroostook Regional Airport	Frenchville	United States	47.2855	-68.3128	America/New_York
WGA	YSWG	Wagga Wagga City Airport	Wagga Wagga	Australia	-35.1653	147.4660	Australia/Sydney
WGB	OPBR	Bahawalnagar Airport	Bahawalnagar	Pakistan	29.9463	73.2491	Asia/Karachi
WGC	VOWA	Warangal Airport	Warrangal	India	17.9144	79.6022	Asia/Kolkata
WGE	YWLG	Walgett Airport		Australia	-30.0328	148.1260	Australia/Sydney
WGO	KOKV	Winchester Regional Airport	Winchester	United States	39.1435	-78.1444	America/New_York
WGP	WADW	Waingapu Airport	Waingapu-Sumba Island	Indonesia	-9.6692	120.3020	Asia/Makassar
WGT	YWGT	Wangaratta Airport		Australia	-36.4158	146.3070	Australia/Melbourne
WHA	ZSWA	Wuhu Xuanzhou Airport	Wuhu	China	31.1044	118.6672	Asia/Shanghai
WHF	HSSW	Wadi Halfa Airport	Wadi Halfa	Sudan	21.8027	31.5216	Africa/Khartoum
WHK	NZWK	Whakatane Airport		New Zealand	-37.9206	176.9140	Pacific/Auckland
WHO	NZFJ	Franz Josef Aerodrome		New Zealand	-43.3631	170.1340	Pacific/Auckland
WHP	KWHP	Whiteman Airport	Los Angeles	United States	34.2593	-118.4130	America/Los_Angeles
WHS	EGEH	Whalsay Airport	Whalsay	United Kingdom	60.3775	-0.9256	Europe/London
WHT	KARM	Wharton Regional Airport	Wharton	United States	29.2543	-96.1544	America/Chicago
WHU	ZSWU	Wuhu Air Base	Wuhu	China	31.3906	118.4090	Asia/Shanghai
WIC	EGPC	Wick Airport	Wick	United Kingdom	58.4589	-3.0931	Europe/London
WIE	ETOU	Wiesbaden Army Airfield	Wiesbaden	Germany	50.0498	8.3254	Europe/Berlin
WIK	NZKE	Waiheke Reeve Airport		New Zealand	-36.8089	175.0860	Pacific/Auckland
WIL	HKNW	Nairobi Wilson Airport	Nairobi	Kenya	-1.3217	36.8148	Africa/Nairobi
WIN	YWTN	Winton Airport		Australia	-22.3636	143.0860	Australia/Brisbane
WIO	YWCA	Wilcannia Airport		Australia	-31.5264	143.3750	Australia/Sydney
WIR	NZWO	Wairoa Airport	Wairoa	New Zealand	-39.0069	177.4070	Pacific/Auckland
WIT	YWIT	Wittenoom Airport		Australia	-22.2183	118.3480	Australia/Perth
WIX	MMTX	Tuxpan Airport		Mexico	19.5839	-103.3840	America/Mexico_City
WJF	KWJF	General WM J Fox Airfield	Lancaster	United States	34.7411	-118.2190	America/Los_Angeles
WJR	HKWJ	Wajir Airport	Wajir	Kenya	1.7332	40.0916	Africa/Nairobi
WJU	RKNW	Wonju Airport	Wonju	South Korea	37.4381	127.9600	Asia/Seoul
WKA	NZWF	Wanaka Airport		New Zealand	-44.7222	169.2460	Pacific/Auckland
WKB	YWKB	Warracknabeal Airport		Australia	-36.3211	142.4190	Australia/Melbourne
WKF	FAWK	Waterkloof Air Force Base	Pretoria	South Africa	-25.8300	28.2225	Africa/Johannesburg
WKI	FVWT	Hwange Airport	Hwange	Zimbabwe	-18.3625	26.5167	Africa/Maputo
WKJ	RJCW	Wakkanai Airport	Wakkanai	Japan	45.4042	141.8010	Asia/Tokyo
WKR	MYAW	Abaco I Walker C Airport		Bahamas	27.2667	-78.3997	America/Toronto
WLA	YWAL	Wallal Airport	Wallal	Australia	-19.7736	120.6490	Australia/Perth
WLC	YWCH	Walcha Airport		Australia	-31.0000	151.5670	Australia/Sydney
WLD	KWLD	Strother Field	Winfield/Arkansas City	United States	37.1686	-97.0376	America/Chicago
WLE	YMLS	Miles Airport		Australia	-26.8083	150.1750	Australia/Brisbane
WLG	NZWN	Wellington International Airport	Wellington	New Zealand	-41.3272	174.8050	Pacific/Auckland
WLH	NVSW	Walaha Airport	Walaha	Vanuatu	-15.4120	167.6910	Pacific/Efate
WLK	PASK	Selawik Airport	Selawik	United States	66.6001	-159.9860	America/Anchorage
WLL	YWOR	Wollogorang Airport		Australia	-17.2200	137.9230	Australia/Darwin
WLO	YWTL	Waterloo Airport		Australia	-16.6300	129.3200	Australia/Darwin
WLP	YANG	West Angelas Airport		Australia	-23.1356	118.7070	Australia/Perth
WLS	NLWW	Hihifo Airport	Wallis Island	Wallis and Futuna	-13.2383	-176.1990	Pacific/Tarawa
WLW	KWLW	Willows Glenn County Airport	Willows	United States	39.5164	-122.2180	America/Los_Angeles
WMA	FMNX	Mandritsara Airport	Mandritsara	Madagascar	-15.8330	48.8333	Africa/Nairobi
WMB	YWBL	Warrnambool Airport		Australia	-38.2953	142.4470	Australia/Melbourne
WMC	KWMC	Winnemucca Municipal Airport	Winnemucca	United States	40.8966	-117.8060	America/Los_Angeles
WMD	FMSC	Mandabe Airport	Mandabe	Madagascar	-21.0463	44.9404	Africa/Nairobi
WME	YMNE	Mount Keith Airport		Australia	-27.2864	120.5550	Australia/Perth
WMH	KBPK	Ozark Regional Airport	Mountain Home	United States	36.3689	-92.4705	America/Chicago
WMI	EPMO	Warsaw Modlin Airport	Warsaw	Poland	52.4511	20.6518	Europe/Warsaw
WML	FMMC	Malaimbandy Airport	Malaimbandy	Madagascar	-20.3554	45.5434	Africa/Nairobi
WMN	FMNR	Maroantsetra Airport		Madagascar	-15.4367	49.6883	Africa/Nairobi
WMO	PAWM	White Mountain Airport	White Mountain	United States	64.6892	-163.4130	America/Nome
WMP	FMNP	Mampikony Airport	Mampikony	Madagascar	-16.0723	47.6442	Africa/Nairobi
WMR	FMNC	Mananara Nord Airport	Mananara Nord	Madagascar	-16.1639	49.7738	Africa/Nairobi
WMT	ZUMT	Zunyi Maotai Airport	Zunyi	China	27.9681	106.4389	Asia/Shanghai
WMX	WAJW	Wamena Airport	Wamena-Papua Island	Indonesia	-4.1025	138.9570	Asia/Jayapura
WNA	PANA	Napakiak Airport	Napakiak	United States	60.6903	-161.9790	America/Anchorage
WND	YWDA	Windarra Airport		Australia	-28.4750	122.2420	Australia/Perth
WNN	CKL3	Wunnumin Lake Airport	Wunnumin Lake	Canada	52.8939	-89.2892	America/Winnipeg
WNP	RPUN	Naga Airport	Naga	Philippines	13.5849	123.2700	Asia/Manila
WNR	YWDH	Windorah Airport		Australia	-25.4131	142.6670	Australia/Brisbane
WNS	OPNH	Nawabshah Airport	Nawabash	Pakistan	26.2194	68.3901	Asia/Karachi
WNZ	ZSWZ	Wenzhou Yongqiang Airport	Wenzhou	China	27.9122	120.8520	Asia/Shanghai
WOA	AYWO	Wonenara Airport	Wonenara	Papua New Guinea	-6.7969	145.8919	Pacific/Port_Moresby
WOE	EHWO	Woensdrecht Air Base	Bergen Op Zoom	Netherlands, Kingdom of the	51.4491	4.3420	Europe/Brussels
WOL	YWOL	Wollongong Airport		Australia	-34.5611	150.7890	Australia/Sydney
WON	YWDL	Wondoola Airport		Australia	-18.5750	140.8920	Australia/Brisbane
WOT	RCWA	Wang-an Airport	Wang-an	Taiwan	23.3674	119.5028	Asia/Taipei
WOW	PAUO	Willow Airport	Willow	United States	61.7542	-150.0520	America/Anchorage
WPA	SCAS	Cabo 1° Juan Roman Airport	Puerto Aysen	Chile	-45.3992	-72.6703	America/Santiago
WPB	FMNG	Port Berge Airport	Port Berge	Madagascar	-15.5843	47.6236	Africa/Nairobi
WPC	CZPC	Pincher Creek Airport	Pincher Creek	Canada	49.5206	-113.9970	America/Edmonton
WPK	YWMP	Wrotham Park Airport		Australia	-16.6583	144.0020	Australia/Brisbane
WPR	SCFM	Capitan Fuentes Martinez Airport Airport	Porvenir	Chile	-53.2537	-70.3192	America/Punta_Arenas
WPU	SCGZ	Guardiamarina Zanartu Airport	Puerto Williams	Chile	-54.9311	-67.6263	America/Argentina/Ushuaia
WRB	KWRB	Robins Air Force Base	Warner Robins	United States	32.6401	-83.5919	America/New_York
WRE	NZWR	Whangarei Airport		New Zealand	-35.7683	174.3650	Pacific/Auckland
WRG	PAWG	Wrangell Airport	Wrangell	United States	56.4843	-132.3700	America/Sitka
WRI	KWRI	Mc Guire Air Force Base	Wrightstown	United States	40.0156	-74.5917	America/New_York
WRL	KWRL	Worland Municipal Airport	Worland	United States	43.9657	-107.9510	America/Denver
WRO	EPWR	Copernicus Wroclaw Airport	Wroclaw	Poland	51.1027	16.8858	Europe/Warsaw
WRT	EGNO	Warton Airport	Warton	United Kingdom	53.7451	-2.8831	Europe/London
WRW	YWWG	Warrawagine Airport		Australia	-20.8465	120.7053	Australia/Perth
WRY	EGEW	Westray Airport	Westray	United Kingdom	59.3503	-2.9500	Europe/London
WRZ	VCCW	Weerawila International Airport	Weerawila	Sri Lanka	6.2545	81.2352	Asia/Colombo
WSD	KWSD	Condron Army Air Field	White Sands	United States	32.3415	-106.4030	America/Denver
WSF	PACS	Cape Sarichef Airport	Cape Sarichef	United States	54.5824	-164.9140	America/Nome
WSG	KAFJ	Washington County Airport	Washington	United States	40.1365	-80.2902	America/New_York
WSH	KHWV	Brookhaven Airport	Shirley	United States	40.8219	-72.8694	America/New_York
WSI	YSWS	Western Sydney International (Nancy-Bird Walton) Airport	Sydney	Australia	-33.8881	150.7147	Australia/Sydney
WSK	ZUWS	Wushan Chongqing Airport	Wushan	China	31.0640	109.7060	Asia/Shanghai
WSN	PFWS	South Naknek Nr 2 Airport	South Naknek	United States	58.7034	-157.0080	America/Anchorage
WSO	SMWS	Washabo Airport	Washabo	Suriname	5.2502	-57.1738	America/Guyana
WSP	MNWP	Waspam Airport	Waspam	Nicaragua	14.7392	-83.9694	America/Managua
WSR	WASW	Wasior Airport	Wasior-Papua Island	Indonesia	-2.7336	134.5180	Asia/Jayapura
WST	KWST	Westerly State Airport	Westerly	United States	41.3496	-71.8034	America/New_York
WSU	AYWS	Wasu Airport	Wasu	Papua New Guinea	-5.9617	147.1982	Pacific/Port_Moresby
WSY	YWHI	Whitsunday Island Airport		Australia	-20.2667	148.7670	Australia/Brisbane
WSZ	NZWS	Westport Airport		New Zealand	-41.7381	171.5810	Pacific/Auckland
WTA	FMMU	Tambohorano Airport	Tambohorano	Madagascar	-17.4761	43.9728	Africa/Nairobi
WTB	YBWW	Toowoomba Wellcamp Airport	Wellcamp	Australia	-27.5583	151.7933	Australia/Brisbane
WTD	MYGW	West End Airport	West End	Bahamas	26.6853	-78.9750	America/Toronto
WTK	PAWN	Noatak Airport	Noatak	United States	67.5661	-162.9750	America/Nome
WTN	EGXW	RAF Waddington	Waddington	United Kingdom	53.1662	-0.5238	Europe/London
WTP	AYWT	Woitape Airport	Fatima Mission	Papua New Guinea	-8.5458	147.2525	Pacific/Port_Moresby
WTS	FMMX	Tsiroanomandidy Airport	Tsiroanomandidy	Madagascar	-18.7597	46.0541	Africa/Nairobi
WTZ	NZWT	Whitianga Airport		New Zealand	-36.8317	175.6790	Pacific/Auckland
WUA	ZBUH	Wuhai Airport	Wuhai	China	39.7919	106.8033	Asia/Shanghai
WUD	YWUD	Wudinna Airport		Australia	-33.0433	135.4470	Australia/Adelaide
WUG	AYWU	Wau Airport	Wau	Papua New Guinea	-7.3456	146.7186	Pacific/Port_Moresby
WUH	ZHHH	Wuhan Tianhe International Airport	Wuhan	China	30.7838	114.2080	Asia/Shanghai
WUI	YMMI	Murrin Murrin Airport		Australia	-28.7053	121.8910	Australia/Perth
WUN	YWLU	Wiluna Airport		Australia	-26.6292	120.2210	Australia/Perth
WUS	ZSWY	Nanping Wuyishan Airport	Wuyishan	China	27.7019	118.0010	Asia/Shanghai
WUU	HSWW	Wau Airport	Wau	South Sudan	7.7258	27.9750	Africa/Juba
WUX	ZSWX	Sunan Shuofang International Airport	Wuxi	China	31.4944	120.4290	Asia/Shanghai
WUZ	ZGWZ	Wuzhou Xijiang Airport	Wuzhou	China	23.4014	111.0986	Asia/Shanghai
WVB	FYWB	Walvis Bay Airport	Walvis Bay	Namibia	-22.9799	14.6453	Africa/Windhoek
WVI	KWVI	Watsonville Municipal Airport	Watsonville	United States	36.9357	-121.7900	America/Los_Angeles
WVK	FMSK	Manakara Airport		Madagascar	-22.1197	48.0217	Africa/Nairobi
WVL	KWVL	Waterville Robert Lafleur Airport	Waterville	United States	44.5332	-69.6755	America/New_York
WVN	EDWI	Wilhelmshaven-Mariensiel Airport	Wilhelmshaven	Germany	53.5022	8.0522	Europe/Berlin
WWD	KWWD	Cape May County Airport	Wildwood	United States	39.0085	-74.9083	America/New_York
WWI	YWWI	Woodie Woodie Airport	Woodie Woodie	Australia	-21.6628	121.2340	Australia/Perth
WWK	AYWK	Wewak International Airport	Wewak	Papua New Guinea	-3.5838	143.6690	Pacific/Port_Moresby
WWR	KWWR	West Woodward Airport	Woodward	United States	36.4380	-99.5227	America/Chicago
WWT	PAEW	Newtok Airport	Newtok	United States	60.9391	-164.6410	America/Nome
WWY	YWWL	West Wyalong Airport	West Wyalong	Australia	-33.9372	147.1910	Australia/Sydney
WXF	EGVT	Wethersfield Airport	Wethersfield	United Kingdom	51.9719	0.5094	Europe/London
WXN	ZUWX	Wanxian Airport	Wanxian	China	30.8017	108.4330	Asia/Shanghai
WYA	YWHA	Whyalla Airport	Whyalla	Australia	-33.0589	137.5140	Australia/Adelaide
WYE	GFYE	Yengema Airport	Yengema	Sierra Leone	8.6105	-11.0454	Africa/Abidjan
WYN	YWYM	Wyndham Airport		Australia	-15.5114	128.1530	Australia/Perth
WYS	KWYS	Yellowstone Airport	West Yellowstone	United States	44.6884	-111.1180	America/Denver
XAB	LFOI	Abbeville-Buigny-Saint-Maclou Airport	Abbeville (Buigny/Saint-Maclou)	France	50.1435	1.8319	Europe/Paris
XAC	LFCH	Arcachon-La Teste-de-Buch Airport	Arcachon/La Teste-de-Buch	France	44.5964	-1.1108	Europe/Paris
XAI	ZHXY	Xinyang Minggang Airport	Xinyang	China	32.5414	114.0778	Asia/Shanghai
XAN	LFOF	Alencon Valframbert Airport	Evreux	France	48.4475	0.1092	Europe/Paris
XAP	SBCH	Chapeco Airport	Chapeco	Brazil	-27.1342	-52.6566	America/Sao_Paulo
XAR	DFOY	Aribinda Airport	Aribinda	Burkina Faso	14.2170	-0.8830	Africa/Abidjan
XAS	LFMS	Ales-Deaux Airport	Ales/Deaux	France	44.0697	4.1421	Europe/Paris
XAU	SOOS	Saul Airport	Saul	French Guiana	3.6136	-53.2042	America/Cayenne
XAV	LFKA	Albertville Airport	Angers	France	45.6272	6.3297	Europe/Paris
XBE	CNE3	Bearskin Lake Airport	Bearskin Lake	Canada	53.9656	-91.0272	America/Winnipeg
XBG	DFEB	Bogande Airport	Bogande	Burkina Faso	12.9830	-0.1670	Africa/Abidjan
XBJ	OIMB	Birjand Airport	Birjand	Iran	32.8981	59.2661	Asia/Tehran
XBK	LFHS	Bourg-Ceyzeriat Airport	Bourg/Ceyzeriat	France	46.2009	5.2920	Europe/Paris
XBO	DFEA	Boulsa Airport	Boulsa	Burkina Faso	12.6500	-0.5670	Africa/Abidjan
XBQ	LFOQ	Blois-Le Breuil Airport	Blois/Le Breuil	France	47.6785	1.2088	Europe/Paris
XBV	LFGF	Beaune-Challanges Airport	Beaune/Challanges	France	47.0059	4.8934	Europe/Paris
XCB	LFQI	Cambrai-Epinoy (BA 103) Air Base	Cambrai/Epinoy	France	50.2218	3.1542	Europe/Paris
XCD	LFLH	Chalon-Champforgeuil Airport	Chalon/Champforgueil	France	46.8261	4.8176	Europe/Paris
XCH	YPXM	Christmas Island Airport	Christmas Island	Christmas Island	-10.4506	105.6900	Asia/Bangkok
XCM	CYCK	Chatham Kent Airport	Chatham-Kent	Canada	42.3064	-82.0819	America/Toronto
XCO	YOLA	Colac Airport		Australia	-38.2867	143.6800	Australia/Melbourne
XCP	LFAD	Compiegne Margny Airport	Compiegne	France	49.4344	2.8061	Europe/Paris
XCR	LFOK	Chalons-Vatry Air Base	Chalons/Vatry	France	48.7761	4.1845	Europe/Paris
XCX	LFCA	Chatellerault Airport	Biarritz	France	46.7814	0.5519	Europe/Paris
XCZ	LFQV	Charleville-Mezieres Airport	Charleville-Mezieres	France	49.7839	4.6471	Europe/Paris
XDA	LFBY	Dax Seyresse Airport	Perigueux	France	43.6892	-1.0689	Europe/Paris
XDE	DFOU	Diebougou Airport	Diebougou	Burkina Faso	10.9500	-3.2500	Africa/Abidjan
XDJ	DFCJ	Djibo Airport	Djibo	Burkina Faso	14.1000	-1.6330	Africa/Abidjan
XDK	LFAK	Dunkerque Les Moeres Airport	Les Moeres	France	51.0406	2.5503	Europe/Brussels
XEN	ZYXC	Xingcheng Air Base		China	40.5803	120.6980	Asia/Shanghai
XFN	ZHXF	Xiangfan Airport	Xiangfan	China	32.1506	112.2910	Asia/Shanghai
XFW	EDHI	Hamburg-Finkenwerder Airport	Hamburg	Germany	53.5353	9.8356	Europe/Berlin
XGA	DFOG	Gaoua Airport	Gaoua	Burkina Faso	10.2992	-3.2508	Africa/Abidjan
XGG	DFEG	Gorom-Gorom Airport	Gorom-Gorom	Burkina Faso	14.4500	-0.2330	Africa/Abidjan
XGN	FNXA	Xangongo Airport	Xangongo	Angola	-16.7554	14.9653	Africa/Lagos
XGR	CYLU	Kangiqsualujjuaq (Georges River) Airport	Kangiqsualujjuaq	Canada	58.7114	-65.9928	America/Toronto
XGT	LFCE	Gueret St Laurent Airport	Cahors	France	46.1792	1.9583	Europe/Paris
XIC	ZUXC	Xichang Qingshan Airport	Xichang	China	27.9891	102.1840	Asia/Shanghai
XIJ	OKAJ	Ahmed Al Jaber Air Base	Ahmed Al Jaber AB	Kuwait	28.9348	47.7919	Asia/Riyadh
XIL	ZBXH	Xilinhot Airport	Xilinhot	China	43.9156	115.9640	Asia/Shanghai
XIN	ZGXN	Xingning Airport	Xingning	China	24.1492	115.7580	Asia/Shanghai
XIY	ZLXY	Xi'an Xianyang International Airport	Xianyang	China	34.4471	108.7520	Asia/Shanghai
XJM	OPMA	Mangla Airport	Mangla	Pakistan	33.0501	73.6384	Asia/Karachi
XKA	DFEL	Kantchari Airport	Kantchari	Burkina Faso	12.4670	1.5000	Africa/Abidjan
XKH	VLXK	Xieng Khouang Airport	Xieng Khouang	Laos	19.4500	103.1580	Asia/Bangkok
XKS	CYAQ	Kasabonika Airport	Kasabonika	Canada	53.5247	-88.6428	America/Winnipeg
XKY	DFCA	Kaya Airport	Kaya	Burkina Faso	13.0670	-1.1000	Africa/Abidjan
XLN	LFAF	Laon - Chambry Airport	Laon-Chambry	France	49.5958	3.6317	Europe/Paris
XLR	LFDI	Libourne-Artigues-de-Lussac Airport	Libourne/Artigues-de-Lussac	France	44.9825	-0.1347	Europe/Paris
XLS	GOSS	Saint Louis Airport	Saint Louis	Senegal	16.0508	-16.4632	Africa/Abidjan
XLU	DFCL	Leo Airport	Leo	Burkina Faso	11.1000	-2.1000	Africa/Abidjan
XLW	EDWD	Lemwerder Airport	Lemwerder	Germany	53.1447	8.6244	Europe/Berlin
XMC	YMCO	Mallacoota Airport		Australia	-37.5983	149.7200	Australia/Melbourne
XMD	KMDS	Madison Municipal Airport	Madison	United States	44.0160	-97.0859	America/Chicago
XME	LFQJ	Maubeuge-Elesmes Airport	Maubeuge/Elesmes	France	50.3105	4.0331	Europe/Paris
XMF	LFSM	Montbeliard-Courcelles Airport	Montbeliard/Courcelles	France	47.4870	6.7905	Europe/Paris
XMG	VNMN	Mahendranagar Airport	Mahendranagar	Nepal	28.9632	80.1479	Asia/Kathmandu
XMH	NTGI	Manihi Airport		French Polynesia	-14.4368	-146.0700	Pacific/Tahiti
XMI	HTMI	Masasi Airport	Masasi	Tanzania	-10.7330	38.7670	Africa/Nairobi
XMJ	LFBM	Mont-de-Marsan (BA 118) Air Base	Mont-de-Marsan	France	43.9117	-0.5075	Europe/Paris
XMK	LFLQ	Montelimar - Ancone Airport	Annecy	France	44.5836	4.7406	Europe/Paris
XML	YMIN	Minlaton Airport		Australia	-34.7500	137.5330	Australia/Adelaide
XMN	ZSAM	Xiamen Gaoqi International Airport	Xiamen	China	24.5440	118.1280	Asia/Shanghai
XMS	SEMC	Coronel E Carvajal Airport	Macas	Ecuador	-2.2992	-78.1208	America/Guayaquil
XMU	LFHY	Moulins-Montbeugny Airport	Moulins/Montbeugny	France	46.5346	3.4237	Europe/Paris
XMW	LFDB	Montauban Airport	Montauban	France	44.0257	1.3780	Europe/Paris
XMY	YYMI	Yam Island Airport	Yam Island	Australia	-9.9011	142.7760	Australia/Brisbane
XNA	KXNA	Northwest Arkansas Regional Airport	Fayetteville/Springdale/	United States	36.2819	-94.3068	America/Chicago
XNN	ZLXN	Xining Caojiabu Airport	Xining	China	36.5275	102.0430	Asia/Shanghai
XNU	DFON	Nouna Airport	Nouna	Burkina Faso	12.7500	-3.8670	Africa/Abidjan
XOG	LFMO	Orange-Caritat (BA 115) Air Base	Orange/Caritat	France	44.1405	4.8667	Europe/Paris
XPA	DFEP	Pama Airport	Pama	Burkina Faso	11.2500	0.7000	Africa/Abidjan
XPL	MHPR	Tegucigalpa Palmerola International Airport	Comayagua	Honduras	14.3825	-87.6211	America/Tegucigalpa
XPR	KIEN	Pine Ridge Airport	Pine Ridge	United States	43.0225	-102.5110	America/Denver
XQP	MRQP	Quepos Managua Airport	Quepos	Costa Rica	9.4432	-84.1298	America/Costa_Rica
XRH	YSRI	RAAF Base Richmond	Richmond	Australia	-33.6006	150.7810	Australia/Sydney
XRY	LEJR	Jerez Airport	Jerez de la Forntera	Spain	36.7446	-6.0601	Europe/Madrid
XSB	OMBY	Sir Bani Yas Airport	Sir Bani Yas	United Arab Emirates	24.2822	52.5821	Asia/Dubai
XSC	MBSC	South Caicos Airport		Turks and Caicos Islands	21.5157	-71.5285	America/Grand_Turk
XSD	KTNX	Tonopah Test Range Airport	Tonopah	United States	37.7988	-116.7810	America/Los_Angeles
XSE	DFES	Sebba Airport	Sebba	Burkina Faso	13.4500	0.5170	Africa/Abidjan
XSI	CZSN	South Indian Lake Airport	South Indian Lake	Canada	56.7928	-98.9072	America/Winnipeg
XSJ	LFAG	Peronne-Saint-Quentin Airport	Peronne/Saint-Quentin	France	49.8685	3.0296	Europe/Paris
XSL	LFDS	Sarlat Domme Airport	Rochefort	France	44.7933	1.2447	Europe/Paris
XSP	WSSL	Seletar Airport	Seletar	Singapore	1.4169	103.8680	Asia/Singapore
XSU	LFOD	Saumur-Saint-Florent Airport	Saumur/Saint-Florent	France	47.2568	-0.1151	Europe/Paris
XTB	LFDT	Tarbes Laloubere Airport	Rochefort	France	43.2161	0.0786	Europe/Paris
XTG	YTGM	Thargomindah Airport		Australia	-27.9864	143.8110	Australia/Brisbane
XTL	CYBQ	Tadoule Lake Airport	Tadoule Lake	Canada	58.7061	-98.5122	America/Winnipeg
XTO	YTAM	Taroom Airport		Australia	-25.8017	149.9000	Australia/Brisbane
XTR	YTAA	Tara Airport		Australia	-27.1567	150.4770	Australia/Brisbane
XUZ	ZSXZ	Xuzhou Guanyin Airport	Xuzhou	China	34.0591	117.5553	Asia/Shanghai
XVF	LFHV	Villefranche-Tarare Airport	Villefranche/Tarare	France	45.9200	4.6349	Europe/Paris
XVN	LFGW	Verdun-Le Rozelier Airport	Verdun/Le Rozelier	France	49.1224	5.4690	Europe/Paris
XVO	LFQW	Vesoul-Frotey Airport	Vesoul/Frotey	France	47.6376	6.2039	Europe/Paris
XVS	LFAV	Valenciennes-Denain Airport	Valenciennes/Denain	France	50.3258	3.4613	Europe/Paris
XWA	KXWA	Williston Basin International Airport	Williston	United States	48.2597	-103.7506	America/Chicago
XWP	ESFA	Hassleholm Bokeberg Airport	Hassleholm	Sweden	56.1344	13.8756	Europe/Berlin
XXN	OERY	Riyadh Air Base	Riyadh	Saudi Arabia	24.7098	46.7252	Asia/Riyadh
XYA	AGGY	Yandina Airport	Yandina	Solomon Islands	-9.0928	159.2184	Pacific/Guadalcanal
XYE	VYYE	Ye Airport	Ye	Myanmar	15.3000	97.8670	Asia/Yangon
XYR	AYED	Edwaki Airport	Yellow River Mission	Papua New Guinea	-3.8840	141.7922	Pacific/Port_Moresby
XZA	DFEZ	Zabre Airport	Zabre	Burkina Faso	11.1670	-0.6170	Africa/Abidjan
YAA	CAJ4	Anahim Lake Airport	Anahim Lake	Canada	52.4525	-125.3030	America/Vancouver
YAB	CYAB	Arctic Bay Airport		Canada	73.0058	-85.0425	America/Rankin_Inlet
YAC	CYAC	Cat Lake Airport	Cat Lake	Canada	51.7272	-91.8244	America/Winnipeg
YAG	CYAG	Fort Frances Municipal Airport	Fort Frances	Canada	48.6542	-93.4397	America/Winnipeg
YAH	CYAH	La Grande-4 Airport	La Grande-4	Canada	53.7547	-73.6753	America/Toronto
YAI	SCCH	Gral. Bernardo O´Higgins Airport	Chillan	Chile	-36.5825	-72.0314	America/Santiago
YAK	PAYA	Yakutat Airport	Yakutat	United States	59.5033	-139.6600	America/Yakutat
YAL	CYAL	Alert Bay Airport	Alert Bay	Canada	50.5822	-126.9160	America/Vancouver
YAM	CYAM	Sault Ste Marie Airport	Sault Ste Marie	Canada	46.4850	-84.5094	America/Detroit
YAN	FZIR	Yangambi Airport	Yangambi	DR Congo	0.7830	24.4670	Africa/Maputo
YAO	FKKY	Yaounde Airport	Yaounde	Cameroon	3.8360	11.5235	Africa/Lagos
YAP	PTYA	Yap International Airport	Yap Island	Micronesia, Federated States of	9.4989	138.0830	Pacific/Port_Moresby
YAR	CYAD	La Grande-3 Airport	La Grande-3	Canada	53.5717	-76.1964	America/Toronto
YAS	NFSW	Yasawa Island Airport	Yasawa Island	Fiji	-16.7589	177.5450	Pacific/Fiji
YAT	CYAT	Attawapiskat Airport	Attawapiskat	Canada	52.9275	-82.4319	America/Toronto
YAU	CTP9	Donaldson Airport	Kattiniq	Canada	61.6622	-73.3214	America/Toronto
YAV	CYAV	Winnipeg / St. Andrews Airport	Winnipeg	Canada	50.0564	-97.0325	America/Winnipeg
YAW	CYAW	Shearwater Airport	Halifax	Canada	44.6372	-63.5022	America/Halifax
YAX	CKB6	Wapekeka Airport	Angling Lake	Canada	53.8492	-89.5794	America/Winnipeg
YAY	CYAY	St. Anthony Airport	St. Anthony	Canada	51.3919	-56.0831	America/St_Johns
YAZ	CYAZ	Tofino / Long Beach Airport	Tofino	Canada	49.0798	-125.7756	America/Vancouver
YBA	CYBA	Banff Airport	Banff	Canada	51.2073	-115.5419	America/Edmonton
YBB	CYBB	Kugaaruk Airport	Kugaaruk	Canada	68.5344	-89.8081	America/Cambridge_Bay
YBC	CYBC	Baie Comeau Airport	Baie-Comeau	Canada	49.1325	-68.2044	America/Toronto
YBE	CYBE	Uranium City Airport	Uranium City	Canada	59.5614	-108.4810	America/Swift_Current
YBG	CYBG	CFB Bagotville	Bagotville	Canada	48.3306	-70.9964	America/Toronto
YBI	CCE4	Black Tickle Airport	Black Tickle	Canada	53.4694	-55.7850	America/St_Johns
YBK	CYBK	Baker Lake Airport	Baker Lake	Canada	64.2989	-96.0778	America/Rankin_Inlet
YBL	CYBL	Campbell River Airport	Campbell River	Canada	49.9508	-125.2710	America/Vancouver
YBO	CBW4	Bob Quinn Lake Airport	Bob Quinn Lake	Canada	56.9667	-130.2500	America/Vancouver
YBP	ZUYB	Yibin Wuliangye Airport	Yibin	China	28.8580	104.5250	Asia/Shanghai
YBR	CYBR	Brandon Municipal Airport	Brandon	Canada	49.9100	-99.9519	America/Winnipeg
YBT	CYBT	Brochet Airport	Brochet	Canada	57.8894	-101.6790	America/Winnipeg
YBV	CYBV	Berens River Airport	Berens River	Canada	52.3589	-97.0183	America/Winnipeg
YBW	CYBW	Calgary / Springbank Airport	Calgary	Canada	51.1031	-114.3740	America/Edmonton
YBX	CYBX	Lourdes de Blanc Sablon Airport	Lourdes-De-Blanc-Sablon	Canada	51.4436	-57.1853	America/Puerto_Rico
YBY	CYBF	Bonnyville Airport	Bonnyville	Canada	54.3042	-110.7440	America/Edmonton
YCB	CYCB	Cambridge Bay Airport	Cambridge Bay	Canada	69.1081	-105.1380	America/Cambridge_Bay
YCC	CYCC	Cornwall Regional Airport	Cornwall	Canada	45.0928	-74.5633	America/Toronto
YCD	CYCD	Nanaimo Airport	Nanaimo	Canada	49.0523	-123.8700	America/Vancouver
YCE	CYCE	James T. Field Memorial Aerodrome	Centralia	Canada	43.2856	-81.5083	America/Toronto
YCG	CYCG	Castlegar/West Kootenay Regional Airport	Castlegar	Canada	49.2964	-117.6320	America/Vancouver
YCH	CYCH	Miramichi Airport	Miramichi	Canada	47.0078	-65.4492	America/Moncton
YCK	CEB3	Colville Lake Airport	Colville Lake	Canada	67.0333	-126.0830	America/Inuvik
YCL	CYCL	Charlo Airport	Charlo	Canada	47.9908	-66.3303	America/Moncton
YCM	CYSN	Niagara District Airport	St Catharines	Canada	43.1917	-79.1717	America/Toronto
YCN	CYCN	Cochrane Airport	Cochrane	Canada	49.1056	-81.0136	America/Toronto
YCO	CYCO	Kugluktuk Airport	Kugluktuk	Canada	67.8167	-115.1440	America/Cambridge_Bay
YCQ	CYCQ	Chetwynd Airport	Chetwynd	Canada	55.6872	-121.6270	America/Dawson_Creek
YCR	CYCR	Cross Lake (Charlie Sinclair Memorial) Airport	Cross Lake	Canada	54.6106	-97.7608	America/Winnipeg
YCS	CYCS	Chesterfield Inlet Airport	Chesterfield Inlet	Canada	63.3469	-90.7311	America/Rankin_Inlet
YCT	CYCT	Coronation Airport	Coronation	Canada	52.0750	-111.4450	America/Edmonton
YCU	ZBYC	Yuncheng Guangong Airport	Yuncheng	China	35.1164	111.0314	Asia/Shanghai
YCW	CYCW	Chilliwack Airport	Chilliwack	Canada	49.1528	-121.9390	America/Vancouver
YCY	CYCY	Clyde River Airport	Clyde River	Canada	70.4861	-68.5167	America/Iqaluit
YCZ	CYCZ	Fairmont Hot Springs Airport	Fairmont Hot Springs	Canada	50.3303	-115.8730	America/Edmonton
YDA	CYDA	Dawson City Airport	Dawson City	Canada	64.0431	-139.1280	America/Dawson
YDB	CYDB	Burwash Airport	Burwash	Canada	61.3711	-139.0410	America/Dawson
YDC	CYDC	Princeton Airport	Town of Princeton	Canada	49.4681	-120.5110	America/Vancouver
YDF	CYDF	Deer Lake Airport	Deer Lake	Canada	49.2108	-57.3914	America/St_Johns
YDG	CYID	Digby / Annapolis Regional Airport	Digby	Canada	44.5458	-65.7854	America/Halifax
YDL	CYDL	Dease Lake Airport	Dease Lake	Canada	58.4222	-130.0320	America/Vancouver
YDM	CYDM	Ross River Airport	Ross River	Canada	61.9706	-132.4230	America/Whitehorse
YDN	CYDN	Dauphin Barker Airport	Dauphin	Canada	51.1008	-100.0520	America/Winnipeg
YDO	CYDO	Dolbeau St Felicien Airport	Dolbeau-St-Felicien	Canada	48.7785	-72.3750	America/Toronto
YDP	CYDP	Nain Airport	Nain	Canada	56.5492	-61.6803	America/Goose_Bay
YDQ	CYDQ	Dawson Creek Airport	Dawson Creek	Canada	55.7423	-120.1830	America/Dawson_Creek
YDT	CZBA	Burlington Executive	Burlington	Canada	43.4415	-79.8501	America/Toronto
YDV	CZTA	Bloodvein River Airport	Bloodvein River	Canada	51.7833	-96.7000	America/Winnipeg
YEB	CPF2	Bar River Airport	Bar River	Canada	46.4203	-84.0922	America/Toronto
YEC	RKTY	Yecheon Airport		South Korea	36.6319	128.3550	Asia/Seoul
YEE	CYEE	Huronia Airport	Midland	Canada	44.6833	-79.9283	America/Toronto
YEG	CYEG	Edmonton International Airport	Edmonton	Canada	53.3097	-113.5800	America/Edmonton
YEI	LTBR	Bursa Yenisehir Airport	Bursa	Turkey	40.2552	29.5626	Europe/Istanbul
YEK	CYEK	Arviat Airport	Arviat	Canada	61.0942	-94.0708	America/Rankin_Inlet
YEL	CYEL	Elliot Lake Municipal Airport	Elliot Lake	Canada	46.3514	-82.5614	America/Toronto
YEM	CYEM	Manitoulin East Municipal Airport	Manitowaning	Canada	45.8428	-81.8581	America/Toronto
YEN	CYEN	Estevan Airport	Estevan	Canada	49.2103	-102.9660	America/Regina
YEO	EGDY	RNAS Yeovilton	Yeovil	United Kingdom	51.0094	-2.6388	Europe/London
YER	CYER	Fort Severn Airport	Fort Severn	Canada	56.0189	-87.6761	America/Toronto
YES	OISY	Yasouj Airport		Iran	30.7005	51.5451	Asia/Tehran
YET	CYET	Edson Airport	Edson	Canada	53.5789	-116.4650	America/Edmonton
YEU	CYEU	Eureka Airport	Eureka	Canada	79.9947	-85.8142	America/Panama
YEV	CYEV	Inuvik Mike Zubko Airport	Inuvik	Canada	68.3042	-133.4830	America/Inuvik
YEY	CYEY	Amos Magny Airport	Amos	Canada	48.5639	-78.2497	America/Toronto
YFA	CYFA	Fort Albany Airport	Fort Albany	Canada	52.2014	-81.6969	America/Toronto
YFB	CYFB	Iqaluit Airport	Iqaluit	Canada	63.7564	-68.5558	America/Iqaluit
YFC	CYFC	Fredericton Airport	Fredericton	Canada	45.8689	-66.5372	America/Moncton
YFD	CYFD	Brantford Municipal Airport	Brantford	Canada	43.1314	-80.3425	America/Toronto
YFE	CYFE	Forestville Airport	Forestville	Canada	48.7461	-69.0972	America/Toronto
YFH	CYFH	Fort Hope Airport	Fort Hope	Canada	51.5619	-87.9078	America/Toronto
YFI	CFG6	Fort Mackay / Firebag	Suncor Energy Site	Canada	57.2758	-110.9767	America/Edmonton
YFJ	CYWE	Wekweeti Airport	Wekweeti	Canada	64.1908	-114.0770	America/Edmonton
YFO	CYFO	Flin Flon Airport	Flin Flon	Canada	54.6781	-101.6820	America/Winnipeg
YFR	CYFR	Fort Resolution Airport	Fort Resolution	Canada	61.1808	-113.6900	America/Edmonton
YFS	CYFS	Fort Simpson Airport	Fort Simpson	Canada	61.7602	-121.2370	America/Inuvik
YFX	CCK4	St. Lewis (Fox Harbour) Airport	St. Lewis	Canada	52.3728	-55.6739	America/St_Johns
YGB	CYGB	Texada Gillies Bay Airport	Texada	Canada	49.6942	-124.5180	America/Vancouver
YGD	CYGD	Goderich Airport	Goderich	Canada	43.7669	-81.7106	America/Toronto
YGE	CYGE	Golden Airport	Golden	Canada	51.2992	-116.9820	America/Edmonton
YGH	CYGH	Fort Good Hope Airport	Fort Good Hope	Canada	66.2408	-128.6510	America/Inuvik
YGJ	RJOH	Miho Yonago Airport	Yonago	Japan	35.4922	133.2360	Asia/Tokyo
YGK	CYGK	Kingston Norman Rogers Airport	Kingston	Canada	44.2253	-76.5969	America/Toronto
YGL	CYGL	La Grande Riviere Airport	La Grande Riviere	Canada	53.6253	-77.7042	America/Toronto
YGM	CYGM	Gimli Industrial Park Airport	Gimli	Canada	50.6281	-97.0433	America/Winnipeg
YGO	CYGO	Gods Lake Narrows Airport	Gods Lake Narrows	Canada	54.5589	-94.4914	America/Winnipeg
YGP	CYGP	Gaspe (Michel-Pouliot) Airport	Gaspe	Canada	48.7753	-64.4786	America/Toronto
YGQ	CYGQ	Geraldton Greenstone Regional Airport	Geraldton	Canada	49.7783	-86.9394	America/Toronto
YGR	CYGR	Iles-de-la-Madeleine Airport	Iles-de-la-Madeleine	Canada	47.4247	-61.7781	America/Halifax
YGT	CYGT	Igloolik Airport	Igloolik	Canada	69.3647	-81.8161	America/Iqaluit
YGV	CYGV	Havre St Pierre Airport	Havre St-Pierre	Canada	50.2819	-63.6114	America/Toronto
YGW	CYGW	Kuujjuarapik Airport	Kuujjuarapik	Canada	55.2819	-77.7653	America/Iqaluit
YGX	CYGX	Gillam Airport	Gillam	Canada	56.3575	-94.7106	America/Winnipeg
YGZ	CYGZ	Grise Fiord Airport	Grise Fiord	Canada	76.4261	-82.9092	America/Iqaluit
YHA	CCP4	Port Hope Simpson Airport	Port Hope Simpson	Canada	52.5281	-56.2861	America/St_Johns
YHB	CYHB	Hudson Bay Airport	Hudson Bay	Canada	52.8167	-102.3110	America/Regina
YHD	CYHD	Dryden Regional Airport	Dryden	Canada	49.8317	-92.7442	America/Winnipeg
YHE	CYHE	Hope Airport	Hope	Canada	49.3683	-121.4980	America/Vancouver
YHF	CYHF	Hearst Rene Fontaine Municipal Airport	Hearst	Canada	49.7142	-83.6861	America/Toronto
YHI	CYHI	Ulukhaktok Holman Airport	Ulukhaktok	Canada	70.7628	-117.8060	America/Edmonton
YHJ	ZSYH	Nanchang Yaohu Airport	Nanchang	China	28.7010	116.1077	Asia/Shanghai
YHK	CYHK	Gjoa Haven Airport	Gjoa Haven	Canada	68.6356	-95.8497	America/Cambridge_Bay
YHM	CYHM	John C. Munro Hamilton International Airport	Hamilton	Canada	43.1736	-79.9350	America/Toronto
YHN	CYHN	Hornepayne Municipal Airport	Hornepayne	Canada	49.1931	-84.7589	America/Toronto
YHO	CYHO	Hopedale Airport	Hopedale	Canada	55.4483	-60.2286	America/Goose_Bay
YHP	CPV7	Poplar Hill Airport	Poplar Hill	Canada	52.1133	-94.2556	America/Winnipeg
YHR	CYHR	Chevery Airport	Chevery	Canada	50.4689	-59.6367	America/Puerto_Rico
YHT	CYHT	Haines Junction Airport	Haines Junction	Canada	60.7892	-137.5460	America/Whitehorse
YHU	CYHU	Montreal / Saint-Hubert Airport	Montreal	Canada	45.5175	-73.4169	America/Toronto
YHY	CYHY	Hay River / Merlyn Carter Airport	Hay River	Canada	60.8397	-115.7830	America/Edmonton
YHZ	CYHZ	Halifax / Stanfield International Airport	Halifax	Canada	44.8808	-63.5086	America/Halifax
YIA	WAHI	Yogyakarta International Airport	Yogyakarta	Indonesia	-7.9075	110.0545	Asia/Jakarta
YIB	CYIB	Atikokan Municipal Airport	Atikokan	Canada	48.7739	-91.6386	America/Panama
YIE	ZBES	Aershan Yiershi Airport	Arxan	China	47.3106	119.9119	Asia/Shanghai
YIF	CYIF	St Augustin Airport	St-Augustin	Canada	51.2117	-58.6583	America/Puerto_Rico
YIH	ZHYC	Yichang Airport	Yichang	China	30.5565	111.4800	Asia/Shanghai
YIK	CYIK	Ivujivik Airport	Ivujivik	Canada	62.4173	-77.9253	America/Iqaluit
YIN	ZWYN	Yining Airport	Yining	China	43.9558	81.3303	Asia/Shanghai
YIO	CYIO	Pond Inlet Airport	Pond Inlet	Canada	72.6833	-77.9667	America/Iqaluit
YIP	KYIP	Willow Run Airport	Detroit	United States	42.2379	-83.5304	America/Detroit
YIV	CYIV	Island Lake Airport	Island Lake	Canada	53.8572	-94.6536	America/Winnipeg
YIW	ZSYW	Yiwu Airport	Yiwu	China	29.3447	120.0320	Asia/Shanghai
YJA	CYJA	Jasper Airport	Jasper	Canada	52.9967	-118.0590	America/Edmonton
YJF	CYJF	Fort Liard Airport	Fort Liard	Canada	60.2358	-123.4690	America/Inuvik
YJM	CYJM	Fort St James Airport	Fort St. James	Canada	54.3972	-124.2630	America/Vancouver
YJN	CYJN	St Jean Airport	St Jean	Canada	45.2944	-73.2811	America/Toronto
YJS	ZKSE	Samjiyon Airport	Samjiyon	North Korea	41.9059	128.4100	Asia/Pyongyang
YJT	CYJT	Stephenville Airport	Stephenville	Canada	48.5442	-58.5500	America/St_Johns
YKA	CYKA	Kamloops Airport	Kamloops	Canada	50.7022	-120.4440	America/Vancouver
YKC	CYKC	Collins Bay Airport	Collins Bay	Canada	58.2361	-103.6780	America/Regina
YKF	CYKF	Waterloo Airport	Kitchener	Canada	43.4608	-80.3786	America/Toronto
YKG	CYAS	Kangirsuk Airport	Kangirsuk	Canada	60.0272	-69.9992	America/Toronto
YKH	ZYYK	Yingkou Lanqi Airport	Yingkou	China	40.5425	122.3586	Asia/Shanghai
YKJ	CYKJ	Key Lake Airport	Key Lake	Canada	57.2561	-105.6180	America/Regina
YKL	CYKL	Schefferville Airport	Schefferville	Canada	54.8053	-66.8053	America/Toronto
YKM	KYKM	Yakima Air Terminal McAllister Field	Yakima	United States	46.5682	-120.5440	America/Los_Angeles
YKN	KYKN	Chan Gurney Municipal Airport	Yankton	United States	42.9167	-97.3859	America/Chicago
YKO	LTCW	Hakkari Yuksekova Airport	Yuksekova	Turkey	37.5517	44.2336	Europe/Istanbul
YKQ	CYKQ	Waskaganish Airport	Waskaganish	Canada	51.4733	-78.7583	America/Iqaluit
YKS	UEEE	Yakutsk Airport	Yakutsk	Russia	62.0933	129.7710	Asia/Yakutsk
YKU	CSU2	Chisasibi Airport	Chisasibi	Canada	53.8056	-78.9169	America/Toronto
YKX	CYKX	Kirkland Lake Airport	Kirkland Lake	Canada	48.2103	-79.9814	America/Toronto
YKY	CYKY	Kindersley Airport	Kindersley	Canada	51.5175	-109.1810	America/Swift_Current
YKZ	CYKZ	Buttonville Municipal Airport	Toronto	Canada	43.8622	-79.3700	America/Toronto
YLB	CYLB	Lac La Biche Airport	Lac La Biche	Canada	54.7703	-112.0320	America/Edmonton
YLC	CYLC	Kimmirut Airport	Kimmirut	Canada	62.8500	-69.8833	America/Iqaluit
YLD	CYLD	Chapleau Airport	Chapleau	Canada	47.8200	-83.3467	America/Toronto
YLE	CEM3	Whati Airport	Whati	Canada	63.1317	-117.2460	America/Edmonton
YLG	YYAL	Yalgoo Airport	Yalgoo	Australia	-28.3553	116.6840	Australia/Perth
YLH	CYLH	Lansdowne House Airport	Lansdowne House	Canada	52.1956	-87.9342	America/Toronto
YLI	EFYL	Ylivieska Airport		Finland	64.0605	24.7160	Europe/Helsinki
YLJ	CYLJ	Meadow Lake Airport	Meadow Lake	Canada	54.1253	-108.5230	America/Swift_Current
YLK	CYLS	Lake Simcoe Regional Airport	Barrie-Orillia	Canada	44.4853	-79.5556	America/Toronto
YLL	CYLL	Lloydminster Airport	Lloydminster	Canada	53.3092	-110.0730	America/Edmonton
YLQ	CYLQ	La Tuque Airport	La Tuque	Canada	47.4097	-72.7889	America/Toronto
YLR	CYLR	Leaf Rapids Airport	Leaf Rapids	Canada	56.5133	-99.9853	America/Winnipeg
YLT	CYLT	Alert Airport	Alert	Canada	82.5178	-62.2806	America/Iqaluit
YLV	UBEE	Yevlakh Airport	Yevlakh	Azerbaijan	40.6319	47.1419	Asia/Baku
YLW	CYLW	Kelowna Airport	Kelowna	Canada	49.9561	-119.3780	America/Vancouver
YLX	ZGYL	Yulin Fumian Airport	Yulin	China	22.4381	110.1208	Asia/Shanghai
YLY	CYNJ	Langley Airport	Langley	Canada	49.1008	-122.6310	America/Vancouver
YMA	CYMA	Mayo Airport	Mayo	Canada	63.6164	-135.8680	America/Whitehorse
YME	CYME	Matane Airport	Matane	Canada	48.8569	-67.4533	America/Toronto
YMG	CYMG	Manitouwadge Airport	Manitouwadge	Canada	49.0839	-85.8606	America/Toronto
YMH	CYMH	Mary's Harbour Airport	Mary's Harbour	Canada	52.3028	-55.8472	America/St_Johns
YMJ	CYMJ	Moose Jaw Air Vice Marshal C. M. McEwen Airport	Moose Jaw	Canada	50.3303	-105.5590	America/Regina
YMK	USDK	Mys Kamenny Airport	Mys Kamennyi	Russia	68.4830	73.5670	Asia/Yekaterinburg
YML	CYML	Charlevoix Airport	Charlevoix	Canada	47.5975	-70.2239	America/Toronto
YMM	CYMM	Fort McMurray Airport	Fort McMurray	Canada	56.6533	-111.2220	America/Edmonton
YMN	CYFT	Makkovik Airport	Makkovik	Canada	55.0769	-59.1864	America/Goose_Bay
YMO	CYMO	Moosonee Airport	Moosonee	Canada	51.2911	-80.6078	America/Toronto
YMS	SPMS	Moises Benzaquen Rengifo Airport	Yurimaguas	Peru	-5.8938	-76.1182	America/Lima
YMT	CYMT	Chapais Airport	Chibougamau	Canada	49.7719	-74.5281	America/Toronto
YMW	CYMW	Maniwaki Airport	Maniwaki	Canada	46.2728	-75.9906	America/Toronto
YMX	CYMX	Montreal International (Mirabel) Airport	Montreal	Canada	45.6795	-74.0387	America/Toronto
YNA	CYNA	Natashquan Airport	Natashquan	Canada	50.1900	-61.7892	America/Puerto_Rico
YNB	OEYN	Yenbo Airport		Saudi Arabia	24.1442	38.0634	Asia/Riyadh
YNC	CYNC	Wemindji Airport	Wemindji	Canada	53.0106	-78.8311	America/Iqaluit
YND	CYND	Ottawa / Gatineau Airport	Gatineau	Canada	45.5217	-75.5636	America/Toronto
YNE	CYNE	Norway House Airport	Norway House	Canada	53.9583	-97.8442	America/Winnipeg
YNG	KYNG	Youngstown Warren Regional Airport	Youngstown/Warren	United States	41.2607	-80.6791	America/New_York
YNH	CYNH	Hudsons Hope Airport	Hudson's Hope	Canada	56.0356	-121.9760	America/Dawson_Creek
YNJ	ZYYJ	Yanji Chaoyangchuan Airport	Yanji	China	42.8828	129.4510	Asia/Shanghai
YNL	CYNL	Points North Landing Airport	Points North Landing	Canada	58.2767	-104.0820	America/Regina
YNM	CYNM	Matagami Airport	Matagami	Canada	49.7617	-77.8028	America/Toronto
YNN	CYNN	Nejanilini Lake Airport	Nejanilini Lake	Canada	59.4875	-97.7803	America/Winnipeg
YNO	CKQ3	North Spirit Lake Airport	North Spirit Lake	Canada	52.4900	-92.9711	America/Winnipeg
YNS	CYHH	Nemiscau Airport	Nemiscau	Canada	51.6911	-76.1356	America/Toronto
YNT	ZSYT	Yantai Laishan Airport	Yantai	China	37.4017	121.3720	Asia/Shanghai
YNX	CSK6	Snap Lake Airport	Snap Lake	Canada	63.5936	-110.9060	America/Edmonton
YNY	RKNY	Yangyang International Airport	Sokcho / Gangneung	South Korea	38.0613	128.6690	Asia/Seoul
YNZ	ZSYN	Yancheng Airport	Yancheng	China	33.4258	120.2031	Asia/Shanghai
YOA	CYOA	Ekati Airport	Ekati	Canada	64.6989	-110.6150	America/Edmonton
YOC	CYOC	Old Crow Airport	Old Crow	Canada	67.5706	-139.8390	America/Dawson
YOD	CYOD	CFB Cold Lake	Cold Lake	Canada	54.4050	-110.2790	America/Edmonton
YOG	CNT3	Ogoki Post Airport	Ogoki Post	Canada	51.6586	-85.9017	America/Toronto
YOH	CYOH	Oxford House Airport	Oxford House	Canada	54.9333	-95.2789	America/Winnipeg
YOJ	CYOJ	High Level Airport	High Level	Canada	58.6214	-117.1650	America/Edmonton
YOL	DNYO	Yola Airport	Yola	Nigeria	9.2576	12.4304	Africa/Lagos
YOO	CYOO	Oshawa Airport	Oshawa	Canada	43.9228	-78.8950	America/Toronto
YOP	CYOP	Rainbow Lake Airport	Rainbow Lake	Canada	58.4914	-119.4080	America/Edmonton
YOS	CYOS	Owen Sound / Billy Bishop Regional Airport	Owen Sound	Canada	44.5903	-80.8375	America/Toronto
YOT	LLYT	Yotvata Airfield	Yotvata	Israel	29.9062	35.0667	Asia/Jerusalem
YOW	CYOW	Ottawa Macdonald-Cartier International Airport	Ottawa	Canada	45.3225	-75.6692	America/Toronto
YPA	CYPA	Prince Albert Glass Field	Prince Albert	Canada	53.2142	-105.6730	America/Regina
YPC	CYPC	Paulatuk (Nora Aliqatchialuk Ruben) Airport	Paulatuk	Canada	69.3608	-124.0755	America/Inuvik
YPD	CNK4	Parry Sound Area Municipal Airport	Parry Sound	Canada	45.2575	-79.8297	America/Toronto
YPE	CYPE	Peace River Airport	Peace River	Canada	56.2269	-117.4470	America/Edmonton
YPG	CYPG	Southport Airport	Portage	Canada	49.9031	-98.2739	America/Winnipeg
YPH	CYPH	Inukjuak Airport	Inukjuak	Canada	58.4719	-78.0769	America/Toronto
YPJ	CYLA	Aupaluk Airport	Aupaluk	Canada	59.2967	-69.5997	America/Toronto
YPL	CYPL	Pickle Lake Airport	Pickle Lake	Canada	51.4464	-90.2142	America/Panama
YPM	CYPM	Pikangikum Airport	Pikangikum	Canada	51.8197	-93.9733	America/Winnipeg
YPN	CYPN	Port Menier Airport	Port-Menier	Canada	49.8364	-64.2886	America/Toronto
YPO	CYPO	Peawanuck Airport	Peawanuck	Canada	54.9881	-85.4433	America/Toronto
YPQ	CYPQ	Peterborough Airport	Peterborough	Canada	44.2300	-78.3633	America/Toronto
YPR	CYPR	Prince Rupert Airport	Prince Rupert	Canada	54.2861	-130.4450	America/Vancouver
YPS	CYPD	Port Hawkesbury Airport	Port Hawkesbury	Canada	45.6567	-61.3681	America/Glace_Bay
YPW	CYPW	Powell River Airport	Powell River	Canada	49.8342	-124.5000	America/Vancouver
YPX	CYPX	Puvirnituq Airport	Puvirnituq	Canada	60.0506	-77.2869	America/Iqaluit
YPY	CYPY	Fort Chipewyan Airport	Fort Chipewyan	Canada	58.7672	-111.1170	America/Edmonton
YPZ	CYPZ	Burns Lake Airport	Burns Lake	Canada	54.3764	-125.9510	America/Vancouver
YQA	CYQA	Muskoka Airport	Muskoka	Canada	44.9747	-79.3033	America/Toronto
YQB	CYQB	Quebec Jean Lesage International Airport	Quebec	Canada	46.7911	-71.3933	America/Toronto
YQC	CYHA	Quaqtaq Airport	Quaqtaq	Canada	61.0464	-69.6178	America/Iqaluit
YQD	CYQD	The Pas Airport	The Pas	Canada	53.9714	-101.0910	America/Winnipeg
YQF	CYQF	Red Deer Regional Airport	Red Deer	Canada	52.1822	-113.8940	America/Edmonton
YQG	CYQG	Windsor Airport	Windsor	Canada	42.2756	-82.9556	America/Toronto
YQH	CYQH	Watson Lake Airport	Watson Lake	Canada	60.1164	-128.8220	America/Whitehorse
YQI	CYQI	Yarmouth Airport	Yarmouth	Canada	43.8269	-66.0881	America/Halifax
YQK	CYQK	Kenora Airport	Kenora	Canada	49.7883	-94.3631	America/Winnipeg
YQL	CYQL	Lethbridge County Airport	Lethbridge	Canada	49.6303	-112.8000	America/Edmonton
YQM	CYQM	Greater Moncton International Airport	Moncton	Canada	46.1122	-64.6786	America/Moncton
YQN	CYQN	Nakina Airport	Nakina	Canada	50.1828	-86.6964	America/Toronto
YQQ	CYQQ	Comox Airport	Comox	Canada	49.7108	-124.8870	America/Vancouver
YQR	CYQR	Regina International Airport	Regina	Canada	50.4319	-104.6660	America/Regina
YQS	CYQS	St Thomas Municipal Airport	St Thomas	Canada	42.7700	-81.1108	America/Toronto
YQT	CYQT	Thunder Bay Airport	Thunder Bay	Canada	48.3719	-89.3239	America/Toronto
YQU	CYQU	Grande Prairie Airport	Grande Prairie	Canada	55.1797	-118.8850	America/Edmonton
YQV	CYQV	Yorkton Municipal Airport	Yorkton	Canada	51.2647	-102.4620	America/Regina
YQW	CYQW	North Battleford Airport	North Battleford	Canada	52.7692	-108.2440	America/Swift_Current
YQX	CYQX	Gander International Airport	Gander	Canada	48.9369	-54.5681	America/St_Johns
YQY	CYQY	Sydney / J.A. Douglas McCurdy Airport	Sydney	Canada	46.1614	-60.0478	America/Glace_Bay
YQZ	CYQZ	Quesnel Airport	Quesnel	Canada	53.0261	-122.5100	America/Vancouver
YRA	CYRA	Rae Lakes Airport	Gameti	Canada	64.1161	-117.3100	America/Edmonton
YRB	CYRB	Resolute Bay Airport	Resolute Bay	Canada	74.7169	-94.9694	America/Resolute
YRF	CYCA	Cartwright Airport	Cartwright	Canada	53.6828	-57.0419	America/Goose_Bay
YRG	CCZ2	Rigolet Airport	Rigolet	Canada	54.1797	-58.4575	America/Goose_Bay
YRI	CYRI	Riviere-du-Loup Airport	Riviere-du-Loup	Canada	47.7644	-69.5847	America/Toronto
YRJ	CYRJ	Roberval Airport	Roberval	Canada	48.5200	-72.2656	America/Toronto
YRL	CYRL	Red Lake Airport	Red Lake	Canada	51.0669	-93.7931	America/Winnipeg
YRM	CYRM	Rocky Mountain House Airport	Rocky Mountain House	Canada	52.4297	-114.9040	America/Edmonton
YRO	CYRO	Ottawa / Rockcliffe Airport	Ottawa	Canada	45.4603	-75.6461	America/Toronto
YRP	CYRP	Ottawa / Carp Airport	Carp	Canada	45.3192	-76.0222	America/Toronto
YRQ	CYRQ	Trois-Rivieres Airport	Trois-Rivieres	Canada	46.3528	-72.6794	America/Toronto
YRS	CYRS	Red Sucker Lake Airport	Red Sucker Lake	Canada	54.1672	-93.5572	America/Winnipeg
YRT	CYRT	Rankin Inlet Airport	Rankin Inlet	Canada	62.8114	-92.1158	America/Rankin_Inlet
YRV	CYRV	Revelstoke Airport	Revelstoke	Canada	50.9667	-118.1830	America/Vancouver
YSA	CSB2	Sable Island Landing Strip	Sable Island	Canada	43.9304	-59.9598	America/Halifax
YSB	CYSB	Sudbury Airport	Sudbury	Canada	46.6250	-80.7989	America/Toronto
YSC	CYSC	Sherbrooke Airport	Sherbrooke	Canada	45.4386	-71.6914	America/Toronto
YSE	CYSE	Squamish Airport	Squamish	Canada	49.7817	-123.1620	America/Vancouver
YSF	CYSF	Stony Rapids Airport	Stony Rapids	Canada	59.2503	-105.8410	America/Regina
YSG	CYLK	Lutselk'e Airport	Lutselk'e	Canada	62.4183	-110.6820	America/Edmonton
YSH	CYSH	Smiths Falls-Montague (Russ Beach) Airport	Smiths Falls	Canada	44.9458	-75.9406	America/Toronto
YSJ	CYSJ	Saint John Airport	Saint John	Canada	45.3161	-65.8903	America/Moncton
YSK	CYSK	Sanikiluaq Airport	Sanikiluaq	Canada	56.5378	-79.2467	America/Iqaluit
YSL	CYSL	St Leonard Airport	St Leonard	Canada	47.1575	-67.8347	America/Moncton
YSM	CYSM	Fort Smith Airport	Fort Smith	Canada	60.0203	-111.9620	America/Edmonton
YSN	CZAM	Salmon Arm Airport	Salmon Arm	Canada	50.6828	-119.2290	America/Vancouver
YSO	CCD4	Postville Airport	Postville	Canada	54.9106	-59.7867	America/Goose_Bay
YSP	CYSP	Marathon Airport	Marathon	Canada	48.7553	-86.3444	America/Toronto
YSQ	ZYSQ	Songyuan Chaganhu Airport	Songyuan	China	44.9381	124.5502	Asia/Shanghai
YST	CYST	St. Theresa Point Airport	St. Theresa Point	Canada	53.8456	-94.8519	America/Winnipeg
YSU	CYSU	Summerside Airport	Summerside	Canada	46.4406	-63.8336	America/Halifax
YSY	CYSY	Sachs Harbour (David Nasogaluak Jr. Saaryuaq) Airport	Sachs Harbour	Canada	71.9939	-125.2430	America/Inuvik
YTA	CYTA	Pembroke Airport	Pembroke	Canada	45.8644	-77.2517	America/Toronto
YTD	CZLQ	Thicket Portage Airport	Thicket Portage	Canada	55.3189	-97.7078	America/Winnipeg
YTE	CYTE	Cape Dorset Airport	Cape Dorset	Canada	64.2300	-76.5267	America/Iqaluit
YTF	CYTF	Alma Airport	Alma	Canada	48.5089	-71.6419	America/Toronto
YTH	CYTH	Thompson Airport	Thompson	Canada	55.8011	-97.8642	America/Winnipeg
YTL	CYTL	Big Trout Lake Airport	Big Trout Lake	Canada	53.8178	-89.8969	America/Winnipeg
YTM	CYFJ	La Macaza / Mont-Tremblant International Inc Airport	Riviere Rouge	Canada	46.4094	-74.7800	America/Toronto
YTQ	CYTQ	Tasiujaq Airport	Tasiujaq	Canada	58.6678	-69.9558	America/Toronto
YTR	CYTR	CFB Trenton	Trenton	Canada	44.1189	-77.5281	America/Toronto
YTS	CYTS	Timmins/Victor M. Power	Timmins	Canada	48.5697	-81.3767	America/Toronto
YTW	ZWYT	Yutian Wanfang Airport	Yutian	China	36.8108	81.7808	Asia/Shanghai
YTY	ZSYA	Yangzhou Taizhou Airport	Yangzhou	China	32.5634	119.7198	Asia/Shanghai
YTZ	CYTZ	Billy Bishop Toronto City Centre Airport	Toronto	Canada	43.6275	-79.3962	America/Toronto
YUB	CYUB	Tuktoyaktuk Airport	Tuktoyaktuk	Canada	69.4333	-133.0260	America/Inuvik
YUD	CYMU	Umiujaq Airport	Umiujaq	Canada	56.5361	-76.5183	America/Iqaluit
YUE	YYND	Yuendumu Airport		Australia	-22.2542	131.7820	Australia/Darwin
YUL	CYUL	Montreal / Pierre Elliott Trudeau International Airport	Montreal	Canada	45.4706	-73.7408	America/Toronto
YUM	KNYL	Yuma MCAS/Yuma International Airport	Yuma	United States	32.6566	-114.6060	America/Phoenix
YUS	ZYLS	Yushu Batang Airport	Yushu	China	32.8364	97.0364	Asia/Shanghai
YUT	CYUT	Repulse Bay Airport	Repulse Bay	Canada	66.5214	-86.2247	America/Rankin_Inlet
YUX	CYUX	Hall Beach Airport	Hall Beach	Canada	68.7761	-81.2436	America/Iqaluit
YUY	CYUY	Rouyn Noranda Airport	Rouyn-Noranda	Canada	48.2061	-78.8356	America/Toronto
YVA	FMCN	Iconi Airport	Moroni	Comoros	-11.7108	43.2439	Africa/Nairobi
YVB	CYVB	Bonaventure Airport	Bonaventure	Canada	48.0711	-65.4603	America/Toronto
YVC	CYVC	La Ronge Airport	La Ronge	Canada	55.1514	-105.2620	America/Regina
YVE	CYVK	Vernon Airport	Vernon	Canada	50.2481	-119.3310	America/Vancouver
YVG	CYVG	Vermilion Airport	Vermilion	Canada	53.3558	-110.8240	America/Edmonton
YVM	CYVM	Qikiqtarjuaq Airport	Qikiqtarjuaq	Canada	67.5458	-64.0314	America/Iqaluit
YVO	CYVO	Val-d'Or Airport	Val-d'Or	Canada	48.0533	-77.7828	America/Toronto
YVP	CYVP	Kuujjuaq Airport	Kuujjuaq	Canada	58.0961	-68.4269	America/Toronto
YVQ	CYVQ	Norman Wells Airport	Norman Wells	Canada	65.2816	-126.7980	America/Inuvik
YVR	CYVR	Vancouver International Airport	Vancouver	Canada	49.1939	-123.1840	America/Vancouver
YVT	CYVT	Buffalo Narrows Airport	Buffalo Narrows	Canada	55.8419	-108.4180	America/Swift_Current
YVV	CYVV	Wiarton Airport	Wiarton	Canada	44.7458	-81.1072	America/Toronto
YVZ	CYVZ	Deer Lake Airport	Deer Lake	Canada	52.6558	-94.0614	America/Winnipeg
YWA	CYWA	Petawawa Airport	Petawawa	Canada	45.9522	-77.3192	America/Toronto
YWB	CYKG	Kangiqsujuaq (Wakeham Bay) Airport	Kangiqsujuaq	Canada	61.5886	-71.9294	America/Toronto
YWG	CYWG	Winnipeg / James Armstrong Richardson International Airport	Winnipeg	Canada	49.9100	-97.2399	America/Winnipeg
YWH	CYWH	Victoria Inner Harbour Airport	Victoria	Canada	48.4228	-123.3875	America/Vancouver
YWJ	CYWJ	Deline Airport	Deline	Canada	65.2111	-123.4360	America/Inuvik
YWK	CYWK	Wabush Airport	Wabush	Canada	52.9219	-66.8644	America/Goose_Bay
YWL	CYWL	Williams Lake Airport	Williams Lake	Canada	52.1831	-122.0540	America/Vancouver
YWM	CCA6	Williams Harbour Airport	Williams Harbour	Canada	52.5669	-55.7847	America/St_Johns
YWP	CYWP	Webequie Airport	Webequie	Canada	52.9594	-87.3749	America/Toronto
YWY	CYWY	Wrigley Airport	Wrigley	Canada	63.2094	-123.4370	America/Inuvik
YXC	CYXC	Cranbrook Airport	Cranbrook	Canada	49.6108	-115.7820	America/Edmonton
YXD	CYXD	Edmonton City Centre (Blatchford Field) Airport	Edmonton	Canada	53.5725	-113.5210	America/Edmonton
YXE	CYXE	Saskatoon John G. Diefenbaker International Airport	Saskatoon	Canada	52.1708	-106.7000	America/Regina
YXH	CYXH	Medicine Hat Airport	Medicine Hat	Canada	50.0189	-110.7210	America/Edmonton
YXJ	CYXJ	Fort St John Airport	Fort St.John	Canada	56.2381	-120.7400	America/Dawson_Creek
YXK	CYXK	Rimouski Airport	Rimouski	Canada	48.4781	-68.4969	America/Toronto
YXL	CYXL	Sioux Lookout Airport	Sioux Lookout	Canada	50.1139	-91.9053	America/Winnipeg
YXN	CYXN	Whale Cove Airport	Whale Cove	Canada	62.2400	-92.5981	America/Rankin_Inlet
YXP	CYXP	Pangnirtung Airport	Pangnirtung	Canada	66.1450	-65.7136	America/Iqaluit
YXQ	CYXQ	Beaver Creek Airport	Beaver Creek	Canada	62.4103	-140.8670	America/Dawson
YXR	CYXR	Earlton (Timiskaming Regional) Airport	Earlton	Canada	47.6974	-79.8473	America/Toronto
YXS	CYXS	Prince George Airport	Prince George	Canada	53.8894	-122.6790	America/Vancouver
YXT	CYXT	Terrace Airport	Terrace	Canada	54.4685	-128.5760	America/Vancouver
YXU	CYXU	London Airport	London	Canada	43.0356	-81.1539	America/Toronto
YXX	CYXX	Abbotsford Airport	Abbotsford	Canada	49.0253	-122.3610	America/Los_Angeles
YXY	CYXY	Whitehorse / Erik Nielsen International Airport	Whitehorse	Canada	60.7096	-135.0670	America/Whitehorse
YXZ	CYXZ	Wawa Airport	Wawa	Canada	47.9667	-84.7867	America/Toronto
YYA	ZGYY	Yueyang Sanhe Airport	Yueyang	China	29.3140	113.2780	Asia/Shanghai
YYB	CYYB	North Bay Airport	North Bay	Canada	46.3636	-79.4228	America/Toronto
YYC	CYYC	Calgary International Airport	Calgary	Canada	51.1139	-114.0200	America/Edmonton
YYD	CYYD	Smithers Airport	Smithers	Canada	54.8247	-127.1830	America/Vancouver
YYE	CYYE	Fort Nelson Airport	Fort Nelson	Canada	58.8364	-122.5970	America/Fort_Nelson
YYF	CYYF	Penticton Airport	Penticton	Canada	49.4631	-119.6020	America/Vancouver
YYG	CYYG	Charlottetown Airport	Charlottetown	Canada	46.2900	-63.1211	America/Halifax
YYH	CYYH	Taloyoak Airport	Taloyoak	Canada	69.5467	-93.5767	America/Cambridge_Bay
YYJ	CYYJ	Victoria International Airport	Victoria	Canada	48.6469	-123.4260	America/Vancouver
YYL	CYYL	Lynn Lake Airport	Lynn Lake	Canada	56.8639	-101.0760	America/Winnipeg
YYM	CYYM	Cowley Airport	Cowley	Canada	49.6364	-114.0940	America/Edmonton
YYN	CYYN	Swift Current Airport	Swift Current	Canada	50.2919	-107.6910	America/Swift_Current
YYQ	CYYQ	Churchill Airport	Churchill	Canada	58.7392	-94.0650	America/Winnipeg
YYR	CYYR	Goose Bay Airport	Goose Bay	Canada	53.3192	-60.4258	America/Goose_Bay
YYT	CYYT	St. John's International Airport	St. John's	Canada	47.6186	-52.7519	America/St_Johns
YYU	CYYU	Kapuskasing Airport	Kapuskasing	Canada	49.4139	-82.4675	America/Toronto
YYW	CYYW	Armstrong Airport	Armstrong	Canada	50.2903	-88.9097	America/Toronto
YYY	CYYY	Mont Joli Airport	Mont-Joli	Canada	48.6086	-68.2081	America/Toronto
YYZ	CYYZ	Lester B. Pearson International Airport	Toronto	Canada	43.6772	-79.6306	America/Toronto
YZD	CYZD	Downsview Airport	Toronto	Canada	43.7425	-79.4656	America/Toronto
YZE	CYZE	Gore Bay Manitoulin Airport	Gore Bay	Canada	45.8853	-82.5678	America/Toronto
YZF	CYZF	Yellowknife Airport	Yellowknife	Canada	62.4628	-114.4400	America/Edmonton
YZG	CYZG	Salluit Airport	Salluit	Canada	62.1794	-75.6672	America/Toronto
YZH	CYZH	Slave Lake Airport	Slave Lake	Canada	55.2931	-114.7770	America/Edmonton
YZP	CYZP	Sandspit Airport	Sandspit	Canada	53.2543	-131.8140	America/Vancouver
YZR	CYZR	Chris Hadfield Airport	Sarnia	Canada	42.9994	-82.3089	America/Toronto
YZS	CYZS	Coral Harbour Airport	Coral Harbour	Canada	64.1933	-83.3594	America/Panama
YZT	CYZT	Port Hardy Airport	Port Hardy	Canada	50.6806	-127.3670	America/Vancouver
YZU	CYZU	Whitecourt Airport	Whitecourt	Canada	54.1439	-115.7870	America/Edmonton
YZV	CYZV	Sept-Iles Airport	Sept-Iles	Canada	50.2233	-66.2656	America/Toronto
YZW	CYZW	Teslin Airport	Teslin	Canada	60.1728	-132.7430	America/Whitehorse
YZX	CYZX	CFB Greenwood	Greenwood	Canada	44.9844	-64.9169	America/Halifax
YZY	CYZY	Mackenzie Airport	Mackenzie	Canada	55.3044	-123.1320	America/Vancouver
YZZ	CAD4	Trail Airport	Trail	Canada	49.0556	-117.6090	America/Vancouver
ZAC	CZAC	York Landing Airport	York Landing	Canada	56.0894	-96.0892	America/Winnipeg
ZAD	LDZD	Zemunik Airport	Zadar	Croatia	44.1083	15.3467	Europe/Belgrade
ZAG	LDZA	Zagreb Airport	Zagreb	Croatia	45.7429	16.0688	Europe/Belgrade
ZAH	OIZH	Zahedan International Airport	Zahedan	Iran	29.4757	60.9062	Asia/Tehran
ZAJ	OAZJ	Zaranj Airport	Zaranj	Afghanistan	30.9722	61.8658	Asia/Kabul
ZAL	SCVD	Pichoy Airport	Valdivia	Chile	-39.6500	-73.0861	America/Santiago
ZAM	RPMZ	Zamboanga International Airport	Zamboanga City	Philippines	6.9224	122.0600	Asia/Manila
ZAO	LFCC	Cahors-Lalbenque Airport	Cahors/Lalbenque	France	44.3514	1.4753	Europe/Paris
ZAR	DNZA	Zaria Airport	Zaria	Nigeria	11.1302	7.6858	Africa/Lagos
ZAT	ZPZT	Zhaotong Airport	Zhaotong	China	27.3256	103.7550	Asia/Shanghai
ZAZ	LEZG	Zaragoza Air Base	Zaragoza	Spain	41.6662	-1.0416	Europe/Madrid
ZBD	CZBB	Vancouver / Boundary Bay Airport	Boundary Bay	Canada	49.0742	-123.0120	America/Vancouver
ZBE	LKZA	Zabreh Ostrava Airport	Zabreh	Czechia	49.9283	18.0783	Europe/Prague
ZBF	CZBF	Bathurst Airport	Bathurst	Canada	47.6297	-65.7389	America/Moncton
ZBM	CZBM	Bromont (Roland Desourdy) Airport	Bromont	Canada	45.2908	-72.7414	America/Toronto
ZBO	YBWN	Bowen Airport		Australia	-20.0183	148.2150	Australia/Brisbane
ZBR	OIZC	Konarak Airport	Chabahar	Iran	25.4433	60.3821	Asia/Tehran
ZBY	VLSB	Sayaboury Airport	Sayaboury	Laos	19.2330	101.7330	Asia/Bangkok
ZCA	EDLA	Arnsberg-Menden Airport	Neheim-Husten	Germany	51.4839	7.8983	Europe/Berlin
ZCL	MMZC	General Leobardo C. Ruiz International Airport	Zacatecas	Mexico	22.8971	-102.6870	America/Mexico_City
ZCN	ETHC	Celle Airport		Germany	52.5912	10.0221	Europe/Berlin
ZCO	SCTC	Maquehue Airport	Temuco	Chile	-38.7668	-72.6371	America/Santiago
ZEC	FASC	Secunda Airport	Secunda	South Africa	-26.5241	29.1701	Africa/Johannesburg
ZEE	CZEE	Kelsey Airport	Kelsey	Canada	56.0375	-96.5097	America/Winnipeg
ZEL	CBBC	Bella Bella (Campbell Island) Airport	Bella Bella	Canada	52.1850	-128.1570	America/Vancouver
ZEM	CZEM	Eastmain River Airport	Eastmain River	Canada	52.2264	-78.5225	America/Iqaluit
ZER	VEZO	Zero Airport		India	27.5883	93.8281	Asia/Kolkata
ZFA	CZFA	Faro Airport	Faro	Canada	62.2075	-133.3760	America/Whitehorse
ZFD	CZFD	Fond-Du-Lac Airport	Fond-Du-Lac	Canada	59.3344	-107.1820	America/Swift_Current
ZFG	CZFG	Pukatawagan Airport	Pukatawagan	Canada	55.7492	-101.2660	America/Winnipeg
ZFL	ZWZS	Zhaosu Tianma Airport	Zhaosu	China	43.0898	81.2291	Asia/Shanghai
ZFM	CZFM	Fort Mcpherson Airport	Fort Mcpherson	Canada	67.4075	-134.8610	America/Inuvik
ZFN	CZFN	Tulita Airport	Tulita	Canada	64.9097	-125.5730	America/Inuvik
ZGF	CZGF	Grand Forks Airport	Grand Forks	Canada	49.0156	-118.4310	America/Los_Angeles
ZGI	CZGI	Gods River Airport	Gods River	Canada	54.8397	-94.0786	America/Winnipeg
ZGL	YSGW	South Galway Airport		Australia	-25.6833	142.1080	Australia/Brisbane
ZGM	FLNA	Ngoma Airport	Ngoma	Zambia	-15.9658	25.9333	Africa/Maputo
ZGR	CZGR	Little Grand Rapids Airport	Little Grand Rapids	Canada	52.0456	-95.4658	America/Winnipeg
ZGU	NVSQ	Gaua Island Airport	Gaua Island	Vanuatu	-14.2181	167.5870	Pacific/Efate
ZHA	ZGZJ	Zhanjiang Airport	Zhanjiang	China	21.2144	110.3580	Asia/Shanghai
ZHI	LSZG	Grenchen Airport		Switzerland	47.1816	7.4172	Europe/Zurich
ZHM	VGSH	Shamshernagar Airport	Shamshernagar	Bangladesh	24.4170	91.8830	Asia/Dhaka
ZHP	CZHP	High Prairie Airport	High Prairie	Canada	55.3936	-116.4750	America/Edmonton
ZHY	ZLZW	Zhongwei Shapotou Airport	Zhongwei	China	37.5728	105.1544	Asia/Shanghai
ZHZ	EDAQ	Halle-Oppin Airport	Oppin	Germany	51.5522	12.0539	Europe/Berlin
ZIA	UUBW	Ramenskoye Airport	Zhukovsky	Russia	55.5533	38.1500	Europe/Moscow
ZIC	SCTO	Victoria Airport	Victoria	Chile	-38.2456	-72.3486	America/Santiago
ZIG	GOGG	Ziguinchor Airport	Ziguinchor	Senegal	12.5556	-16.2818	Africa/Abidjan
ZIH	MMZH	Ixtapa Zihuatanejo International Airport	Ixtapa	Mexico	17.6016	-101.4610	America/Mexico_City
ZIN	LSMI	Interlaken Air Base		Switzerland	46.6766	7.8791	Europe/Zurich
ZIX	UEVV	Zhigansk Airport	Zhigansk	Russia	66.7965	123.3610	Asia/Yakutsk
ZJG	CZJG	Jenpeg Airport	Jenpeg	Canada	54.5189	-98.0461	America/Winnipeg
ZJI	LSZL	Locarno Airport		Switzerland	46.1608	8.8786	Europe/Zurich
ZJN	CZJN	Swan River Airport	Swan River	Canada	52.1206	-101.2360	America/Winnipeg
ZKB	FLKY	Kasaba Bay Airport	Kasaba Bay	Zambia	-8.5250	30.6630	Africa/Maputo
ZKE	CZKE	Kashechewan Airport	Kashechewan	Canada	52.2825	-81.6778	America/Toronto
ZKG	CTK6	Kegaska Airport	Kegaska	Canada	50.1958	-61.2658	America/Puerto_Rico
ZKM	FOOS	Sette Cama Airport	Sette Cama	Gabon	-2.5330	9.7670	Africa/Lagos
ZKP	UESU	Zyryanka Airport	Zyryanka	Russia	65.7367	150.7050	Asia/Srednekolymsk
ZLO	MMZO	Playa De Oro International Airport	Manzanillo	Mexico	19.1448	-104.5590	America/Mexico_City
ZLR	SCLN	Municipal de Linares Airport	Linares	Chile	-35.8617	-71.5486	America/Santiago
ZLT	CTU5	La Tabatiere Airport	La Tabatiere	Canada	50.8308	-58.9756	America/Puerto_Rico
ZLX	HSZA	Zalingei Airport	Zalingei	Sudan	12.9000	23.4830	Africa/Khartoum
ZMG	EDBM	Magdeburg Airport	Magdeburg	Germany	52.0736	11.6264	Europe/Berlin
ZMH	CZML	South Cariboo Region / 108 Mile Airport	108 Mile	Canada	51.7361	-121.3330	America/Vancouver
ZMM	MMZM	Zamora Airport		Mexico	20.0450	-102.2760	America/Mexico_City
ZMT	CZMT	Masset Airport	Masset	Canada	54.0275	-132.1250	America/Vancouver
ZND	DRZR	Zinder Airport	Zinder	Niger	13.7790	8.9838	Africa/Lagos
ZNE	YNWN	Newman Airport	Newman	Australia	-23.4178	119.8030	Australia/Perth
ZNF	ETID	Hanau Army Air Field		Germany	50.1692	8.9616	Europe/Berlin
ZNG	CZNG	Poplar River Airport	Poplar River	Canada	53.0000	-97.2667	America/Winnipeg
ZNV	EDRK	Koblenz-Winningen Airport	Koblenz	Germany	50.3256	7.5286	Europe/Berlin
ZNZ	HTZA	Zanzibar Airport	Kiembi Samaki	Tanzania	-6.2220	39.2249	Africa/Nairobi
ZOJ	EDLM	Marl-Loemuhle Airport	Marl	Germany	51.6472	7.1633	Europe/Berlin
ZOS	SCJO	Canal Bajo Carlos - Hott Siebert Airport	Osorno	Chile	-40.6112	-73.0610	America/Santiago
ZOW	EDWN	Nordhorn-Lingen Airport	Klausheide	Germany	52.4575	7.1822	Europe/Berlin
ZPB	CZPB	Sachigo Lake Airport	Sachigo Lake	Canada	53.8911	-92.1964	America/Winnipeg
ZPC	SCPC	Pucon Airport	Pucon	Chile	-39.2928	-71.9159	America/Santiago
ZPH	KZPH	Zephyrhills Municipal Airport	Zephyrhills	United States	28.2282	-82.1559	America/New_York
ZPO	CZPO	Pinehouse Lake Airport	Pinehouse Lake	Canada	55.5281	-106.5820	America/Regina
ZPQ	ETHE	Rheine Bentlage Airport		Germany	52.2912	7.3870	Europe/Berlin
ZQC	EDRY	Speyer Airport	Speyer	Germany	49.3047	8.4514	Europe/Berlin
ZQF	EDRT	Trier-Fohren Airport	Trier	Germany	49.8639	6.7875	Europe/Berlin
ZQL	EDTD	Donaueschingen-Villingen Airport	Donaueschingen	Germany	47.9733	8.5222	Europe/Berlin
ZQN	NZQN	Queenstown International Airport	Queenstown	New Zealand	-45.0211	168.7390	Pacific/Auckland
ZQW	EDRZ	Zweibrucken Airport	Zweibrucken	Germany	49.2094	7.4006	Europe/Berlin
ZRE	LYZR	Zrenjanin Airport	Zrenjanin	Serbia	45.3398	20.4541	Europe/Belgrade
ZRH	LSZH	Zurich Airport	Zurich	Switzerland	47.4647	8.5492	Europe/Zurich
ZRI	WABO	Serui Airport	Serui-Japen Island	Indonesia	-1.8756	136.2410	Asia/Jayapura
ZRJ	CZRJ	Round Lake (Weagamow Lake) Airport	Round Lake	Canada	52.9436	-91.3128	America/Winnipeg
ZRM	WAJI	Sarmi Airport	Sarmi-Papua Island	Indonesia	-1.8695	138.7500	Asia/Jayapura
ZSA	MYSM	San Salvador Airport	San Salvador	Bahamas	24.0633	-74.5240	America/Toronto
ZSE	FMEP	Pierrefonds Airport	St Pierre	Réunion	-21.3209	55.4250	Asia/Dubai
ZSJ	CZSJ	Sandy Lake Airport	Sandy Lake	Canada	53.0642	-93.3444	America/Winnipeg
ZSP	CEW3	St. Paul Airport	St. Paul	Canada	53.9933	-111.3800	America/Edmonton
ZSS	DISS	Sassandra Airport	Sassandra	Côte d'Ivoire	4.9283	-6.1328	Africa/Abidjan
ZST	CZST	Stewart Airport	Stewart	Canada	55.9354	-129.9824	America/Vancouver
ZTA	NTGY	Tureia Airport		French Polynesia	-20.7897	-138.5700	Pacific/Tahiti
ZTB	CTB6	Tete-a-la-Baleine Airport	Tete-a-la-Baleine	Canada	50.6744	-59.3836	America/Puerto_Rico
ZTH	LGZA	Dionysios Solomos Airport	Zakynthos Island	Greece	37.7509	20.8843	Europe/Athens
ZTM	CZTM	Shamattawa Airport	Shamattawa	Canada	55.8656	-92.0814	America/Winnipeg
ZTR	UKKV	Zhytomyr Airport		Ukraine	50.2706	28.7386	Europe/Kyiv
ZTU	UBBY	Zaqatala International Airport	Zaqatala	Azerbaijan	41.5622	46.6672	Asia/Baku
ZUC	CZUC	Ignace Municipal Airport	Ignace	Canada	49.4297	-91.7178	America/Winnipeg
ZUD	SCAC	Pupelde Airport	Ancud	Chile	-41.9039	-73.7967	America/Santiago
ZUH	ZGSD	Zhuhai Airport	Zhuhai	China	22.0064	113.3760	Asia/Shanghai
ZUL	OEZL	Zilfi Airport	Zilfi	Saudi Arabia	26.3500	44.8330	Asia/Riyadh
ZUM	CZUM	Churchill Falls Airport	Churchill Falls	Canada	53.5619	-64.1064	America/Goose_Bay
ZVA	FMMN	Miandrivazo Airport		Madagascar	-19.5628	45.4508	Africa/Nairobi
ZVK	VLSK	Savannakhet Airport		Laos	16.5566	104.7600	Asia/Bangkok
ZWA	FMND	Andapa Airport		Madagascar	-14.6517	49.6206	Africa/Nairobi
ZWH	CZWH	Lac Brochet Airport	Lac Brochet	Canada	58.6175	-101.4690	America/Winnipeg
ZWK	EPSU	Suwalki Airport	Suwalki	Poland	54.0728	22.8992	Europe/Warsaw
ZWL	CZWL	Wollaston Lake Airport	Wollaston Lake	Canada	58.1069	-103.1720	America/Regina
ZXB	ENJA	Jan Mayen Jan Mayensfield		Norway	70.9611	-8.5758	Europe/Berlin
ZYI	ZUZY	Zunyi Xinzhou Airport	Zunyi	China	27.5895	107.0007	Asia/Shanghai
ZYL	VGSY	Osmany International Airport	Sylhet	Bangladesh	24.9632	91.8668	Asia/Dhaka
ZZE	UBBZ	Zangilan International Airport	Zangilan	Azerbaijan	39.0944	46.7341	Asia/Baku
ZZO	UHSO	Zonalnoye Airport	Tymovskoye	Russia	50.6692	142.7610	Asia/Sakhalin
ZZU	FWUU	Mzuzu Airport	Mzuzu	Malawi	-11.4447	34.0118	Africa/Maputo
ZZV	KZZV	Zanesville Municipal Airport	Zanesville	United States	39.9444	-81.8921	America/New_York
