# Cities of 100,000+ people and all capitals, from GeoNames (geonames.org), CC BY 4.0.
# Built by scripts/build_city_list.py; do not edit by hand.
C	AD	Andorra
C	AE	United Arab Emirates
C	AF	Afghanistan
C	AG	Antigua and Barbuda
C	AI	Anguilla
C	AL	Albania
C	AM	Armenia
C	AO	Angola
C	AR	Argentina
C	AS	American Samoa
C	AT	Austria
C	AU	Australia
C	AW	Aruba
C	AX	Aland Islands
C	AZ	Azerbaijan
C	BA	Bosnia and Herzegovina
C	BB	Barbados
C	BD	Bangladesh
C	BE	Belgium
C	BF	Burkina Faso
C	BG	Bulgaria
C	BH	Bahrain
C	BI	Burundi
C	BJ	Benin
C	BL	Saint Barthelemy
C	BM	Bermuda
C	BN	Brunei
C	BO	Bolivia
C	BQ	Bonaire, Saint Eustatius and Saba 
C	BR	Brazil
C	BS	Bahamas
C	BT	Bhutan
C	BW	Botswana
C	BY	Belarus
C	BZ	Belize
C	CA	Canada
C	CC	Cocos Islands
C	CD	Democratic Republic of the Congo
C	CF	Central African Republic
C	CG	Republic of the Congo
C	CH	Switzerland
C	CI	Ivory Coast
C	CK	Cook Islands
C	CL	Chile
C	CM	Cameroon
C	CN	China
C	CO	Colombia
C	CR	Costa Rica
C	CU	Cuba
C	CV	Cabo Verde
C	CW	Curacao
C	CX	Christmas Island
C	CY	Cyprus
C	CZ	Czechia
C	DE	Germany
C	DJ	Djibouti
C	DK	Denmark
C	DM	Dominica
C	DO	Dominican Republic
C	DZ	Algeria
C	EC	Ecuador
C	EE	Estonia
C	EG	Egypt
C	EH	Western Sahara
C	ER	Eritrea
C	ES	Spain
C	ET	Ethiopia
C	FI	Finland
C	FJ	Fiji
C	FK	Falkland Islands
C	FM	Micronesia
C	FO	Faroe Islands
C	FR	France
C	GA	Gabon
C	GB	United Kingdom
C	GD	Grenada
C	GE	Georgia
C	GF	French Guiana
C	GG	Guernsey
C	GH	Ghana
C	GI	Gibraltar
C	GL	Greenland
C	GM	Gambia
C	GN	Guinea
C	GP	Guadeloupe
C	GQ	Equatorial Guinea
C	GR	Greece
C	GS	South Georgia and the South Sandwich Islands
C	GT	Guatemala
C	GU	Guam
C	GW	Guinea-Bissau
C	GY	Guyana
C	HK	Hong Kong
C	HN	Honduras
C	HR	Croatia
C	HT	Haiti
C	HU	Hungary
C	ID	Indonesia
C	IE	Ireland
C	IL	Israel
C	IM	Isle of Man
C	IN	India
C	IQ	Iraq
C	IR	Iran
C	IS	Iceland
C	IT	Italy
C	JE	Jersey
C	JM	Jamaica
C	JO	Jordan
C	JP	Japan
C	KE	Kenya
C	KG	Kyrgyzstan
C	KH	Cambodia
C	KI	Kiribati
C	KM	Comoros
C	KN	Saint Kitts and Nevis
C	KP	North Korea
C	KR	South Korea
C	KW	Kuwait
C	KY	Cayman Islands
C	KZ	Kazakhstan
C	LA	Laos
C	LB	Lebanon
C	LC	Saint Lucia
C	LI	Liechtenstein
C	LK	Sri Lanka
C	LR	Liberia
C	LS	Lesotho
C	LT	Lithuania
C	LU	Luxembourg
C	LV	Latvia
C	LY	Libya
C	MA	Morocco
C	MC	Monaco
C	MD	Moldova
C	ME	Montenegro
C	MF	Saint Martin
C	MG	Madagascar
C	MH	Marshall Islands
C	MK	North Macedonia
C	ML	Mali
C	MM	Myanmar
C	MN	Mongolia
C	MO	Macao
C	MP	Northern Mariana Islands
C	MQ	Martinique
C	MR	Mauritania
C	MS	Montserrat
C	MT	Malta
C	MU	Mauritius
C	MV	Maldives
C	MW	Malawi
C	MX	Mexico
C	MY	Malaysia
C	MZ	Mozambique
C	NA	Namibia
C	NC	New Caledonia
C	NE	Niger
C	NF	Norfolk Island
C	NG	Nigeria
C	NI	Nicaragua
C	NL	The Netherlands
C	NO	Norway
C	NP	Nepal
C	NR	Nauru
C	NU	Niue
C	NZ	New Zealand
C	OM	Oman
C	PA	Panama
C	PE	Peru
C	PF	French Polynesia
C	PG	Papua New Guinea
C	PH	Philippines
C	PK	Pakistan
C	PL	Poland
C	PM	Saint Pierre and Miquelon
C	PN	Pitcairn
C	PR	Puerto Rico
C	PS	Palestinian Territory
C	PT	Portugal
C	PW	Palau
C	PY	Paraguay
C	QA	Qatar
C	RE	Reunion
C	RO	Romania
C	RS	Serbia
C	RU	Russia
C	RW	Rwanda
C	SA	Saudi Arabia
C	SB	Solomon Islands
C	SC	Seychelles
C	SD	Sudan
C	SE	Sweden
C	SG	Singapore
C	SH	Saint Helena
C	SI	Slovenia
C	SJ	Svalbard and Jan Mayen
C	SK	Slovakia
C	SL	Sierra Leone
C	SM	San Marino
C	SN	Senegal
C	SO	Somalia
C	SR	Suriname
C	SS	South Sudan
C	ST	Sao Tome and Principe
C	SV	El Salvador
C	SX	Sint Maarten
C	SY	Syria
C	SZ	Eswatini
C	TC	Turks and Caicos Islands
C	TD	Chad
C	TF	French Southern Territories
C	TG	Togo
C	TH	Thailand
C	TJ	Tajikistan
C	TL	Timor Leste
C	TM	Turkmenistan
C	TN	Tunisia
C	TO	Tonga
C	TR	Turkey
C	TT	Trinidad and Tobago
C	TV	Tuvalu
C	TW	Taiwan
C	TZ	Tanzania
C	UA	Ukraine
C	UG	Uganda
C	US	United States
C	UY	Uruguay
C	UZ	Uzbekistan
C	VA	Vatican
C	VC	Saint Vincent and the Grenadines
C	VE	Venezuela
C	VG	British Virgin Islands
C	VI	U.S. Virgin Islands
C	VN	Vietnam
C	VU	Vanuatu
C	WF	Wallis and Futuna
C	WS	Samoa
C	XK	Kosovo
C	YE	Yemen
C	YT	Mayotte
C	ZA	South Africa
C	ZM	Zambia
C	ZW	Zimbabwe
A	BR.07	Federal District
A	BR.23	Rio Grande do Sul
A	BR.26	Santa Catarina
A	BR.29	Goiás
A	CN.01	Anhui
A	CN.02	Zhejiang
A	CN.03	Jiangxi
A	CN.04	Jiangsu
A	CN.05	Jilin
A	CN.06	Qinghai
A	CN.07	Fujian
A	CN.08	Heilongjiang
A	CN.09	Henan
A	CN.10	Hebei
A	CN.11	Hunan
A	CN.12	Hubei
A	CN.16	Guangxi
A	CN.19	Liaoning
A	CN.20	Inner Mongolia
A	CN.23	Shanghai
A	CN.24	Shanxi
A	CN.25	Shandong
A	CN.29	Yunnan
A	CN.30	Guangdong
A	CN.31	Hainan
A	CN.33	Chongqing
A	CO.29	Valle del Cauca Department
A	HN.01	Atlántida Department
A	ID.10	Yogyakarta
A	ID.30	West Java
A	IR.33	East Azerbaijan
A	IR.42	Razavi Khorasan
A	JP.10	Gunma
A	JP.40	Tokyo
A	KE.22	Kiambu County
A	KE.38	Murang'A
A	MX.06	Chihuahua
A	MX.09	Mexico City
A	MX.19	Nuevo León
A	MX.32	Zacatecas
A	PH.05	Bicol Region
A	PH.06	Western Visayas
A	PH.07	Central Visayas
A	PK.04	Punjab
A	US.AZ	Arizona
A	US.CA	California
A	US.CO	Colorado
A	US.GA	Georgia
A	US.IL	Illinois
A	US.KS	Kansas
A	US.MA	Massachusetts
A	US.MN	Minnesota
A	US.MO	Missouri
A	US.NY	New York
A	US.OH	Ohio
A	US.SC	South Carolina
A	US.TX	Texas
A	US.VA	Virginia
Z	Africa/Abidjan
Z	Africa/Accra
Z	Africa/Addis_Ababa
Z	Africa/Algiers
Z	Africa/Asmara
Z	Africa/Bamako
Z	Africa/Bangui
Z	Africa/Banjul
Z	Africa/Bissau
Z	Africa/Blantyre
Z	Africa/Brazzaville
Z	Africa/Bujumbura
Z	Africa/Cairo
Z	Africa/Casablanca
Z	Africa/Conakry
Z	Africa/Dakar
Z	Africa/Dar_es_Salaam
Z	Africa/Djibouti
Z	Africa/Douala
Z	Africa/El_Aaiun
Z	Africa/Freetown
Z	Africa/Gaborone
Z	Africa/Harare
Z	Africa/Johannesburg
Z	Africa/Juba
Z	Africa/Kampala
Z	Africa/Khartoum
Z	Africa/Kigali
Z	Africa/Kinshasa
Z	Africa/Lagos
Z	Africa/Libreville
Z	Africa/Lome
Z	Africa/Luanda
Z	Africa/Lubumbashi
Z	Africa/Lusaka
Z	Africa/Malabo
Z	Africa/Maputo
Z	Africa/Maseru
Z	Africa/Mbabane
Z	Africa/Mogadishu
Z	Africa/Monrovia
Z	Africa/Nairobi
Z	Africa/Ndjamena
Z	Africa/Niamey
Z	Africa/Nouakchott
Z	Africa/Ouagadougou
Z	Africa/Porto-Novo
Z	Africa/Sao_Tome
Z	Africa/Tripoli
Z	Africa/Tunis
Z	Africa/Windhoek
Z	America/Anchorage
Z	America/Anguilla
Z	America/Antigua
Z	America/Araguaina
Z	America/Argentina/Buenos_Aires
Z	America/Argentina/Catamarca
Z	America/Argentina/Cordoba
Z	America/Argentina/Jujuy
Z	America/Argentina/La_Rioja
Z	America/Argentina/Mendoza
Z	America/Argentina/Salta
Z	America/Argentina/San_Juan
Z	America/Argentina/San_Luis
Z	America/Argentina/Tucuman
Z	America/Aruba
Z	America/Asuncion
Z	America/Bahia
Z	America/Barbados
Z	America/Belem
Z	America/Belize
Z	America/Boa_Vista
Z	America/Bogota
Z	America/Boise
Z	America/Campo_Grande
Z	America/Cancun
Z	America/Caracas
Z	America/Cayenne
Z	America/Cayman
Z	America/Chicago
Z	America/Chihuahua
Z	America/Ciudad_Juarez
Z	America/Costa_Rica
Z	America/Cuiaba
Z	America/Curacao
Z	America/Denver
Z	America/Detroit
Z	America/Dominica
Z	America/Edmonton
Z	America/El_Salvador
Z	America/Fortaleza
Z	America/Glace_Bay
Z	America/Grand_Turk
Z	America/Grenada
Z	America/Guadeloupe
Z	America/Guatemala
Z	America/Guayaquil
Z	America/Guyana
Z	America/Halifax
Z	America/Havana
Z	America/Hermosillo
Z	America/Indiana/Indianapolis
Z	America/Jamaica
Z	America/Kentucky/Louisville
Z	America/Kralendijk
Z	America/La_Paz
Z	America/Lima
Z	America/Los_Angeles
Z	America/Lower_Princes
Z	America/Maceio
Z	America/Managua
Z	America/Manaus
Z	America/Marigot
Z	America/Martinique
Z	America/Matamoros
Z	America/Mazatlan
Z	America/Merida
Z	America/Mexico_City
Z	America/Miquelon
Z	America/Monterrey
Z	America/Montevideo
Z	America/Montserrat
Z	America/Nassau
Z	America/New_York
Z	America/Nuuk
Z	America/Panama
Z	America/Paramaribo
Z	America/Phoenix
Z	America/Port-au-Prince
Z	America/Port_of_Spain
Z	America/Porto_Velho
Z	America/Puerto_Rico
Z	America/Punta_Arenas
Z	America/Recife
Z	America/Regina
Z	America/Rio_Branco
Z	America/Santarem
Z	America/Santiago
Z	America/Santo_Domingo
Z	America/Sao_Paulo
Z	America/St_Barthelemy
Z	America/St_Johns
Z	America/St_Kitts
Z	America/St_Lucia
Z	America/St_Thomas
Z	America/St_Vincent
Z	America/Tegucigalpa
Z	America/Tijuana
Z	America/Toronto
Z	America/Tortola
Z	America/Vancouver
Z	America/Winnipeg
Z	Arctic/Longyearbyen
Z	Asia/Aden
Z	Asia/Almaty
Z	Asia/Amman
Z	Asia/Aqtau
Z	Asia/Aqtobe
Z	Asia/Ashgabat
Z	Asia/Atyrau
Z	Asia/Baghdad
Z	Asia/Bahrain
Z	Asia/Baku
Z	Asia/Bangkok
Z	Asia/Barnaul
Z	Asia/Beirut
Z	Asia/Bishkek
Z	Asia/Brunei
Z	Asia/Chita
Z	Asia/Colombo
Z	Asia/Damascus
Z	Asia/Dhaka
Z	Asia/Dili
Z	Asia/Dubai
Z	Asia/Dushanbe
Z	Asia/Gaza
Z	Asia/Hebron
Z	Asia/Ho_Chi_Minh
Z	Asia/Hong_Kong
Z	Asia/Irkutsk
Z	Asia/Jakarta
Z	Asia/Jayapura
Z	Asia/Jerusalem
Z	Asia/Kabul
Z	Asia/Kamchatka
Z	Asia/Karachi
Z	Asia/Kathmandu
Z	Asia/Kolkata
Z	Asia/Krasnoyarsk
Z	Asia/Kuala_Lumpur
Z	Asia/Kuching
Z	Asia/Kuwait
Z	Asia/Macau
Z	Asia/Makassar
Z	Asia/Manila
Z	Asia/Muscat
Z	Asia/Nicosia
Z	Asia/Novokuznetsk
Z	Asia/Novosibirsk
Z	Asia/Omsk
Z	Asia/Oral
Z	Asia/Phnom_Penh
Z	Asia/Pontianak
Z	Asia/Pyongyang
Z	Asia/Qatar
Z	Asia/Qostanay
Z	Asia/Qyzylorda
Z	Asia/Riyadh
Z	Asia/Sakhalin
Z	Asia/Samarkand
Z	Asia/Seoul
Z	Asia/Shanghai
Z	Asia/Singapore
Z	Asia/Taipei
Z	Asia/Tashkent
Z	Asia/Tbilisi
Z	Asia/Tehran
Z	Asia/Thimphu
Z	Asia/Tokyo
Z	Asia/Tomsk
Z	Asia/Ulaanbaatar
Z	Asia/Urumqi
Z	Asia/Vientiane
Z	Asia/Vladivostok
Z	Asia/Yakutsk
Z	Asia/Yangon
Z	Asia/Yekaterinburg
Z	Asia/Yerevan
Z	Atlantic/Bermuda
Z	Atlantic/Canary
Z	Atlantic/Cape_Verde
Z	Atlantic/Faroe
Z	Atlantic/Madeira
Z	Atlantic/Reykjavik
Z	Atlantic/South_Georgia
Z	Atlantic/St_Helena
Z	Atlantic/Stanley
Z	Australia/Adelaide
Z	Australia/Brisbane
Z	Australia/Darwin
Z	Australia/Hobart
Z	Australia/Melbourne
Z	Australia/Perth
Z	Australia/Sydney
Z	Europe/Amsterdam
Z	Europe/Andorra
Z	Europe/Astrakhan
Z	Europe/Athens
Z	Europe/Belgrade
Z	Europe/Berlin
Z	Europe/Bratislava
Z	Europe/Brussels
Z	Europe/Bucharest
Z	Europe/Budapest
Z	Europe/Chisinau
Z	Europe/Copenhagen
Z	Europe/Dublin
Z	Europe/Gibraltar
Z	Europe/Guernsey
Z	Europe/Helsinki
Z	Europe/Isle_of_Man
Z	Europe/Istanbul
Z	Europe/Jersey
Z	Europe/Kaliningrad
Z	Europe/Kirov
Z	Europe/Kyiv
Z	Europe/Lisbon
Z	Europe/Ljubljana
Z	Europe/London
Z	Europe/Luxembourg
Z	Europe/Madrid
Z	Europe/Malta
Z	Europe/Mariehamn
Z	Europe/Minsk
Z	Europe/Monaco
Z	Europe/Moscow
Z	Europe/Oslo
Z	Europe/Paris
Z	Europe/Podgorica
Z	Europe/Prague
Z	Europe/Riga
Z	Europe/Rome
Z	Europe/Samara
Z	Europe/San_Marino
Z	Europe/Sarajevo
Z	Europe/Saratov
Z	Europe/Simferopol
Z	Europe/Skopje
Z	Europe/Sofia
Z	Europe/Stockholm
Z	Europe/Tallinn
Z	Europe/Tirane
Z	Europe/Ulyanovsk
Z	Europe/Vaduz
Z	Europe/Vatican
Z	Europe/Vienna
Z	Europe/Vilnius
Z	Europe/Volgograd
Z	Europe/Warsaw
Z	Europe/Zagreb
Z	Europe/Zurich
Z	Indian/Antananarivo
Z	Indian/Christmas
Z	Indian/Cocos
Z	Indian/Comoro
Z	Indian/Kerguelen
Z	Indian/Mahe
Z	Indian/Maldives
Z	Indian/Mauritius
Z	Indian/Mayotte
Z	Indian/Reunion
Z	Pacific/Apia
Z	Pacific/Auckland
Z	Pacific/Efate
Z	Pacific/Fiji
Z	Pacific/Funafuti
Z	Pacific/Guadalcanal
Z	Pacific/Guam
Z	Pacific/Honolulu
Z	Pacific/Majuro
Z	Pacific/Nauru
Z	Pacific/Niue
Z	Pacific/Norfolk
Z	Pacific/Noumea
Z	Pacific/Pago_Pago
Z	Pacific/Palau
Z	Pacific/Pitcairn
Z	Pacific/Pohnpei
Z	Pacific/Port_Moresby
Z	Pacific/Rarotonga
Z	Pacific/Saipan
Z	Pacific/Tahiti
Z	Pacific/Tarawa
Z	Pacific/Tongatapu
Z	Pacific/Wallis
P	Shanghai		CN		31.22	121.46	24874500	211	Gaa Ding|Ka Ting|San'nkae|Sanchajus|Sangaj|Sangay|Sanghaj|Sanghay|Sanhaja|Sanhajo|Sanxay|Schanghai|Seung hoi|Shang-hai-shih|Shangai|Shangaj|Shanghai City|Shankhaj|Shanxay|Sheung Hoi|Sjanghae|Sjanghai|Szanghaj|Thuong Hai|Xangai
P	Chongqing		CN		29.56	106.56	22000000	211	Cchung-cching|Ch'ung-ch'ing|Ch'ung-ch'ing-shih|Chongking|Chongqing - zhong qing|Chongqing Shi|Chuncin|Chungking|Congcing|Congcingas|Congcingo|Csungking|Cuncjina|Cunkinq|Pa-hsien|Trung Khanh|Tshung-khin|Tsjoengking|Yu-chou|Yuzhou
P	Chengdu		CN		30.67	104.07	20937757	211	Ccheng-tu|Cendu|Cengdu|Cengduo|Ch'eng-tu|Ch'eng-tu-hsien|Ch'eng-tu-shih|Chehndu|Chendu|Chengdu Shi|Chundu|Csengtu|Cwngzduh|Hua-yang|Sang-tu-su|Seng-to-chhi|Sing-du|Thanh Do|Tianfu|Tin fu|Tsen'nkntou|Txengdu
P	Beijing		CN		39.91	116.40	18960744	211	Bac Kinh|Baek-ging|Bak Ging|Bak Ping|Behehzhin|Beijing City|Beijing Shi|Beising|Beixin|Bejdzing|Bejing|Beyjing|Dai Dou|Pechin|Pechino|Pechinu|Pechinum|Pecinum|Pei-ching|Pei-ching-shih|Pei-p'ing|Pei-p'ing-shih|Peken|Pekin|Pekina|Pekinas|Peking|Pekini|Pekino|Peping|Pequim|Pequin|Pet-kin|Peycing|Pikkin|Yin Ging
P	Guangzhou		CN		23.12	113.25	18676605	211	Cantao|Canton|Fan-yu|Guanchjou|Guanchzhou|Guanczou|Guand'ou|Guandzhou|Guandzou|Guangdzou|Guangdzov|Guangjow|Guangsu|Guangzhou Shi|Guanzhou|Guong-ciu|Gvangjcouh|Gwong Zau|Hiroshu|Kanton|Kantono|Kng-chiu-chhi|Kong-chu-su|Koshu|Kouan'nktsoou|Kouang-chou|Kuang-chou|Kuang-chou-shih|Kwang-chowfu|Kwangchow|Kwangtsjou|Kwong Chau|P'an-yu|Puyun|Quancheum|Quancjou|Quang Chau|Shengcheng
P	Shenzhen		CN		22.55	114.07	17494398	211	Bao'an|Chhum-chun-su|Pao-an|Pao-an-hsien|Sam Zan|Sen-cen|Sencjen|Sencsen|Sendzenas|Senjeno|Senzden|Senzen|Sham Chan|Sham Chun|Sham Chun Hu|Shehn'chzhehn'|Shen'chzhen'|Shen-ch'uan|Shen-ch'uan-chen|Shen-ch'uan-hsu|Shen-chen|Shen-chun|Shendzen|Shenzen|Shiem Chun|Shumchun|Shundzhun|Tham Quyen|Tschhimtschun
P	Kinshasa		CD		-4.33	15.31	16000000	28	Kincasa|Kinchasa|Kinchassa|Kinsas|Kinsasa|Kinsaso|Kinshase|Kinsjasa|Kinszasa|Kinxasa|Leopoldstad|Leopoldville|Quinxassa
P	Istanbul		TR		41.01	28.95	15701602	261	Bizanc|Byuzandion|Byzance|Byzantion|Byzantium|Byzanz|Carigrad|Constantinoble|Constantinopla|Constantinople|Constantinopolen|Constantinopoli|Constantinopolis|Costantinopoli|Estambul|Istamboul|Istambul|Istampoul|Istanbu|Isztambul|Konstantinapoly|Konstantinopel|Konstantinopol|Konstantinopolo|Konstantinoupoli|Konstantinoupolis|Kostandnupolis|Kustantiniyah|Micklagard|Mikligardur|Stambol|Stamboul|Stambul|Stambula|Tsarigrad|Vyzantio
P	Lagos		NG		6.45	3.39	15388000	29	Eko|Lacupolis|Lagas|Lagos shaary|Lagosa|Lagosas|Lagoso|Laguosos|Laqos|Logos
P	Ho Chi Minh City		VN		10.82	106.63	14002598	177	Cathair Ho Chi Minh|Cidade de Ho Chi Minh|Ciudad Ho Chi Minh|Gia GJinh|HCM City|Hcm|Ho Chi Minh|Ho Chi Minh Ville|Ho Chi Minh-borg|Ho Chi Minh-byen|Ho Chi Minh-staden|Ho Chi Minhin kaupunki|Ho Chi Minhstad|Ho Ci Minovo Mesto|Ho Si Min|Ho Si Min Grad|Ho Si Minh-varos|Ho-Chi-Minh-Stadt|Ho-Ci-Min-urbo|Hosimina|Hosiminh|Khashymin|Kho Shi Min|Kota Ho Chi Minh|Sai Gon|Sajgon|Sayqon|T.P. Ho Chi Minh|TPHCM|Thanh pho Ho Chi Minh
P	Tianjin		CN		39.14	117.18	13866009	211	T'ien-chin|T'ien-ching|T'ien-ching-shih|Tchien-tin|Tehnd'iin|Thien Tan|Thien-tsin|Tiandzinas|Tianjin Shi|Tianjing|Tiantzin|Tiencin|Tiencsin|Tiendzin|Tientsin|Tjan'czin'|Tjandzin|Tjandzina|Tjangino|Tjencin|Tyan'czin'|Tyantszin
P	Wuhan		CN		30.58	114.27	13739000	211	Bu-han-chhi|Gouchan|Owhan|U-hang|Uhan|Uhana|Uhanas|Ukhan|Uxan|Vu Han|Vu-hon-su|Vuhani|Vuhano|Vujhan|Vukhan|Wu-chan|Wu-han-shih|Wuhan Shi
P	Lahore		PK		31.56	74.35	13004135	185	Lachori|Lahaur|Lahor|Lahora|Lahoras|Lahorium|Lahoro|Lakhor|Lohur
P	Xi’an	Xi'an	CN		34.26	108.93	12952907	211	Ch'ang-an|Ch'ang-an-hsien|Hsi Gnan Fu|Hsi-an|Hsi-an-shih|Hsi-ching|Hsi-ching-shih|Hsingan|Si-Gan-Fu|Sian|Siana|Sianas|Sianfu|Siano|Siking|Singan|Singano|Sjan|Tay An|Xi'an - xi an|Xi'an Shi
P	Mumbai		IN		19.07	72.88	12691836	187	Asumumbay|Bombai|Bombaim|Bombaj|Bombay|Bombaya|Bombej|Bombejus|Bumbaj|Dakbayan sa Bombay|Lungsod ng Mumbai|Moembaai|Mumbaj|Mumbaja|Mumbajo|Mumbajus|Mumbay|Numbai|Vomvai
P	São Paulo	Sao Paulo	BR		-23.55	-46.64	12400232	139	Sampa|San Paolo|San Paul ed Brasil|San Paulas|San Paulo|San Paulu|San Paulu du Brasili|San Pauluw|San Pawlo|San Polo del Braxil|San Poulo|Sao Paolo|Sao Paulo capital|Saun Paulu|Sawo Palo|Urbs Paulistana
P	Mexico City		MX		19.43	-99.13	12294193	117	Cdmx|Cidade de Mexico|Cidade do Mexico|Cita du Messicu|Citta del Messico|Ciudad Mexico|Ciudad de Mejico|Ciudad de Mexico|Ciutat de Mexic|Grad Mexico|Lungsod ng Mexico|Mehiko|Mekhiko|Meksikas|Meksiko|Meksiko Siti|Meksikurbo|Meksyk|Mexico|Mexico D.F.|Mexico Distrito Federal|Mexico by|Mexico-stad|Mexicopolis|Mexiko|Mexiko Hiria|Mexiko-Stadt|Mexikoborg|Nkoyo|Pole tou Mexikou|Valle de Mexico
P	Hangzhou		CN		30.29	120.16	11936010	211	Chan'nktsoou|Chang-cou|Hancheum|Hanchow-fu|Hanczou|Handzou|Hang|Hang Chau|Hang-chiu-chhi|Hang-chou|Hang-chou-shih|Hang-hsien|Hangchow|Hangcsou|Hangdzou|Hanggouo|Hangtsjou|Hangzcouh|Hangzhou City|Hangzhou Shi|Hong-chu-su|Hong-ciu|Khanchzhou|Khandzhou|Khangdzou|Khangzhou|Khanzhou|Xanchjou|Xangzhou
P	Karachi		PK		24.86	67.01	11624219	185	Carachi|Karaaji|Karaces|Karachy|Karaci|Karacio|Karacis|Karacsi|Karaczi|Karanchi|Karasi|Karatschi|Karatsi|Karatsji|Karatxi|Karochi|Keraci|Kurrachee|Kurrachi
P	Delhi		IN		28.65	77.23	11034555	187	Daehli|Dehli|Delchi|Delhio|Deli|Delis|Delkhi|Dellium|Dilhi|Dilli|Faritani Delhi|New Delhi|Old Delhi|Sahdzahanabad|Stare Deli
P	Moscow		RU		55.75	37.62	10381222	275	Maeskuy|Maskav|Maskava|Maskva|Mat-xco-va|Mosca|Moscfa|Moscha|Mosco|Moscou|Moscova|Moscovo|Moscu|Moscua|Moskva|Moska|Moskau|Mosko|Moskokh|Moskou|Moskov|Moskova|Moskovu|Moskow|Moskowa|Mosku|Moskua|Moskuas|Moskvo|Moskwa|Moszkva|Muskav|Musko
P	Dhaka		BD		23.71	90.41	10356500	171	Daaka|Daca|Dacca|Daka|Dakah|Dakk|Dakka|Dakkae|Dakke|Dako|Deka|Dgaka|Mujib City|Ntaka|Ntakka
P	Seoul		KR		37.57	126.98	10349312	210	Hanyang|Seoel|Seol|Seoul-si|Seuel|Seul|Seula|Seulas|Seulo|Seulum|Siul|Soeul|Sol|Soul|Sye-ul|Syou-ouen|Szoeul|Wang-ching|Wo-jo
P	Harbin		CN		45.75	126.65	10009854	211	Cap Nhi Tan|Charbin|Charbinas|Charmpin|Ha'erbin|Ha-erh-pin|Ha-erh-pin-shih|Harbin Shi|Harbin-chhi|Harbina|Harbino|Harbinq|Kharbin|Lungsod ng Harbin|Pin-chiang|Pin-chiang-hsien|Pinkiang|Xarbin
P	Tokyo		JP		35.69	139.69	9733276	218	Edo|Tochiu|Tocio|Tokija|Tokijas|Tokio|Toquio
P	Dongguan		CN		23.02	113.75	9644871	211	Deng-uang|Dongguan City|Dongwen shehiri|Dunguan|GJong Hoan|Ntonkouan|Tong-koan-chhi|Tung-kon-su|Tung-kuan|Tungkun
P	Cairo		EG		30.06	31.25	9606916	12	Al Qahirah|Caire|Cairu|Cairus|El Caire|El Cairo|El Kahira|El Kahirah|El-Qahira|Gahire|Il Cairo|Kaherah|Kahira|Kahirae|Kahire|Kair|Kaira|Kairas|Kairo|Kajro|Kayro|Le Caire|Lo Cayiro|Lungsod ng Cairo|Masr|Misr|O Cairo
P	Hefei		CN		31.86	117.28	9465881	211	Che-fej|Chefei|Hak-bui|Hap-pui-chhi|Hefei Shi|Hefej|Hefejo|Hefejus|Hefey|Heyfey|Ho-fei|Ho-fei-hsien|Ho-fei-shih|Hofej|Hop Phi|Hozfeiz|Khefej|Khehfehj|Khufej|Lu-chou|Luchow|Luchowfu|Lunchow
P	Johannesburg		ZA		-26.20	28.04	9418183	23	EGoli|Giochanesmpournk|IGoli|IJohannesburg|Ioannesburgum|Jo'anna|Joanesburgo|Joburg|Jog'annesburg|Joganesburg|Johanesburgas|Johanesburgo|Johannesarborg|Johannesbourg|Johannesburga|Johannesburgo|Johannesburgu|Jokhanesburg|Jokhanezburg|Jokhannesburg|Xohanesburgo|Yohannesburg|Yohannesburq|Yok-hon-ni-su-pau|Yoxannesburg
P	Weifang		CN		36.71	119.10	9386705	211	Duy Phuong|I-hng-chhi|Vehjfan|Vejfan|Vejfang|Wei|Wei-fang-shih|Wei-hsien|Wej-fang
P	Nanjing		CN		32.06	118.78	9314685	211	Nam Kinh|Nam-kin-su|Namkin|Nan'czin|Nan'zhin|Nan-ching|Nan-ching-shih|Nanchino|Nanchinum|Nandzing|Nandzjina|Nang-ging|Nanjing Shi|Nankijn|Nankin|Nankinas|Nanking|Nankingo|Nanquim|Nanquin|Nantsin'nk|Nanzging
P	Shenyang		CN		41.79	123.43	9070093	211	Feng-t'ien|Moukden|Mukden|Sen'gian'nk|Sen-jang|Senjana|Senjangas|Senjango|Senyanq|Shehn'jan|Shehn'jan khot|Shen'jan|Shen-yang-hsien|Shen-yang-shih|Shengking|Shenjang|Shenyan|Shenyang Shi|Shunjan|Sim-iong-chhi|Sing-iong|Sjenyang|Swnjyangh|Tham Duong
P	Foshan		CN		23.03	113.13	9042509	211	Fachan|Fak San|Fatshan|Fo-san|Fo-shan-chen|Fo-shan-shih|Fosanas|Foshan City|Fosjan|Fu-shan-chen|Fuk Shan|Fut Shan|Fut-san-su|Hotokeyama|Huk-sang|Hut-san-chhi|Namhoi|Nan-hai|Nanhai-hsien|Nanhoi|Nom Hoy|Phat Son
P	London		GB		51.51	-0.13	8961989	268	ILondon|Lakana|Landan|Landen|Ljondan|Llundain|Lodoni|Londain|Londan|Londar|Londe|Londen|Londin|Londinium|Londino|Londn|London osh|Londona|Londonas|Londoni|Londono|Londons|Londonu|Londra|Londres|Londrez|Londri|Londro|Londye|Londyn|Lonn|Lonton|Lontoo|Lontra|Loundres|Luan GJon|Lun-tun|Lunden|Lundra|Lundun|Lundunir|Lung-dung|Lunnainn|Lunnin|Lunnon|Ranana
P	New York City		US		40.71	-74.01	8804190	123	Aebura|Bandar Raya New York|Big Apple|Cathair Nua-Eabhrac|City of New York|Eabhraig Nuadh|Efrog Newydd|Evrek Nowydh|Ga-no-no|Kanono|Kota New York|Lungsod ng New York|N'ju-Jork|Nea Yorke|Nei Yarrick Schtadt|Neu Amsterdam|Neu Jorck|New Amsterdam|New Orange|New Yorc|New York|New York Stad|New York borg|New York kenti|New Yorke|New Yorku|Niujorkas|Nouvelle Yorck|Nouvieau York|Nov-Jorko|Nova Amsterda|Nova Iorque|Nova York|Novum Eboracum|Nowy Jork|Nua-Eabhrac|Nueva York|Nujorka|Nuova York|Nyja Jorvik|Nyu York Shehiri|Thanh pho New York|The Big Apple|York Berri
P	Jakarta		ID		-6.21	106.85	8540121	180	Batavia|Big Durian|Cakarta|D'akarta|Daerah Khusus Ibukota Jakarta|Djakarta|Djogkarta|Dki Jakarta|Dzakarta|Dzhakarta|Dzhakartae|Gakarto|Giacarta|Iacarta|Jacarta|Jakarte|Jayakarta|Jogkarta|Koningin van het Oosten|New York Van Java|Nga-ka-that Su-tu Thit-khi|Sakata|Sunda Kelapa|Sundapura|Tzakarta|Xacarta|Xhakarta|Yajgyadaz|Yakarta|Zhakarta
P	Bengaluru		IN		12.97	77.59	8495492	187	Ban'nkalor|Bangalor|Bangalore|Bangalore City|Bangalur|Bangaluri|Bengalour|Bengaluras|Bengaluro|Bengalurus
P	Jinan		CN		36.67	117.00	8352574	211	Ca-nang|Che-lam-chhi|Chi-nam-su|Chi-nan|Chi-nan-shih|Cijnanz|Cinanum|Csinan|Czinan'|Dzinan|Dzinanas|Dzjinana|Ginano|Jinan Shi|Li-ch'eng|Szinan|Te Nam|Ti-nan|Tsi-nan-fu|Tsinah|Tsinan|Tzinan|Zhinan'
P	Hanoi		VN		21.02	105.84	8053663	163	Anoi|Anoy|Ganoj|Ha Nui|Hanoj|Hanoja|Hanojo|Hanojus|Hanoy|Ho-nui-su|Ke Cho|Keicho|Kescio|Khanoj|Thang Long
P	Taipei		TW		25.05	121.53	7871900	213	GJai Bac|Kota Taipei|Pan Kiao|Pan-ch'iao|Pan-ch'iao-chen|Pan-ch'iao-chieh|T'ai-pei Shih|T'ai-pei-hsien|Taibei Shi|Taibei Shih|Taibejus|Taipe|Taipeh|Taipeia|Taipeium|Taipejus|Tajbehj|Tajbej|Tajpej|Tajpeo|Tayipeh|Taypey|Tchaj-pej
P	Lima		PE		-12.04	-77.03	7737002	106	Lim|Limae|Limaq|Lime|Limma|Limo|Lioma|Lungsod ng Lima
P	Bogotá	Bogota	CO		4.61	-74.08	7674366	72	Bagata|Bogoto|Boqota|Buoguota|Mponkota|Santa-Fe-de-Bogota|Wukuta
P	Dalian		CN		38.91	121.60	7450785	211	Dairen|Dal'niy|Dalian City|Dalian Shi|Daljan'|Dalny|Lu-ta|Lu-ta-shih|Lueda|Lueta|Ntalian|Ta-lien|Ta-lien-shih
P	Hong Kong		HK		22.28	114.17	7396076	178	Chon'nk Kon'nk|Gankong|Gon Kong|Heung Gong|Hiong-geng|Honkong|Honkongo|Khongkong|Khonkong|Victoria|Xianggang
P	Baghdad		IQ		33.34	44.40	7216000	160	Bagda|Bagdad|Bagdadas|Bagdado|Bagdat|Bagdate|Bagdatum|Bagdod|Beghdad|Bexda|Lungsod ng Baghdad
P	Wuzhong		CN		37.99	106.20	7202654	211	Uchzhun|Uchzhunpu|Wu-chung|Wu-chung-p'u|Wu-chung-pao|Wu-chung-shih|Wuzhong Xian|Wuzhong Zhen
P	Qingdao		CN		36.06	120.38	7172451	211	Cching-tao|Ch'ing-tao|Ch'ing-tao-shih|Chheng-to-chhi|Chindao|Ching-do|Cindao|Cingdao|Cjindao|Csingtao|Qingdao Shi|Sindao|Thanh GJao|Tsin'nktao|Tsingtao|Tsingtau
P	Tehran		IR		35.69	51.42	7153309	216	Taekhran|Tahran|Techerane|Teera|Teerao|Tegeran|Teheran|Teherana|Teheranas|Teherano|Tehrano|Tekheran
P	Yantai		CN		37.48	121.44	7102100	211	Chefoo|Chifu|Ian-tai-chhi|Ieng-dai|Jan'taj|Jantai|Jen-tchaj|Yen GJai|Yen-t'ai|Yen-t'ai-shih
P	Hyderabad		IN		17.38	78.46	6993262	187	Bhaganagar|Haidarabadas|Haiderabad|Hajdarabad|Hajderabad|Hyderabad AP|Khajdarabad|Khajderabad
P	Rio de Janeiro		BR		-22.91	-43.18	6747815	139	Ciutat de Rio de Janeiro|Rio|Rio d Janeiro|Rio de Janeiru|Rio de Janero|Rio de Janeyro|Rio de Zaneiras|Rio de Zaneiros|Rio de Zaneyro|Rio de Zhaneiro|Rio de Zhanejro|Rio nte Tzaneiro|Rio-de-Janejro|Rio-de-Zaneiro|Rio-de-Zanejro|Riu de Janeiro|Riu de Janeiru|Riviethe de Janvyi|Rya-deh-Zhanehjra|Sao Sebastiao do Rio de Janeiro|Urbs Fluminensis
P	Suzhou		CN	04	31.30	120.60	6715559	211	So-chiu-chhi|Soochow|Soutsoou|Su-chou|Su-chu-su|Su-ciu|Su-cou|Suchjou|Suchzhou|Sudzhou|Sudzou|Sugouo|Sutsjou|Suzhou Shi|Suzhou i Jiangsu|Szucsou|To Chau|Wu-hsien
P	Zhengzhou		CN		34.76	113.65	6650532	211	Cencou|Ceng-cou|Cheng|Cheng-chou|Cheng-chou-shih|Cheng-hsien|Chengchow|Chhiang-chu-su|Chzhehnchzhou|Chzhenchzhou|Cjencjou|Csengcsou|Cwngcouh|Czengczou|Dang-ciu|Dzendzou|Dzengdzou|Dzengdzov|Dzhundzhou|Genggouo|Trinh Chau|Tsentsoou|Zengzou|Zhengtsjou|Zhengzhou Shi|iPhone City
P	Ahmedabad		IN		23.03	72.59	6357693	187	Achmentampant|Ahmadabad|Ahmadabadas|Ahmadabado|Ahmadobod|Akhmadabad|Akhmadabad shaary|Akhmedabad|Amadavad|Amdavada|Amedabato|Amedebatum|Exmetabad
P	Abidjan		CI		5.35	-4.00	6321017	0	Abican|Abidzan|Abidzana|Abidzanas|Abidzans|Abidzhan|Abidzhan shaary|Abigano|Abijan|Abiyan|Abizhan khot|Ampitzan
P	Nanning		CN		22.82	108.32	5977185	211	Lam-leng-chhi|Nam Ninh|Nam-nen-su|Namzningz|Nan'nin|Nan-ning-shih|Nang-ning|Nanin|Naning|Naningas|Naningo|Nannina|Nanning Shi|Nanninq|Yung-ning|Yung-ning-hsien
P	Kunming		CN		25.04	102.72	5950578	211	Con Minh|Gvwnhmingz|K'un-ming-hsien|K'un-ming-shih|Kchun-ming|Khun-beng-chhi|Kong-ming|Kounmink|Kuenming|Kun'min|Kun'min shaary|Kunmina|Kunming Shi|Kunmingas|Kunmingo|Kunminq|Yun-nan|Yunnanfu
P	Shijiazhuang		CN		38.04	114.48	5758403	211	Chen-t'ou|Chentow|Chioh-ka-chng-chhi|S'-tia-cuang|Shicziyajuan|Shiczjachzhuan|Shih-chia-chuang|Shih-chia-chuang-shih|Shih-chuang-shih|Shih-men|Shih-men-shih|Shihjiazhuang|Shihkiachwan|Shihkiachwang|Shijiazhuang Shi|Shitszyachzhuan|Shizhjazhuan|Shudzjadzhuan|Siciyajuang|Sicsiacsuang|Sidziadzuangas|Sidzjadzuana|Sidzjadzuang|Sigjaguango|Sioh-ga-cong|Sitziazouank|Swzgyahcuengh|Thach Gia Trang
P	Changchun		CN		43.88	125.32	5691024	211	Cancun|Cancuna|Cangcun|Cangcunas|Cangcuno|Cangzcenh|Cchang-cchun|Ch'ang-ch'un-hsien|Ch'ang-ch'un-shih|Chanchun|Changchuen|Changchun Shi|Chhong-chhun-su|Csangcsun|Diong-chung|Hsin-chin|Hsin-ching|Hsinking|K'ua-ch'eng-tzu|Kwan-cheng-tze|Tiong-chhun-chhi|Truong Xuan|Tschangtung
P	Pudong		CN		31.24	121.50	5681512	211	P'u-tung|Pho GJong|Pootung|Pudun
P	Sydney		AU		-33.87	151.21	5638830	243	Sanctus Dionysius|Sedniejos|Sek-na|Sidnef|Sidnei|Sidnej|Sidneja|Sidnejo|Sidnejus|Sidney|Sidni|Sit-ni|Syd|Sydneium|Sydney City
P	Singapore		SG		1.29	103.85	5638700	212	Danmaxi|Garden City|Little Red Dot|Sin-ka-po|Singapore City|Singapour|Singapur|Singapura|Sinkapoure|Syonan-to|Temasek|Tumasik
P	Melbourne		AU		-37.81	144.96	5435590	241	Greater Melbourne|Mel'burn|Melben|Melborns|Melbourne City|Melbournum|Melburna|Melburnas|Melburno|Melpurn|Melvourni
P	Dar es Salaam		TZ		-6.82	39.27	5383728	16	Dar Es Salam|Dar as-Salom|Dar es Salamas|Dar es Salams|Dar-ehs-Salam|Dar-ehs-Salam shaary|Darasalam|Daresalama|Daresalamo|Daruesselam|Ntar es Salam|Ntontoma
P	Saint Petersburg		RU		59.94	30.31	5351935	275	Agia Petroupole|Betuyrbukh|Cankt-Peterburg|Leningrad|Leningrado|Lenjingrad|Lungsod ng Sankt-Peterburg|Peterburg|Peterburgo|Peterburi|Petersburg|Petrapilis|Petrograd|Petrogrado|Petrohrad|Petropolis|Petursborg|Pietari|Piiteri|Piter|SPb|Saint Petersbourg|San Petersburgo|San Pietroburgo|San Pietruburgu|Sankt Peitersbuerg|Sankt Peterburg|Sankt Peterburgas|Sankt Petersborg|Sankt Petersburg|Sankt Peterzburg|Sankt-Peterburgo|Sankt-Peterburq|Sankti Petursborg|Sanktpeterburga|Sant Petersburg|Sant Petersburgo|Sant-Petersbourg|Santa Peterburg|Sao Petersburgo|Sint Petersbork|Sint-Petersburg|St Petersburg|Szentpetervar
P	Taiyuan		CN		37.87	112.56	5305061	211	Daiyienz|T'ai-yuan-shih|Tai-nguong|Taigiouan|Taijuan|Taijuana|Taiyuan Shi|Taiyuan-fu|Taiyuenum|Tajjuan'|Tajjuean|Tajjuen|Tajuanas|Tajuano|Tayyuan|Tchaj-juean|Thai Nguyen|Thai-goan-chhi|Yang-ch'u|Yangku|Yanka
P	Alexandria		EG		31.20	29.92	5263542	12	Al Iskandariyah|Alegsandiri|Alehandriya|Aleixandria|Alejandria|Aleksandria|Aleksandrii|Aleksandrij|Aleksandrija|Aleksandrio|Aleksandriya|Aleksandrje|Aleksandryja|Aleksandryjo|Alesandria dEgito|Alessandria|Alessandria d'Egitto|Alessandria dEggittu|Alessandria e Naggitto|Alexandreia|Alexandria Magna|Alexandrie|Cathair Alastair|El Iskandariya|Iskandariah|Iskandariya|Iskandariyah|Iskandri|Iskenderiye|Iskindiriya|Lisandria dEgittu|Ol'oksandrija|Taskendrit
P	Bangkok		TH		13.75	100.50	5104476	163	Amphoe Phra Nakhon|Ban'nkok|Bancac|Bancocum|Bancoque|Banghok|Bangkok Metropolis|Bangkoka|Banguecoque|Bankok|Bankokas|Bankoko|Banqkok|Changwat Phra Nakhon|Krung Thep|Krung Thep Maha Nakhon|Krungdeb|Man-kuk|Phra Nakhon|Siayuthia|The City of Angels
P	Kano		NG		12.00	8.52	4910000	29	Byen Kano|Cano|Kanas
P	Santiago		CL		-33.46	-70.65	4837295	137	Ciles Santjagas|CiudadSantiago|Sanctiacobi|Sant'jago|Santiago de Chile|Santiago de Xile|Santiago del Cile|Santiago do Chile|Santiago du Chili|Santianko|Santjago de Chile|Santjago de Chili|Stgo.
P	Cape Town		ZA		-33.93	18.42	4772846	23	Altepetl In Cabo|Ar Chab|Cape Toun|Cidade do Cabo|Cita del Cap|Citati du Capu|Citta del Capo|Cittae do Cavo|Ciuda del Cabu|Ciudad del Cabo|Ciudat do Cabo|Ciutat del Cap|Civitas Capitis|El Cabo|Fokvaros|Hoefdaborg|Hovdastadur|IKapa|Kaapstad|Kaapsted|Kab town|Kabe Urbe|Kaburbo|Kaepstad|Kapetown|Kapkaupunki|Kaplinn|Kapske Mesto|Kapske Misto|Kapstad|Kapstaden|Kapstadt|Kapsztad|Keip Taoun|Keiptaun|Keiptauna|Keiptaunas|Keiptauns|Kejptaun|Kep Taun|Keyptaun|Keyptawn|Le Cap|Li Kap|Lo Cap|Lurmutur Hiria|Sita del Cao|Sita del Cap|Tref y Penrhyn|Yvy akua Tava
P	Peshawar		PK		34.01	71.58	4758762	185	Pesabar|Pesavar|Pesavara|Pesavaras|Pesavaro|Pesaver|Peschawar|Peshavar|Peshovar|Pesjawar|Peszawar|Pexauar
P	Zibo		CN		36.79	118.06	4704138	211	C-po|Chang-chou-shih|Chang-tien|Chang-tien-shih|Chu-phok-chhi|Cu-bauk|Czybo|Dzubo|Truy Bac|Tzu-po|Zhangdian
P	Jeddah		SA		21.49	39.19	4697000	207	Chidda|Cidda|Ciddae|Cidde|Djedda|Djeddah|Djidda|Dschidda|Dzeda|Dzedda|Dzhida|Dzhidda|Dzhiddae|Dzhiddat|Dzhidde|Dzhyda|Dzida|Dzidd|Dzidda|Dzsidda|Dzudda|Gedda|Gidda|Gido|Iedda|Jaddah|Jedda|Jida|Jidda|Jiddah|Jidde|Judah|Juddah|Tzenta|Yida|Yidda|Zhidda
P	Chennai		IN		13.09	80.28	4681087	187	Cenaj|Cenajo|Cenajus|Cenay|Cennai|Cennaj|Chehnai|Chenaj|Chennai - cennai|Chennaj|Csennai|Maderaspatanum|Madras|Tamizhagam|Tamulinadu|Tsennai
P	Kolkata		IN		22.56	88.36	4631392	187	Calcuta|Calcutta|Caligardamana|Kaelkuettae|Kal'kuta|Kal'kutta|Kal'kuttae|Kalikata|Kalkata|Kalkota|Kalkouta|Kalkueta|Kolkat|Kolkate|Kolkato|Sealdah
P	Xiamen		CN		24.48	118.08	4617251	211	A-muong|Amoy|E-mng-chhi|Ha Mon|Ha-mun-su|Hiyamin|Hsia-men|Hsia-men-shih|Hsziamen|Shamen|Sia-men|Siamenas|Sjamehn'|Sjamen|Sjamun|Sjamyn'|Ssu-ming|Ssu-ming-hsien|Szeming-hsien|Xiamen - sha men|Xiamen City|Xiamen Shi
P	Surat		IN		21.20	72.83	4591246	187	Suratas|Surate|Surato
P	Yangzhou		CN		32.40	119.44	4559797	211	Chiang-tu|Chiang-tu-hsien|Duong Chau|Han-chiang|Inciue|Iong-chiu-chhi|Iong-ciu|Janchzhou|Jancjou|Jandzhou|Jang-cou|Jangdzou|Jangdzov|Kiangtu|Yang-chou|Yang-chou-shih|Yang-chow-fu|Yangchow|Yangjo shehiri|Yangtsjou
P	Huai'an		CN		33.59	119.02	4556230	211	Ch'ing-chiang|Ch'ing-chiang-p'u|Ch'ing-chiang-shih|Chuaj-an|Huai-yin|Huai-yin-ch'eng|Huai-yin-hsien|Huai-yin-shih|Hwaiyin|Hwaiyin-hsien|Khuajan|Qingjiang|Tsingkiangpo|Tsinkiangpu
P	Guiyang		CN		26.58	106.72	4506134	211	Goi-iong|Guejang|Guejjan|Guijang|Guijangas|Guijango|Guiyang Shi|Gujjan|Guyan|Guyyan|Gveiyangz|Kuei-chu|Kuei-yang|Kuei-yang-shih|Kuej-jang|Kui-iong-chhi|Kweichu|Kweiyang|Kweiyangfu|Queiyanga|Quy Duong|Quyinq
P	Yangon		MM		16.81	96.16	4477638	225	Dagon|Gian'nkon|Jangon|Jangon khot|Jangona|Jangono|Jangun|Ngiong-kong|Rangon|Rangoon|Rangoun|Rangum|Rangun|Rangunas|Yangjgvangh|Yankoun|Yanqon
P	Bao'an		CN		22.55	113.88	4476554	211	
P	Kabul		AF		34.53	69.17	4434550	183	Cabool|Caboul|Cabul|Cabura|Caubul|Kabil|Kaboel|Kabol|Kaboul|Kabula|Kabulas|Kabuli|Kabulo|Kabura|Kampoul|Kobul|Kubha
P	Nairobi		KE		-1.28	36.82	4397073	41	Nai-lok-pi|Nairoba|Nairobia|Nairobis|Nairoby|Nairompi|Nairovi|Najrobi|Najrobi osh|Najrobio|Najrobo|Nayiiroobii|Nayrobi|Nayroobi|Nayropi|Nayrubi
P	Wuxi		CN		31.57	120.29	4396835	211	Bu-sek-chhi|U-sek|Usi|Usis|Vo Tich|Vuhszi|Vusi|Vusio|Vuzsiz|Wu-hsi|Wu-hsi-hsien|Wu-hsi-shih|Wu-si|Wusih|Wusih-hsien|Wusihsien|Wuxi Shi
P	Giza		EG		30.01	31.21	4367343	12	Al Jizah|El Gizeh|El-Giza|Ghizeh|Gizah|Gize|Gizeh|Gizo|Guiza
P	Lanzhou		CN		36.06	103.84	4359446	211	Kao-lan-hsien|Kaolan|Lan Chau|Lan'chzhou|Lan'chzhou shaary|Lan-chiu-chhi|Lan-chou|Lan-chou-shih|Lan-cou|Lanchjou|Lanchow|Lanchowfu|Lancjou|Lancsou|Landzhou|Landzou|Landzov|Lang-ciu|Langouo|Lantsjou|Lantsoou|Lanzcouh|Lanzhou Shi
P	Bamako		ML		12.61	-7.98	4227569	5	Bamaco|Bamaco - Bamako|Bamakas|Bamaku|Bammaco|Bammako|Mpamako
P	Riyadh		SA		24.69	46.72	4205961	207	Al-Riad|Al-Riyad|Ar Riyadh|Ar-Riaad|Ar-Rijad|Ar-Riyad|Ar-Riyod|Ehr-Rijad|Ehr-Ryjad|Er-Rijad|Er-riyad|Riaad|Riad|Riade|Riadi|Riado|Riadum|Riant|Rihad|Rijad|Rijada|Rijadas|Riyad
P	Fuzhou		CN	07	26.06	119.31	4094491	211	Focheum|Foochow|Foutsoou|Fouzhou|Fu-chou|Fu-chou-shih|Fu-cou|Fuchau|Fucheu|Fuchzhou|Fucjou|Fucsou|Fudzhou|Fudzou|Fugouo|Fuk-chu-su|Futsjou|Fuzcouh|Fuzov|Hok-chiu-chhi|Hok-ciu|Lin-sen|Lin-sen-hsien|Min Hsien|Min-hou|Min-hou-hsien|Min-hou-hsien-ch'eng|Minhow|Minhow-hsien|Phuc Chau
P	Ürümqi	UEruemqi	CN		43.80	87.60	4054000	221	Dihua|Dikhua|O'rumchi|OEremce|Ouroumtchi|Ouroumtsi|Ti-hua|Ti-hua-ch'eng|Ti-hua-hsien|Ti-hua-shih|Tihwa|Tihwafu|Tikhua|Tikhva|UEruemchi-su|UEruemci|UEruemcsi|UEruemqi-chhi|Urumchi|Urumchy|Urumci|Urumcio|Urumcis|Urumczi|Urumi City|Urumptsi|Urumqi|Urumtschi|Urumtsi|Urumutsi|Urunchi|Wu-lu-mu-ch'i|Wu-lu-mu-ch'i-shih|Wulumuqi|Wurumch'ih
P	New Taipei City		TW		25.06	121.46	4004367	213	Nea Taipei|Neu-Taipeh|New Taipei|Nieuw Taipei|Nouveau Taipei|Nova Taipe|Nova Tchaj-pej|Novi Taipei|Novi Tajpej|Novij Tajbej|Novyj Tajbehj|Nowe Tajpej|Nueva Taipei|Nuova Taipei|Xinbei City|Yeni Taipei
P	Chattogram		BD		22.34	91.83	3920222	171	Cattagram|Cetagons|Chitagong|Chittagong|Chittagong Ghat|Chottogram|Chytagong|Citagaon|Citagong|Citagonga|Citagongas|Citagongo|Cittaqonq|Cottogram|Csittagong|Islamabad|Tsitankon'nk
P	Addis Ababa		ET		9.02	38.75	3860000	2	Addis Abaeba|Addis Abbaba|Addis Abeba|Addis-Abebae|Addisaaba|Addisz-Abeba|Adis Ababa|Adis Abeba|Adis-Abebo|Adys-Abeba|Antis Ampempa|Atis Apapa|Finfinne|Neanthopolis|Tungga
P	Zaozhuang		CN		34.86	117.55	3855601	211	Cao-cuang|Cho-chng-chhi|Co-cong|Czaochzhuan|I-hsien|Tao Trang|Tsao-chuang|Tsao-chuang-shih|Tsaochwang|Tssaochwang
P	Zhongshan		CN		22.52	113.38	3841873	211	Chung-san-su|Chzhunshan'|Cung-san|Dzungshan|Jongshen shehiri|Trung Son|Xiangshan|Zhongshan Shi|Zongsan
P	Shantou		CN		23.35	116.68	3838900	211	Chaoshan|Ciu San|Laiwu|San GJau|San Tau|San-tchou|San-theu-su|Sang-tau|Santou|Santouo|Santov|Shan-t'ou-shih|Shantow|Sjantou|Swatow
P	Los Angeles		US		34.05	-118.24	3820914	107	Angelopolis|Ciudad De los Angelos|Cuidad De Los Angelos|El Pueblo del Rio de Nuestra Senora|La Reina de Los Angeles de Porciuncula|Lok-chham-ki|Los And'eles|Los Andzelas|Los Andzeles|Los Andzheles|Los Andzhelis|Los Anjeles|Los Antzeles|Los Anxheles|Los Anxhelos|Los Anzeles|Los Anzheles|Los-Anceles|Los-Andzhehles|Los-Angeleso|Los-Anzheles shaary|Losandzelosa|Lungsod ng Los Angeles|Luos Andzels|Os Anxeles|Pueblo De Los Angeles|Pueblo Los Angelos
P	Faisalabad		PK		31.42	73.09	3800193	185	Faisalabada|Faisalabado|Fajsalabad|Feisalabadas|Fejsalabad|Lyallpur|Shah Faisalabad
P	Dubai		AE		25.08	55.31	3790000	173	Dabei|Dibai|Dibay|Doubayi|Dubae|Dubai City|Dubai emiraat|Dubaija|Dubaj|Dubajo|Dubajus|Dubay|Dubayy|Fort Dabei|Ntoumpai
P	Yokohama		JP		35.43	139.65	3777491	218	Iokogama|Jakagama|Jokohama|Jokohamo|Jokokhama|Yokohama-shi
P	Ningbo		CN		29.88	121.55	3731203	211	Chiang-pei-an|Leng-pho-chhi|Nen-po-su|Ninbo|Ning-hsien|Ning-po|Ning-po-shih|Ningbo Shi|Ninh Ba|Yin-hsien
P	Casablanca		MA		33.59	-7.61	3665954	13	Ad Dar al Bayda|Anafi|Anfa|Casa Branca|Dar-el-Beida|Dar-uel-Beyda|Darul Baidha|Ed Dar el Baida|Kasablank|Kasablanka|Kasablankae|Kazablanka|Kazablanko|Kazamplan'ka|Tigemmi Tamellalt|White House
P	Ibadan		NG		7.38	3.91	3649000	29	Ibadan shaary|Ibadana|Ibadanas|Ibadano|Impantan
P	Puyang		CN	02	29.46	119.89	3590000	211	P'u-chiang|P'u-chiang-hsien-ch'eng|P'u-yang-chen|Pujan|Pujiang|Pukiang|Pukianghsien|Puyang Jiedao
P	Ankara		TR		39.92	32.85	3517182	261	Anakara|Ancara|Ancyra|Ang-ka-la|Angara|Angkara|Angora|Anguriyah|Ankar|Ankara khot|Ankaro|Ankiwria|Ankuara|Ankura|Ankyra|Anqara|Enguri|Enkiwriw|Enqere
P	Shiyan		CN		32.65	110.78	3460000	211	Chap-ian-chhi|S-jen|Sek-ieng|Shih-yen|Shih-yen-chen|Shih-yen-shih|Shijan'|Shijen|Shiyan Shi|Shujen|Thap Yen
P	Hohhot		CN		40.81	111.65	3446100	211	Choech Chot|Hohhot Shi|Hohhot-chhi|Hohhot-su|Hohotas|Hohoto|Hou-ho|Hoxhot|Hu-ho-hao-t'e|Hu-ho-hao-t'e-shih|Huhe Hoter|Huhehaote|Huhehot|Huhhot|Khokh khot|Khokhot|Khukh-Khoto|Koekxot shehiri|Kuei-hua|Kuei-sui|Kuei-sui-hsien|Kuei-sui-shih|Kuku-khoto|Kwei-hwa-cheng|Kwei-hwa-ting|Kweihwa|Kweihwa-Suiyuan|Kweisui|Kweisui-hsien|Suiyuan
P	Berlin		DE		52.52	13.41	3426354	249	Beirlin|Belin|Berleno|Berlien|Berliin|Berliini|Berlijn|Berlim|Berline|Berlini|Berlino|Berlyn|Berlynas|Berolino|Berolinum|Birlinu|Estat de Berlin|Perlin
P	Tangshan		CN		39.64	118.18	3372102	211	GJuong Son|T'ang-shan-chen|T'ang-shan-shih|Tan'nksan|Tangsan|Tangsanas|Tangsano|Tanshan|Tchang-san|Tongshan
P	Rawalpindi		PK		33.60	73.05	3357612	185	Ralalpindi|Ravalpindi|Ravalpindis|Ravalpindo|Ravalpindzi|Ravalpinti
P	Lüliang	Lueliang	CN		37.52	111.14	3346500	211	Ljujljan
P	Durban		ZA		-29.86	31.03	3338026	23	Durbana|Durbanas|Durbano|Durbanum|EThekwini|ITheku|Ntermpan|Port Natal|Thekong
P	Anshan		CN		41.12	122.99	3325372	211	An Son|An-san|An-san-chhi|An-shan-shih|Ang-sang|Ansanas|Ansano|Anshan Shi|Ansjan|Anxan
P	Changzhou		CN		31.77	119.95	3290918	211	Cangdzou|Cangdzov|Canggouo|Cchang-cou|Ch'ang-chou|Ch'ang-chou-shih|Chanchzhou|Chandzhou|Chang-chow-fu|Changchow|Changdzou|Changtsjou|Chanzhou khot|Csangcsou|Siong-chiu-chhi|Siong-ciu|Thuong Chau|Wu-chin|Wu-chin-hsien|Wujin|Wutsin
P	Busan		KR		35.10	129.03	3285147	210	Bousan|Busan-si|Fousan|Fusan|Fuzan|Phu San|Pusan|Pusana|Pusano|Tsau-liang-hai
P	Madrid		ES		40.42	-3.70	3255944	270	La Villa y Corte de Madrid|Los Madriles|Lungsod ng Madrid|Ma-daik-li|Ma-tet-li|Madrid osh|Madridas|Madride|Madridi|Madrido|Madrids|Madril|Madrit|Madrite|Madryd|Madryt|Magerit|Maidrid|Mairil|Makelika|Matrit|Matritum
P	Pyongyang		KP		39.03	125.75	3222000	203	Binh Nhuong|Heijo|Heijo-fu|Heizyo|Heizyo Hu|Hpyeng-yang|P'yongyang-si|P-hjong-jang|Pchenjanas|Pchjongjang|Phenian|Phenjan|Phenjana|Phyeng-yang|Phyong-yang|Pienyang|Pingyang|Pion'gian'nk|Pion'nkgian'nk|Piongiang|Pionguiangue|Pionyang|Pjoengjang|Pjongian|Pjongjang|Pjongjango|Pkhen'jan|Pxenyan|Pyeongyang|Pyoengyang
P	Pune		IN		18.52	73.86	3124458	187	Poona|Poune|Pun|Puna|Punae|Puneo|Puni|Puno
P	Datong		CN		40.09	113.29	3105591	211	Dagu|Daido|Datong City|Datongas|Datongo|Datun|Datung|GJai GJong|Ta-jen|Ta-jen-hsien|Ta-ku|Ta-t'ung|Ta-t'ung-hsien|Ta-t'ung-shih|Ta-tchung
P	Bursa		TR		40.20	29.06	3101833	261	Boursa|Brossa|Broussa|Brousse|Brusa|Brussa|Burs|Bursae|Burso|Prousa|Prusa|Prusa ad Olympum
P	Changsha		CN	11	28.20	112.97	3093980	211	Cangsa|Cangzsah|Cansa|Cchang-sa|Ch'ang-sha-hsien|Ch'ang-sha-shih|Changsha City|Changsja|Chansha|Chhong-sa-su|Csangsa|Diong-sa|Tng-soa-chhi|Truong Sa|Tsan'nksa
P	Quezon City		PH		14.65	121.05	3084270	194	Ciudad Quezon|Keson-Siti|Kezon Siti|Kezonurbo|Lungsod Quezon|Quezon|Quezon-Stadt
P	Jaipur		IN		26.92	75.79	3046163	187	Caypur|Dzaipur|Dzaipuras|Dzajpur|Dzajpura|Dzhajpur|Dzsaipur|Gajpuro|Iaipura|Jainagar|Jaipur City|Jayapur|Jaypur|Jeypore|Tzaipour|Zhajpur
P	Huainan		CN		32.63	117.00	3033528	211	Khuajnan'
P	Surabaya		ID		-7.25	112.75	3018022	180	Kota Surabaya|Kutha Surabaya|Soerabaja|Soerabaya|Sourabaya|Sourampagia|Surabaia|Surabaja|Surabajo
P	Incheon		KR		37.46	126.71	3015482	210	Chemulpo|Incchon|Inch'on|Incheon-si|Inchkhon|Inchkhun|Inchona|Incon|Inconas|Incono|Incshon|Incxon|Intson|Nhan Xuyen
P	Haikou		CN	31	20.03	110.35	3001600	211	Chaj-kchou|Ha k'uo-shih|Hai Khau|Hai-k'ou-shih|Hai-k'ou-so-ch'eng|Hai-kau|Hai-khau-chhi|Haijgouj|Haik-how|Haikou Shi|Haikow|Hajkou|Hajkouo|Haykou|Heihow|Hoi Hao|Hoihau|Hoihow|Khajkou|Xeyko shehir
P	Caracas		VE		10.49	-66.88	3000000	76	Caracae|Caraques|Karakas|Karakasa|Karakasas|Karakaso|Santiago de Leon de Caracas
P	Kyiv		UA		50.45	30.52	2952301	265	Chijv|Chiovia|Civ|Kaenugardur|Keju|Ki ep|Kiebo|Kief|Kieu|Kiev|Kiev osh|Kievi|Kievom|Kievu|Kiew|Kiiev|Kiiv|Kijev|Kijeva|Kijevas|Kijew|Kijiv|Kijivo|Kijo|Kijow|Kijuw|Kijv|Kiova|Kiovia|Kiyev|Kiyiw|Kjiv|Kueyiv|Kyev|Kyiiv|Kyiw|Kyjev|Kyjiv|Kyjiw
P	İzmir	Izmir	TR		38.41	27.14	2938292	261	Azmir|Esmirna|Ismir|Izmira|Izmiras|Izmiro|Smirna|Smirne|Smyrna|Smyrne|Yazmir|Zmiwrnia
P	Huizhou		CN		23.11	114.42	2900113	211	Chuej-cou|Fi-chu-su|Hie-ciu|Hue Chau|Hui-chiu-chhi|Hui-chou|Hui-chou-ch'eng|Hui-chou-chen|Hui-yang|Huichou-fu|Huitsjou|Hujdzov|Khojchzhou|Khuehjchzhou|Khuejchzhou|Khuejdzou|Kuei-shan|Waichow|Waichowfu|Waiyeung|Weichow|Xuyjo shehiri
P	Buenos Aires		AR		-34.61	-58.38	2891082	55	Baires|Bonaero|Bonaeropolis|Bos Aires|Bouenos Aires|Bouonezar|Buehnas-Ajrehs|Buehnos Ajres|Buehnos-Ajres osh|Buenos Ajres|Buenos Ares|Buenos Ayres|Buenosairesa|Bwenoze|Ciudad Autonoma de Buenos Aires|Lungsod ng Buenos Aires|Santa Maria del Buen Ayre
P	Yinchuan		CN		38.47	106.27	2859074	211	Gin-chhoan-chhi|Ho-lan|In'chuan'|Incuanas|Jin-cchuan|Jinchuan|Jincuan|Ngan Xuyen|Ngung-chiong|Ning-hsia|Ningsia|Ningsia-hsien|Ningsiafu|Thanh pho Ngan Xuyen|Yin-ch'uan-shih|Yinchuan Shi|Yinzconh
P	Taichung		TW		24.15	120.68	2850285	213	GJai Trung|Kota Taichung|Tai-tiong-chhi|Taicungas|Taizhong|Taizhong Shi|Tajchzhun|Tajcungo|Tajzhun|Taychun|Tchaj-cung|Teyjong shehiri|Thoi-chung-su
P	Kanpur		IN		26.47	80.35	2823249	187	Cawnpore|Cawnporne|Kanpour|Kanpuras|Kanpuro|Kanpwr
P	Toronto		CA		43.71	-79.40	2794356	148	Taronta|Torontas|Torontu|Torontum
P	Quito		EC		-0.23	-78.52	2781641	96	Kita|Kitas|Kito|Kitu|Kuito|Quitu|Quitum|San Francisco de Quito
P	Brisbane		AU		-27.47	153.03	2780063	238	Bresbens|Brisbane City|Brisbano|Brisbehn|Brisben|Brisbena|Brisbenas|Brisbin|Brismpein|Brizbejn|Brysben|Pu-li-su-pan
P	Luanda		AO		-8.84	13.23	2776168	32	Loanda|Louanda|Louanta|Luand|Luandae|Luando|Lwanda|Saint Paul de Loanda|Sao Paolo de Loanda|Sao Paulo da Assuncao de Luanda|Sao Paulo de Loanda|Sao Paulo de Luanda|St Paul de Loanda
P	Baotou		CN		40.65	109.84	2761700	211	Baatou|Bao GJau|Baotou shaary|Bau-tau|Bautouo|Bugat khot|Pao-t'ou|Pao-tchou|Pao-tow|Pau-thau-chhi|Pau-theu-su
P	Osaka		JP		34.69	135.50	2753862	218	Osaacke|Osaca|Osaca - da ban shi|Osaka-shi|Osako|Oszaka
P	Linyi		CN		35.06	118.34	2743843	211	I-chou|Ichow|Ichowfu|Lam Nghi|Lan-shan|Lim-ki-chhi|Lin'i|Lin-i-hsien|Lin-i-shih|Ling-gi|Linji|Liuyihsien|Yichow
P	Baoding		CN		38.87	115.46	2739887	211	Bao GJinh|Baodin|Baodina|Baodingas|Bawding shehiri|Bo-deng|Ch'ing-yuan-hsien|Ching-yuang|Pao-ting|Pao-ting-shih|Po-teng-chhi|Prefettura di Baoding|Tsingyuan|Tsingyuan-hsien
P	Kaohsiung		TW		22.62	120.31	2737660	213	Cao Hung|Gaosjun|Gaosyongshih|Gaoxiong|Gaoxiongshi|Kao-hsiung-shih|Kaohsiung City|Kaoshang|Kaosjun|Takao
P	Brooklyn		US		40.65	-73.95	2736074	123	Bklyn|Borough of Brooklyn|Breuckelen|Breukelen|Broklino|Brucclinu|Bruklin|Bruklina|Bruklinas|Comitatus Bruclinum|Kings County|Marechkawick
P	Guayaquil		EC		-2.20	-79.89	2723665	96	Gouagiakil|Guaiaquil|Guaiaquilum|Guajakil|Gvajakil|Gvajakila|Gvajakilis|Gvajakilo|Santiago de Guayaquil|Wayakil
P	Belo Horizonte		BR		-19.92	-43.94	2721564	139	Bel-Horizonto|Bello Horizonte|Belo Hte|Belo Khorizonte|Belo Orizonte|Belo Orizonti|Belu Orizonti|Belu-Aryzonty|Bhte|Cidade de Minas|Urbs Pulchri Horizontis
P	Minhang		CN		31.11	121.37	2716600	211	Min-hang-chen|Ming-hang|Minkhan|Shang-hai
P	Bazhong		CN		31.87	106.74	2712894	211	Bachzhun
P	Salvador		BR		-12.98	-38.49	2711840	67	Bahia|Baia|Salvador da Bahia|Salvador de Bahia|Salvador de Bahio|Salvadora|Salvadoras|Salvadoro|Sao Salvador|Soteropolis
P	Abuja		NG		9.06	7.50	2690000	29	Abodza|Abouja|Abuca|Abudz|Abudza|Abudzha|Abugia|Abugo|Abuya|Abuzha|Ampouza
P	Gazipur		BD		24.00	90.42	2674697	171	Jaydebpur|Joydebpur|Joydeypur
P	Chicago		US		41.85	-87.65	2664452	79	Cekaga|Chi-ka-ko|Chicagu|Chikago|Chykaga|Cikaga|Cikago|Cikaqo|E-Chicago|Kikako|Shikago|Sicagum|Sikago|The Windy City|Tsikago|Windy City
P	Wenzhou		CN		28.00	120.67	2650000	211	On Chau|Un-chiu-chhi|Ung-ciu|Uundzhou|Vehn'chzhou|Ven'chzhou|Vencsou|Vendzou|Vengou|Vun-chu-su|Wen-chou|Wen-chou-shih|Wen-cou|Wenchow|Wenchow-fu|Wenju shehiri|Wentsjou|Wenzhou Shi|Whenzou|Yongjia|Yung-chia|Yung-chia-hsien|Yungkai|Yungkia|Yungkia-hsien
P	Bekasi		ID		-6.23	106.99	2648272	180	Bekasis|Bekaso|Kota Bekasi|Kutha Bekasi
P	Dakar		SN		14.69	-17.44	2646503	15	Dacar|Dakaa|Dakara|Dakaras|Dakaro|Ndakaaru|Ntakar
P	Haiphong		VN		20.86	106.68	2625200	163	Hajfong|Hajfongo|Hayfon|Khajfon
P	Yunfu		CN		22.93	112.04	2612800	211	Hun-phu-chhi|Hung-pu|Juen-fu|Jun'fu|Tung-an|Van Phu|Wanfow|Yun-ch'eng|Yun-ch'eng-chen|Yun-fou|Yun-fou-hsien
P	Mogadishu		SO		2.04	45.34	2587183	39	Magadiscio|Magadysha|Maqdishu|Mogaadisiyo|Mogadiisho|Mogadis|Mogadisas|Mogadischu|Mogadiscio|Mogadisciu|Mogadiscium|Mogadish|Mogadisho|Mogadisjoe|Mogadisju|Mogadiso|Mogadiss|Mogadisu|Mogadisxo|Mogadiszu|Mogadixo|Mogadixu|Mogaidisiu|Mogandisio|Monkantisou|Moqadiso|Moukdicho|Moukntiso|Mugadiccu|Mugadishu|Mugadiss|Muqdisho|Muqdishow|Muqdishu|Xamar
P	Kumasi		GH		6.69	-1.62	2544530	1	Coomassie|Kumase|Kumasi shaary|Kumasis|Kumaso|Kumassi|Kumasy
P	Bandung		ID		-6.92	107.61	2528163	180	Bandoeng|Banduna|Bandungas|Bandungo|Bandunq|Bantoun'nk|Kota Bandung|Kuta Bandung|Kutha Bandhung
P	Gujranwala		PK		32.16	74.19	2511118	185	Gajranvala|Gudzhranvala|Gudzranvala|Gudzranwala|Gujranvala|Qucranvala
P	Medan		ID		3.58	98.67	2486283	180	Kota Medan|Kuta Medan|Kutha Medan|Medana|Medanas|Medano|Mentan
P	Lucknow		IN		26.84	80.92	2472011	187	Lakhnau|Lakkhnau|Lakkhnau shaary|Laknaou|Laknau|Laknauo|Laknava|Lucknow City|Luknow
P	Xining		CN		36.63	101.76	2467965	211	Hsi-ning|Hsi-ning-shih|Hszining|Sa-ning|Se-leng-chhi|Shinin|Shining shehiri|Si-nen-su|Si-ning|Sihningz|Siniin|Sinin|Sining-hsien|Siningas|Siningfu|Sinino|Tay Ninh|Xining Shi
P	Ouagadougou		BF		12.37	-1.53	2415266	45	Huagadugu|Ouagadouga|Ouankantounkou|Ougadougou|Owagadugu|Uagadougou|Uagadugu|Uagaduguo|Uaqaduqu|Vagadugu|Waaduu|Wagadugu
P	Nagpur		IN		21.15	79.08	2405665	187	Ajni|Nagpore|Nagpura|Nagpuras|Nagpuro|Nankpour
P	Fortaleza		BR		-3.72	-38.54	2400000	90	Ceara|Fartaleza|Fortalaetia|Fortaleza Nova de Braganca|Fortaleza de Nova Braganca|Fortalezae|Fortalezo
P	Cali		CO		3.43	-76.52	2392877	72	Calium|Kali|Kalio|Kalis|Santiago de Cali
P	Perth		AU		-31.95	115.86	2384371	242	Peairt|Pert|Perta|Pertas|Perth City|Perthia|Perto|Pet|Pirth|Purt
P	Daegu		KR		35.87	128.59	2365523	210	Daegu Kong-hek-chhi|Daegu-si|Daikyu|GJai Khau|Ntenkou|Taegu|Taikando|Taiku|Taikyu|Tegu|Teguo|Tehgu
P	Algiers		DZ		36.73	3.09	2364230	3	Al Jazair|Al-jezair|Alcher|Alge|Algeirsborg|Alger|Algeri|Algero|Algier|Algir|Alje|Aljer|Aljir|Alse|Alxer|Alzer|Alzhir|Alzhir khot|Alzhir shaary|Alzhyr|Alziir|Alzir|Alzira|Alzirs|Alzyras|Argel|Argier|Arhel|Arjel|Arxel|Caesair|Cathair na hAilgeire|Cezayir|Icosium|Jazoir|Zzayer
P	Nanchang		CN		28.68	115.85	2357839	211	Lam-chhiong-chhi|Nam Xuong|Nam-chhong-su|Nan'chan|Nan-cchang|Nan-ch'ang-hsien|Nan-ch'ang-shih|Nancan|Nancana|Nancang|Nancangas|Nancano|Nanchang-fu|Nancianga|Nancsang|Nang-chiong|Nanzcangh
P	Baku		AZ		40.38	49.89	2351300	162	Bacu|Bagu|Baki|Bako|Bakoe|Bakou|Bakue|Bakuo|Bakuu|Baky|Baqu|Boku|Mpakou
P	Nagoya		JP		35.18	136.91	2332176	218	Nagoia|Nagoja|Nagojo|Nagoya City|Nagoya-shi|Naqoya
P	Rome		IT		41.89	12.51	2318895	281	An Roimh|Erroma|Hrom|Lungsod ng Roma|Mji wa Roma|Ramma|Rhufain|Rim|Roeme|Rom|Roma|Romma|Romo|Rooma|Roum|Rym|Rzym|Urbs
P	Queens		US		40.68	-73.84	2316841	123	Borough of Queens|Comte de Queens|Condado de Queens|Kuins|Kvino|Queens County
P	Houston		US		29.76	-95.36	2314157	79	Chiouston|Hiu-su-tun|Hiustonas|Hjuston|Hjustona|Houston City|Hustonia|Hustono|Hyuston|Kh'juston|Khjustn|Khjustan
P	Mashhad		IR		36.30	59.61	2307177	216	Alexandria|Masant|Masat|Maschhad|Mashad|Mashado|Mashkhad|Masyhad|Maxhad|Meixad|Meshed|Mesheda|Meshedas|Meshkhed|Meszhed|Mexed|Sanaabad
P	Shaoxing		CN		30.00	120.58	2300000	211	Sao-sing|Shao-hsing|Shaohing|Shaohingfu|Shaosin|Shaosing|Shaoxing City|Shawshin shehiri|Siau-heng-chhi|Sieu-hing|Sjaoxing|Thieu Hung
P	Nantong		CN		32.03	120.87	2273326	211	Lam-thong-chhi|Nam Thong|Nan'tun|Nan-t'ung|Nan-t'ung-hsien|Nan-t'ung-shih|Nan-tchung|Nang-tung|Nentung shehiri|T'ung-chou|Tunchow|Tungchow
P	Baoshan		CN	23	31.41	121.49	2265900	211	Pao-shan|Pao-shan-ch'eng|Pao-shan-hsien
P	Gaziantep		TR		37.06	37.38	2222415	261	Aintab|Antep|Ayintap|Dilok|Gazi-Ayintap|Gaziantepa|Gaziantepas|Gaziantepo|Gazijantehp|Gazijantep|Guaziantep|Nkaziantep|Qazianteb|Qaziantep
P	Lubumbashi		CD		-11.66	27.48	2221925	33	E'ville|Elisabethville|Elizabethstad|Elizabethville|Lubumbashi shaary|Lubumbashy|Lubumbasi|Lubumbasis|Lumumbashi
P	Manaus		BR		-3.10	-60.02	2219580	111	Barra do Rio Negro|Manaos|Manauso|Manos
P	Lusaka		ZM		-15.41	28.29	2212301	34	Lousaka|Louzaka|Lusaca|Lusak|Lusako
P	Brasília	Brasilia	BR		-15.78	-47.93	2207718	139	Bahsihleihya|Brasiliopolis|Braxilia|Brazileje|Brazilia|Braziliavaros|Brazilija|Brazilija shaary|Brazilja|Braziljo|Breselya|Mprazilia
P	Zhuhai		CN		22.28	113.57	2207090	211	Chau Hai|Chu Hai|Chu Hoi|Chu-hai-chhi|Chu-hoi-su|Chyu Hoy|Chzhukhaj|Cio-hai|Cu-chaj|Dzhukhaj|Dzukhaj|Guhaj|Heung chau|Hsiang-chou|Hsiang-chou-chen|Hsiang-chou-fou|Huengchow|Juxey shehiri|Xiangzhou|Zyu Hoi
P	Santo Domingo		DO		18.47	-69.89	2201941	138	Ciudad Trujillo|Saint Domingue|Santa-Daminga|Santo Domingo City|Santo Domingo de Guzman|Santo Ntomin'nko|Santo-Dominqo
P	Lomé	Lome	TG		6.13	1.22	2188376	31	Lameh|Lomee|Lomeo
P	Multan		PK		30.20	71.48	2169915	185	Moultan|Multanas|Multano
P	Havana		CU		23.13	-82.38	2163824	99	A Habana|Abana|Gavana|Gavanae|Gavane|Habana|Hafana|Hahvaxnaz|Havan|Havanna|Havano|Hawana|Khavana|L'Avana|LAvann-a|LHabana|LHavana|La Ahuana|La Avan|La Habana|La Havana|La Havane
P	Depok		ID	30	-6.40	106.82	2163635	180	Dehpak|Depok kutha|Depokas|Kota Depok
P	Ordos		CN		39.61	109.78	2153638	211	Erdos|Ordos khot
P	Paris		FR		48.85	2.35	2138551	277	Baariis|Bahliz|Baris|Bariz|Lungsod ng Paris|Lutece|Lutetia|Lutetia Parisorum|Pa-ri|Paarys|Palika|Paname|Pantruche|Paraeis|Paras|Paries|Parigge|Pariggi|Parighji|Parigi|Pariis|Pariisi|Pariizu|Parij|Parijs|Parisi|Parixe|Pariz|Parize|Parizh|Parizh osh|Parizo|Parizs|Parys|Paryz|Paryzh|Paryzius|Ville-Lumiere
P	Coimbatore		IN		11.01	76.97	2136916	187	Koimbator|Koimbatore|Koimbatur|Kojambuttur|Kovai|Koyambattur|Koyamuttur
P	Qingyang		CN		35.71	107.64	2125400	211	Cinujan
P	Port Harcourt		NG		4.78	7.01	2120000	29	Port Harkortas|Port Harkurt|Port Kharkurt|Port Xarcourt|Port-Kharkort|Ugwu Ocha
P	Pretoria		ZA		-25.74	28.19	2112693	23	E-Pitoli|IPitoli|Piritoria|Pitori|Praetoria|Prehtoryja|Pretooriyaa|Pretori|Pretoriae|Pretorie|Pretorii|Pretorija|Pretorio|Pretoriya|Pretoriye|Pretourii|Priturya|Pta|Tshwane
P	Córdoba	Cordoba	AR		-31.41	-64.19	2106734	57	Ciudad de Cordoba|Cordoba i Argentina|Cordova|Corduba|Kordava|Kordoba|Kordobo|Kordov|Kordova|Kordova khot|Kordovae|Kuorduoba|Vila de Cordoba
P	Mbuji-Mayi		CD		-6.14	23.59	2101332	33	Bakwanga|Boutzi-Magi|Mbudzi Maji|Mbuzhi-Mai|Mbuzhi-Maji|Mbuzhy-Mai
P	Aleppo		SY		36.20	37.16	2098210	170	Alep|Alepas|Alepo|Aleppe|Aleppu|Berea|Beria|Beroea|Chalepi|Halab|Halapia|Haleb|Haleba|Halep|Heleb|Khaleb|Khaleb khot|Khalepion|Madinat Halab|Veroia|Xalab
P	Kunshan		CN		31.38	120.95	2092496	211	Con Son|K'un-shan-ch'eng|K'un-shan-hsien|Kan-shan|Kchun-san|Kunsan|Kunsanas|Kunshan Shi|Yushan|Yushan Zhen
P	Zunyi		CN		27.69	106.91	2037775	211	Chun-gi-chhi|Cong-ngie|Cuenji|Cun-i|Cunji|Czun'i|Dzuni|Gunji|Tsun-i|Tsun-i-ch'eng|Tsun-i-hsien|Tsun-i-shih|Tsunyi|Tsunyi-hsien|Tuan Nghia|Zunji
P	La Paz		BO		-16.50	-68.15	2004652	105	A Paz|Chukiyawu|Chuqi Yapu|Ciudad La Paz|La Pas|La Pasas|La-Pas shaary|La-Pazo|Lapasa|Nuestra Senora de La Paz|Pax
P	Lianyungang		CN		34.60	119.22	2001009	211	Ljan'jun'gan
P	Medellín	Medellin	CO		6.25	-75.57	1999979	72	Medegin|Medehl'in|Medel'in|Medelim|Medeljina|Medeljinas|Medeljino
P	Puning		CN		23.31	116.17	1998619	211	Liu-sha-chen|Liu-sha-hsu|Liusha|P'u-ning-hsien|Pho Ninh|Punin
P	Indore		IN		22.72	75.83	1994397	187	Indaur|Indhur|Indor|Indore Madhya Pradesh|Induras|Induro
P	Brazzaville		CG		-4.27	15.28	1982000	10	Braza|Brazavil|Brazavilis|Brazavilo|Brazzavil|Maya-Maya|Mprazabil|N'Tamo
P	Tashkent		UZ		41.26	69.22	1978028	214	Daskent|Lithopolis|Tachkent|Taixkent|Taschkent|Tashken|Tashkend|Tashkent osh|Tashkenti|Tasjkent|Taskende|Taskent|Taskenta|Taskentas|Taskento|Taszkent|Taxkent|Tochkent|Toshkand|Toshkent|Toshkent shahri
P	Ganzhou		CN		25.85	114.93	1977253	211	Cam Chau|Gan'chzhou|Gandzou|Gandzov|Gang-ciu|Gantsjou|Ganzhou Shi|Kam-chu-su|Kan|Kan-chou|Kan-chou-shih|Kan-cou|Kan-hsien|Kanchow|Kong-chiu-chhi
P	Almaty		KZ		43.25	76.91	1977011	154	Alma-Ata|Almaato|Almata|Almati|Almato|Vernyj|Vernyy|Virnij|Werny
P	Khartoum		SD		15.55	32.53	1974647	26	Al Khartum|Al Khurtum|Cartum|Chartoum|Chartum|Chartumas|Hartum|Hartumo|Jartum|Kartum|Khartoem|Khartoun|Khartum|Khartun|Xartum
P	Hamburg		DE		53.55	9.99	1973896	249	Amborg|Ambourgo|Amburgo|Amburgu|Augusta Gambriviorum|Gamburg|Hamboarch|Hamboerg|Hamboerj|Hamborg|Hambourg|Hamburch|Hamburga|Hamburgas|Hamburgo|Hamburgu|Hamburgum|Hamburk|Hamburq|Hambuurich|Hamepuka|Hampuri|Hanburgo|Khamburg
P	Sapporo		JP		43.07	141.35	1973832	218	Sapara|Saporas|Saporo|Sapporo-chhi|Sapporo-shi|Sapporum|Szapporo
P	Songjiang		CN		31.03	121.22	1973500	211	Songjiang Qu|Sunchiang|Sunczjan|Sung-chiang|Sung-chiang-hsien|Sungkiang|Sungkiang-hsien|Sunkiang|Sunkiangfu
P	Accra		GH		5.56	-0.20	1963264	1	Aakra|Acra|Akara|Akkr|Akkra|Akkrae|Akra|Akrao|Nkran
P	Curitiba		BR		-25.43	-49.27	1948626	139	Corityba|Curityba|Curytiba|Kouritiba|Kouritimpa|Kuritib|Kuritiba|Kuritibae|Kuritibo|Kuritiwa|Kuritiyba|Kuriytyva|Kuryciba|Kurytyba
P	Sanaa		YE		15.35	44.21	1937451	153	Sano|San'a|San'ah|Sanao
P	Conakry		GN		9.54	-13.68	1928389	14	Conacri|Konakri|Konakrio|Konakris|Konakry
P	Tangerang		ID		-6.18	106.63	1927815	180	Dang ge lang|Kota Tangerang|Kutha Tangerang|Tangarang|Tangerangas|Tangerango|Tanqeranq
P	Tijuana		MX		32.50	-117.00	1922523	147	Tia Juana|Tichouana|Tichuana|Tihuana|Tijuano|Tikhuana|Tikhuanae|Tixuana|Tykhuana|Zaragoza
P	Hyderabad		PK		25.40	68.38	1921275	185	Chainterampant|Haidarabad|Haidarabadas|Hajdarabad|Hajderabad|Hajderabado|Haydarabad|Haydarobod|Hiderabad|Hyderabad City|Hyderabad i Pakistan|Khajdarabad|Khajderabad
P	Beirut		LB		33.89	35.50	1916100	165	Baeyrut|Bairut|Bayrut|Beiriut|Beiroet|Beirot|Beirots|Beirout|Beiruta|Beirutas|Beirute|Bejrut|Bejrut oshs'|Bejruti|Bejruto|Berut|Berytos|Berytus|Bewout|Beyrouth|Beyrut|Birut
P	Jieyang		CN		23.54	116.37	1899394	211	Chieh-yang|Chieh-yang-hsien|Chieh-yung|Chien Yang|Czejan|Giek-iong|Kiat-iong-chhi|Kiehyang|Kityang|Kityang-hsien|Rongcheng|Tie-jang|Yet Duong
P	Jilin		CN		43.85	126.56	1895865	211	Cat Lam|Chi-lin|Chi-lin-shih|Chi-ling|Ciudad de Jilin|Csilin|Czilin'|Dzilin|Dzilinas|Gek-ling|Gilino|Girin|Girin khot|Jilin Ceety|Jilin City|Jilin Hiria|Jilin Shi|Jilin i Jilin|Jilinstad|Kiat-lim-chhi|Kilin|Kirin|Kota Jilin|Ti-lin|Yung-chi|Yung-chi-hsien|Yung-chi-shih|Yungki
P	Jiading		CN		31.39	121.24	1886100	211	Chia-tang|Chia-ting|Chia-ting-hsien|Czjadin|Jiadingzhen|Jiadingzhen Jiedao|Kiating|Kiating Ku
P	Bucharest		RO		44.43	26.11	1877155	252	Boekarest|Boukouresti|Bucarest|Bucaresta|Bucareste|Bucuresti|Buekres|Bukarest|Bukaresta|Bukarestas|Bukareste|Bukaresto|Bukareszt|Bukharehst|Bukharest|Bukureshh|Bukuresht|Bukureshta|Bukureshti|Bukurest|Buxarest
P	Camayenne		GN		9.54	-13.69	1871242	14	Camayen|Kamaenne
P	Kakamega		KE		0.28	34.75	1867579	41	Kakamege
P	Shangqiu		CN		34.41	115.66	1859723	211	Kuei-te|Kweiteh|Shanciu|Shang-ch'in|Shang-ch'iu|Shang-ch'iu-hsien|Shangkiu|Shangkiuhsien
P	Nanchong		CN		30.80	106.08	1858875	211	Lam-chhiong-chhi|Nam Sung|Nan'chun|Nan-cchung|Nan-ch'ung|Nan-ch'ung-hsien|Nan-ch'ung-shih|Nang-chung|Shun'tsin|Shun-ch'ing|Shunking
P	Tainan		TW		22.99	120.21	1856642	213	Dai-nang|GJai Nam|Kota Tainan|Tai-lam-chhi|Tainan City|Tainanas|Tajnan|Tajnano|Taynam|Tchaj-nan|Teynen shehiri|Thoi-nam-su
P	Kaduna		NG		10.53	7.44	1850000	29	Kadun|Kaduno
P	Omdurman		SD		15.64	32.48	1849659	26	Omdoerman|Omdourman|Omdurmana|Omdurmanas|Umm Durman
P	Davao		PH		7.07	125.61	1848947	194	Ciudad ti Davao|Dakbayan sa Davao|Davaa|Davao City|Davao Lakanbalen|Davao Stad|Lungsod ng Dabaw|Syudad han Davao
P	Thāne	Thane	IN		19.20	72.96	1841488	187	Tane|Tanna|Thana|Tkhana|Tkhane
P	Iztapalapa		MX		19.36	-99.06	1835486	117	Delegacion Iztapalapa|Delegazione Iztapalapa|Istapalapa|Ixtapalapa|Iztaoalaoa|Iztapalapan
P	Diyarbakır	Diyarbakir	TR		37.91	40.22	1833684	261	Amed|Amida|Diarbekir|Diarbekr|Diari-Bekir|Dijarbakir|Dijarbakira|Dijarbakiro|Dijarbakyr|Dijarbakyras|Dijarbekir|Dikranakerd|Diyarbekir|Diyarbekr|Diyaribakir|Diyaribekir|Dyjarbakyr|Ntigiarmpakir|Tigranakert
P	Santa Cruz de la Sierra		BO		-17.79	-63.18	1831434	105	Ciudad Santa Cruz|Ciudad de Santa Cruz de la Sierra|Santa Cruz|Santa Cruz da Serra|Santa Kruz de la Sijera|Santa-Krus-de-la-S'erra|Santa-Krus-de-la-Sierra|Santa-Krus-deh-la-S'era|Santa-Kruzo
P	Vadodara		IN		22.30	73.21	1822221	187	Baroda|Vadadara|Vadodarae|Vadodaro|Vantontara|Vapadedara
P	Adana		TR		36.99	35.33	1816750	261	Adane|Adano|Adhanah|Antioch on Sarus|Antiocheia|Atana|Edene|Seyhan
P	Nanyang		CN		33.01	112.55	1811812	211	Lam-iong-chhi|Nam Duong|Nan'jan|Nan-jang|Nan-yang-shih|Nang-iong|Nanyan|Nanyang i Henan|Nenyang shehiri
P	Abu Dhabi		AE		24.45	54.40	1807000	173	A-pu-that-pi|AEbu Saby|Aboe Dhabi|Abou Dabi|Abu Dabi|Abu Dabis|Abu Daby|Abu Daibi|Abu Dhabi emiraat|Abu Zabi|Abu Zaby|Abu Zabye|Abu Zabyo|Abu-Dabi khot|Abu-Dabio|Abu-Dzabi|Ampou Ntampi|Ebu Dabi|Ebu Dhabi
P	Palembang		ID		-2.92	104.75	1801367	180	Kota Palembang|Kutha Palembang|Palembangas|Palembanq|Palempan'nk|Palimbao|Pelembang
P	Sharjah		AE		25.33	55.41	1800000	173	Al Sharjah|Ash 'Mariqah|Ash Shariqa|Ash Shariqah|Ash-Shariqah emiraat|Charjah|Sardza|Sardzsa|Sarika|Sarja|Sarjo|Sarza|Schardscha|Shardza|Shardzha|Shardzha kuorat|Sharga|Sharijah|Shariqah|Sharja|Sharjah city|Szardza|Xarja|Xarjah
P	Bhopal		IN		23.25	77.40	1798218	187	Bhojpal|Bhopala|Bhopalas|Bhopalo|Bkhapal|Bkhopal|Bopal
P	Jiangmen		CN		22.58	113.08	1795459	211	Chiang-men|Chiang-men-ch'eng|Chiang-men-shih|Czjanmehn'|Czjanmen'|Czjanmyn'|Dziangmenas|Dzjanmun|Geng-muong|Giang Mon|Gjanmen|Hsin-hui|Hsin-hui-hsien|Kang-mng-chhi|Kong-mun-su|Kongmoon|Kongmoon City|Kongmun|Pakhai|Sunwui|Tiang-men|Wom Moon
P	Benin City		NG		6.34	5.63	1782000	29	Benim|Benin|Benin Siti|Benin by|Benin-Sici|Benin-Stadt|Benin-stad|Beninas|Beninborg|Beninurbo|Ciudad de Benin|Ilu Benin|Kota Benin|Magaalaa Benin|Magaalada Benin|Shakhri Benin|Thanh pho Benin
P	Jiangyin		CN		31.91	120.26	1779515	211	Chengjiang|Chengjiang Jiedao|Chiang-yin|Chiang-yin-ch'eng|Chiang-yin-hsien|Czjanuin'|Jiangyin Shi|Kiang Ying|Kiangyin
P	Fuyang		CN		32.90	115.82	1768947	211	Fou-yang|Fou-yang-hsien|Fowyang|Fowyang-hsien|Fu-jang|Fu-yang-shih|Fujan|Fuyan|Hu-iong-chhi|Inchzhou|Paiu-iong|Phu Duong|Puyanghsien|Ruyin|Ying-chou|Yingchow|Yingchow-fu
P	Montréal	Montreal	CA		45.51	-73.59	1762949	148	Lungsod ng Montreal|Manrehal'|Monreal|Monreala|Monrealis|Monreyal|Mons Regius|Montreal - Montreal|Montreal City|Montreali|Montrealo
P	Bayan Nur		CN		40.74	107.39	1760000	211	Bajan Nur
P	Chengtangcun		CN		35.08	117.19	1756300	211	T'eng|T'eng-hsien|Tehnchzhou|Teng Xian|Tengzhou|Tengzhou Shi
P	Maracaibo		VE		10.64	-71.61	1752602	76	Marakaaya|Marakaibas|Marakaibo|Marakaimpo|Marakajba|Marakajbo|Marakaybo|Marakaypu
P	Chaozhou		CN		23.65	116.62	1750945	211	Caodzou|Caogou|Cchao-cou|Ch'ao-an-hsien|Ch'ao-chou|Ch'ao-chou-chen|Ch'ao-chou-shih|Chao'an|Chaochow|Chaochowfu|Chaochzhou|Chaodzou|Chaotsjou|Chau chu fu|Chauchow|Chheu-chu-su|Dieu-ciu|Tio-chiu-chhi|Trieu Chau
P	Minsk		BY		53.90	27.57	1742124	273	Minsc|Minscum|Minsk osh|Minska|Minskaj|Minskas|Minsko|Minszk|Myensk|Myenyesk
P	Budapest		HU		47.50	19.04	1741041	253	Boedapes|Boedapest|Boudapes|Boudapeste|Budaipeist|Budapescht|Budapeshha|Budapesht|Budapesht osh|Budapesta|Budapestas|Budapeste|Budapesti|Budapestinum|Budapesto|Budapeszt|Budimpeshta|Budimpesta|Ofen-Pest
P	Qingyuan		CN		23.70	113.03	1738424	211	Cching-juean|Ch'ing-yuan|Ch'ing-yuan-hsien|Chheng-oan-chhi|Chhin-yen-su|Ching-uong|Cinujuan'|Qingcheng|Thanh Vien|Tsingyuan|Tsingyun|Tsingyunhsien
P	Tai’an	Tai'an	CN		36.19	117.12	1735425	211	T'ai-an-hsien|T'ai-an-shih|Taianfu|Tajan'
P	Rasapūdipalem	Rasapudipalem	IN		17.73	83.32	1728128	187	Raspari Palao|Visakhapatnam
P	Pimpri-Chinchwad		IN		18.62	73.80	1727692	187	Pimpri-Chinchvad|Pimpri-Cincvad|Pimpri-Csincsvad|Pimpris-Cincvadas|Pimpry-Chynchvad
P	Caloocan		PH		14.65	120.97	1712945	194	Caloocan City|Kalookan|Kalukan|Lungsod ng Caloocan
P	Warsaw		PL		52.23	21.01	1702139	298	Barsobia|Paris of the North|Phoenix City|Varsa|Varsava|Varsavia|Varsavja|Varsawa|Varshava|Varshavae|Varsja|Varso|Varsova|Varsovia|Varsovie|Varsovio|Varssavi|Varsuva|W-wa|Warsawa|Warschau|Warskou|Warszaw|Warszawa|Wawa
P	Soweto		ZA		-26.27	27.86	1695047	23	Mpanzaville|Souehto|Soueto|Sovetas|Soveto
P	Semarang		ID		-6.99	110.42	1694740	180	Kota Semarang|Kutha Semarang|Samarang|Semaran'nk|Semarangas|Semaranq
P	Puebla		MX		19.05	-98.21	1692181	117	Angelopolis|Byen Puebla|Cuetlaxcoapan|Ehroika-Puehbla-deh-Saragosa|Heroica Puebla de Zaragoza|Lungsod ng Puebla|Pouempla|Puebl|Puebla City|Puebla de Saragosa|Puebla de Zaragoza|Puebla de los Angeles|Pueblo|Puehbla|Puehbla-de-Saragosa|Puehblae-de-Saragosae|Yucha Nchu'u
P	Vienna		AT		48.21	16.37	1691468	295	Bec|Bech|Becs|Bienne|Dunaj|Fiena|Veen|Vena|Viden|Vieden|Vien|Viena|Vienne|Vieno|Viin|Vin|Vinarborg|Vindobona|Vine|Viyana|Vjena|Vjenna|Vyana|Wean|Wene|Wenen|Wieden|Wien|Wjedzyn
P	Barcelona		ES		41.39	2.16	1686208	270	Barcellona|Barcellonn-a|Barcelone|Barcelono|Barceluna|Barcillona|Barcino|Barkelone|Barseloana|Barselon|Barselona|Barselonae|Barselono|Barseluna|Barseluona|Barslon-a|Bartzellona|Bartzelona|Barzelona|Baselona|Lungsod ng Barcelona|Parselona|la Ciudad Condal
P	Patna		IN		25.59	85.14	1684297	187	New Patna|Patna New City|Patnao
P	Mosul		IQ		36.34	43.12	1683000	160	Al Mawsil|Al Mosul|Al Musil|Masul|Mausilium|Mosel|Mosoel|Mosouli|Mossoul|Mossul|Mosul khot|Mosula|Mosulas|Mosulo|Moszul|Mousl|Moussoul|Musil|Musul
P	Kallakurichi		IN		11.73	78.96	1682687	187	Kallakurikkhi
P	Kampala		UG		0.32	32.58	1680600	25	Campala|IKampala|Kaempaala|Kambaala|Kampal|Kampalo|Kanpala
P	Changshu		CN		31.65	120.74	1677050	211	Chanshu
P	Rabat		MA		34.01	-6.83	1655753	13	Raba|Rabata|Rabatas|Rabato|Rabatum|Rabot|Rampat|Rbat|al-Rabat|al-Ribat|ar-Rabat|ar-Ribat
P	Recife		BR		-8.05	-34.88	1653461	133	Arrecife|Fernambucum|Mauricea|Pernambuco|Recifo|Rehsifi|Resife|Resifi
P	Phoenix		US		33.45	-112.07	1650070	127	East Phoenix|Feniks|Fenikso|Finiks|Finiksa|Finiksas|Finiksos|Foinix|Hellings Mill|Hoozdoh|Mill City|Peniki|Phenix|Phoeniks|Pumpkinsville|Salt River|Smith Station|Smith Station Phenix|Smiths Station
P	Suzhou		CN	01	33.64	116.98	1647642	211	Su-hsien|Suchow|Suchzhou|Suxian
P	Ecatepec de Morelos		MX		19.60	-99.06	1645352	117	Ecatepec|Ecatepec Morelos|Ehkatepek-de-Morelos|Ekatepeko|Morelos|San Cristobal|San Cristobal Ecatepec|San Cristobal Ecatepec de Morelos
P	Lu’an	Lu'an	CN		31.74	116.52	1644344	211	Liu-an|Liu-an-hsien|Liuanchow|Lu'an Shi
P	Valencia		VE		10.16	-68.00	1619470	76	Balenzia|Valencio|Valens|Valensi|Valensia|Valensii|Valensija|Valensiya|Valentia|Valentzia|Valincia
P	Ludhiana		IN		30.91	75.85	1618879	187	Ludhijana|Ludijana|Ludkhiana|Ludkhijana
P	Yancheng		CN		33.36	120.16	1615717	211	Diem Thanh|Jan'chehn|Jancengo|Jancheng|Jen-ccheng|Jenchun|Sieng-siang|Yancheng City|Yen-ch'eng|Yen-ch'eng-chen|Yen-ch'eng-hsien
P	Novosibirsk		RU		55.02	82.93	1612833	198	Cen Ceper|Nobosimpirsk|Novasibirsk|Novo-Nikolaevsk|Novo-Nikolaievsk|Novonikolayevsk|Novosibir|Novosibir'sku|Novosibirscum|Novosibirska|Novosibirskaj|Novosibirskas|Novosibirsko|Novosimpirsk|Novossibirsk|Novoszibirszk|Nowosibirsk|Nowosibirski|Nowosybirsk|Odsibiren' osh|Vil' Sibirkar
P	Erbil		IQ		36.19	44.01	1612700	160	Arbeel|Arbela|Arbil|Arvila|Ehrbil'|Ermpil|Hawler|Hewler|Irbil|Viloati Arbil
P	Fukuoka		JP		33.60	130.42	1612392	218	Fucuoca|Fukuoka-shi|Fukuoko|Hukuoka
P	Taizhou		CN	04	32.49	119.91	1607108	211	T'ai|T'ai-chou|T'ai-chou-shih|T'ai-hsien|T'ai-hsien-ch'eng|Tai-ciu|Taichow|Taitsjou|Taizhou Shi|Taizhou i Jiangsu|Tajchzhou|Tajdzhou|Tajdzou|Tajgou|Tchaj-cou|Teyju shehiri|Thai Chau|Thai-chiu-chhi
P	Daqing		CN		46.58	125.00	1604027	211	An-ta|An-ta-shih|Anda|DaCing|Dachin|Dacin|Dacyn|Dai-keng|Daqing CIty|GJai Khanh|Sa-erh-t'u|Sartu|Sha-erh-t'u|Ta-cching|Taching|Tai-kheng-chhi
P	Kisangani		CD		0.52	25.19	1602144	33	Kisan'nkani|Kisanganis|Singitini|Stanleystad|Stanleyville
P	Manila		PH		14.60	120.98	1600000	194	City of Manila|Dakbayan sa Manila|Lungsod ng Maynila|Mainile|Manila City|Manilae|Manilla|Manillah|Manille|Manilo|Manyl|Maynila|Menila
P	Wuhu		CN		31.35	118.43	1598165	211	Bu-ho-chhi|Ouhu|U-hu|Ukhu|Vu Ho|Vuhu|Vukhu|Wu-chu|Wu-hu-hsien|Wu-hu-shih|Wuhu Shi
P	Santiago de Querétaro	Santiago de Queretaro	MX		20.59	-100.39	1594212	117	Ciudad Queretaro|Kepetapo|Keretaro|Queretaro|Queretaro City|Queretarum|Sant'jago-de-Keretaro|Santiago Tlachco|Santiago nte Keretaro|Santiagu di Queretaro|Santijago de Keretaro|Santjago de Keretaras
P	Dazhou		CN		31.21	107.46	1589435	211	Dachzhou|Dak-ciu|Dasyan'|Daxian|GJat Chau|Sui-ting|Sui-ting-fu|Suting|Suydin|Ta-cou|Ta-hsien|Tat-chiu-chhi|That-chu-su
P	León de los Aldama	Leon de los Aldama	MX		21.12	-101.68	1579803	117	Ciudad de Leon|Leon|Leon Guanajuato|Leon de los Aldamas
P	Makkah		SA		21.43	39.83	1578722	207	A Meca|La Meca|La Mecca|La Mecque|Macoraba|Maekkae|Makka|Makkah al Mukarramah|Makkah al Mukarraman|Meca|Mecca|Mecka|Meice|Meka|Mekao|Meke|Mekka|Mekkah|Mekke|Mekko
P	Philadelphia		US		39.95	-75.16	1573916	123	Coaquannock|Fi-sang|Filadehl'fija|Filadel'fi|Filadel'fij|Filadel'fija|Filadelfia|Filadelfiae|Filadelfie|Filadelfii|Filadelfijo|Filadelfio|Filadelfiya|Filadelfiye|Ga-na-ta-jen-go-na|Phila|Philadelpheia|Philadelphie|Philly|Quequenakee
P	Phnom Penh		KH		11.56	104.92	1573544	201	Krong Chaktomuk|Nam Van|Nam-Vang|Nom Pen|Phnom Pen|Phnum Penh|Phnum Peny|Phon Phen|Pnampen'|Pnom Pehn'|Pnom Pen|Pnom Pen'ch|Pnom Pene|Pnom Penh|Pnompena|Pnompenis|Pnompeno|Ville de Phnom Penh
P	Guilin		CN		25.28	110.30	1572300	211	Garadskaja akruga Gujlin'|Guejlin|Guilin Shi|Gujlin|Gveilinz|Kuei-lin|Kuei-lin-shih|Kuej-lin|Kui-lim-su|Kweilin|Kweilin-hsien|Lin-kuei|Lin-kuei-hsien|Lin-kwei|Ling-ch'uan|Que Lam
P	Damascus		SY		33.51	36.29	1569394	170	Al-Sham|An Damaisc|Cham|Damas|Damasc|Damasch|Damasco|Damascu|Damasek|Damashq|Damasiko|Damask|Damaska|Damaskas|Damasko|Damaskos|Damaskosy|Damasku|Damaskus|Damaszek|Damaszkusz|Dameski|Dammeseq|Damsyik|Dimaejk|Dimaesq|Dimashk|Dimashk al-Sham|Dimashku|Dimashq|Dimeshki esh Sham|Dimishiq|Dimishku|Dimishq|Domas|Esh Sham|Kamakeko|Ndamako|Sam
P	Quetta		PK		30.18	67.00	1565546	185	Ketta|Kotah|Kueta|Kveta|Kveto|Kvetta|Kwatah|Kweta|Shal|Shalkot
P	Zhaoqing		CN		23.05	112.46	1553109	211	Cao-cching|Chao-ch'ing|Chao-ch'ing-chen|Chao-chou|Chao-king|Chzhaocin|Dieu-keng|Dzaocing|Kao-yao|Kao-yao-hsien|Koyiu|Koyiu-hsien|Koynihsien|Sau-khin-su|Shiu Hing|Shiuhingfu|Tiau-kheng-chhi|Trieu Khanh
P	Onitsha		NG		6.15	6.79	1553000	29	Onicha|Onicjo
P	Mianyang		CN		31.47	104.68	1550000	211	Bian-iong-chhi|Mianyang Shi|Mien Duong|Mien-chou|Mien-jang|Mien-yang|Mien-yang-hsien|Mienchow|Mieng-iong|Mienjan|Mjan'jan|Mjenjang|Myan'yan
P	Auckland		NZ		-36.85	174.76	1547200	312	Aucland|Aucopolis|Auklando|Awklanda|Oklan|Okland|Oklandas|Oklant|Oklend|Oklenda|Tamaki-makau-rau
P	Isfahan		IR		32.65	51.67	1547164	216	Aspadana|Dakbayan sa Esfahan|Esfahan|Esfahano|Esfehan|Isfachan|Isfahana|Isfahanas|Isfahanum|Isfahon|Isfakhan|Isfehan|Ispahan|Iszfahan|Kota Isfahan|Spahan|Yspyhan
P	Wanzhou		CN		30.76	108.40	1545900	211	Vanzhou
P	Astana		KZ		51.18	71.45	1544142	154	Ak-Mola|Akmolins'k|Aqmola|Astano|Asztana|Bozok|Cilinograd|Noer-Soeltan|Nour-Soultan|Nur-Soltan|Nur-Sultan|Nur-Sultano|Ostona|Qaraotkel|Tselinograd
P	Harare		ZW		-17.83	31.05	1542813	22	Arare|Charare|Hararensis Urbs|Harareo|Kharare|Kharareh|Salisbury
P	Monrovia		LR		6.30	-10.80	1542549	40	Manrovija|Monrobia|Monrofia|Monrovi|Monrovii|Monrovija|Monrovio|Monroviya|Monrowia
P	Putian		CN		25.44	119.01	1539389	211	Buo-dieng|Hinghwa|Hinghwafu|Hsing-hua|P'u-t'ien|P'u-t'ien-hsien|P'u-t'ien-hsien-ch'eng|Pchu-tchien|Pho-chhan-chhi|Phu GJien|Phu-thien-su|Putian Shi|Putjan'|Putjen|Putyen shehiri
P	Kawasaki		JP		35.52	139.72	1538262	218	Cita de Kawasaki|Kauasaki|Kavasaki|Kavasakis|Kavaszaki|Kawasaki City|Kawasaki Si|Kawasaki-chhi
P	Goiânia	Goiania	BR		-16.68	-49.25	1536097	139	Ciutat de Goiania|Goiana|Gojani|Gojanija|Gojas|Goyania|Goyaniya
P	San Antonio		US		29.42	-98.49	1526656	79	San Antonijus|San Antonio de Bejar|San Antoniyo|San-Antonia|Sanctus Antonius
P	Kobe		JP		34.69	135.18	1525152	218	Kobe-chhi|Kobe-shi|Kobeh|Kobeo|Kompe|Lungsod ng Kobe
P	Jinzhou		CN	19	41.11	121.14	1524362	211	Cam Chau|Chien-hsien|Chin|Chin-chou|Chin-chou-shih|Chin-hsien|Chinchow|Czin'chzhou|Dzindzou|Ging-ciu|Gjingou|Jintsjou|Kim-chiu-chhi|Kinchou|Kintschou|Tin-cou
P	Stockholm		SE		59.33	18.07	1515017	289	Estocolm|Estocolme|Estocolmo|Estocolmu|Estokolma|Estokolmo|Holmia|Stakgol'm|Stjokolna|Stoccholm|Stoccolma|Stockholbma|Stockolm|Stocolm|Stocolma|Stokcholme|Stokgol'm|Stokgol'm osh|Stokhol'm|Stokholma|Stokholmas|Stokholmi|Stokholmo|Stokkholm|Stokkholmur|Stokkolma|Stokol'ma|Stokolm|Stuculma|Stuokhuolms|Sztokholm|Tukholma
P	Ciudad Juárez	Ciudad Juarez	MX		31.72	-106.46	1512450	81	Altepetl Juarez|Chuaresas|El Paso del Norte|Huaresa|Juarez|Juarezo|Lungsod Juarez|Paso del Norte|S'judad-Khuarehs|S'judad-Khuares|Sioudad Chouares|Siudad Chuaresas|Siudad Khuares|Sjudad Khvarez|Syudat Xuares
P	Cần Thơ	Can Tho	VN		10.04	105.79	1507187	177	Kan Tho|Kan Tkho
P	Munich		DE		48.14	11.58	1505005	249	Lungsod ng Muenchen|Minca|Minche|Minga|Minhen|Minhene|Minkhen|Miunchenas|Miwnix|Mjunkhen|Mnichov|Mnichow|Monachium|Monacho|Monaco de Baviera|Monaco di Baviera|Monaco e Baviera|Monacu|Monacu di Baviera|Monacum|Muenchen|Muenegh|Muenhen|Muenih|Munchen|Munhen|Munic|Munich ed Baviera|Munih|Munike|Munique|Munix|Munkeno|Munkhen|Mynihu|Myunxen
P	Khulna		BD		22.81	89.56	1500689	171	Hulna|Kkhelna|Kkhulna|Kulna|Kulno|Xulna
P	Belém	Belem	BR		-1.46	-48.50	1499641	69	Belem do Para|Belemo|Belen|Belena|Belenas|Bethlehem|Para|Santa Maria de Belem do Grao Para|Vele
P	Yekaterinburg		RU		56.86	60.62	1495066	226	Catharinoburgum|Ekaterimburgo|Ekaterinbourg|Ekaterinburg|Ekaterinburgo|Jekaterinburg|Jekaterinburga|Jekaterinburgas|Jekaterinenburg|Jekaterynburg|Jekatyerinburg|Sverdlovsk|Sverolovsk|Yekaterinburq
P	Porto Alegre		BR		-30.03	-51.23	1488252	139	Porto Alegri|Porto Alenkre|Porto de Sao Francisco dos Casaes|Porto-Alegro|Portu-Alegre|Portu-Alegri|Portu-Alegry|Portus Alacer|Puerto Alegre
P	Manhattan		US		40.78	-73.97	1487536	123	Borough of Manhattan|Manatans|Manathans|Manathas|Manathes|Manatte|Manhatano|Manhattanville|Mankhetten|Mannahattan|Menathans
P	Nashik		IN		20.00	73.79	1486053	187	Nasik|Nasikas|Nasiko|Naszik
P	Taizhou		CN	02	28.66	121.43	1485502	211	Tai-chiu-chhi|Taitsjou|Taizhou Shi|Taizhou i Zhejiang|Tajchzhou|Tchaj-cou|Thai Chau|Thoi-chu-su
P	Asunción	Asuncion	PY		-25.29	-57.65	1482200	66	Asounsion|Asounsyon|Asounthion|Assumptio|Assuncao|Assuncion|Asunciono|Asuns'jon|Asuns'on|Asunsaun|Asunsion|Asunsjona|Asunsjonas|Asunsyon|Asunsyun|Gunung Berapi Asuncion|Paraguay
P	Yiwu		CN		29.32	120.08	1481384	211	Choucheng|I-wu|I-wu-hsien|Yiwuhsien
P	Zapopan		MX		20.72	-103.39	1476491	117	Sapapan|Sapopan|Sapopanas|Sapopano|Tzapopan
P	Makassar		ID		-5.15	119.43	1474393	193	Djumpandang|Kota Makassar|Macassar|Makasar|Makasaras|Makasser|Udjung Pandang|Ujungpandang
P	Adelaide		AU		-34.93	138.60	1469163	237	Adalet|Adehlaida|Adelaida|Adelaidae|Adelaidis|Adelajda|Adelajdo|Adelejd|Edelaid|Tarndanya|Tarndarnya
P	Quanzhou		CN		24.91	118.59	1469157	211	Cchuean-cou|Ch'uan-chou|Ch'uan-chou-shih|Chhien-chu-su|Chin-chiang|Chin-chiang-hsien|Chinchew|Chinchu|Choan-chiu-chhi|Chuanchowfu|Chueenju shehiri|Ciong-ciu|Ciuandzou|Cjuan'chzhou|Quantsjou|Tsin-chiang|Tsingkianghsien|Tsinkiang|Tuyen Chau|Zaitun|Zayton
P	Madurai		IN		9.92	78.12	1465625	187	Madura|Maduraj|Madurajus|Mathurai
P	Jinhua		CN		29.11	119.64	1463990	211	Chin-hua|Chin-hua-hsien|Chin-hua-hsien-ch'eng|Chin-hua-shih|Czin'khua|Ging-hua|Jinhua Shi|Kim Hoa|Kim-fa-su|Kim-hoa-chhi|Kinhwa|Kinhwa-hsien|Kinhwafu|Tin-chua
P	Kyoto		JP		35.02	135.75	1463723	218	Kejuots|Kijota|Kiotas|Kioto|Kjoto|Kyoto-shi|Kyotu|Kyotum|Lungsod ng Kyoto|Quioto
P	Cixi		CN		30.18	121.25	1457510	211	Cixi City|Cixi Shi|Cysi|Hu-shan-chen|Hu-shan-so-ch'eng|Hushan|Tz'u-ch'i|Tz'u-hsi|Xushan|Xushan Jiedao
P	Changde		CN		29.03	111.70	1457419	211	Cangde|Cchang-te|Ch'ang-te|Ch'ang-te-ch'eng|Ch'ang-te-hsien|Ch'ang-te-shih|Chandeh|Changde Shi|Changteh|Changteh-hsien|Siong-daik|Siong-tek-chhi|Song-tet-su|Thuong GJuc|Wuling
P	Kuala Lumpur		MY		3.14	101.69	1453975	189	Federal Territory of Kuala Lumpur|Gizlungzpoh|Kouala Loumpou|Kouala Loumpour|Kuala Lumpor|Kuala-Lumpuro|Kualae-Lumpur|Kualalumpura|Kvala Lumpuras|Wilayah Persekutuan Kuala Lumpur
P	Kayseri		TR		38.73	35.49	1452458	261	Caesarea|Caesarea in Cappadocia|Casarea|Cearee|Cesarea|Cesarea de Capadocia|Cesarea in Cappadocia|Cesaree|Eusebeia|Kaisareia|Kaisaria|Kaisarie|Kaisarije|Kaiseri|Kaiseris|Kaizarie|Kajseri|Kajsery|Khuajseri|Mazaca|Qaisariye|Qayseri
P	Kaifeng		CN		34.80	114.31	1451741	211	K'ai-feng-hsien|K'ai-feng-shih|Kai-feng Fu|Kai-hung|Kajfehn|Kajfen|Kajfeng|Kajfyn|Kayfin|Kchaj-feng|Keyfeng shehiri|Khai Phong|Khai-hong-chhi
P	Karaj		IR		35.83	50.99	1448075	216	Heredi|Karadj|Karadje|Karadsch|Karadz|Karadzs|Karago|Karatz|Karej|Kerec|Keredi|Keredzas|Keredzh|Kerezh|Leredi|Qasabeh-e Karaj
P	Kathmandu		NP		27.70	85.32	1442271	186	Catmandu|Catmandum|Kantipur|Kantipura|Katemandu|Kathmandau|Kathmandou|Katmando|Katmandoe|Katmandou|Katmandu|Katmanduo|Katmantou|Khatmandu
P	Daejeon		KR		36.35	127.38	1441203	210	Daejeon-si|Daejon|Daiden|Daigono|Taejon|Taiden|Tehdzhon|Tetyan|Thai-tyen
P	Baoji		CN		34.37	107.24	1437802	211	Baoczi
P	Suqian		CN		33.95	118.30	1437685	211	Hsui-ch'ien|Su-ch'eng-chen|Su-ch'ien|Su-ch'ien-ch'eng|Su-ch'ien-hsien|Sucjan'|Sutsien|Sutsienhsien
P	Liuzhou		CN		24.32	109.41	1436599	211	Lieu Chau|Linzhou|Liou-cou|Liu-chiang|Liu-chou|Liu-chou-shih|Liuchow|Liuchowfu|Ljuchzhou|Ljudzou|Ma-p'ing|Mapinghsien
P	Tirunelveli		IN		8.73	77.68	1435844	187	Nellai|Tinnevelli|Tinnevelly|Tinnevelly Junction|Tirunelweli
P	Konya		TR		37.87	32.48	1433861	261	Conia|Gonea|Gonia|Iconio|Iconium|Ikonio|Ikonion|Ikoniow|Ko'niya|Kon'ja|Koni|Konia|Konieh|Konija|Konjao|Kuniyah|Kuon'ja|Qonia|Qonya|Qonye
P	Zhangjiagang		CN		31.86	120.54	1432044	211	Chzhanczjagan|Sha-chou|Shazhou|Yang-she-chen|Yang-she-ying|Yangshe|Zhangjiagang Shi
P	Agra		IN		27.18	78.02	1430055	187	Agra - agara|Agro|Aqra|Lungsod ng Agra
P	South Tangerang		ID		-6.29	106.72	1429529	180	South Tangerang City|Tangerang Selatan
P	Tabriz		IR		38.08	46.29	1424641	216	Davrez|Dawrez|Tabrez|Tabris|Tabrizo|Taebris|Taebriz|Tampriz|Tauris|Tebriz|Tebriza|Tebrizas|Tehbryz|Tewrez|Toewriz
P	Kharkiv		UA		49.98	36.25	1421125	265	Carcovia|Charcovia|Charkiv|Charkiw|Charkov|Charkovas|Charkow|Harkiv|Harkiva|Harkivo|Harkov|Harkova|Jarkov|Khar'kov|Xarkov
P	Xinyang		CN		32.12	114.07	1416800	211	Czinan'|Hsin-yang|Hsin-yang-hsien|Hsin-yang-shih|Sinyang|Sinyang-hsien
P	Jinjiang		CN		24.82	118.57	1416151	211	Ceng-gong|Ch'ing-yang|Ch'ing-yang-chen|Chin-chiang|Chin-kang-chhi|Czin'czjan|Jinjiang Shi|Qingyang|Qingyang Zhen|Tan Giang|Tsin-kong-su
P	Faridabad		IN		28.41	77.31	1414050	187	Faridabadas|Faridabado|Farydabad
P	Bozhou		CN		33.88	115.77	1409436	211	Bac Chau|Bochzhou|Bok-ciu|Boxian|Po-cou|Po-hsien|Pochow|Pok-chiu-chhi
P	Qujing		CN		25.48	103.78	1408500	211	Cchue-ting|Ch'u-ching|Ch'u-ching-hsien|Chiu-ch'u-ching|Cjujczin|Khiok-cheng-chhi|Khuc Tinh|Ku-tsing-fu|Kuoh-ceng|Kutsing|Kutsinghsien|Nan-ning|Qujing Hiria
P	San Diego		US		32.72	-117.16	1404452	107	Davis' Folly|Didacopolis|Graytown|Lungsod ng San Diego|New San Diego|San Diegas|San Diegu|San Dijego|San Diyego|San Miguel|San Ntienko|San-Dieqo|San-Dyega|Sandjego
P	Gwangju		KR		35.15	126.92	1401235	210	Gouanjou|Gwangju Kong-hek-chhi|Gwangju-si|Koshu|Kosyu|Kuandzhu|Kuangju|Kuangjuo|Kvandzhu|Kvandzu|Kvangdzsu|Kvangdzu|Kvanju|Kvanzhe|Kwang-choo|Kwang-dschu|Kwangdzu|Kwangju|Quansua
P	Zhanjiang		CN		21.23	110.39	1400709	211	Chan-chiang|Chan-chiang-shih|Chankiang|Chzhan'czjan|Fort Bayard|Hsi-ying|Kwangchow|Kwangchowan|Kwangchowwan|Tram Giang|Tsamkong|Zhanjiang Shi
P	Fushun		CN		41.89	123.94	1400646	211	Bu-sun-chhi|Chiu-fu-shun|Fu-shan|Fu-shun-hsien|Fu-shun-shih|Fu-sun|Fushuncheng|Fusjun|Fusunas|Fusuno|Phu Thuan|U-song
P	Rājkot	Rajkot	IN		22.29	70.79	1390640	187	Radzhkot|Radzkot|Radzkotas
P	Luoyang		CN	09	34.67	112.44	1390581	211	Honan|Honanfu|Lac Duong|Lajan|Lo-yand|Lo-yang|Lo-yang-hsien|Lo-yang-shih|Lojan|Lojan shaary|Lojang|Lok-iong|Lok-iong-chhi|Louogian'nk|Luo-jang|Luojan|Luojangas|Luojango
P	Guadalajara		MX		20.68	-103.35	1385629	117	Atemaxac|Gouadalachara|Guadalajara i Jalisco|Guadalakhara|Guadalaxara|Gvadalachara|Gvadalahara|Gvadalaharo|Gvadalakhara|Gvadalakharae|Qvadalaxara
P	The Bronx		US		40.85	-73.87	1385108	123	Borough of Bronx|Bronks|Bronkso|Bronx
P	Guankou		CN		28.16	113.63	1380000	211	Liu-yang-hsien|Liujang|Liuyang|Liuyang Shi
P	Huế	Hue	VN		16.46	107.60	1380000	163	Choue|Huje|Khjue|Khjueh|Khue|Sun-fa-su|Thanh pho Hue
P	Milan		IT		45.46	9.19	1371498	281	Lungsod ng Milano|Mailand|Mediolan|Mediolanum|Mila|Milaan|Milana|Milanas|Milano|Milanu|Milao
P	Najafgarh		IN		28.61	76.98	1365000	187	Nadzhafgarkh|Najafgarli|Najfargharh
P	Lianjiang		CN		21.65	110.28	1363470	211	Lei-pei|Liancheng|Lien-chiang|Lien-chiang-hsien|Limkong|Limkong-hsien|Ljan'czjan|Lunkong|Shih-ch'eng
P	N'Djamena		TD		12.11	15.04	1359526	42	Fort-Lamy|Indschamina|Ingamina|Injamina|Lamy|Ndjemena|Ndzamena|Ndzhamena|Ngameno|Nigamina|Tzamena|Yamena
P	Handan		CN		36.61	114.49	1358318	211	Chan-tan|Ham GJan|Han-tan|Han-tan-chhi|Han-tan-hsien|Han-tan-shih|Handanas|Handano|Hang-dang|Khan'dan'
P	Bannu		PK		32.99	70.60	1357890	185	Banu
P	Yichang		CN		30.71	111.28	1350150	211	Che-Keou-chan|Gi-chhiong-chhi|I-cchang|I-ch'ang-hsien|I-ch'ang-shih|I-chang|Ican|Ichan|Jicang|Jichang|Nghi Xuong|Ngi-chiong|Tung-hu
P	Antananarivo		MG		-18.91	47.54	1349501	301	Antananarifo|Antananarivu|Antananariwo|Antananaryvas|Antananaryvu|Antananarywa|Antenenerivo|Tana|Tananaribe|Tananarive
P	Heze		CN		35.24	115.47	1346717	211	Caozhou|Che-ce|Ha Trach|Ha-tek-chhi|He-tse|Ho-dek|Ho-tse|Ho-tse-shih|Hotseh|Hotseh-hsien|Khece|Khehczeh|Ko-tse|Ko-tse-hsien|Ts'ao-chou|Ts'aochow|Tsaochowfu
P	Guarulhos		BR		-23.46	-46.53	1345364	139	Guarul'jus
P	Abobo		CI		5.42	-4.02	1340083	0	Abobo-Gare
P	Jamshedpur		IN		22.80	86.19	1339438	187	Cemsidpur|Dzamsedpur|Dzamsedpura|Dzamsedpuras|Dzamshedpur|Dzhamshedpur|Dzhamshehdpur|Dzsamsedpur|Gamsedpur|Jamsedpur|Jamshidpur|Jarnshedpur|Tatanagar|Tzamsentpour
P	Douala		CM		4.05	9.70	1338082	18	Doula|Dual|Duala|Dualao|Ntouala
P	Antalya		TR		36.91	30.70	1335002	261	Adalia|Andalia|Antal'ja|Antalia|Antalija|Antaliya|Antaliyah|Antaljo|Antayla|Atali|Atalia|Attalea|Attaleia|Attalia|Nor Adalia|Olbia|Satalia
P	Basrah		IQ		30.51	47.78	1326564	160	Al Basrah|Al-Basra|Bacora|Basora|Basra|Bassora|Bassorah|Bassra|Besre|Busra|Busrah|Bussora|Vasora
P	Dallas		US		32.78	-96.81	1326087	79	Dalas|Dalasa|Dalasas|Dalaso|Dallas shaary|Dallasium|Ntalas
P	Saitama		JP		35.91	139.66	1324854	218	
P	Niamey		NE		13.51	2.11	1323691	43	Niame|Niamei|Niamej|Niameja|Niamejus|Niameo|Nijamej
P	Liupanshui		CN		26.59	104.83	1320825	211	Lek-buang-cui|Liou-pchan-suej|Ljupan'shuj|Luc Ban Thuy
P	Taguig		PH		14.52	121.08	1308085	194	City of Taguig|Santa Ana|Tagig
P	Maoming		CN		21.67	110.91	1307802	211	Bo-beng-chhi|Chaozhou|Hsin-p'o|Maiu-ming|Mao-ming-shih|Maomin|Mau Danh|Meu-miang-su
P	Calgary		CA		51.05	-114.09	1306784	88	Calgaria|Kalgari|Kalgario|Kalgaris|Kalgary|Kalnkari|Kalqari|Kelgery
P	Tripoli		LY		32.89	13.19	1302947	48	Aea|Oea|Tarables|Tarabulus|Tarabulus al Gharb|Tarabulus el Gharb|Trables|Trablus|Triboli|Tripili|Tripol|Tripole|Tripolis|Tripolo|Tripoly|Tripul|Tripuli|Trypali|Trypolis
P	Madinah		SA		24.47	39.61	1300000	207	Al Madina|Al Madinah|Al Madinah al Munawwarah|Al Medina|El Medina|Lathrippa|Madina|Madinah al-Munawwarah|Madinat|Maedinae|Mediina|Medin|Medina|Medinae|Medine|Medino|Medyna|Medzina|Yathrib
P	Yaoundé	Yaounde	CM		3.87	11.52	1299369	18	Giaounte|Jande|Jaunde|Jaundeh|Jaundeo|Yaunde|Yawunde
P	Batam		ID		1.15	104.02	1296960	180	Kota Batam|Kutha Batam
P	Qinzhou		CN		21.98	108.65	1296300	211	Cchin-cou|Ch'in|Ch'in-chou|Ch'in-chou-chen|Ch'in-chou-chuang-tsu-tzu-chih-hsien|Ch'in-hsien|Chinchow|Cin'chzhou|Ginhcouh|Kham Chau|Khim-chiu-chhi|Khim-chu-su|King-ciu|Yamchow|Yamhsien
P	Luohe		CN		33.57	114.03	1294974	211	Lo-he|Lo-ho|Lo-ho-chai|Lo-ho-shih|Lokheh|Lui-ho-chhi|Luo-che|Luokhe|T'a-ho|T'a-ho-chai|Tak-o|Thap Ha
P	Xiangyang		CN		32.04	112.14	1294733	211	Fancheng|Fancheng Zhen|Hsiang-fan|Hsiang-yang|Hsiang-yang-hsien|Hsziangjang|Siang-jang|Siangfan|Siangyang|Siangyang-hsien|Sjan'jan|Sjangjang|Sjanujan|Tuong Duong|Xiangfan|Xiangfan Shi|Xiangyang Shi|Xiangyangfu
P	Yangjiang		CN		21.86	111.96	1292987	211	Chiang-ch'eng-chen|Duong Giang|Iong-gong|Iong-kang-chhi|Janczjan|Jang-tiang|Jiangcheng|Liang-yang|Yang-chiang|Yang-chiang-hsien|Yeungkong|Yeungkong-hsien|Yong-kong-su
P	Yixing		CN		31.36	119.82	1285785	211	I-ch'eng-chen|I-hsing|I-hsing-ch'eng|I-hsing-hsien|Ihing|Isin|Yicheng|Yicheng Jiedao|Yixing Shi
P	Pimpri		IN		18.62	73.81	1284606	187	
P	Da Nang		VN		16.07	108.22	1276000	177	Danan|GJa Nang|Thanh Thai Phien|Tourane|Turan
P	Amman		JO		31.96	35.95	1275857	155	Ama|Aman|Amanas|Amani|Amano|Amans|Ammana|Ammon|Philadelphia|Rabbah|Rabbath Ammon
P	Budta		PH		7.20	124.44	1273715	194	
P	Belgrade		RS		44.80	20.47	1273651	248	Belehrad|Belgrad|Belgrada|Belgradas|Belgrado|Belgradu|Belgrau|Beligradi|Belogradum|Belohrod|Belqrad|Beograd|Beogradi|Beogrado|Bjalgrad|Nandorfehervar|Singidunum
P	Biên Hòa	Bien Hoa	VN		10.94	106.82	1272235	177	B'en Khoa|Bia Hoa|Bien Hoa City
P	Kananga		CD		-5.90	22.42	1271704	33	Kanaga|Kanange|Lulua|Luluabourg|Luluaburg
P	Qingpu		CN		31.15	121.11	1271424	211	Ch'ing-p'u|Ch'ing-p'u-hsien|Cinpu|Tsingpi hsien|Tsingpu|Tsingpu hsien
P	Montevideo		UY		-34.90	-56.19	1270737	120	Ciudad de Montevideo|Mantehvideha|Montebideo|Montevidejas|Montevideu|Montevidiejos|Muntivideu|Muntividew|Urbs Montis Videi
P	Xuchang		CN		34.03	113.86	1265536	211	Hsu-ch'ang|Hsu-ch'ang-hsien|Hsu-ch'ang-shih|Hsu-chou|Hsuchow|Jiangguanchi|Sjujchan|Syuychan
P	Kalyān	Kalyan	IN		19.24	73.14	1262255	187	Kal'jan
P	Zigong		CN		29.34	104.78	1262064	211	C-kung|Ceu-gong|Chu-kong-chhi|Cigung|Czygun|Dzigongas|Dzugun|Tu Cong|Tzekung|Tzeliuching|Tzeliutsing|Tzu-kung|Tzu-kung-shih|Tzu-liu-ching|Tzuliutsing
P	Nizhniy Novgorod		RU		56.33	44.00	1259013	275	Gor'kij|Gor'kiy|Gorkey|Gorki|Gorkii|Gorky|Nijni Novgorod|Nijnii Novgorod|Nischni Nowgorod|Nishni-Nowgorod|Nishnii Nowgorod|Nishnij Nowgorod|Nizhni Novgorod|Nizhni Novqorod|Nizhnii Novgorod|Nizhnij Novgorod|Nizhny Novgorod|Nizjnij Novgorod|Nizni Novgorod|Niznij Nowgorod|Nyizsnyij Novgorod
P	Jepara		ID		-6.59	110.67	1257912	180	Djapara|Djepara|Dzhepara|Japara|Yapara
P	Maputo		MZ		-25.97	32.58	1254837	36	Can Pfumo|Kapfumo|Lourenco Marques|Mabuto|Mabutu|Mapouto|Maputu
P	Xuzhou		CN		34.20	117.28	1253991	211	Pengcheng|Sjudzou|Sjujchzhou
P	Dammam		SA		26.43	50.10	1252523	207	Ad Dammam|Ad-Damman|Daemmam|Damam|Damamas|Damman|Ed Dammam|Ntamam
P	Neijiang		CN		29.58	105.06	1251095	211	Lai-kang-chhi|Nehjczjan|Nei-chiang|Nei-chiang-hsien|Nei-chiang-shih|Neikiang|Neikianghsien|Nej-tiang|Nejgjan|Noi Giang|Noi-geng|Nui-kong-su
P	Shiraz		IR		29.61	52.53	1249942	216	Chimaz|Chiraz|Schiras|Sheroz|Shyraz|Siraz|Siraza|Sirazas|Sirazo|Sjiraz|Sziraz|Xiraz
P	Heshan		CN		28.57	112.35	1249807	211	Heshan Qu|I-yang|I-yang-ch'eng|I-yang-hsien|I-yang-shih|I-yeng|Ijan|Yiyang|Yiyang Shi|Yiyang-hsien
P	Dombivali		IN		19.22	73.08	1247327	187	Dombivli|Kalyan-Dombivli
P	Kazan		RU		55.79	49.12	1243500	275	Casanum|Caza|Kaasan|Kasa|Kasan|Kazan' osh|Kazana|Kazane|Kazani|Kazanj|Kazano|Khuazan|Khusan|Kozan'|Kuazan|Kuzon|Qazan|Qozon
P	Jining		CN	25	35.41	116.58	1241012	211	Ca-ning|Che-leng-chhi|Chi-ning|Chi-ning-hsien|Chi-ning-shih|Csining|Czinin|Dzining|Gjining|Te Ninh|Ti-ning|Tsi-ning-hsien|Tsining
P	Barquisimeto		VE		10.06	-69.36	1240714	76	Barkisimeta|Barkisimetas|Barkisimeto|Barkizimeto|Barquisimetum|Barquisimito
P	Shubrā al Khaymah	Shubra al Khaymah	EG		30.13	31.25	1240289	12	Shubra al-Khayma|Shubra el-Kheima|Shubra-Ehl'-Khejma
P	Putuo		CN		31.25	121.39	1239100	211	P'u-t'o
P	Port-au-Prince		HT		18.54	-72.34	1234742	128	Port o Prens|Port o Prensas|Port-o-Prehns|Port-o-Prins|Porto Principe|Portoprensa|Portoprinco|Portus Principis|Potoprens|Puerto Principe|Ville de Port-au-Prince
P	Suwon		KR		37.29	127.01	1234582	210	Sououon|Suigen|Suvon|Suwon-si
P	Liaocheng		CN		36.45	116.00	1229768	211	Liao-ccheng|Liao-ch'eng-hsien|Liao-ch'eng-shih|Liaoceng|Lieu Thanh|Lieu-siang|Ljaochehn|Ljaocheng|Tung-ch'ang|Tungchangfu
P	Jinzhong		CN		37.68	112.75	1226617	211	Czin'chzhun
P	Callao		PE		-12.05	-77.13	1226200	106	El Callao|Kajao|Kal'jaa|Kal'jao|Kalao|Kallao|Kallaw|Kalyao|Regio de Callao
P	Meerut		IN		28.98	77.71	1223184	187	Meerut City|Merath|Meratkh|Mirat|Miratas|Mirut
P	Virār	Virar	IN		19.46	72.81	1222390	187	Vasai-Virar City
P	Nowrangapur		IN		19.23	82.55	1220946	187	Nabarangapur|Nabarangpur|Nowrangpur
P	Karbala		IQ		32.62	44.02	1218732	160	Karbalaa|Karbalo|Karbila|Karmpala|Kerbala|Kerbela|Meshed Hussain|Meshed Hussein|Nainawa|Qerbelaja|Shathi'ul-Furat|Vilojati Karbalo|al-Ghadiriya
P	Changzhi		CN	24	36.18	113.11	1214940	211	Cangdzi|Cangi|Cchang-c|Ch'ang-chih|Ch'ang-chih-hsien|Ch'ang-chih-shih|Chanchzhi|Chandzhu|Chang-chi|Changdzi|Changzhi Shi|Diong-de|Handian|Lu'an|Lu'anfu|Tiong-ti-chhi|Truong Tri
P	Tianshui		CN		34.58	105.74	1212791	211	Tjan'shuj
P	Sadr City		IQ		33.39	44.46	1211849	160	Madinat-ehs-Sadr|Sadr
P	Yangpu		CN		31.26	121.52	1210800	211	Janpu
P	Mombasa		KE		-4.05	39.66	1208333	41	Mambasa|Mombaaso|Mombaca|Mombaso|Mombassa|Mompasa|Mvita
P	Mandalay		MM		21.97	96.08	1208099	225	Mandalaj|Mandalaja|Mandalajo|Mandalajus|Mandalay piirkond|Mandale|Mandalej
P	Srinagar		IN		34.09	74.81	1206419	187	Caspira|Shrinagar|Srinagaras|Srinagaro|Srinankar|Srinigar|Srynagar|Suryanagar|Szrinagar
P	Barranquilla		CO		10.97	-74.78	1206319	72	Barankil'ja|Barankila|Barankilija|Barankilijo|Barran'kigia|Barrancas de San Nicolas|Barrankil'ja|Barrankilya|Barranquilha|Killa|La Arenosa|Quilla
P	Chelyabinsk		RU		55.16	61.43	1202371	226	Celabinsk|Celabinska|Celaebinsk|Celeabinsk|Celiabinsc|Celiabinsca|Celiabinskas|Celjabinsk|Celjabinsko|Celyabinsk|Chaljabinsk|Chelepi|Cheliabinsk|Cheljaba|Cheljaba osh|Cheljabe|Cheljabi|Cheljabins'k|Chilobinsk|Cseljabinszk|Czelabinsk|Tcheliabinsk|Tchelyabinsk|Tjeljabinsk|Tscheljabinsk|Tseliampinsk|Tseljabinsk|Tsjeljabinsk|Tsyelyabinsk|Txeliabinsk
P	Mérida	Merida	MX		20.97	-89.62	1201000	116	Ciudad de Merida|Emerita|Merida i Yucatan|Meryda
P	Hiroshima		JP		34.40	132.45	1200754	218	Chirosima|Hiroshima-shi|Hirosima|Hirosimo|Hiroszima|Hiroxima|Hiroxima - guang dao shi|Khiroshima|Khirosima
P	Santiago de los Caballeros		DO		19.45	-70.69	1200000	138	Sant'jago-de-los-Kabal'eros|Sant'jago-de-los-Trejnta-Kabal'eros|Santiago|Santiago de los Kampagieros|Santjago de los Kabaljerosas
P	Shymkent		KZ		42.31	69.60	1200000	154	Chimkent|Chymken|Chymkent|Cimkent|Schymkent|Shimkent|Simkent|Simkenta|Simkento|Sjimkent|Sjymkent|Somkent|Symkent|Symkentas|Szymkent|Tsjimkent|Ximkent|Xymkent
P	Weinan		CN		34.50	109.51	1199290	211	Oi-nang|Ui-lam-chhi|Vehjnan'|Veinan|Vejnan|Veynan|Vi Nam|Wei-nan-hsien|Weinan Shi|Wej-nan
P	Ghāziābād	Ghaziabad	IN		28.67	77.44	1199191	187	Gaziabad|Gaziabade|Gazijabad|Ghazibad
P	Matola		MZ		-25.96	32.46	1198988	36	Cidade da Matola|Vila Salazar
P	Dhanbad		IN		23.80	86.43	1196214	187	Dhanabad|Dhanbaid|Dkhanbad
P	Arequipa		PE		-16.40	-71.54	1195700	106	Arecipa|Arehkipa|Arekip|Arekipa|Arekipo|Arikipa|Ariqipa
P	Fes		MA		34.03	-5.00	1191905	13	Fez
P	Gustavo Adolfo Madero		MX		19.49	-99.11	1185772	117	Delegacion Gustavo A. Madero|Guadalupe|Guadalupe Hidalgo|Gustavo A. Madero|Villa Gustavo A. Madero|Villa Madero|Villa de Guadalupe|Villa de Guadalupe Hidalgo
P	Nouakchott		MR		18.09	-15.98	1184530	44	Naevakjut|Nawakshot|Nawakszut|Nouakchat|Nouakchot|Nouaksot|Nouaxot|Nuakchot|Nuakshot|Nuaksjott|Nuaksot|Nuaksota|Nuaksotas|Nuaksoto|Nuaksott|Nuakxot|Nwaqcut
P	Jiaxing		CN		30.75	120.75	1180000	211	Chia-hsing|Chia-hsing-hsien|Chia-hsing-hsien-ch'eng|Chiahsing-Fu|Czjasin|Dziasingas|Dzjasin|Ga-hing|Gia Hung|Ka-heng-chhi|Ka-shing-fu|Kashing|Kashing-hsien|Tia-sing
P	Aurangabad		IN		19.88	75.34	1175116	187	Aurangabad - aurangabada|Aurangabadas|Aurangabado|Chhatrapati Sambhaji Nagar
P	Zhongwei		CN		37.51	105.19	1174600	211	Chung-wei|Chung-wei-hsien|Chzhunvehj|Chzhunvey|Cung-wej|Dung-oi|Tiong-oe-chhi|Trung Ve|Zhongwei Shi
P	Omsk		RU		54.99	73.37	1172070	199	Om'sku|Omby|Omium|Omsc|Omska|Omskas|Omsko|Omszk|Omva
P	Pikine		SN		14.76	-17.39	1170791	15	Pikin
P	Pekanbaru		ID		0.52	101.44	1167599	180	Kota Pekanbaru|Kutha Pekanbaru|Pakanbahru|Pakanbaroe|Pakanbaru|Pekanbaroe
P	Panjin		CN		41.12	122.07	1166481	211	Pan'czin'
P	Bandar Lampung		ID		-5.43	105.26	1166066	180	Kota Bandar Lampung|Tanjungkarang|Tanjungkarang-Telukbetung|Telukbetung
P	Prague		CZ		50.09	14.42	1165581	279	Praag|Prag|Praga|Pragae|Prago|Praha
P	Varanasi		IN		25.32	83.01	1164404	187	Banaras|Banares|Benares|Kashi|Kasi|Varanasio|Varanasis|Varanassi|Waranasi
P	Jiujiang		CN		29.70	116.00	1164268	211	Chiu-chiang|Chiu-chiang-hsien|Chiu-chiang-shih|Ciuciang|Cuu Giang|Czjuczjan|Dzjudzjan|Kiukiang|Kiukiang-hsien|Te-hua|Tiou-tiang
P	Samara		RU		53.21	50.14	1163399	282	Kuibyschew|Kuibyshev|Kujbyshev|Kuybyshev|Samar|Samar khot|Samar osh|Samarae|Samare|Samarga|Samaro|Szamara
P	Aba		NG		5.11	7.37	1160000	29	Aba i Nigeria
P	Amritsar		IN		31.62	74.88	1159227	187	Amricar|Amritsara|Amritsaras|Amritszar|Amrytsar
P	Birmingham		GB		52.48	-1.90	1157603	268	Birmin'gxam|Birmingam|Birmingamas|Birmingem|Birmingema|Birminghamia|Birminghamo|Birminghem|Brum|Mpermincham
P	Copenhagen		DK		55.68	12.57	1153615	255	Cobanhavan|Copenaga|Copenaghen|Copenaguen|Copenhaga|Copenhague|Copenhaguen|Hafnia|Kapehngagen|Kaupmannahoefn|Keypmannahavn|Kjobenhavn|Kjopenhamn|Kobenhamman|Kobenhaven|Kobenhavn|Kodan|Koebenhavn|Koeoepenhamina|Koepenhamn|Kopenage|Kopenchage|Kopengagen|Kopenhaagen|Kopenhag|Kopenhaga|Kopenhage|Kopenhagen|Kopenhagena|Kopenhago|Kopenkhagen|Koppenhaga
P	Sofia		BG		42.70	23.32	1152556	288	Safija|Serdica|Sofi|Sofiae|Sofie|Sofii|Sofij|Sofija|Sofija osh|Sofijo|Sofio|Sofiya|Sofja|Sofya|Soifia|Sophia|Sredets|Suofeje|Szofia|Ulpia Serdica
P	Anyang		CN		36.10	114.38	1146839	211	Ahn Yang|An Duong|An'jan|An'jang|An-yang-hsien|Anjangas|Chang-te|Changte-fu|Changteh|Changten|Dengtalu|Zhangde
P	Yerevan		AM		40.18	44.51	1144700	227	Ayrivan|Djerevan|Ehrivan'|Eireavan|Ereban|Erebuni|Erehvan|Ereun|Erevan|Erevan osh|Erevana|Erevano|Erevanum|Erewan|Erivan|Eriwan|Eruandawan|Ervandavan|Erywan|Gierevan|Ierevan|Iravan|Jerevan|Jerevanas|Jerevani|Jerewan|Jerjewan|Revan|Siro Mayraqaxaq Yerevan|Yervandavan|Yiriwan
P	Vijayawada		IN		16.51	80.65	1143232	187	Bejawada|Bezawada|Bezwada|Vidzajavada|Vidzhajavada|Vidzsajavada|Vijajauada|Vijayavada|Widzajawada
P	Fengxiang		CN		30.86	121.47	1140872	211	Fehnsjan|Fengsien
P	Bijie		CN		27.30	105.29	1137383	211	Bek-ciek|Bicze|Pi-tie|Pit-chiat-chhi|Prefecture de Bijie|Tat Tiet
P	Monterrey		MX		25.68	-100.32	1135512	119	Mantehrehj|Mons Regis|Monterej|Monterejo|Monterejus|Monterey|Monterrei|Monterrej|Monterreja|Monterrey City|Monterrey i Nuevo Leon|Tlahtoantepec
P	Kigali		RW		-1.95	30.06	1132686	27	Kigale|Kigalis|Kigalo|Kigaly|Kinkali|Kiqali
P	Rostov-on-Don		RU		47.22	39.71	1130305	275	Don umbalne Rostov|Dondaguy Rostov|Dondagy Rostov|Dondokhi Rostov|Doni Rostov|Donyn Rostov|Rastou-na-Done|Rostof aan die Don|Rostof epi tou Nton|Rostov|Rostov Don|Rostov Donal|Rostov Doni aeaeres|Rostov aan de Don|Rostov de Don|Rostov del Don|Rostov do Don|Rostov na Don|Rostov na Donu|Rostov nad Donom|Rostov sopra-u-Donu|Rostov sul Don|Rostov tren song GJong|Rostov ved Don|Rostov-Donyl|Rostov-Tan-cinchi|Rostov-an-Don|Rostov-ar-Ddon|Rostov-pe-Don|Rostov-sur-le-Don|Rostova pie Donas|Rostovas prie Dono|Rostovia ad Tanaim|Rostow|Rostow Am Don|Rostow na Donu|Rostow nad Donem|Rostow nad Donom|Rosztov-na-Donu|Tyndagy Rostov
P	Zhuzhou		CN		27.83	113.15	1129687	211	Chu Chau|Chu-chiu-chhi|Chu-chou|Chu-chou-shih|Chu-chu-su|Chuchow|Chzhuchzhou|Cu-cou|Cyu Cou|Dzhudzhou|Dzudzou|Dzudzov|Gugou|Jianning|Tu-ciu|Zhutsjou|Zhuzhou Shi
P	Rui’an	Rui'an	CN		27.78	120.66	1125000	211	Jui-an|Jui-an-hsien|Jui-an-hsien-ch'eng|Zhujan'
P	Malingao		PH		7.16	124.47	1121974	194	
P	Touba		SN		14.86	-15.88	1120824	15	Tub|Tuba|Tuubaa
P	Ufa		RU		54.74	55.97	1120547	226	Ephu|Oefa|Oufa|Ouffa|Owfa|Uffa|Upo
P	Ranchi		IN		23.34	85.31	1120374	187	Ranci|Rancis|Rancsi
P	Zoucheng		CN		35.40	116.97	1116692	211	Chou-hsien|Czouchehn|Czouchen|Trau Thanh|Tsou|Tsou-hsien|Tsowhsien|Zouxian
P	Shangrao		CN		28.45	117.94	1116486	211	Kuanghsin|Kwangsin|Sang-zao|Shang-jao|Shang-jao-hsien|Shang-jao-shih|Shangrao Shi|Shangzhao|Shanzhao|Siong-jiau-chhi|Siong-ngieu|Sjangrao|Song-ngieu-su|Thuong Nhieu|Xuri
P	Lilongwe		MW		-13.97	33.79	1115815	9	Lilon'nkoue|Lilonguee|Lilongve|Lilongveh|Lilongvo|Lilonhue|Lilonqve
P	Huaibei		CN		33.97	116.79	1113321	211	Chuaj-pej|Hoai Bac|Hoai-pak-chhi|Hsu-kou|Huai-baek|Huai-pei|Huai-pei-shih|Huaibejus|Huajbej|Huaybey|Khuajbehj|Khuajbej|Sui-hsi-shih
P	Maiduguri		NG		11.85	13.16	1110000	29	Maidiguri|Maidugari|Maiduguris|Majduguri
P	Xuhui		CN		31.20	121.45	1109800	211	Hsu-chia-hui|Hsu-chia-hui-chen|Hsu-chia-t'ang|Hsu-hui|Siccawei|Sukhuj
P	Meishan		CN		30.04	103.84	1107742	211	Bi-san-chhi|Mehjshan'|Mei-chou|Mei-shan-hsien|Meichow|Mej-san|Meyshan'|Mi Son|Mi-sang
P	Mwanza		TZ		-2.52	32.90	1104521	16	Muansa|Muanza|Muvanzo|Mvanza|Mwamza|Mwansa
P	Ulsan		KR		35.54	129.32	1098421	210	Ulsan-si|Ulsano|Urusan
P	Sendai		JP		38.27	140.87	1096704	218	Sendai-shi|Sendaj
P	Krasnoyarsk		RU		56.04	92.93	1090811	188	Krasnodor|Krasnoiarsk|Krasnojar|Krasnojarsk|Krasnojarsko|Krsk
P	Fuzhou		CN	03	27.96	116.33	1089888	211	Bu-chiu-chhi|Fu-chou|Fu-chou-shih|Fu-chow-fu|Fu-cou|Fuchow|Fuchzhou|Fuzhou i Jiangxi|Lin-ch'uan|Lin-ch'uan-hsien|Linchwan|Linchwanhsien|Phu Chau|U-ciu|Vu-chu-su
P	Guigang		CN		23.12	109.59	1086327	211	Goi-geng|Guicheng|Guixian|Gujgan|Gveigangj|Kuei|Kuei-hsien|Kuej-kang|Kui-kang-chhi|Kui-kong-su|Kweihsien|Quy Cang
P	Oslo		NO		59.91	10.75	1082575	276	Asloa|Christiania|Kristiania|Ohoro|Osla|Oslas|Oslo osh|Oslu
P	Jabalpur		IN		23.17	79.95	1081677	187	Dzabalpur|Dzabalpuras|Dzhabalpur|Dzsabalpur|Gabalpuro|Jubbulpore
P	Ilorin		NG		8.50	4.54	1080000	29	Illorin|Ilorinas|Iloryn
P	Aden		YE		12.78	45.04	1079670	153	Adan|Adehn|Adem|Aden khot|Aden shaary|Adena|Adenas|Adeni|Adeno|Aidin|Anten|Cadan
P	Bogor		ID		-6.59	106.79	1078351	180	Bogoro|Buitenzorg|Kota Bogor|Kutha Bogor
P	Ciudad Nezahualcoyotl		MX		19.40	-99.01	1077208	117	Cd. Neza|Cd. Nezahualcoyotl|Ciudad Netzahualcoyotl|Ciudad Neza|Nesahualkojotlis|Nesaual'kojotl'|Netzahualcoyotl|Neza|Nezahualcoyotl|Nezahualkojotlo|Rancheria Netzahualcoyotl
P	Hengyang		CN		26.89	112.62	1075516	211	Cheng-jang|Fen-yong-su|Hanh Duong|Henan|Henchow|Heng-chou|Heng-iong|Heng-iong-chhi|Heng-nan|Heng-nan-hsien|Heng-yang-ch'eng|Heng-yang-shih|Hengchow|Hengchowfu|Hengjang|Hengjangas|Hengyang-hsien|Khehnujan|Khengjang|Khunjan|Xengyang shehiri
P	Prayagraj		IN		25.44	81.84	1073438	187	Alahabadas|Alla Abba Habab|Allahabad|Allahabad - ilahabada|Allakhabad|Ilahabad|Prayag
P	Trujillo		PE		-8.12	-79.03	1067700	106	Troxillo|Truchiljas|Truhillu|Trukhijo|Trukhil'jo|Trukhil'o|Trukhillo|Turgalium
P	Visakhapatnam		IN		17.68	83.20	1063178	187	Vaisakhapattanam|Visak|Visakha|Visakhapatnamas|Vishakapatnam|Vishakhapatanam|Vishakhapatnam|Vishakkhapatnam|Vizag|Vizag City|Vizagapatam|Vizagapatnam
P	Goyang-si		KR		37.66	126.83	1061752	210	Goyang|Goyang city|Kojan|Kojango
P	Yulin		CN		22.63	110.15	1056743	211	Giok-lim-chhi|Jue-lin|Jujlin'|Ngiuk-lim-su|Ngoc Lam|Nguk-ling|Watlam|Watlam-hsien|Yo-ling|Yoglinz|Yu-lin-chen|Yu-lin-hsien
P	Jodhpur		IN		26.27	73.01	1056191	187	Codpur|Dzhodkhpur|Dzodhpur|Dzodhpura|Dzodhpuras|Dzodpur|Dzsodhpur|Godhpur|Jodhpur City|Tzontchpour
P	Gwalior		IN		26.23	78.17	1054420	187	Gvalior
P	Jingzhou		CN		30.35	112.19	1052282	211	Chiang-ling|Chiang-ling-hsien|Ching-chou|Chingchou-fu|Czinchzhou|Dzindzhou|Ging-ciu|Jiangling|Jingtsjou|Keng-chiu-chhi|Kiangling|Kiangling-hsien|Kingchow|Kingchowfu|Kingling|Kinh Chau|Ting-cou
P	Gqeberha		ZA		-33.96	25.61	1050078	23	IBhayi|Port Elisabeth|Port Elizabet|Port Elizabetas|Port Elizabeth|Port Elizampeth|Port-Ehlizabet|Portelizabeta|Porto Elizabeth|Portus Elisabethae|Puerto Elizabeth|die Baai
P	Tbilisi		GE		41.69	44.83	1049498	215	Tbilis|Tbilisi osh|Tbilisis|Tbiliso|Tbilissi|Tbilisy|Tbiliszi|Tbilsi|Tblisi|Thbilisi|Tibilisi|Tiblisi|Tiblissi|Tiflis|Tiphlida|Tpilisi|Triphelis|Ttuplis
P	Voronezh		RU		51.67	39.19	1047549	275	Voronej|Voronejo|Voronez|Voroneza|Voronezas|Voronezhskaja oblast'|Voronezj|Voronjez|Woronesch|Woronesh|Woronez
P	Xinxiang		CN		35.19	113.80	1047088	211	Hsin-hsiang|Hsin-hsiang-hsien|Hsin-hsiang-shih|Hsinghsiang|Nangandao|Sin'sjan|Singsieng|Sinsiang-hsien
P	Yichun		CN	03	27.83	114.40	1045952	211	Gi-chhun-chhi|I-cchun|I-ch'un|I-ch'un-chen|I-ch'un-hsien|Nghi Xuan|Ngi-chung|Ni-chhun-su|Yichun Shi|Yichun i Jiangxi|Yuan-chou|Yuanchow|Yuen-chow-fu
P	Jos		NG		9.93	8.89	1040000	29	Cos|Dzhos|Dzos
P	Sokoto		NG		13.06	5.24	1040000	29	Socoto|Sokotas|Sokoto stad
P	Tangier		MA		35.77	-5.80	1035141	13	Tanca|Tanger|Tangeri|Tangero|Tangiers|Tanjer|Tanzha|Tanzher|Tingis
P	Xianyang		CN		34.34	108.70	1034081	211	Ham Duong|Ham-iong-chhi|Hang-iong|Hsien-yang|Hsien-yang-hsien|Hsien-yang-shih|Hszienjang|San'jan|Sianjangas|Sien-jang|Sienjan|Sienyanghsien|Sjan'jan|Sjanjang|Sjanjango|Syanyan|Xianyang Shi
P	Mexicali		MX		32.63	-115.45	1032686	147	Mekhikali|Meksikali|Meksikalis|Mexicali i Baja California|Mexicalo|Mexihcali|Mexikali
P	Pointe-Noire		CG		-4.78	11.86	1032000	10	Puehnt-Nuar|Puent Nuaras
P	Maceió	Maceio	BR		-9.67	-35.74	1031597	109	Macayo|Macejo|Macelo|Masejas|Masejo|Maseyo
P	Campinas		BR		-22.91	-47.06	1031554	139	Campinas e Regiao|Conceicao de Campinas|Kampinas|Kampinasas|Kampino|Regiao de Campinas
P	Sanya		CN		18.25	109.51	1031396	211	Sam-a-chhi|Sama|Samah|San'ja|San-ah|San-ya-chen|San-ya-chiang|San-ya-chiang-shih|Sang-a|Sanj|Senya shehiri|Tam A|Ya Xian|Ya-hsien|Yai-hsien|Yehsien
P	Rangpur		BD		25.75	89.25	1031388	171	Kotwali|Mosque Rangpur|Rangpur City|Rangpuras|Rongpur
P	Kirkuk		IQ		35.47	44.39	1031000	160	Karkh Slukh|Karkuk|Kerkouk|Kerkuek|Kerkuk|Kirkoek|Kirkouk|Kirkukas
P	Ashgabat		TM		37.95	58.38	1030063	158	Achgabat|Achkhabad|Aschabad|Aschabadas|Aschchabad|Aschgabat|Asgabat|Asgabata|Asgabate|Asgabato|Ashabad|Ashabat|Ashgabad|Ashkabad|Ashkhabad|Ashkhabad osh|Ashqabad|Ashxabad|Ashxobod|Asjabad|Asjchabad|Asjchabat|Asjkhabad|Askabad|Askabat|Askhabad|Asnkampat|Asqabad|Asxabad|Aszchabad|GIashkuabad|Poltoratsk
P	Shaoguan		CN		24.80	113.58	1028460	211	Ch'u-chiang|Ch'u-chiang-hsien|Chao-kuan|Kakong|Kiukianghsien|Kukiang|Kukong|Kukong-hsien|Sao-kuan|Saoguan|Seu-koan-su|Shao-chou|Shao-kuan|Shaokwan|Shiuchow|Shiukuan|Siau-koan-chhi|Sieu-guang|Thieu Quan
P	Howrah		IN		22.58	88.32	1027672	187	Haora|Haura|Hawrah|Khaora
P	Raipur		IN		21.23	81.63	1027264	187	Raipura|Raipuras|Rajpur|Rajpuro|Rayapura|Raypur
P	Changwon		KR		35.23	128.68	1025702	210	Cangvonas|Cangvono|Cchangwon|Changuon|Chanvon|Chkhangvon|Chkhanvon|Cshangvon|Sangwon|Shogen
P	Longyan		CN		25.07	117.02	1025087	211	Leng-na-chhi|Liung-ngam-su|Long Nham|Longyan Shi|Longyen shehiri|Lung-jen|Lung-ngang|Lung-yen|Lung-yen-hsien|Lungyenchow|Lunujan'
P	Köln	Koeln	DE		50.93	6.95	1024621	249	Augusta Ubiorum|Cologna|Cologne|Colonha|Colonia|Colonia Agrippina|Colonia Agrippinensis|Colonia Claudia Ara Agrippinensium|Culonia|Cwlen|K'oln|Kel'n|Kelnas|Kelne|Kelni|Keulen|Kiolns|Kjol'n|Koelle|Kolin nad Rynem|Kolin nad Rynom|Koloin|Kolon|Kolonia|Kolonjo|Kyoln|Lungsod ng Cologne|Oppidum Ubiorum
P	Dublin		IE		53.33	-6.25	1024027	256	Baile Atha Cliath|Ciuda de Dublin|Dablin|Diblin|Difelin|Divlyn|Doublino|Dublin city|Dublina|Dublinas|Dublini|Dublino|Dublinu|Dueblin|Dulenn|Dulyn|Dyflinn|Eblana
P	Tiruchirappalli		IN		10.82	78.70	1022518	187	Tiruccirappalli|Tiruccsirapalli|Tiruchchinappalli|Tiruchchirappalli|Tiruchi|Tiruchirapali|Tiruchirapalli|Tirucirapali|Trichinapalli|Trichinopoli|Trichinopoly|Trichy|Trinchinopoly
P	Yongzhou		CN		26.42	111.61	1020715	211	Junchzhou|Langlin|Lingling|Yung-chou|Yung-chow-fu|Yungchow
P	Brussels		BE		50.85	4.35	1019022	251	An Bhruiseil|Brasels|Breissel|Brisel|Brisele|Briuselis|Brjuksel|Brjusel'|Brjussel'|Brueksel|Bruessel|Bruesszel|Bruiseal|Bruksel|Bruksela|Brukseli|Brukselo|Brusehl'|Brusel|Brusela|Bruselas|Bruseles|Bruselj|Bruselo|Brussel|Brussele|Bruxel|Bruxelas|Bruxellae|Bruxelles|Brwsel|Bryssel|Bryusel|Bryxelles|Citta di Bruxelles|City of Brussels|Kota Brusel
P	Zamboanga		PH		6.91	122.07	1018849	194	Burleigh School|Ciudad ti Zamboanga|Dakbayan sa Zamboanga|Lungsod ng Zamboanga|Syudad han Zamboanga|Zamboanga City|Zamboanga Lakanbalen
P	Ottawa		CA		45.41	-75.70	1017449	148	Atava|Otava|Otavo|Otawa|Ottaba|Ottahua|Ottava|Ottavae
P	Huzhou		CN		30.87	120.09	1015937	211	Hu-chou|Hu-chou-shih|Huchow|Huchowfu|Huhinghsien|Huzhou City|Huzhou Shi|Khuchzhou|Wu-hsing|Wu-hsing-hsien|Wu-hsing-hsien-ch'eng|Wuhing|Wuxing|Wuxing Qu
P	Xinyi		CN	30	22.37	110.95	1014577	211	Dongzhen|Hsin-i|Sin'i|Tung-chen|Tung-chen-chen|Tung-chen-hsu
P	Volgograd		RU		48.71	44.50	1013533	297	Caricin|Caricyn|Estalingrado|Stalingrad|Stalingrado|Staljingrad|Tsaritsyn|Valgagrad|Vl'gogradu|Volgograda|Volgogradas|Volgogrado|Volgogradum|Volnkonkrant|Volqoqrad|Wolgograd|Zarizyn
P	Khartoum North		SD		15.65	32.53	1012211	26	Bahri|Barkhi|Jartum Norte|Khartoum Nord|Khartum Nord|Pivnichnij Khartum|Severni Kartum|Severnyj Khartum|Sjeverni Kartum
P	Edmonton		CA		53.55	-113.47	1010899	88	Edmontona|Edmontonas|Edmontono|Edmundopolis|Edmuntun|Ehdmantan|Ehdmonton|Entmonton
P	Odesa		UA		46.49	30.74	1010537	265	Adehsa|Ades|Juzhnaja stolica|Khadjibey|Khadzhibej|Kocjubiiv|Odesa-mama|Odess|Odessa|Odessa osh|Odessae|Odesse|Odessos|Odessus|Odessza|Odissos|Otesa|Perlina Chornogo morja|Pivdenna Pal'mira|Pivdenna stolicja|Stolica Jumora|Udessa|Zhemchuzhina u morja
P	Wuwei		CN		37.93	102.63	1010295	211	Liang-chou|Liang-chow|Liangzhou|Uvehj|Wu-wei-hsien|Wuwei Shi
P	Jacksonville		US		30.33	-81.66	1009833	123	Ceksonvill|Cow Creek|Cow Ford|Dzeksonvil|Dzeksonvila|Dzeksonvilis|Dzhaksnvil|Dzhehksanvil|Dzhehksonvill|Dzheksonvill|Gaksonvilo|Iacsoniapolis|Iacsonvilla|Tzaksonvil|Wakka Pilatka|Zhehksonvill
P	Fort Worth		US		32.73	-97.32	1008106	79	Arx Vorthensis|Camp Worth|Fort Gouorth|Fort Uehrt|Fort Uert|Fort Uurt|Fort Vort|Fort-Owert|Fortverta|Fortvortas|Fortvorto|Ft Worth
P	Yishui		CN		35.78	118.63	1007100	211	I-shui|I-shui-hsien|Ishuj
P	Hanzhong		CN		33.08	107.02	1006557	211	Chan-cung|Han Trung|Han-chung|Han-chung-fu|Han-chung-shih|Han-tiong-chhi|Hang-dung|Hantai|Hantai Qu|Hanzhong Shi|Khan'chzhun|Nan'chzhen|Nan-cheng|Nan-cheng-hsien
P	Hezhou		CN		24.40	111.57	1005490	211	Che-cou|Fo-chu-su|Ha Chau|Ho-chiu-chhi|Ho-ciu|Hohcouh|Khehchzhou
P	Kota		IN		25.18	75.84	1001694	187	Kotah|Kotah City
P	Zhu Cheng City		CN		36.00	119.40	1000000	211	Chzhuchehn
P	Dongying		CN		37.46	118.49	998968	211	Dongying city|Dun'in|Dungjing|Dunuin|GJong Dinh|Shengli|Shengli Jiedao|Tung-jing|Tung-ying
P	Luzhou		CN		28.89	105.43	998900	211	Khehfehj|Lo Chau|Lo-chiu-chhi|Lu-chou|Lu-chou-shih|Lu-ciu|Lu-cou|Lu-hsien|Luchow|Luchzhou|Ludzhou|Ludzou|Lutsjou
P	San Jose		US		37.34	-121.89	997368	107	Iosephopolis|Pueblo De Alvarado|Pueblo De San Jose De Guadalupe|San Chose|San Choze|San Jose De Alvarado|San Jose i California|San Khose|San Khoze|San Xose|San-Joseo|San-Khaseh|Sanhose
P	Sholapur		IN		17.67	75.91	997281	187	Solapur
P	Marrakesh		MA		31.63	-8.00	995871	13	Marakes|Marakesh|Marakeso|Maraksh|Marrakech|Marrakes|Marrakesch|Marrakesz|Marraqueix|Marraquexe|Marrokesh|Merrakex|Morocco City
P	Guatemala City		GT		14.64	-90.51	994938	95	Cidade da Guatemala|Citta del Guatemala|Ciudad Guatemala|Ciudad de Guatemala|Ciutat de Guatemala|Guate|Guatemala|Guatemala Hiria|Guatemala by|Guatemala la Nueva|Guatemala-Stadt|Guatemala-Urbo|Guatemala-stad|Gvatemala|Gvatemalurbo|Gwatemala|New Guatemala|Nueva Guatemala|Nueva Guatemala de la Asuncion|Pole tes Gouatemalas|Santiago de Guatimala
P	Meizhou		CN		24.29	116.12	992351	211	Chia-ying|Kaying|Mai Chau|Mehjchzhou|Mei|Mei-ch'eng-chen|Mei-hsien|Meixian|Meizhou Shi|Mej-cou|Moi-chiu-su|Mui-chiu-chhi|Mui-ciu
P	Yueyang		CN		29.37	113.09	991465	211	Juee-jang|Juehjan|Juejang|Ngok-yong-su|Nhac Duong|Yochau|Yochow|Youchou|Youchow
P	Laiwu		CN		36.19	117.66	989535	211	Chiu-lai-wu|Lai Vu|Lai-bu-chhi|Lai-wu-hsien|Laj-wu|Laju
P	Esenyurt		TR		41.03	28.68	983571	261	Eksinoz|Esenjurt|Eskiyuz
P	Perm		RU		58.01	56.25	982419	226	Molotov|Perem|Perma|Perme|Permia|Permjo|Perym
P	Zaria		NG		11.11	7.72	980000	29	Zarija|Zariya|Zarja
P	Chiba		JP		35.60	140.12	979768	218	Chiba-shi|Ciba|Tiba
P	Pingdingshan		CN		33.73	113.32	979130	211	Bing-ding-sang|Binh GJinh Son|Chu-ko-chen|Chu-ko-miao|P'ing-ting-shan|P'ing-ting-shan-shih|Pching-ting-san|Peng-teng-san-chhi|Pindinshan|Pingdingsano|Pingdingsjan|Tekshi choqqiliq tagh shehiri
P	Ciudad Guayana		VE		8.35	-62.64	978202	76	Cidade Guaiana|Ciudad Guiana|Ciudat Guayana|Guayana|Guayana City|S'judad-Guajana|San Felix de Guayana|San Tome|San Tome de Guayana|Santo Tome de Guayana|Santo Tomo|Sijudad Gvajana|Siudad Guajana|Sjudad Guajan
P	Sargodha		PK		32.09	72.67	975886	185	Sargoda|Sargodkha
P	Austin		US		30.27	-97.74	974447	79	Austino|Austinopolis|Montopolis|Oscin|Ostin|Ostina|Ostinas|Ostins|Waterloo
P	Managua		NI		12.13	-86.25	973087	110	Managoua|Managuae|Managva|Managvo|Manahuac|Manankoua|Manaqua|Manawa
P	Bengbu		CN		32.94	117.36	972784	211	Bang Phu|Bangbu|Behnbu|Benbu|Bunbu|Pang-fou|Pang-fou-shih|Pang-po-chhi|Pang-pu|Paung-buo|Peng-pu
P	Salé	Sale	MA		34.05	-6.80	972299	13	Sala|Sali|Sallee|Sla
P	Jerusalem		IL		31.77	35.22	971800	182	Aelia Capitolina|Al Quds|Al-Kuds|Al-Qudis|Ariel|Baitul Maqdis|Baitulmuqaddis|Bajtul Makudis|Bayt al-Maqdis|Bayt al-Muqaddas|Cherusalem|City of David|Colonia Aelia Capitolina|Djeruzalem|El Kuds|El Quds esh Sherif|Erusagem|Erusalim|Geruesalem|Gerusalem|Gerusalemme|Gierusalemme|Girusalemmi|Herusale|Herusalem|Hierosolyma|Hierousalem|Hierusalem|Hiruharama|IJerusalem|Ia-lo-sak-leng|Ia-lo-sat-leng|Iarusaileim|Iebous|Iebus|Ierosolyma|Ierousalem|Ierousalimu|Ierusalem|Ierusalema|Ierusalim|Ir David|Ir Ha-Qdoosha|Ir Ha-Qodesh|Iyerusalim|Jarusalen|Jeriwsalem|Jerozale|Jerozolema|Jerozolima|Jerusalemi|Jerusalemo|Jerusalemu|Jerusalen|Jerusalim|Jeruusalemm|Jeruzale|Jeruzalem|Jeruzaleme|Jeruzalim|Jeruzsalem|Jorsala|Jorsalaborg|Jorsalir|Kouds|Kudues|Kudus|Moria|Morias|Orcalim|Orselim|Quddus|Qudus|Queds|Salem|Sion|Solyma|Urselim|Urshalim|Urusalim|Xerusalen|Ya-lu-sat-lang|Yerusalem|Yerusalemi|Yerusalemu|Yerushalayim|Yirushalayim|Zion|al-Balat|al-Quds as-Sarif
P	Chandigarh		IN		30.74	76.79	970602	187	Candigarchas|Candigarh|Chandigar|Chandigarkh|Czandigarh
P	Dnipro		UA		48.47	35.04	968502	265	Caterinoslavia|Catherinoslav|Dnepr|Dnepropetrovsk|Dniepr|Dniepropetrovskas|Dnipropetrovs'k|Dnipropetrovsko|Dnipropetrowsk|Dniproslav|Dnjepropetrovsk|Dnjipro|Dnjipropetrovsk|Dnyipro|Ekaterineslaw|Ekaterinoslav|Katerinoslav|Katerynoslav|Novij Kodak|Novorosiynsk|Novyy Kodak|Ntnipro|Sicheslav|Sichoslav
P	Feicheng		CN		36.25	116.77	968100	211	Fehjchehn|Fei-ch'eng-hsien|Feychen|Xincheng
P	Cebu City		PH		10.32	123.89	965332	194	Cebo|Cebu|Cebu Sehri|Cebu Shahri|Cidade de Cebu|City of Cebu|Ciudad de Cebu|Dakbayan sa Sugbo|Garin Cebu|Jiji la Cebu|Kota Cebu|Magaalaa Cebu|Magaalada Cebu|Sebu|Sebu Shakhary|Shakhri Sebu
P	Sanhe		CN	10	39.98	117.07	965075	211	San'kheh|San-ho|San-ho-ch'eng-kuan|San-ho-hsien|Sunhohsien
P	Guli		CN		28.88	120.03	964203	211	Yongkang|Yung-k'ang|Yung-k'ang-hsien
P	Tiruppur		IN		11.12	77.35	963173	187	Tirupur
P	Guwahati		IN		26.18	91.75	962334	187	Gauhati|Gaukhati|Guvahati|Guvahatis|Guvakhati
P	Xiangtan		CN		27.85	112.90	959303	211	Hsiang-t'an-ch'eng|Hsiang-t'an-hsien|Hsiang-t'an-shih|Hsiang-tan|Siang-tchan|Siangtan|Siangtanhsien|Siong-tang|Siong-tham-chhi|Siong-tham-su|Sjangtan|Sjantan|Tuong GJam|Xiangtan Shi
P	Linfen		CN		36.09	111.52	959198	211	Lam Phan|Lim-hun-chhi|Lin'fehn'|Lin'fyn'|Lin-fen-hsien|Linfen Shi|Ling-hung|Pingyang|Pingyangfu|Saratsi|Yaodu Qu
P	Victoria		HK		22.29	114.14	956800	178	Victoria City|Viktoria
P	Zhenjiang		CN		32.21	119.46	950516	211	Chen-chiang|Chen-chiang-ch'eng|Chen-chiang-hsien|Chen-chiang-shih|Chenkiang|Chinkiang|Chinkiang Fu|Chinking|Chzhehn'czjan|Tan-t'a|Tan-t'u|Tantuhsien|Zhenjiang Shi
P	Enugu		NG		6.44	7.50	950000	29	Ehnugu|Enuga|Enugwu
P	Rosario		AR		-32.95	-60.64	948312	57	Rasarya|Rosarijas|Rozariyo|Urbs Rosariensis
P	Sulţānah	Sultanah	SA		24.49	39.59	946697	207	Sultanakh
P	Huludao		CN		40.75	120.84	944495	211	Hu-lu-tao|Hu-lu-tao-hsien|Khuludao|Koroto
P	Hubballi		IN		15.35	75.13	943788	187	Hubli|Hubli City|Khubli-Dkharvad
P	Padang		ID		-0.95	100.35	942938	180	Kota Padang|Kuta Padang|Kutha Padang|Padangas|Padango
P	Kitakyushu		JP		33.85	130.85	940978	218	Kita-Kjushju|Kitakiusiu|Kitakjushu|Kitakjusju|Kitakjusu|Kitakyuesue|Kitakyusyu|Pak-kiu-chiu-chhi
P	Taiz		YE		13.58	44.02	940600	153	Ta'izz|Taaciz|Taez|Taizi
P	Kingston		JM		18.00	-76.79	937700	102	Kin'nkston|Kingstono
P	Baoshan		CN	29	25.12	99.16	935618	211	Bao Son|Baoshan Shi|Bo-sang|Pao-san|Pao-shan|Pao-shan-hsien|Po-san-chhi|Yungchang|Yungchang-fu
P	Chihuahua		MX		28.64	-106.09	925762	80	Altepetl Chihuahuah|Byen Chihuahua|Chihuahua City|Chihuahua by|Chiuaua|Chiuauae|Chivava|Cihuahua|Cihuahuo|Ciuaua|Civava|Dakbayan sa Chihuahua|Tsiouaoua
P	Nay Pyi Taw		MM		19.75	96.13	925000	225	Kyatpyay|Kyetpyay|Naipidau|Najp'ido|Naypyidaw|Ne Pyi Daw|Nejp'ido|Nejpjido|Nepjido|Pyinmana
P	Eskişehir	Eskisehir	TR		39.78	30.52	921630	261	Dorylaeum|Ehskishehkhir|Ehskishekhir|Eski Shahr|Eski Shehir|Eski shehr|Eski-chehir|Eskischehir|Eskisechir|Eskisechiras|Eskiseher|Eskisehira|Eskisheher|Eskishekhir
P	Mysuru		IN		12.30	76.64	920550	187	Mahisur|Maisur|Maisuru|Majsor|Majsur|Majszur|Mysooru|Mysore
P	Chengde		CN		40.95	117.96	920395	211	Ccheng-te|Cengde|Ch'eng-te|Ch'eng-te-hsien|Ch'eng-te-shih|Chehndeh|Chengteh|Je-ho|Jehoi|Jehol|Jo-ho|Seng-tek-chhi|Sing-daik|Thua GJuc|Tschongto
P	Salem		IN		11.65	78.16	917414	187	Selam|Szalem
P	São Luís	Sao Luis	BR		-2.53	-44.30	917237	90	Maranham|Maranhao|San Luis|San Luisas|Sao Louis|Sao Luis do Maranhao|Sao Luiz|Sao Luiz de Maranhao|Sao Luiz do Maranhao|Saun Luis
P	Seongnam-si		KR		37.44	127.14	914832	210	Seongnam
P	Cartagena		CO		10.40	-75.49	914552	72	Caratagena de Indias|Cartagena das Indias|Cartagena de Indias|Cartaxena de Indias|Carthagene|Carthagene des Indes|Kartachena|Kartageno|Kartakhena|Kartakhena de Indijas
P	Antipolo		PH		14.63	121.12	913712	194	Antipolo City
P	Columbus		US	OH	39.96	-83.00	913175	123	Columbopolis|Columbus i Ohio|Franklin|Franklinton|Kalumbus|Kolambus|Kolompous|Kolumbas|Kolumbo|Kolumbs|Kolumbu|Kolumbus|Kolumbusa|Kulumbus
P	Sialkot		PK		32.49	74.53	911817	185	Sialkotas|Sialkote|Sijalkot|Sijalkoto
P	Charlotte		US		35.23	-80.84	911311	123	Carolinum|Charlotte i Nord-Carolina|Charlottesburg|Charlottesburgh|Sarlot|Sarlota|Sarlote|Sarloto|Sarlott|Sharlt|Sharlat|Sharlot|Sharlott
P	Laibin		CN		23.75	109.22	910282	211	Lai Tan|Lai-bing|Lai-pin|Lai-pin-chen|Lai-pin-chhi|Lai-pin-hsien|Laiping|Laj-pin|Lajbin'|Leizbingz|Loi-pin-su
P	Warri		NG		5.52	5.75	910000	29	Bappi|Varri
P	Naples		IT		40.85	14.27	909048	281	Napels|Napoles|Napoli|Napolo|Napols|Napoly|Nappoli|Napul|Napule|Napuli|Napulj|Neapal'|Neapel|Neapelj|Neapol|Neapole|Neapolis|Noapels|Parthenope
P	Xiaogan		CN		30.93	113.92	908266	211	Hau-gang|Hau-kam-chhi|Hieu Cam|Hsiao-kan|Hsiao-kan-hsien|Siao-kan|Siaokanhsien|Sjaogan'
P	Wuchuan		CN		21.46	110.77	907354	211	Hai-lu|Mei-lu-shih|Mei-mao|Meilu|Muiluk|Uchuan'
P	Campo Grande		BR		-20.44	-54.65	906092	74	Campus Magnus|Kampo Grande|Kampo Grandi|Kampu-Grande|Kampu-Grandi|Kampu-Grandy
P	Ziyang		CN		30.12	104.65	905729	211	Czyjan|Tszoyan|Tzeyang|Tzeyang-hsien|Tzu-yang|Tzu-yang-hsien|Yanjiang
P	Bobo-Dioulasso		BF		11.18	-4.29	904920	45	Bobo Diulasas|Bobo-Diulaco shaary|Bobo-Diulaso|Bobo-Diulasso|Bobodjulaso
P	Bahawalpur		PK		29.40	71.68	903795	185	Bakhavalpura
P	Quzhou		CN		28.96	118.87	902767	211	Cchue-cou|Ch'u|Ch'u-chou|Ch'u-hsien|Ch'u-hsien-ch'eng|Chu-chow|Chuchowfu|Cjujchzhou|Cu Chau|Gu-ciu|Ku-chiu-chhi|Quxian
P	Blantyre		MW		-15.78	35.01	902588	9	Blantair|Blantairas|Blantajer|Blantajr|Blantajur|Blantire|Blantjiro|Blantyre-Limbe|Kapeni
P	Donetsk		UA		48.02	37.80	901645	265	Aleksandrovka|Daneck|Dinec'k|Dinec'ke|Dinetsk|Dinetske|Donbas City|Donbas-siti|Donec'k|Donec'ke|Doneck osh|Donecka|Doneckas|Donecko|Donesk|Donetk|Donetsk i Ukraina|Donetske|Donezk|Donieck|Donietsk|Donjeck|Fornaces|Gorod milliona roz|Hughesovka|Iuziv|Iuzivka|Iuzov|Iuzove|Iuzovka|Jusow|Jusowka|Juziv|Juzivka|Juzove|Juzovka|Kalgorod|Kalhorod|Kalok|Misto mil'jona trojand|Misto miliona troiand|Misto milyona troyand|Ntonetsk|Oleksandrivka|Shakhtars'ka stolicja|Shakhtarska stolytsia|Shakhtarska stolytsya|Solov'ianenkove|Solov'janenkove|Solov'yanenkove|Stalin|Staline|Stalino|Yuziv|Yuzov|Yuzove|Yuzovka|Yuzovo
P	Abū Ghurayb	Abu Ghurayb	IQ		33.31	44.18	900000	160	Abou Ghraib|Abu Ghraib|Abu Ghraib - abw ghryb|Abu Ghraib Farms|Abu Ghuraib|Abu-Grejb
P	Bishkek		KG		42.87	74.59	900000	166	Bichkek|Biscecum|Bischkek|Bishkek osh|Bisjkek|Biskek|Biskeka|Biskekas|Biskeko|Bisqeq|Bisqueque|Biszkek|Bixkek|Frunze|Mpiskek|Pishkek|Pishpek
P	Qom		IR		34.64	50.88	900000	216	Dakbayan sa Qom|Ghom|Homo|Kom|Kum|Kum shaary|Kumas|Qum
P	Krasnodar		RU		45.05	38.98	899541	275	Ekaterinodar|Krasnodara|Krasnotar|Novorosyisk|Yekaterinodar
P	Natal		BR		-5.79	-35.21	896708	90	Natalo
P	Pingxiang		CN	03	27.62	113.85	893550	211	Bing-hiong|Binh Huong|Dingsiang|P'ing-hsiang|P'ing-hsiang-chen|P'ing-hsiang-hsien|P'ing-hsiang-hsien-ch'eng|P'ing-hsiang-shih|Pching-siang|Pheng-hiong-chhi|Phin-hiong-su|Pingsiang|Pingsiang-hsien|Pingsjang|Pingxiang Shi|Pinsjan
P	Malang		ID		-7.98	112.63	889359	180	Kabupaten Malang|Kota Malang|Kutha Malang|Maland
P	Cancún	Cancun	MX		21.17	-86.85	888797	75	Ciudad Cancun|Kan'koun|Kankun|Kankuna|Kankunas
P	Indianapolis		US		39.77	-86.16	887642	101	Indianapoles|Indianapoli|Indianapolisa|Indijanapolis|Indiyanapolis|Indyjanapalis
P	Gurugram		IN		28.46	77.03	886519	187	Guragaona|Gurgaon|Gurgaonas|Gurgaono|Nkournkaon
P	Bhubaneswar		IN		20.27	85.83	885363	187	Bhubaneshwar|Bkhubaneshvar|Ekamra-Kshetra|Temple City of India
P	Zhoushan		CN		29.99	122.20	882932	211	Chzhoushan'|Dinghai Qu|Zhoushan Shi
P	Qiqihar		CN		47.34	123.96	882364	211	Ca-ca-hak-i|Ch'i-ch'i-ha-erh|Ch'i-ch'i-ha-erh-shih|Chhe-chhe-ha-ngi-su|Ciciharas|Ciciharo|Cicikar|Cicikhar|Jijihaer|Lung-chiang|Lung-chiang-hsien|Lungkiang|Qiqiha'er|Qiqiha'er Shi|Qiqihar Shi|Qiqihar-chhi|Te Te Cap Nhi|Tsitsihar|Zizikar
P	Mulenvos		AO		-8.87	13.33	882014	32	
P	Sulaymaniyah		IQ		35.56	45.43	878146	160	As-Sulajmanijja|Silemani|Slemani|Solimania|Souleimaniye|Sueleymaniye|Sulaimaniya|Sulaimaniyya|Sulaymaniyya|Suleimania|Suleimaniya|Suleimaniyah|Sulejmanie|Sulejmanija|Suleymania|as-Sulaimaniya|as-Sulaymaniyyah
P	Marseille		FR		43.30	5.38	877215	277	Marseggia|Marsegia|Marseglia|Marseilla|Marseilles|Marsej|Marseja|Marsejlo|Marsel|Marsela|Marsele|Marselha|Marselis|Marsella|Marsella - Marseille|Marselye|Marsey|Marseya|Marseyl|Marsiella|Marsigghia|Marsiglia|Marsiho|Marsilha|Marsilia|Marsilija|Marsilya|Marsylia|Marsylijo|Massalia|Massilia
P	Bhiwandi		IN		19.30	73.06	874032	187	Bhivandi|Bhiwndi|Bivandi|Bkhivandi
P	Soshanguve		ZA		-25.47	28.10	872309	23	
P	Laiyang		CN		36.98	120.71	872000	211	Lai-yang-hsien|Lai-yank|Lajjan
P	Daye		CN		30.08	114.95	871214	211	Dae|Ta-ye-li|Ta-yeh|Ta-yeh-ch'eng|Ta-yeh-hsien
P	Teresina		BR		-5.09	-42.80	871126	90	Poti|Tehrehzina|Terezina|Theresina|Therezina|Vila Nova do Poti
P	Ankang		CN		32.68	109.02	870126	211	An-k'ang-hsien|Ankan|Hingan|Hinganfu|Hsing-an|Xing'an
P	Jalandhar		IN		31.33	75.58	868929	187	Calandhar|Dzalandar|Dzalandhar|Dzalandhara|Dzalandharas|Dzhalandkhar|Dzsalandhar|Galangar|Jullundur|Jullundur City|Tzalantar
P	Rotterdam		NL		51.92	4.48	868135	244	Ratehrdam|Roterdam|Roterdama|Roterdamas|Roterdami|Roterdamo|Roterdan|Roterdao|Roterntam|Roterodamum
P	Langfang		CN		39.52	116.71	868066	211	An-tz'u|Anci|Lanfan|Lang-fang-chen
P	Lhasa		CN		29.65	91.10	867900	211	La-sa-shih|Lasa|Lasao|Lassa|Lhas|Lhasa Shi|Lhasa-chhi|Lhasa-su|Lhassa|Lhasza|Lkhas|Lkhasa|Lkhasa shaary|Lkhasae|Lkhase
P	Duque de Caxias		BR		-22.79	-43.31	866347	139	Caxias|Duke de Kashijas|Duke de Kasijasas|Duki di Kashias|Duki di Kasias
P	Viana		AO		-8.91	13.37	865863	32	
P	Jiaozuo		CN		35.24	113.24	865413	211	Chiao-tso|Chiao-tso-chen|Chiao-tso-kung-k'uang-ch'u|Chiao-tso-shih|Chiau-chok-chhi|Cieu-cauk|Czjaoczo|Gjaoguo|Tiao-cuo|Tieu Tac|Tsiaotso|Tszyaotszochzhen
P	Samarinda		ID		-0.49	117.15	865306	193	Batoeng Panggol|Kota Samarinda|Kuta Samarinda|Kutha Samarinda|Samarynda
P	Benxi		CN		41.29	123.77	865215	211	Ban Khe|Behn'si|Ben'si|Bunsi|Pen Shi|Pen-ch'i|Pen-ch'i-hsien|Pen-ch'i-hu|Pen-ch'i-shih|Pen-hsi|Pen-hsi-shih|Pen-si|Penki|Penkihu|Pun-khe-chhi
P	Wanxian		CN		30.82	108.37	859662	211	Gaosuntang|Vansjan'|Wan|Wan-Hsien|Wan-hsien-shih|Wanshien
P	Guang’an	Guang'an	CN		30.47	106.64	858159	211	Guanuan'|Kuang-an|Kuang-an-hsien|Kwang-an-hsien|Kwangan|Kwanganchow|Nonghui
P	Johor Bahru		MY		1.47	103.76	858118	189	Baru|Bharu|Dzhokhor Bakhru|Dzhokhor-Baru|Dzohor Baru|Dzokhor Bakhru|Jahore Bahru|Johor|Johor Baharu|Johore|Johore Bahru|Johore Baru|Johore Bharu|Sin-san-su
P	Arifwala		PK		30.29	73.07	854462	185	Arifvala
P	Pasig City		PH		14.59	121.06	853050	194	Pasig
P	Cheongju-si		KR		36.64	127.49	852147	210	Cheongju|Chkhundzhu
P	Kanayannur		IN		9.97	76.27	851406	187	Kanajannur
P	Tegucigalpa		HN		14.08	-87.21	850848	146	Tegousigalpa|Tegousigoualpa|Tegucigalpo|Tegucigucigalpa|Tegusigal'pa|Tegusigalp|Teguzigalpa|Tehgusigal'pa|Tenkousinkalpa|Tequsiqalpa|Teuctzincalpan
P	Bucheon-si		KR		37.50	126.78	850731	210	Bucheon|Puchkhon
P	Thanh Hóa	Thanh Hoa	VN		19.80	105.77	850000	163	Tan Khoa|Than Hoa|Tkhan Khoa|Tkhan'khaa
P	Turin		IT		45.07	7.69	847287	281	Augusta Taurinorum|Julia Augusta Taurinorum|Lungsod ng Turino|Tori|Torin|Torino|Torinu|Tueri|Turen|Turijn|Turim|Turina|Turinas|Turino|Turinu|Turyn
P	Al Ain City		AE		24.19	55.76	846747	173	Ainas|Al Ain|Al Ajn|Al Ayn|Al-Ayin|Ehl'-Ajn|El Ain|El-Ajn
P	Libreville		GA		0.39	9.45	846090	30	Libarwil|Liberopolis|Librefille|Librehvil'|Librevil|Librevila|Librevilis|Librevilo|Librvil|Libvil|Limprebil|Limprvil|Liuravila
P	Saratov		RU		51.54	45.99	844858	285	ISaratov|Saratau|Saratof|Saratov osh|Saratova|Saratovas|Saratovia|Saratovu|Saratow|Saratu|Saratuovs|Saretow|Sarytau|Szaratov
P	Ulan Bator		MN		47.91	106.88	844818	220	Da Hueryee|Da Khure|Da-Kure|K'u-lun|Orgoo|Oulan Mpator|Oulan-Bator|Ourga|Ula Bator|Ulaan Baatar|Ulaan Baatar Hoto|Ulaanbaataro|Ulaanbaator|Ulaanbaator hota|Ulaanbaatur|Ulan Bator Hoto|Ulan Batoras|Ulan Batur|Ulan-Bator Khoto|Ulanbatar|Uranbatoru|Urga|Uruga
P	Weihai		CN		37.51	122.11	844310	211	Ui-hai|Ui-hai-chhi|Uy Hai|Vehjkhaj|Veihai|Wei-hai-shih|Wei-hai-wei|Wei-hai-wei-shih|Weihai Shi|Wej-chaj
P	Takeo		KH		10.99	104.78	843931	201	Prasat|Takev
P	Nova Iguaçu	Nova Iguacu	BR		-22.76	-43.45	843046	139	Nova Iguassu|Nova Iguasu
P	Cochabamba		BO		-17.38	-66.16	841276	105	Ciudad Cochabamba|Kocabamb|Kocabamba|Kochabamba|Kuchawampa|Quchapampa
P	Ahvaz		IR		31.32	48.68	841145	216	Ahvaz - ahwaz|Ahvaza|Ahvazas|Ahvazo|Ahvoz|Ahwas|Ahwaz|Akhvaz|Akhvaz shaary|Axvaz|Bandar Nasiri|Bandar-e Naser|Ehvaz|Naseri|Nasiri
P	Vientiane		LA		17.97	102.60	840940	222	Bientian|Fanhyiengh|Nakhon Viangchan|V'ent'jan|Venc'jan|Ventyan|Vianchan|Viang chan|Vien Can|Vien Chang|Vienciana|Vieng Quy|Vieng-Caen|Vieng-Chan|Viengtjan|Vientane|Vientian|Vientianas|Vientijan|Vientjan|Vientyan|Vijentijan|Vjencana|Vjentiano|Vjentjan|Vyantyan|Vyentyan|Wei-t'ien|Wiang Chan|Wiangcan|Wien Tsjan|Wientian|Wyentyan
P	São Bernardo do Campo	Sao Bernardo do Campo	BR		-23.69	-46.56	840499	139	SBCampo|San-Bernardo-du-Kampu|Sao Bernardo
P	Shangyu		CN		30.02	120.87	839747	211	Baiguan|Pai-kuan|Pai-kuan-chen|Pekwan|Pokwan|Shanujuj
P	Xinyu		CN		27.80	114.93	839488	211	Hsin-yu|Hsin-yu-chen|Hsin-yu-hsien|Hsin-yu-hsien-ch'eng|Hsin-yu-shih|Sin'juj|Sin-jue|Sin-u-chhi|Sin-yi-su|Sing-u|Sinyu-hsien|Tan Du|Xinyu Shi
P	Pietermaritzburg		ZA		-29.62	30.39	839327	23	Maritzburg|Mokokotlofo|Petromaritzburgum|Pietermaricburg|Pietermaritsburg|Pitehrmarycburg|Pitermaricburg|Pitermaricburgas|Piturmaricburg
P	Yibin		CN		28.76	104.64	836340	211	Gi-pin-chhi|Hsu-chou|I-pin|I-pin-hsien|I-pin-shih|Ibin|Jibin|Nghi Tan|Ngi-bing|Suchow|Suifu|Xufu|Xuzhou Cheng|Yibin Shi
P	Naucalpan de Juárez	Naucalpan de Juarez	MX		19.48	-99.24	834434	117	Municipio Naucalpan de Juarez|Naoukalpan|Naucalpan|Nauhcalpan Juarez|Naukal'pan|Naukal'pan-de-Khuares|Naukalpan de Khuarez|San Bartolo Naucalpan
P	Kampung Baru Subang		MY		3.15	101.53	833571	189	Subang
P	Bouaké	Bouake	CI		7.69	-5.03	832371	0	Buake|Bvake|Bwake
P	Taicang		CN		31.45	121.09	831113	211	Chengxiang|Chengxiang Zhen|T'ai-ts'ang|T'ai-ts'ang-ch'eng|T'ai-ts'ang-hsien|Taicang Shi|Tajcan
P	San Francisco		US		37.77	-122.42	827526	107	Franciscopolis|Frisco|Kapalakiko|Khiu-kim-san|Lungsod ng San Francisco|New Albion|San Franciscu|San Francisko|San Fransisco|San Fransiskas|San Fransisko|San Frantzisko|San Phransisko|San-Francyska|Sao Francisco|Yerba Buena
P	Sakai		JP		34.58	135.47	826161	218	Sacaia|Sacaium
P	Valencia		ES		39.47	-0.38	824340	270	Balenzia|Pa-lun-si-a|Valantsa|Valence|Valencia - Valencia|Valencie|Valencija|Valencio|Valenseje|Valensi|Valensia|Valensii|Valensij|Valensija|Valensiya|Valensyaa|Valenthia|Valentia|Valentzia|Valenza|Walencja|Walensiye
P	Jinshan		CN		30.84	121.29	822776	211	Czinshan
P	Chenzhou		CN		25.80	113.03	822534	211	Ch'en|Ch'en-chou-shih|Ch'en-hsien|Chehn'chzhou|Chenchow
P	João Pessoa	Joao Pessoa	BR		-7.12	-34.86	817511	90	Cidade Felipea|Fredericia|Joan-Pesoo|Parahiba|Parahyba|Paraiba|Zhoao Pesoa|Zhuan-Pesoa|Zhuan-Pessoa|Zoan Pesoa|Zoao Pesoa
P	Bukavu		CD		-2.49	28.84	816811	33	Costermansstad|Costermansville
P	Kraków	Krakow	PL		50.06	19.94	816614	298	Carcovia|Cracau|Cracovia|Cracovie|Cracow|Kraka|Krakau|Krakiv|Krakko|Krakobia|Krakoo|Krakov|Krakova|Krakovi|Krakovia|Krakovija|Krakovja|Krakovo|Krakowo|Krakuw|Krokuva
P	Dandong		CN		40.13	124.39	815858	211	An-tung-hsien|An-tung-shih|Andong|Antung|Dan'dun|Dandong - dan dong|Dandong Shi|Dandung|Dang-dung|GJan GJong|Sha-ho-ch'en|Sha-ho-tzu|Tan-tong-chhi|Tan-tung|Tan-tung-shih
P	Barcelona		VE		10.14	-64.69	815141	76	Barcelono|Barselona|Varkeloni
P	Bangui		CF		4.36	18.55	812407	6	Bangi|Bangis|Mpan'nkoui
P	Hermosillo		MX		29.09	-110.97	812229	100	Ehrmosil'o|Ermosijo|Ermosil'o|Germosil'o|Hermosiljas|Pitic
P	Bhayandar		IN		19.30	72.85	809378	187	Bhayander|Bhayndar|Bhayundar|Bkhajandar|Mira-Bhayandar
P	Culiacán	Culiacan	MX		24.80	-107.39	808416	115	Colhuahcan Rosales|Cuilacan|Culiacan Rosales|Culiacana|Kul'jakan|Kuliakan|Kulijakan|Kuljakanas|Kulyakan
P	Petaling Jaya		MY		3.11	101.61	807879	189	Petaling Dzhaja
P	Anqing		CN		30.51	117.05	804493	211	An Khanh|An'cin|An-cching|An-ch'ing|An-ch'ing-ch'eng|An-ch'ing-shih|Ancing|Ancingas|Anking|Anqing Shi|Ganking|Huai-ning|Huai-ning-hsien|Hwaining|Hwaining-hsien|Nganking
P	Oran		DZ		35.70	-0.64	803329	3	Aran|Ora|Orana|Oranas|Orano|Ouahran|Wahran|Waradinne|Wehran
P	Freetown		SL		8.49	-13.24	802639	20	Frijtaun|Fritaun|Fritauna|Fritaunas|Fritauno|Fritonn|Frytaun|Phritaoun|Saint George|Urbs Libera
P	San Pedro Sula		HN		15.51	-88.03	801259	146	San Pedro|San Pedro Zollan|San-Pedra-Sula
P	Narela		IN		28.85	77.09	800000	187	
P	Xingtai		CN		37.06	114.49	798770	211	Chin-t'ai|Heng-tai-chhi|Hing-dai|Hinh GJai|Hsing-t'ai|Hsing-t'ai-hsien|Hsing-tai-shih|Setay|Shun'de|Shun-te|Shunteh|Shuntehfu|Sing-tchaj|Singtai|Singtaj|Sintaj|Yingtaihsien
P	Niigata		JP		37.92	139.04	797591	218	Niahi-niigata|Nigita
P	Muscat		OM		23.58	58.41	797000	195	Maeskat|Mascat|Mascate|Maskat|Maskata|Maskatas|Maskate|Maskato|Masqat|Masquat|Maszkat|Mouskat|Muskat
P	Zarqa		JO		32.07	36.09	792665	155	Az Zarqa'|Ehz-Zarka|Kalaat el Zerka|Qal'at az Zarqa'|Zarka|Zerka
P	Çankaya	Cankaya	TR		39.92	32.86	792189	261	Chankaja
P	Küçükçekmece	Kuecuekcekmece	TR		40.99	28.77	792030	261	Cekmece|Kuchuk Chekmejeh|Kucukcekmece|Kuedzhuekdzhekmedzhe
P	Hamamatsu		JP		34.70	137.73	791707	218	Hamamacu|Hamamatsu City|Hamamatsu-shi|Hamamatu|Hamamatu-chhi|Khamamacu
P	Kolwezi		CD		-10.71	25.47	790248	33	Kolvezi
P	Vinh		VN		18.67	105.69	790000	163	Vin|Vinis
P	Thiruvananthapuram		IN		8.49	76.95	788271	187	City of Lord Anantha|Tiruvananantapuram|Tiruvanantapuram|Tiruvanantapuramas|Tkhiruvanantkhapuram|Trivandrum
P	Zhaotong		CN		27.32	103.72	787845	211	Cao-tchung|Chao-t'ung|Chao-t'ung-hsien|Chiau-thong-chhi|Chieu Thong|Chzhaotun|Cieu-tung|En-an|En-an-hsien|Zizipuwu
P	Panzhihua		CN		26.59	101.71	787177	211	Pan'chzhikhua
P	Chuzhou		CN		32.32	118.30	782671	211	Cchu-cou|Ch'u|Ch'u-ch'uan|Ch'u-hsien|Chuchow|Chuchzhou|Chudzhou|Chudzou|Chuju shehiri|Chutsjou|Chuxian|Du-ciu|Tru Chau|Tu-chiu-chhi
P	Seattle		US		47.61	-122.33	780995	107	Seatl|Seatlo|Seattlum|Siatl|Siatul|Siehtl|Sietl|Sietla|Sietlas|Sijetl|Siyaatil
P	Port Said		EG		31.27	32.30	780515	12	Bor Sayit|Bursaid|Madinet Port Said|PORTSAINT|Port Saidas|Porto Said|Puerto Said
P	Cúcuta	Cucuta	CO		7.91	-72.50	777106	72	Kukuta|San Jose de Cucuta|San Jose de Guacimal
P	Homs		SY		34.72	36.73	775404	170	Choms|Emesa|Hims|Himsa|Homsas|Homsz|Houmousse|Huems|Hums|Humus|Kh'oms|KhIums|Khims
P	Xuancheng		CN		30.95	118.76	774332	211	Hsuan-ch'eng|Hsuan-ch'eng-hsien|Ning-kuo|Ningkwo|Ningkwofu|Suan'chehn|Suancheng|Suancheng-hsien|Xuanzhou
P	Ibb		YE		13.97	44.18	771514	153	Ibas|Ibbu
P	Tasikmalaya		ID		-7.33	108.22	770839	180	Kota Tasikmalaya|Tasikmalaja|Tasikmalaya kutha
P	Nampula		MZ		-15.12	39.27	770379	36	Nampoula
P	Bujumbura		BI		-3.38	29.36	769317	11	Boujoumboura|Budzumbura|Bujumburo|Buyumbura|Buzhumbura|Buzumbura|Mpouzoumpoura|Usumbura
P	Tyumen		RU		57.15	65.53	768358	226	Cjumen'|Temen|Tioumen|Tiumen|Tiumene|Tjoemen|Tjumen|Tjumen' khot|Tjumena|Tjumenj|Tjumeno|Tuemen|Tumen|Tumenum|Tyoumen|Tyumeny
P	Erzurum		TR		39.91	41.28	767848	261	Ard-ar-Rum|Arzan-ar-Rum|Arzirum|Carana|Ehrzorum|Ehrzurum|Erserum|Erzeroum|Erzerum|Erzirom|Erzirum|Erzuruma|Erzurumas|Kalikala|Karin|Theodosiopolis|Theodosioupoli
P	Anshun		CN		26.25	105.93	765313	211	An Thuan|An-shun-hsien|An-shun-hsien-ch'eng|An-shun-shih|An-sun|An-sun-chhi|Ang-song|Anshunfu|Ansunas|P'u-ting
P	Dodoma		TZ		-6.17	35.74	765179	16	Dadoma|Dodom|Dodomao|Idodoma|Ntontoma
P	Rajshahi		BD		24.37	88.60	763580	171	Radzhshakhi|Rampur Baolia|Rampur Bauleah|Rampur Boalia
P	Dera Ismail Khan		PK		31.83	70.90	763195	185	
P	Sorocaba		BR		-23.50	-47.46	762172	139	Sorokaba
P	Wuzhou		CN		23.48	111.29	761948	211	Ng-chu-su|Ngo Chau|Ngo-chiu-chhi|Ngouzcouh|Ngu-ciu|Ts'ang-wu|Ts'ang-wu-hsien|Uchzhou|Vudzou|Wu-chou|Wu-chou-shih|Wu-cou|Wuchow
P	Ipoh		MY		4.58	101.08	759952	189	Ipo|Ipoha|Ipohas|Ipokh|Yi-po-su
P	Qinhuangdao		CN		39.94	119.59	759718	211	Cchin-chuang-tao|Ch'in-huang-tao|Ch'in-huang-tao-shih|Chin-hong-to-chhi|Ching Wang Tao|Chinwangtao|Chinxuangdaw shehiri|Cin'khuandao|Cing-huong-do|Cinhuangdao|Cinhuangdauo|Cinkhuangdao|Cjinhuandao|Tan Hoang GJao
P	Benghazi		LY		32.11	20.07	757490	48	Baengasi|Banghazi|Bengasi|Bengaze|Bengazi|Bengazis|Bengazy|Benghasi|Benqazi|Berenice|Bingazi|Binghazi|Hesperides|Vilojati Bengazi
P	Uberlândia	Uberlandia	BR		-18.92	-48.28	754954	139	Uberlandija
P	Alīgarh	Aligarh	IN		27.88	78.07	753207	187	Aligarkh|Koil
P	Shaoyang		CN		27.24	111.46	753194	211	Baoqing|Chau-yong-su|Pao-ch'ing|Pao-ch'ing-hsien-ch'eng|Pao-king-fu|Paoking|Paoking-hsien|Sao-jang|Saojan|Shao-yang-ch'eng|Shao-yang-hsien|Shao-yang-shih|Shaojan|Shaojang|Siau-iong-chhi|Sieu-iong|Sjaoyang|Thieu Duong
P	Malatya		TR		38.35	38.32	750491	261	Malat'ja|Malateia|Malatia|Malatija|Malatiyah|Meleti|Meletiye|Melitene
P	Winnipeg		CA		49.88	-97.15	749607	151	Gouinipenk|Uinipeg|Uinnipeg|Vinipeg|Vinipega|Vinipegas|Vinipego|Vinnipeg|Vinnipega|Vinnipeq|Winnipeg City
P	Ōta	Ota	JP	40	35.56	139.72	748081	218	Ota City|Ota-ku
P	Andijon		UZ		40.78	72.35	747800	214	Andican|Andidzhan|Andijan|Andisjan|Andizan|Andizhan|Andizhan - Andijon|Andizhon|Andizjan
P	Bareilly		IN		28.37	79.43	745435	187	Barejli|Bareli
P	Buraydah		SA		26.33	43.97	745353	207	Buraeydae|Buraida|Buraidah|Burajda|Burayda
P	Hegang		CN		47.35	130.29	743307	211	Che-kang|Hac Cuong|Hao-kang|Hao-kang-shih|Hegang Shi|Hegangas|Hingshanchen|Hinshanchen|Ho-kang|Hok-gong|Hok-kong-chhi|Hsian-yuan-t'un|Hsiangyuantun|Hsing-shan|Hsing-shan-chen|Hsing-shan-chieh|Hsinganchen|Khegan|Khegang|Khehgan|Khugan|Sinshan Chzhen
P	Morelia		MX		19.70	-101.18	743275	117	Morelija
P	Riga		LV		56.95	24.11	742572	280	Reiga|Rigae|Rige|Rigg-a|Rigo|Riia|Riigaa|Riika|Rija|Riqa|Ryga
P	Zhuanghe		CN		39.70	122.99	742496	211	Chuang-ho|Chuang-ho-chen|Chuang-ho-chieh|Chuang-ho-hsien|Chwangho|Chzhuankheh
P	Amsterdam		NL		52.37	4.89	741636	244	Aemstelredamme|Aemsterdam|Amestelledamme|Amesterda|Amesterdam|Amesterdao|Amistardam|Amseutereudam|Amstadem|Amstardam|Amstedam|Amstehrdam|Amsteladamum|Amstelodamum|Amstelodhamon|Amsterda|Amsterdama|Amsterdamas|Amsterdame|Amsterdami|Amsterdamo|Amsterdams|Amsterdamu|Amsterdan|Amsterntam|Amsterodam|Amstyerdam|Amsut'erudam|Amszterdam|Amusitedan|Amusuterudamu|Damsko|I-Amsterdami|Mokum|Mokum Aleph
P	Cagayan de Oro		PH		8.48	124.65	741617	194	Cagayan de Oro City|Cagayan de Oro Lakanbalen|Dakbayan sa Cagayan de Oro|Kagajan de Oras|Kagajan-de-Oro|Lungsod ng Cagayan de Oro
P	Ma’anshan	Ma'anshan	CN		31.69	118.51	741531	211	Kai-yuan|Ma'anshan Shi|Ma-an-shan-shih|Mang-shan
P	Shah Alam		MY		3.09	101.53	740750	189	Sa Alam|Sach Alamas|Sahalama|Shakh Alam
P	Bağcılar	Bagcilar	TR		41.04	28.86	740069	261	Badzilaras rajons|Bagdzhylar|Cifitburgaz|Ciftburgaz
P	Shizuishan		CN		38.98	106.39	739400	211	Shizujshan
P	Kumamoto		JP		32.81	130.69	738907	218	Kumamoto-shi
P	Oyo		NG		7.85	3.93	736072	29	Oio|Ojo
P	Serang		ID		-6.12	106.15	735651	180	Kabupaten Serang
P	Torreón	Torreon	MX		25.54	-103.42	735340	119	Toreon|Toreonas
P	Deyang		CN		31.13	104.38	735070	211	Daik-iong|Dehjan|Deyan|GJuc Duong|Te-jang|Te-yang|Te-yang-hsien|Tehyang|Tehyang-hsien|Tek-iong-chhi
P	Abeokuta		NG		7.16	3.35	735000	29	
P	Al Ḩudaydah	Al Hudaydah	YE		14.80	42.95	734699	153	Al Hudaidha|Al Xudayda|Al'-Khudajda|Ehl'-Khudajda|El Hudeyda|El-Hodeidah|Elhudayda|Hodaidah|Hodeida|Hudaida|Hudaydah
P	Yangquan		CN		37.86	113.56	731228	211	Duong Tuyen|Iong-choan-chhi|Iong-ciong|Jancjuan|Jang-cchuean|Jangcuen|Yang-ch'uan|Yang-ch'uan-chan|Yang-ch'uan-shih|Yangquan Shi
P	Akure		NG		7.25	5.19	730000	29	Akuce
P	Denver		US		39.74	-104.98	729019	85	Dehnver|Denber|Denvr|Denver County|Denvera|Denveres|Denveris|Denverium|Denvero|Denwer|Mile-High City|Ntenver|Queen City of the Plains|Saint Charles|The Mexican Diggings|The Spanish Diggings
P	Osasco		BR		-23.53	-46.79	728615	139	Osasku
P	Kikolo		AO		-8.78	13.33	728205	32	Quicolo
P	Maianga		AO		-8.85	13.24	727681	32	
P	São José dos Campos	Sao Jose dos Campos	BR		-23.18	-45.89	727078	139	SJCampos|San Zoze dos Kamposas|San-Zhoze-dus-Kampus|Sao Zhose dos Kampos|Sao Zhoze dos Kampos|Vale Paraiba|Vale do Paraiba
P	Aihara		JP		35.60	139.32	725493	218	Aikhara|Sagamihara
P	Evaton		ZA		-26.53	27.85	725468	23	
P	Valenzuela		PH		14.70	120.97	725173	194	
P	Muzaffarābād	Muzaffarabad	PK		34.37	73.47	725000	185	Musaffarabad|Muzafarabad|Muzaffarobod
P	Okayama		JP		34.65	133.93	724691	218	Okajama|Okayama-shi
P	San Luis Potosí	San Luis Potosi	MX		22.15	-100.97	722772	119	Altepetl San Luis Potosi|San Louis Potosi|San Luis|San Luis Potosi City|San-Luis-Patasi
P	Aguascalientes		MX		21.88	-102.28	722250	117	Aguascalientes City|Aguascalientes by|Aguaskal'entes|Aguaskalientes|Aguaskalienti|Aguaskaljentesas|Aguaskaljenteso|Agvaskalijentes|Altepetl Aguascalientes|Byen Aguascalientes|Ciudad de Aguascalientes
P	General Santos		PH		6.11	125.17	722059	194	Dadiangas|Dakbayan sa General Santos|GenSan|General Santos City|General Santos Lakanbalen|Heneral Santos|Kota General Santos|Siyudad na Heneral Santos
P	Zhumadian		CN		32.98	114.03	721670	211	Chu-ma-tien|Chu-ma-tien-chen|Chu-ma-tien-shih|Chzhumadjan'|Hsin-chuang
P	Morādābād	Moradabad	IN		28.84	78.78	721139	187	Muradabad
P	Sagamihara		JP		35.57	139.24	720780	218	Sagamikhara
P	Mississauga		CA		43.58	-79.66	717961	148	Misisaga|Misisoga|Misisogo|Missisoga|Mississoga
P	Lviv		UA		49.84	24.02	717273	265	Ilbav|Ilyvo|L'vou|L'vov|L'vov osh|Lavov|Lembaersch|Lemberg|Lemburg|Leopoli|Leopolis|Leopolo|Leopul|Liopuli|Liov|Ljviv|Lvivo|Lvova|Lvovas|Lwif|Lwiw|Lwow|Lwuw
P	Namangan		UZ		41.00	71.67	713220	214	Namanga|Namanganas|Namangano|Nemengan
P	Zaporizhzhya		UA		47.85	35.12	710052	265	Aleksandrovsk|Alessandrovia|Alexandrovsk|Oleksandrivs'k|Saporischschja|Saporoschje|Saporoshje|Zaparozhzha|Zaporiggia|Zaporijja|Zaporijjia|Zaporijya|Zaporiyia|Zaporizhja|Zaporizhzhia|Zaporizia|Zaporizja|Zaporizjzja|Zaporizza|Zaporizzia|Zaporizzja|Zaporizzsja|Zaporoye|Zaporoze|Zaporozh'e|Zaporozhje|Zaporozhye|Zaporozi|Zaporozje
P	Zanzibar		TZ		-6.16	39.20	709809	16	Ilu Zanzibar|Poli tis Zanzivaris|Sansibar|Sansibar-Stadt|Unguja|Zanjibar|Zanjibor|Zanzibar City|Zanzibar by|Zanzibaras|Zanzibaro
P	Saltillo		MX		25.43	-100.98	709671	119	Sal'til'jo|Sal'til'o
P	Latakia		SY		35.53	35.79	709000	170	Al Ladhiqiyah|Al-Laziqiyah|El Ladhaqiye|El Ladhiqiya|Ladhiqiye|Ladikija|Ladikis|Ladikiya|Laodicea|Laodicea ad Mare|Laodicee|Laodikeia|Laodikeia i Paralos|Latakieh|Latakija|Latakija shaary|Latakio|Latakiya|Lataqiae|Lataquia|Lattakeia|Lattakia|Lattaquie|Lazikija|Laziqiye|Lazkiye
P	Warangal		IN		18.00	79.58	704570	187	Ekasila Nagaram|Orugallu|Varangal|Varangalas
P	Paranaque City		PH		14.48	121.02	703245	194	Paranakue|Paranaque
P	Tolyatti		RU		53.53	49.35	702879	282	Stavropol'|Stawropol|Tal'jaci|Togliatti|Togliatti-on-the-Volga|Togliattigrad|Tol'jatti|Tol'jatti osh|Tolati|Toliati|Toliatti|Toljati|Toljatis|Tolyati
P	Santo Domingo Oeste		DO		18.50	-70.00	701269	138	
P	Battagram		PK		34.68	73.02	700000	185	Batagram|Batgram|Batgran|Battagram City
P	Santo Domingo Este		DO		18.49	-69.85	700000	138	Santo-Domingo-Ehste
P	Suez		EG		29.97	32.53	699541	12	Al Qulzum|As Suways|Clysma|El Seweis|El Suweis|El-Qulzum|Es Suweis|Klysma|Souez|Suais|Suec|Suecas|Suehc|Suehckij|Sues|Suesia|Suess|Sueveys|Suezi|Suezo|Suvajs|Szuez
P	Changzhi		CN	24	35.21	111.74	699514	211	Ch'ang-chih|Chanchzhi|Shih-t'ou-ko-t'a|Shitougeta
P	Ribeirão Preto	Ribeirao Preto	BR		-21.18	-47.81	698642	139	Entre Rios|Ribeiran Pretas|Ribeirao|Ribejran-Pretu|Ribejrao Preto
P	Agadir		MA		30.42	-9.60	698310	13	Agadair|Agadir - akadyr|Agadir Ighir|Agadiras|Agadyr|Ankantir|Irhir|Santa Cruz
P	Sarajevo		BA		43.85	18.36	696731	284	Bosna-Sarai|Saarayego|Saireavo|Saraeva|Saraevo|Saraevo osh|Saragebo|Saragiebo|Saragievo|Sarajeva|Sarajevas|Sarajevs|Sarajevu|Sarajewo|Saraxevo|Saraybosna|Sarayevo|Sarayevu|Seraium|Serayevo|Szarajevo|Vrh Bosna
P	Balikpapan		ID		-1.27	116.83	695287	193	Balikpapanas|Kota Balikpapan|Kutha Balikpapan
P	Changning		CN		31.22	121.42	694900	211	Channin
P	Bauchi		NG		10.31	9.84	693700	29	Baucis|Bauczi|Baushi|Yakoba|Yakubu
P	Shizuoka		JP		34.98	138.38	693389	218	Lungsod ng Shizuoka|Shidzuoka|Shizuoka-shi|Siduoka|Sidzuok|Sidzuoka|Sizuoka|Sizuoka-chhi
P	Tunis		TN		36.82	10.17	693210	49	Tinis|Tiwnis|Tuenis|Tuinis|Tunes|Tunez|Tunis khot|Tunis shaary|Tunis-Ville|Tunisa|Tunisas|Tunisi|Tunisin Orn|Tunisz|Tunixi|Tuniz|Tunizo|Tunus|Tynida
P	Zhangjiakou		CN		40.78	114.87	692602	211	Cang-tia-kchou|Chang-chia-k'ou|Chang-chia-k'ou-shih|Chang-kia-k'ou|Changchiakow|Changkiakow|Chzhanczjakou|Chzhantseyakou|Diong-ga-kau|Dzhandzjakou|Ganjakou|Kalgan|Khaalgan|Truong Gia Khau|Wan-ch'uan|Wan-ch'uan-hsien
P	Washington		US		38.90	-77.04	689545	123	District of Columbia|Federal Capital|Federal City|Federal Town|Ouasinkton|Ranatakariahshne|Territory of Columbia|Vashington|Vasingtonas|Vasingtonia|Vasingtono|Washington City|Washington D. C.|Waszyngton|wosingteon D.C.
P	Nashville		US		36.17	-86.78	689447	79	French Lick|Nachville|Nasburgum|Nashboro|Nashborough|Nashfile|Nashvil|Nashvill|Nashville-Davidson|Nashwil|Nasvelis|Nasvil|Nasvila|Nasvilo|Nehshvill|Neshvil|Neshvill|Nesvil|Nesvilis|Nesvill
P	Fuxin		CN		42.02	121.66	689050	211	Fou-hsin|Fou-hsin-shih|Fu-hsin|Fu-sin|Fusinas|Hu-sin-chhi|Paiu-sing|Phu Tan
P	Ta’if	Ta'if	SA		21.27	40.42	688693	207	At Ta'if|Daa'if|Eht-Taif|Taef|Taifa|Taifas|Taifum|Tayif|Toif
P	Changsha		CN	30	22.38	112.68	688242	211	Ch'ang-sha-chen|Changsha Jiedao|Chansha|K'ai-p'ing-hsien|Kaiping|San-pu|San-pu-chen|Sanbu
P	Huangshi		CN		30.25	115.05	688090	211	Chuang-s|Hoang Thach|Huan-shi|Huan-shih|Huang-shih|Huang-shih-shih|Huangshi Shi|Huangsi|Huangsji|Hwangshih|Khuangshi|Khuanshi|Khuanshu|Ng-chioh-chhi|Shi hui yao|Shi-hu-yao|Shihhweiyao|Shihpao|Shikhoyya|Uong-sioh
P	Liaoyang		CN		41.27	123.17	687890	211	Liao-jang|Liao-yang-hsien|Liao-yang-shih|Liaojangas|Liau-iong-chhi|Lieu Duong|Lieu-iong|Ljaojan|Ljaojang
P	Hlaingthaya		MM		16.85	96.07	687867	225	Hlaing Thar Yar|Khlaingtaja
P	Beira		MZ		-19.84	34.84	687764	36	Bejra|Beyra
P	Hongkou		CN		31.25	121.49	687500	211	Hongkew|Hung-k'ou|Hung-k'ou-ch'u|Khunkou
P	Zaragoza		ES		41.66	-0.88	686986	270	Caesaraugusta|Caesarea Augusta|Caragoca|Salduba|Salduie|Saragoca|Saragosa|Saragosae|Saragoso|Saragossa|Saragosse|Saragoza|Saragozza|Sarakosa|Saraqosa|Zaragosa|Zargoza
P	Sevilla		ES		37.38	-5.97	686741	270	Hispalis|Lungsod ng Sevilla|Sebilla|Sebille|Sevidzheh|Sevil'ja|Sevila|Sevileje|Sevilha|Sevilia|Sevilija|Seville|Sevilo|Sevilya|Seviya|Seweliye|Sewilla|Sibilia|Siviglia|Sivilja
P	Baise		CN		23.89	106.63	686078	211	Baicheng|Baicheng Jiedao|Baise City|Baise Zhen|Baksaek|Bose|Bose Zhen|Boze|Pai-se|Pai-se-chen|Pai-se-hsien|Po-se|Poseh|Poseh-hsien
P	Pontianak		ID		-0.03	109.33	686019	202	Kota Pontianak|Kuta Pontianak|Kutha Pontianak|Pontianakas|Pontijanak
P	Situbondo		ID		-7.71	114.01	685967	180	Sitoebanda|Sitoebondo|Situbando
P	Agege		NG		6.62	3.33	683600	29	
P	Binzhou		CN		37.37	118.02	682717	211	Beizhen|Bin'chzhou|Bindzhou|Bing-ciu|Bintsjou|Hui-min|Pei-chen|Pin-chiu-chhi|Pin-cou|Pin-hsien|Tan Chau
P	Oklahoma City		US		35.47	-97.52	681054	79	Aklakhoma-Sici|Caayr Oklahoma|Cathair Oklahoma|Dinas Oklahoma|Kota Oklahoma|Kutha Oklahoma|Lungsod ng Oklahoma|Maxeponoe|Okla city|Oklachoma Siti|Oklahoma|Oklahoma Ceety|Oklahoma Shehri|Oklahoma Sites|Oklahoma Siti|Oklahoma Sitis|Oklahoma Station|Oklahoma llaqta|Oklahomasitija|Oklahomaurbo|Oklakhoma|Oklakhoma Siti|Oklakhomae-Siti|Oklaxoma Shehiri
P	Yuncheng		CN		35.02	110.99	680036	211	An-i-hsien|Anyi|Anyihsien|Juen-ccheng|Jun'chehn|Juncheng|Ong-siang|Van Thanh|Yun'chen|Yun-ch'eng-chen|Yuncheng Shi
P	Dezhou		CN		37.45	116.37	679535	211	Daik-ciu|Dedzou|Degou|Dehchzhou|Detsjou|GJuc Chau|Te-chou|Te-chou-shih|Te-cou|Te-hsien|Techow|Teh-hsien|Tehchow|Tehetsouen|Tek-chiu-chhi
P	Dushanbe		TJ		38.54	68.78	679400	174	Djuschambe|Doesjanbe|Douchanbe|Dusanbe|Dusanbeo|Duschanbe|Dushambe|Dusjanbe|Duszanbe|Dyushambe|Jushambe|Ntousanmpe|Stalinabad
P	Cotonou		BJ		6.37	2.42	679012	46	Appi|Catonou|Cotonu|Katanu|Kotonou|Kotonu|Kotonuo|Kutonu
P	El Paso		US		31.76	-106.49	678815	85	Concordia|Ehl'-Pasa|Ehl'-Paso|El Pasas|Franklin|Magoffinsville|Passus
P	Gorakhpur		IN		26.77	83.37	674246	187	Gorakhpuras|Gorakkhpur|Gorakpur|Gorakpura|Goruckpur|Korakhpur|Nkorakpour
P	Guadalupe		MX	19	25.68	-100.26	673616	119	Ciudad Guadalupe|Gvadalupe|Villa Guadalupe|Villa de Guadalupe
P	Wrocław	Wroclaw	PL		51.10	17.03	672545	298	Boroszlo|Brasloi|Brassel|Breslau|Breslava|Breslavia|Breslavl'|Breslu|Bresslau|Prezlaw|Vratislav|Vratislavia|Vratislavie|Vroclau|Vroclav|Vroclava|Vroclavas|Vroclavo|Vrocuav|Vroklave|Vroslav|Vrotslav|Vruoclavs|Wroclow|Wroklaw|Wroslaw
P	Denpasar		ID		-8.65	115.22	670210	193	Dehnpasar|Dempasar|Dempassar|Denpasar - Bali|Denpasaras|Kota Denpasar|Kutha Denpasar|Ntenpasar
P	Guntur		IN		16.30	80.46	670073	187	Guntura|Gunturas|Gunturu|Nkountour
P	Katsina		NG		12.99	7.60	670000	29	Kacina
P	Sanmenxia		CN		34.78	111.19	669307	211	Hui-hsing|Sam-bun-kiap-chhi|San'mehn'sja|San'myn'sya|San-men-hsia|San-men-hsia-shih|San-men-sia|Sang-muong-hiek|Sanmensja|Shan-hsien|Tam Mon Hiep
P	E’zhou	E'zhou	CN		30.40	114.89	668727	211	E'zhou Shi|Wuchang
P	Camama		AO		-8.94	13.27	667094	32	Kamama
P	Tabuk		SA		28.40	36.57	667000	207	Gabouk|Tabouk|Tabukas|Tabuuk|Taebuk|Tebuek|Tebuk
P	Kitwe		ZM		-12.80	28.21	665961	34	Kitoue|Kitue|Kitve|Kitve-Nkana|Kitwe Nkana|Nkana-Kitwe
P	Bulawayo		ZW		-20.15	28.58	665952	22	Bulavajas|Bulavajo|Bulavejo
P	Mudanjiang		CN		44.55	129.63	665915	211	Bo-tan-kang-chhi|Mau GJon Giang|Mu-dang-geng|Mu-tan-chiang|Mu-tan-chiang-shih|Mu-tan-tiang|Mudan'czjan|Mudancjan|Mudandziangas|Mudandzjan|Mudanjiang Shi|Mutankiang
P	Aracaju		BR		-10.91	-37.07	664908	109	Arakazhu|Arakazu|Arasazhu
P	Joinville		BR		-26.30	-48.85	664500	139	Zhoinvile|Zhoinvili|Zhojnvili|Zoinvilis
P	Athens		GR		37.98	23.73	664046	247	Afina|Afini|Afiny|An Aithin|Ateena|Atehny|Aten|Atena|Atenai|Atenas|Atene|Atenes|Ateni|Ateno|Atenoj|Ateny|Athen|Athena|Athenae|Athenai|Athene|Athenes|Atheny|Athina|Athinai|Athinia|Atina|Kota Athena|Lungsod ng Athina
P	Zagreb		HR		45.81	15.98	663592	299	Agram|Andautonia|Lungsod ng Zagreb|Sagrab|Sagreb|Sagwzlwgbouh|Sakreb|Zabrag|Zabreg|Zagabbria|Zagabria|Zagavria|Zagrab|Zagrabia|Zagreba|Zagrebas|Zagrebi|Zagrebo|Zagrebs|Zagrep|Zagrev|Zagrzeb|Zahreb|Zankremp|Zaqreb
P	Leshan		CN		29.56	103.76	662814	211	Chia-ting|Kiating|Kiatingfu|Lac Son|Le-san|Lehshan'|Lo-shan|Lo-shan-hsien|Lok-san-chhi|Lok-sang
P	Santo André	Santo Andre	BR		-23.66	-46.54	662373	139	Santu-Andre
P	Vancouver		CA		49.25	-123.12	662248	150	Ban'kouber|Fankuver|Vancover|Vancuverium|Vanguve|Vankuver|Vankuvera|Vankuveris|Vankuvero|Vankuvur|Venkuver|Wankuwer
P	Rizhao		CN		35.41	119.53	661943	211	Jit-chiau-chhi|Nhat Chieu|Nik-cieu|Rizhao Shi|Z'-cao|Zhichzhao|Zhidzao|Zhudzhao
P	Helsinki		FI		60.17	24.94	658864	259	Elsin'ki|Elzinki|Gel'sinki|Heilsinci|Helsenkis|Helsingfors|Helsingi|Helsingia|Helsinkis|Helsinkium|Helsinko|Helsinky|Helsinqui|Helsinquia|Helsset|Khel'sinki|Khel'sinki osh|Khelzinki|Lungsod ng Helsinki|Stadi|Xelsinki
P	Cheonan		KR		36.81	127.15	658831	210	Cchonan|Ch'onan|Chkhonan|Tenan|Thien-on-su|Thyen-an
P	Acapulco de Juárez	Acapulco de Juarez	MX		16.85	-99.91	658609	117	Acapolco Juarez|Acapulco|Acapulcum|Akapoulko|Akapul'ka|Akapul'ko|Akapulkas
P	Dongcun		CN		36.78	121.16	658000	211	Haiyang|Khajjan|Tung-ts'un|Tung-ts'un-chi
P	Banjarmasin		ID		-3.32	114.59	657663	193	Bandgermasin|Bandjarmasin|Bandjermasin|Bandjermassin|Bandzharmasin|Banjermasin|Banyermasin
P	Puducherry		IN		11.93	79.83	657209	187	Pondicero|Pondicheri|Pondicherri|Pondicherry|Pondichery|Pondiseri|Pondisheri|Ponducherry|Pondy|Poudhucherry|Puduchcheri|Puducherri|Puduvai|Territoire de Pondichery
P	Suining		CN		30.51	105.57	656760	211	Soi-ning|Suej-ning|Sui-leng-chhi|Sui-nen-su|Sui-ning-hsien|Sujnin|Suynin|Toai Ninh
P	Brampton		CA		43.68	-79.77	656480	148	Bramptonas|Bramptono|Bramptun
P	Huangpu		CN		31.24	121.48	656200	211	Khvanpu
P	Golfe		AO		-8.87	13.26	655796	32	
P	Puyang		CN	09	35.76	115.04	655674	211	Boc Duong|Buk-iong|Pchu-jang|Phok-iong-chhi|Pujan|Pujang
P	Soacha		CO		4.58	-74.22	655025	72	Soachu
P	Boston		US		42.36	-71.06	653833	123	Baston|Bostan|Bostona|Bostonas|Bostone|Bostonia|Bostono|Bostons|Bostun|Mushauwomuk|Old Boston|Po-su-tun|Pokekona|Shawmut|Shawmutt|Shawnnut|Totant|Tramount|Tremont|Trimountain|Trimountaine|Vostoni|Wastok
P	Tlalnepantla		MX		19.54	-99.20	653410	117	Tlalnepantla de Comonfort|Tlalnepantla de Galeana|Tlalnepantla de baz|Tlanepantla de baz
P	Portland		US		45.52	-122.68	652503	107	Bridgetown|P-town|Portland i Oregon|Portlandas|Portlandia|Portlando|Portlant|Portlend|Portlenda|Puddletown|Rip City|River City|Stumptown|The City of Roses
P	Calumbo		AO		-9.15	13.42	652270	32	Catumbo|Columbo|Kalumbo
P	Tlaquepaque		MX		20.64	-103.29	650123	117	San Pedro Tlaquepaque|Tlakepake
P	Frankfurt am Main		DE		50.12	8.68	650000	249	Francfort|Francfort - Frankfurt am Main|Francfort d'o Meno|Francfort del Meno|Francfort sul Main|Francfort-sur-le-Main|Franckfurt|Francoforte|Francoforte sul Meno|Francofurtum ad Moenum|Francuforti supro Menu|Frankfet|Frankford-on-Main|Frankfort|Frankfort an'n Main|Frankfort on the Main|Frankfurt|Frankfurt del Main|Frankfurt na Majn|Frankfurt na Majni|Frankfurt nad Menem|Frankfurt nad Mohanem|Frankfurt nad Mohanom|Frankfurt-na-Majne|Frankfurtas prie Maino|Frankfurte pie Mainas|Frankfurto ce Majno|Phran'kphourte
P	Macau		MO		22.20	113.55	649335	192	Aomen|Aomin'|Au-mun|Aumwnz|Aumyn|Cidade de Macau|Cidade do Santo Nome de Deus de Macau|Ma Cao|Macaum|Makaa|Makaaw|Makao|Makaou|Makau|Makaw|Makawo|Makee|O-muong
P	Palermo		IT		38.12	13.36	648260	281	Palerm|Palerma|Palermas|Palerme|Palermu|Panormus
P	Izhevsk		RU		56.85	53.20	648213	282	Ijevsk|Ischewsk|Ishewsk|Izevsk|Izevska|Izevskas|Izewsk|Izh|Izhau|Izhehusk|Izhkar|Izjefsk|Izjevsk|Izsevszk|Ustinov
P	Colombo		LK		6.94	79.85	648034	169	Columbo|Columbum|Kalomba|Kolombas|Kolombo|Kolompo|Kolonbo
P	Maturín	Maturin	VE		9.75	-63.18	647459	76	Maturinas
P	Amravati		IN		20.93	77.75	647057	187	
P	Lingyuan		CN		41.24	119.40	646000	211	Chien-ch'ang|Kienchang|Ling-yuan-chen|Ling-yuan-hsien|Linujuan'|T'a-kou
P	Detroit		US		42.33	-83.05	645705	86	D-town|Dehtrojt|Detroita|Detroitas|Detroitum|Detrojt|Detrojto|Detroyt|Mo-Town|Motor City|Ntitroit|The D|Tiughsaghrondy|Wawyachtenok
P	Mingguang		CN		32.78	117.96	645000	211	Chia-shan|Chia-shan-hsien|Jiashan|Ming-kuang|Ming-kuang-chen|Mingkwang|Minguan
P	Osogbo		NG		7.77	4.56	645000	29	Eshogbo|Oshogbo
P	Bikaner		IN		28.02	73.31	644406	187	
P	Jaboatão dos Guararapes	Jaboatao dos Guararapes	BR		-8.11	-35.01	644037	133	Zhaboatan-dus-Guararapis|Zhaboatao dos Guararapis|Zhaboatao dos Gvararapes|Zhabuatan-dus-Guararapis
P	Hoji ya Henda		AO		-8.81	13.29	642050	32	Khoj Ja Khenda
P	Las Vegas		US		36.17	-115.14	641903	107	Campi|Las Vegas Mission|Las Vegas Ranch|Las Vegasas|Las Venkas|Las-Veqas|Lasvegasa|Lasvegaso|Los Vegas|Lungsod ng Las Vegas|McWilliamstown|Old Town|Piigisi|Ragtown|Vegas|Westside
P	Hwaseong-si		KR		37.21	126.82	640890	210	Hwaseong|Khvason
P	Gold Coast		AU		-28.00	153.43	640778	238	City of Gold Coast|Costa Dorada|Gold|Gold Koust
P	Łódź	Lodz	PL		51.77	19.47	639890	298	Litzmannstadt|Lo-tsu|Lodz' osh|Lodza|Lodze|Lodzia|Lodzo|Log|Loj|Lotz|Luc|Ludz|Luz
P	Jeonju		KR		35.82	127.15	638421	210	Chenju|Chonchzhu|Chondzhu|Chongju|Chonju|Chunju|Condzu|Dzondzu|Jenchu|Tjyen-tjyou|Tschon-dschu|Tsiuentcheou|Tyondyu
P	Chongming		CN		31.62	121.70	637921	211	Chunmin|Tsungming
P	Al Aḩmadī	Al Ahmadi	KW		29.08	48.08	637411	191	Ahmad|Ahmadi|Ahmedi|Ehl'-Akhmadi|El Ahmedi
P	Cuenca		EC		-2.90	-79.00	636996	96	Kuehnka|Kuehnka shaary|Kuehnkae|Kuenka|Kvenka|Santa Ana de los cuatro rios de Cuenca|Tumipampa
P	Chisinau		MD		47.01	28.86	635994	254	Kischinew|Kiscinev|Kishinef|Kishinehu|Kishinev|Kishiniv|Kishinjov|Kisinaou|Kisinev|Kisineva|Kisinevo|Kisiniovas|Kisinjev|Kisinov|Kisinyov|Kisyneu|Kiszyniow
P	Likasi		CD		-10.98	26.74	635768	33	Jadotstad|Jadotsville|Jadotville|Likasis
P	Jambi City		ID		-1.60	103.62	635101	180	Djambi|Dzhambi|Jambi|Sriindrapura|Telanaipura
P	Hebi		CN		35.73	114.29	634721	211	Che-pi|Hac Bich|Hao-pi|Hao-pi-chen|Hao-pi-chi|Hao-pi-shih|Ho-pi|Ho-pi-shih|Hok-biah|Hok-piah-chhi|Hopitsi|Khebi|Khehbi
P	Comilla		BD		23.46	91.19	634654	171	Komila|Komilla|Komille|Kumilla
P	Tshikapa		CD		-6.42	20.80	634529	33	Chikapa
P	Chunian		PK		30.97	73.98	634236	185	Kkhunian
P	Kochi		IN		9.94	76.26	633553	187	British Cochin|Cochim|Cochin|Ernakulam|Fort Cochin|Kochin|Koczin|Kuchi Bandar
P	Memphis		US		35.15	-90.05	633104	79	Memfis|Memfisa|Memphis Tennesiae|Menfis
P	Jingmen		CN		31.03	112.20	632954	211	Ching-men|Ching-men-hsien|Czinmehn'|Ging-muong|Keng-bun-chhi|King monn|King-men-chow|Kingmen|Kingmen-hsien|Kinh Mon|Ting-men
P	Barnaul		RU		53.36	83.73	632372	164	Barnaoel|Barnaoul|Barnauel|Barnaula|Barnaulas|Barnaulia|Barnauyl|Mparnaoul
P	Piura		PE		-5.18	-80.66	630000	106	P'jura|Piwra|Pjuro
P	Siping		CN		43.16	124.38	627957	211	S-pching|Se-bing|Sipingjie|Ssupingkai|Su-peng-chhi|Supin|Sypin|Szeping|Szepingkai|Tu Binh
P	Bhilai		IN		21.21	81.43	627734	187	Bhilai Nagar|Bhilaj Nagar|Bhilajus|Bilaj|Bkhilai
P	Ndola		ZM		-12.96	28.64	627503	34	Ntola
P	Contagem		BR		-19.93	-44.05	627123	139	Kontazhen
P	Ulyanovsk		RU		54.33	48.39	626540	292	Chemper|Oeljanofsk|Oeljanovsk|Oulianofsk|Oulianovsk|Oulyanovsk|Owlyanovsk|Sember|Simbir|Simbirsk|Sinbirsk|Ul'janausk|Ul'janon' osh|Ul'janovs'k|Ul'sk|Ulanovsk|Ulianovsk|Uljanovska|Uljanovskas|Uljanovsko|Uljanovszk|Uljanowsk|Uljanowska am Wolga
P	Djibouti		DJ		11.59	43.15	626512	17	Byen Djibouti|Cibuti|Dinas Jibwti|Diobuiti|Djiboeti|Djibouti Chhi|Djibuti|Dschibuti|Dzhibuti|Dzhybuci|Dzibuti|Dzibutis|Dzjibuty|Dzsibuti|Gibuti|Gibuto|Gibutum|Ilu Djibouti|Jabuuti|Jiboti|Jibouti|Jibuti|Lungsod ng Djibouti|Mbanza ya Djibuti|Sita Jibouti|Syudad han Djibouti|Tzimpouti|Xibuti|Yibuti|Zhibuti shaary
P	Glasgow		GB		55.87	-4.26	626410	268	Glascho|Glaschu|Glasgovo|Glasgua|Glaskobe|Glazga|Glazgas|Glazgo|Glazgos|Glazgou|Glazgov|Glazgova|Glazgua|Glesga|Kak-la-su-ko|Qlazqo
P	Panshan		CN		41.19	122.05	625040	211	P'an-shan-chen|P'an-shan-hsien|Shuang-t'ai-tzu
P	Louisville		US		38.25	-85.76	624444	103	Louisvil|Louisville-Jefferson County|Ludovicopolis|Luisvil|Luisvilis|Luisvill|Luivil|Luivila|Lujzvill
P	Irkutsk		RU		52.30	104.29	623869	179	Ircutia|Irkoetsk|Irkotsk|Irkoutsk|Irkuck|Irkutk|Irkutsc|Irkutska|Irkutskaj|Irkutskas|Irkutszk
P	Ansan-si		KR		37.32	126.82	623256	210	Ansan
P	Al Mansurah		EG		31.04	31.38	621953	12	Al-Mansura|Ehl'-Mansura|El Mansura|El-Masura|Manoura|Mansoura|Mansourah|Mansura|Mansurah
P	Kermanshah		IR		34.31	47.06	621100	216	Bahtaran|Bakhtaran|Kermansah|Kermansaho|Kermanschah|Kermanshahan|Kermanshakh|Kirmansah|Kirmasan|Province de Kermanshah|Provincia de Kermanshah|Provinco Kermansah|Qahremanshahr
P	Jiaozhou		CN		36.28	120.00	619266	211	Chiao|Chiao-hsien|Czjaochzhou|Jiaocheng|Jiaoxian|Kiaochow|Kiaohsien
P	Düsseldorf	Duesseldorf	DE		51.22	6.78	618685	249	Diseldorf|Diseldorfa|Disseldorf|Diuseldorfas|Djuseldorf|Djussel'dorf|Duesseldoerp|Duessldorf|Duseldorfo|Dusseldoerp|Dusseldorf|Dusseldorpium|Dyuseldorf|Dyzeldorfi|Dzjusel'dorf|Ntiselntorph|Ntysselntorf
P	Suizhou		CN		31.71	113.36	618582	211	Suej-cou|Suejdzou|Sui|Sui-chiu-chhi|Sui-ciu|Sui-hsien|Suichow|Suixian|Sujchzhou|Tuy Chau
P	Villa Nueva		GT		14.53	-90.59	618397	95	Vil'ja-Nuehva|Vilja Nueva
P	Khabarovsk		RU		48.46	135.10	618150	223	Chabarofsk|Chabarovsk|Chabarovskas|Chabarowsk|Champarofsk|Habarovsk|Habarovska|Habarovszk|Jabarovsk|Khabarausk|Khabarovka|Khabarovskaj|Khbarovsk|Xabarovsk
P	Cuiabá	Cuiaba	BR		-15.60	-56.10	618124	83	Culaba|Cuyaba|Kouiampa|Kujaba|Kuyaba|Vila Real do Senhor Bom Jesus de Cuiaba
P	Arusha		TZ		-3.37	36.68	617631	16	Arusa|Aruscha|Aruso
P	Feira de Santana		BR		-12.27	-38.97	616272	67	Feira|Feira De Saint Anna|Feira de Sant'Anna|Fejra di Santana|Fejra-de-Santana
P	Las Piñas	Las Pinas	PH		14.45	120.98	615549	194	City of Las Pinas
P	Chizhou		CN		30.66	117.48	615274	211	Ch'ih-chou|Ch'ih-chou-chen|Chichau|Chichzhou|Chih-chow-fu|Chihchow|Chizhou Shi|Guichi|Kuei-ch'ih|Kuei-ch'ih-hsien|Kweichih|Kweichih-hsien|Kweighih|Tche Tcheou
P	Coyoacán	Coyoacan	MX		19.35	-99.16	614447	117	Kojoakan
P	Stuttgart		DE		48.78	9.18	612663	249	Estugarda|Shhutgart|Shtutgart|Shtutgarti|Shtuttgart|Stocarda|Stoccarda|Stoutnkarde|Stucarda|Stuggart|Stutgardia|Stutgartas|Stutgarte|Stutgarto|Stutqart
P	Ya'an		CN		29.99	103.00	612056	211	Jaan'|Ya-an-hsien|Ya-an-shih|Ya-chou|Yachow|Yucheng|Yucheng Qu
P	Cuttack		IN		20.46	85.88	610189	187	Katak|Kataka|Kattak|Kattake
P	Borivli		IN		19.23	72.86	609617	187	Borivali
P	Chiclayo		PE		-6.77	-79.85	609400	106	Chiclaium|Chiklajo|Chiklayu|Chyklaja|Ciklajus
P	Yaroslavl		RU		57.63	39.87	608722	275	Giaroslavl|Iaroslavia|Iaroslavl|Jaraslaul'|Jaroslav|Jaroslavelj|Jaroslavl|Jaroslavl' osh|Jaroslavla|Jaroslavle|Jaroslavlis|Jaroslavlj|Jaroslavul|Jaroslaw|Jaroslawl|Jaroszlavl
P	Gothenburg		SE		57.71	11.97	608462	289	G'oteborg|Gautaborg|Geteborg|Geteborga|Geteborgas|Geuteborgo|Gjoteborg|Gjotehbarg|Goeteborg|Goeteborq|Goteburg|Gotemburgo|Gotenburg|Gothembourg|Gothoburgum|Gotnburg|Gottenborg|Nketempornk
P	Kawaguchi		JP		35.81	139.71	607373	218	Kauaguchi|Kavaguchi|Kavagucis|Kavaguti|Kavaquci|Kawaguti-chhi|Kawagutsi
P	Bukit Rahman Putra		MY		3.22	101.56	607000	189	Bukit Rakhman Putra
P	Jhang Sadr		PK		31.27	72.32	606533	185	Dzchang Sadaras|Dzhang-Sadar|Dzhang-Sadara|Dzhkhang-Sadr|Jhang|Jhang Marghiana|Jhang Sadar|Jhang-Maghiana|Maghiana|Zan'nk Santar
P	Ha'il		SA		27.52	41.69	605930	207	Hael|Hajel|Hayil|Khail'
P	Bhavnagar		IN		21.76	72.15	605882	187	Baunagar|Bharnagar|Bhaunagar|Bhunagar|Bkhavnagarom
P	Benoni		ZA		-26.19	28.32	605344	23	Behnoni
P	Vladivostok		RU		43.11	131.87	604901	223	Bladibostok|Hai-Shen-Wai|Uladzivastok|Vladik|Vladivostoka|Vladivostokas|Vladivostokium|Vladyvostok|Vlagyivosztok|Wladiwostok|Wladywostok
P	Tuxtla		MX		16.75	-93.12	604147	116	Gutierrez|Tochtlan Gutierrez|Touxtla Nkoutierres|Tukstla Gutijerez|Tustla|Tustla Gutieres|Tustla Gutjeresas|Tustla-Gut'erres|Tuxtla Gtz|Tuxtla Gutierres|Tuxtla Gutierrez
P	Kryvyy Rih		UA		47.91	33.39	603904	265	Krivi Rih|Krivi Rog|Krivii Rih|Krivij Rig|Krivij Rih|Krivijriha|Kriviy Rig|Krivoj Rog|Krivoy Rog|Krivoy Roq|Krivyj Rig|Krovoi Rig|Kruevuey Rih|Kryvy Rig|Kryvy Rih|Kryvy Rog|Kryvyi Rih|Kryvyj Rih|Kryvyj Rihas|Krywyj Rih|Krzywy Rog
P	Sanming		CN		26.25	117.62	602166	211	Sam-beng-chhi|Sam-min-su|San'min|San-ming-hsien|San-ming-shih|San-yuan|San-yuan-hsien|Sang-ming|Senming shehiri|Tam Minh
P	Islamabad		PK		33.72	73.04	601600	185	Islamabada|Islamabadas|Islamabade|Islamabadi|Islamabado|Islamahbad|Islamampant|Iszlamabad
P	Sāngli	Sangli	IN		16.85	74.56	601214	187	Sangla|Turmeric city
P	Jamnagar		IN		22.47	70.07	600943	187	Camnaqar|Dzamnagar|Dzamnagara|Dzamnagaras|Dzhamnagar|Dzhamnagarom|Dzsamnagar|Gamnagar|Jamnogar|Navanagar|Navangar|Nawanagar|Nowanagar|Nowanuggur|Tzamnankar
P	Lubango		AO		-14.92	13.49	600751	32	Lubangas|Sa da Bandeira
P	Pokhara		NP		28.27	83.97	600051	186	Pakhra|Pokara|Pokhar|Pokhra|Pokkhara
P	Shuangyashan		CN		46.68	131.13	600000	211	Chien-shan|Seng-ak-sang|Shuang-ya-shan-shih|Shuangjashan|Shuanujashan'|Siang-ah-san-chhi|Song Ap Son|Suang-ja-san
P	Borama		SO		9.94	43.18	597842	39	Boorama|Boramo|Borime
P	Luancheng		CN		37.88	114.65	597130	211	Luan'chehn|Luan'chen|Luan-ch'eng-ch'eng-kuan|Luan-ch'eng-hsien|Lwanchenghsien
P	Makhachkala		RU		42.98	47.50	596356	275	Anzhi|GIjanzhi-Kuala|Machackala|Machaczkala|Machatjkala|Machatsch-Kala|Machatsjkala|Mag'achkuala|Mahackala|Mahackalao|Mahacqala|Mahatskala|Mahckale|Mahhatskala|Majachkala|MakhIachkhuala|Makhatchkala|Makhatsjkala|Makhatxkala|Petrovsk|Petrovsk-Port
P	Anyang-si		KR		37.39	126.93	595644	210	Anjang-Si|Anyang
P	Huambo		AO		-12.78	15.74	595304	32	Huambas|Huamdo|Khuambo|Nova Lisboa|Uambo
P	Samarkand		UZ		39.65	66.96	595200	209	Samarcanda|Samarcande|Samarkan|Samarkanda|Samarkandas|Samarkando|Samarqand|Semerkant|Semerqend
P	Mengzi		CN		23.37	103.38	595100	211	Mehnzi
P	Kagoshima		JP		31.57	130.55	595049	218	Kagoshima-shi|Kagosima
P	Mukalla		YE		14.54	49.12	594951	153	Al Mukalla|El'-Mukalla|Mukala|Mukella|Mukolla|Muqadisho
P	Rasht		IR		37.28	49.59	594590	216	Raixt|Rascht|Rasjt|Rast|Rasto|Raszt|Reshh|Resht|Rest|Restas
P	Mar del Plata		AR		-38.00	-57.56	593337	55	Mar Del Plat|Mar de Plata|Mar ntel Plata|Mar-dehl'-Plata|Mar-del'-Platae
P	Essen		DE		51.46	7.01	593085	249	Asnithi|Assindia|Ehsehn|Ehssen|Esen|Esenas|Esene|Eseno|Esse
P	Al Maḩallah al Kubrá	Al Mahallah al Kubra	EG		30.97	31.17	592573	12	Ehl'-Makhalla-ehl'-Kubra|El Mahalla|El Mahalla el Kubra|El Mehalla el Kubra|Mahalla el Kubra|Mehalla el Kobra
P	Málaga	Malaga	ES		36.72	-4.42	592346	270	Malaca|Malagae|Malago|Malaqa
P	Shekhupura		PK		31.71	73.99	591424	185	Qila Sheikhupura|Sekhupura|Sheikhu Pura|Sheikkhupura|Shekkhupura
P	Yingkou		CN		40.66	122.23	591159	211	Eiko|Inkou|Newchwang|Niu-chuang|Ying-k'ou-hsien|Ying-k'ou-shih|Yingkou Shi|Yingkow
P	Zhangzhou		CN		24.51	117.66	589831	211	Cang-cou|Chang-chou|Chang-chou-shih|Changchow|Changchowfu|Chiang-chiu-chhi|Chong-chu-su|Chuong Chau|Chzhanchzhou|Ciong-ciu|Dzangdzou|Dzhandzhou|Gangou|Jyangju shehiri|Lung-ch'i|Lung-ch'i-hsien-ch'eng|Lungki|Lunki|Zhangtsjou
P	Reynosa		MX		26.08	-98.28	589466	114	Reinosa|Rejnosa
P	Thuận An	Thuan An	VN		10.92	106.71	588616	177	Tuan An
P	Dortmund		DE		51.51	7.47	588462	249	Dortmundas|Dortmunde|Dortmundi|Dortmundo|Dueoerpm|Ntortmount|Throtmenni|Tremonia
P	Baltimore		US		39.29	-76.61	585708	123	Baltemore Town|Baltimor|Baltimor shaary|Baltimora|Baltimore City|Baltimoro|Baltymar|Charm City|Jonas Town|Jones Town|Old Town|Valtimori
P	Pelentong		MY		1.52	103.82	583640	189	Kangkar Plintong|Pelentung|Plentong|Plintong
P	Cimahi		ID		-6.87	107.54	581994	180	Chimahi|Cimahi kutha|Kimakhi|Kota Cimahi|Tjimahi|Tjimaki
P	Londrina		BR		-23.31	-51.16	581382	139	
P	Bucaramanga		CO		7.12	-73.12	581130	72	Bucaramango|Bukaramanga
P	Genoa		IT		44.40	8.94	580097	281	Cenova|Dzenova|Genes|Genova|Genovo|Genua|Genuja|Janov|Jenova|Xenova - Genova|Zena
P	Hachiōji	Hachioji	JP		35.66	139.32	579355	218	Hachiouji|Haciodzis|Haciogi|Hatiozi|Hatiozi-chhi|Khachiodzhi|Khachiodzi|Khatiodzi
P	Malacca		MY		2.20	102.24	579000	189	Bandaraya Melaka|Malaca|Malacca Town|Malaka|Malakka|Melaka
P	Nha Trang		VN		12.25	109.19	579000	177	INhatrang|Kanh-Hoa|Nacana|Nga-tsong-su|Niacangas|Nja Chang
P	Kerman		IR		30.28	57.08	577514	216	Carmana|Dakbayan sa Kerman|Kermanas|Kermano|Kermon|Kirman|Kirmon
P	Orūmīyeh	Orumiyeh	IR		37.55	45.08	577307	216	Orumieh|Ourmia|Reza'iyeh|Rezaeyeh|Rezaiyye|Rizaiyeh|Urmia|Urmija|Urmiya|Urmiye|Urumija|Urumiyeh
P	Bahçelievler	Bahcelievler	TR		41.00	28.86	576799	261	Bakhcheliehvler
P	Tanta		EG		30.79	31.00	576648	12	Tanda
P	Jammu		IN		32.74	74.86	576198	187	Dzammu|Dzamu|Dzhammu|Dzhamu|Gamu|Jammu City
P	Iskandar Puteri		MY		1.39	103.62	575977	189	Nusajaya|Yisiganda
P	Calamba		PH		14.21	121.17	575046	194	Calamba City|Calamba Lakanbalen|Kalamba|Kota Calamba|Urbs Calamba
P	Tlalpan		MX		19.30	-99.16	574577	117	Delegacion Tlalpan|Tlalpam
P	Herāt	Herat	AF		34.35	62.20	574300	183	Gerat|Gerot|Kherat|Shahr-e Herat
P	Dongsheng		CN		39.82	109.98	574242	211	Dongsheng Qu|Dunshehn|Dunshen|Tung-sheng|Tung-sheng-hsien
P	Gujrat		PK		32.57	74.08	574240	185	Gudzharat|Gudzhrat|Gudzrat
P	Tomsk		RU		56.50	84.98	574002	219	Tom'sku|Tomck|Tomium|Tomska|Tomskaj|Tomskas|Tomszk
P	Umraniye		TR		41.02	29.12	573265	261	Umranie
P	Shihezi		CN		44.30	86.04	572772	221	Shih-ho-tzu|Shih-yen-tzu|Shihezi Xiang|Shikhedze|Shikhedzy|Shikhehczy|Shixenze
P	Nakuru		KE		-0.31	36.07	570674	41	
P	Hamilton		CA		43.25	-79.85	569353	148	Gamil'tan|Gamil'ton|Hamilton i Ontario|Hamiltona|Hamiltonas|Hamiltono|Khamilton|Khamiltun
P	Irbid		JO		32.56	35.85	569068	155	Arbela|Irbidas|Irbido
P	Manchester		GB		53.48	-2.24	568996	268	Mameceaster|Manceinion|Mancesteris|Mancestra|Mancestro|Manchain|Manchehstehr|Manchestur|Manchetre|Manchuin|Mancunium|Mantsester
P	Kota Bharu		MY		6.12	102.24	568900	189	Bharu|Khota Baharu|Khota Bahru|Ko-ta-hap-lu-su|Kota Baharu|Kota Bahru|Kota Baru
P	Surrey		CA		49.11	-122.83	568322	150	Sari|Suri|Surrej
P	Meknes		MA		33.89	-5.55	568295	13	Mekinez
P	Puente Alto		CL		-33.61	-70.58	568106	137	Puehnte-Al'to
P	Nyala		SD		12.05	24.88	565734	26	N'jala|Niala|Nijala|Niyala|Njalo
P	Xinmin		CN		41.99	122.83	565634	211	Hsin-min|Hsin-min-chen|Hsin-min-hsien|Hsin-ming-t'ing|Sin'min'
P	Dresden		DE		51.05	13.74	564904	249	Drazdany|Drazgany|Drehzdehn|Dresda|Dresde|Dresdenas|Dresdeno|Dresdn|Drezda|Drezden|Drezdene|Drezno|Drjezdzany
P	Orenburg		RU		51.77	55.10	564773	226	Arehnburg|Arenpur|Chkalov|Oremburgo|Orenbourg|Orenburg osh|Orenburga|Orenburgas|Orenburgo|Orenburgum|Orenburq|Orunbor|Orynbor|Tschkalow
P	Albuquerque		US		35.08	-106.65	564559	85	Al'bukerke|Albakrki|Albakerki|Albjukuehrokju|Albukerki|Albukerko|Albukwer kwe|Alburquerque|Almpoukerki|Duke City|Methville|New Albuquerque|San Felipe de Neri|San Francisco Xavier|San Francisco de Albuquerque|The Duke City
P	Bokāro	Bokaro	IN		23.67	86.15	564319	187	Bokaro Steel City
P	Asmara		ER		15.34	38.93	563930	4	Asmar|Asmaro|Asmehra|Asmera|Aszmara
P	Sukkur		PK		27.70	68.86	563851	185	Sukur|Sukuras|Szukkur
P	Milwaukee		US		43.04	-87.91	563531	79	Juneautown|Kilbourntown|Mahn-a-wau-kee Seepe|Mahn-a-waukie|Mahn-ah-wauk Seepe|Mahnawauk|Man-a-wau-kee|Man-na-wah-kie|Mana'wa|Manawaki|Manayaukee|Maunahwauke|Mee-lee-waug-ee|Meliki|Melleoki|Melwarik|Meneawkee|Meolaki|Mil-wah-kie|Milgouoki|Milioke|Millewacki|Millicki|Milo-aki|Milouagui|Milouakik|Milowages|Miluoki|Milvauchia|Milvoki|Milvokio|Milvokis|Milwacky|Milwalka|Milwalky|Milwarck|Milwarik|Milwaucki|Milwaukie|Minewaki|Miniaki|Minnawack|Winnipesaukee
P	Wenchang		CN		19.55	110.80	560894	211	Bun-chhiong-chhi|Mencheong|Mencheonghsien|Van Xuong|Vehn'chan|Vun Sio|Wen-ch'ang-hsien|Wen-ch'eng-chen|Wen-chiang|Wenchang Shi|Wencheng|Wencheng Zhen
P	Gombe		NG		10.29	11.17	560000	29	
P	Ile-Ife		NG		7.48	4.56	560000	29	Ife
P	Hamhŭng	Hamhung	KP		39.92	127.54	559056	203	Hamheung|Hamhungas|Hamhungo|Hienhing|Kanko|Khamkhyn
P	Kemerovo		RU		55.35	86.10	558973	197	Kemer|Kemerava|Kemerova|Kemerovas|Kemerovo khot|Kemerowo|Shcheglovsk
P	Nasiriyah		IQ		31.06	46.26	558400	160	Al-Nasiriya|An Nasiriya|An Nasiriyah|Muntafik|Muntifik|Nasirija|Nasirijja|Nasiriya|Nasiriyeh|Nasrie|Nasriye
P	Bloemfontein		ZA		-29.12	26.21	556637	23	Blumfantehjn|Blumfonteina|Blumfonteinas|Blumfontejn|Blumfontejno|Blumfonteyn|EBloemfontein|IBloemfontein|Mangaung|Mploumphontein
P	Sheffield		GB		53.38	-1.47	556500	268	Seffild|Sefild|Sefilda|Sefildas|Sefildo|Sefilnt|Sheffild|Shefild|Shehfild
P	Santiago de Cuba		CU		20.02	-75.82	555865	99	Kubos Santjagas|Sant'jago-de-Kuba|Sant'jago-de-Kubae|Santiago|Santiago de Kubo|Santiago di Cuba|Santiago nte Kouva|Santijago de Kuba|Santjaga-deh-Kuba|Santyago de Kuba|Santyaqo de Kuba
P	Cuautitlán Izcalli	Cuautitlan Izcalli	MX		19.64	-99.22	555163	117	Izcalli|Kuautitlan-Iskal'i|San Francisco Tepoiaco|Tepujaco
P	Benguela		AO		-12.58	13.40	555124	32	Bengela|Benguella|Sao Felipe de Benguela
P	Chuxiong		CN		25.04	101.55	555081	211	Ch'u-hsiung|Ch'u-hsiung-hsien|Chusjun|Luchengzhen|T'su-hsiung-fu|Tsu-yung-fu|Tsuyung|Tsuyung-hsien
P	Balbala		DJ		11.56	43.11	554350	17	
P	Huaihua		CN		27.56	110.00	552622	211	Chuaj-chua|Hoai Hoa|Hoai-hoa-chhi|Khuajkhua|Yu-shu-wan-chen|Yushuwan
P	Sishui		CN		35.65	117.28	552300	211	Ssu-shui|Ssu-shui-hsien|Syshuj|Szeshuihsien
P	Muntinlupa		PH		14.39	121.05	552225	194	City of Muntinlupa|Muntinlupa City
P	Zahedan		IR		29.50	60.86	551980	216	Dowzdab|Duzdab|Duzdap|Zahedanas|Zahedano|Zahidan|Zaidan|Zakhedan
P	Banqiao		TW		25.01	121.47	551221	213	Ban Ciao|Ban Ciao City|Ban'cjao|Banchiao|Banciao District|Banqiao District|Fang-ch'iao|Pan-ch'iao|San-kuang|San-kuang-li
P	Nanded		IN		19.16	77.31	550564	187	Nandair|Nander
P	Kozhikode		IN		11.25	75.78	550440	187	Calecute|Calicut|Calicutium|City of Spices|Kal'kutta|Kalicut|Kalikuto|Kojikode|Kolikod|Kozhikkot|Kozhikod|Kozikkot|Kozikode|Kozsikode
P	Ulanqab		CN		40.99	113.13	550231	211	Ulanchab
P	Ajegunle		NG		6.45	3.33	550000	29	
P	Cabinda		AO		-5.56	12.19	550000	32	Kabenda|Kabinda
P	Pristina		XK		42.67	21.17	550000	248	Prestena|Prishhina|Prishtina|Prishtinae|Prishtine|Prisjtina|Pristin|Pristine|Pristino|Prisztina|Prixtina|Pryshcina
P	Jiamusi		CN		46.80	130.31	549549	211	Ch'a-mu-ssu|Chia-mu-ssu|Chia-mu-ssu-shih|Chieh-mu-ssu|Czjamusy|Dziamusi|Ga-muk-su|Giai Moc Tu|Gjamusi|Hua-ch'uan-hsien|Hua-chuan|Hwachwan|Jiamusi Shi|Ka-bok-su-chhi|Kiamusas|Kiamusze|Tia-mu-s'
P	Korla		CN		41.76	86.15	549324	221	K'o-erh-lo|K'u-erh-le|K'u-erh-lo|K'u-erh-lo-chen|K'u-erh-lo-hsien|K'u-erh-lo-she-chih-chu|Khorol khot|Koria|Korla Shi|Kourla|Ku'erle|Ku'erle Shi|Kuerhlei|Kuerhli|Kuriya|Kurla|Kurlya|Sayibage
P	Kolhāpur	Kolhapur	IN		16.70	74.23	549236	187	Kolkhapur
P	Porto Velho		BR		-8.76	-63.90	548952	130	Porto Vel'o|Porto Veljas|Porto Velyo|Portu-Vel'ju|Velho
P	San Miguel de Tucumán	San Miguel de Tucuman	AR		-26.82	-65.21	548866	64	San Migel De Tukuman|San Minkel nte Toukouman|San-Migel'-deh-Tukuman|Sanctus Michael Tucumanensis|Tucuman|Tukuman|Tukumanas
P	Kuantan		MY		3.81	103.33	548014	189	Koan-tan-su|Kuala Kuantan|Kuala Kuatan
P	Sevastopol		UA		44.61	33.52	547820	286	Akhiar|Akhtyar|Akujar|Akyar|Aqjar|Aqyar|Sebastopol|Sebastopoli|Sebastopolis|Sebastopolo|Sevastopal'|Sevastopole|Sevastopolis|Sevastopolj|Sevastopolo|Sevastoupoli|Sewastopol|Sivastopol|Szevasztopol
P	Nellore		IN		14.45	79.99	547621	187	Nellur|Nelluru|Nelor|Simhapuri
P	Bremen		DE		53.08	8.81	546501	249	Brehmehn|Brehmen|Brema|Breme|Bremen hiria|Bremenas|Bremene|Bremeni|Bremeno|Bremy|Byen Bremen
P	Wanning		CN		18.80	110.38	545992	211	Maning|Manning|Manyun|Van Leng|Van'nin|Wan|Wan-ch'eng-chen|Wan-hsien|Wan-ning-hsien|Wancheng|Wanning Shi
P	Owerri		NG		5.48	7.03	545000	29	Overi|Overri|Owerre
P	Kota Kuala Muda		MY		5.59	100.37	544984	189	
P	Sungai Petani		MY		5.65	100.49	544851	189	Sungai Patani|Sungaj Petani|Sungei Patani
P	Xinzhou		CN		38.41	112.73	544683	211	Han Chau|Hian-chiu-chhi|Hsin|Hsin-hsien|Hsin-hsien-ch'eng|Hsin-ting|Hung-ciu|Sin'chzhou|Sin'dzhou|Sin-cou|Sinchow|Sinhsien|Xinfu Qu|Xinxian|Xinzhou Shi
P	Kotō	Koto	JP		32.78	130.75	543730	218	Koto City
P	Kalaburagi		IN		17.34	76.84	543147	187	Gul'barga|Gulburga|Kalaburgi|Kalburgi|Kulbarga
P	Tucson		US		32.22	-110.93	542629	127	Fucson|Lucson|San Casme del Tucson|Takson|Teuson|Toison|Touson|Tuczon|Tugson|Tuguison|Tuison|Tuksonas|Tulquson|Tuozon|Tuquisson|Tuqulson|Tusan|Tuson|Tusona
P	Selayang Baru Utara		MY		3.25	101.67	542409	189	Selajang Baru Utara|Selayang
P	Vilnius		LT		54.69	25.28	542366	296	IVilnyusi|Vil'njus|Vil'no|Vil'nyus|Viln'|Vilna|Vilnia|Vilnias|Vilniaus miestas|Vilnious|Vilnis|Vilnues|Vilnus|Wilna|Wilnius|Wilno|Wilnus
P	Ajmer		IN		26.45	74.64	542321	187	Acmer|Adzhmer|Adzmer|Adzmera|Adzmeras|Adzsmir|Agmer|Ajmer City
P	Pingdu		CN		36.78	119.95	542234	211	P'ing-tu|P'ing-tu-hsien|Pindu
P	Fresno		US		36.75	-119.77	542107	107	Fraxinus|Frehsna|Fresnas|Fresno i California|Frezno
P	Mbeya		TZ		-8.90	33.45	541603	16	Mbee|Mbeja
P	Juiz de Fora		BR		-21.76	-43.35	540756	139	Zhuis-di-Fora|Zhuiz de Fora|Zhuiz di Fora|Zuis de Fora
P	Calabar		NG		4.96	8.33	540000	29	Kalabar|Kalabaras|Kalabaro
P	Oujda		MA		34.68	-1.91	539711	13	Oudja|Oudjda|Ouja|Oujda-Angad|Ucda|Udzda|Udzhda|Ugda|Ujda|Uzhda|Wadzda|Wejda
P	Novokuznetsk		RU		53.76	87.14	539616	197	Cusnezia|Kuvnetsk|Kuznetsk|Kuznetsk-Sibirskiy|Navakuzneck|Novokoeznetsk|Novokouznetsk|Novokusnetsk|Novokuznec'k|Novokuznecka|Novokuzneckas|Novokuznetk|Novokuznjeck|Novokuznyeck|Nowokoeznetsk|Nowokusnezk|Nowokuznieck|Stalinsk
P	Ryazan’	Ryazan'	RU		54.63	39.70	538962	275	Resania|Riazan|Rjasan|Rjazan|Rjazanj
P	Ji’an	Ji'an	CN		27.12	114.98	538699	211	Chi-an|Chi-an-shih|Czian'|Ji'an Shi|Kian|Kian-hsien|Kianfu|Luling
P	Sahiwal		PK	04	31.97	72.33	538344	185	Sakhivale|Sohiwal
P	Sahiwal		PK	04	30.67	73.10	538344	185	Montgomery|Sahivalas|Sakhival
P	Mersin		TR		36.81	34.64	537842	261	Icel|Mersina|Mersine|Mersino|Merson|Mersyna|Myrte|Zephyrium
P	Nilüfer	Niluefer	TR		40.21	28.92	536365	261	Niljufer|Nilufer
P	Leeds		GB		53.80	-1.55	536280	268	Ledesia|Lids|Lidsa|Lidsas|Lidso|Lijds|Lints|Loidis|Ritis
P	Poznań	Poznan	PL		52.41	16.93	536151	298	Po-tsu-nam|Posen|Posnania|Possen|Poznan' osh|Poznana|Poznane|Poznanj|Poznano|Poznany|Poznon
P	Aqsu		CN		41.18	80.28	535657	221	A-k'o-su|A-k'o-su-chen|A-k'o-su-hsien|A-k'o-su-hsin-ch'eng|Ak Su Yangi Shahr|Akesu|Akesu Shi|Akoso|Aksou|Aksu|Aksu New City|Aqsu New City|Aqsu Shehiri|Aqsu Yangi Shahr|Ciudad de Aksu|New Aksu|Yangi-shahr
P	Ebute Ikorodu		NG		6.60	3.49	535619	29	Awja-Ikoradu|Ebute-Egga|Ikorodu
P	Ananindeua		BR		-1.37	-48.37	535547	69	
P	Tanggu		CN		39.02	117.65	535298	211	T'ang-ku|Taku|Tango|Tung-ku
P	Pasir Gudang		MY		1.46	103.91	534659	189	Baxi Gudang
P	Astrakhan		RU		46.35	48.04	533925	246	Actarkhan|Ashhtehrkhuan|Ashttarkhan|Astarkhaan|Astiraxan|Astraca|Astracan|Astrachan|Astrachane|Astrachanum|Astrahan|Astrahana|Astrahano|Astrakan|Astraxan|Astraxon|Asztrahan
P	Okara		PK		30.81	73.45	533693	185	
P	Nansana		UG		0.36	32.53	532800	25	
P	Kimhae		KR		35.23	128.88	531966	210	Gimhae|Gimhae-si|Kimkheh|Kinkai|Kumhae
P	Ar Raqqah		SY		35.95	39.01	531952	170	Al-Rakka|Ar-Rakka|Callinicum|Kallinikos|Nicephorium|Nikiforion|Raka|Rakka|Raqqa|Raqqah|Reqa
P	Québec	Quebec	CA		46.81	-71.21	531902	148	Altepetl Quebec|Bandaraya Quebec|Cathair Quebec|Ciutat de Quebec|Jiji la Quebec|Kebec Vile|Kebek|Kebeko|Kebeku|Kebekurbo|Kempek|Kevek tava|Kota Quebec|Kuehbehk|Kvebek|Kvebeka|Kvebekas|Kwebek|Kwebek Shehiri|Lungsod ng Quebec|Quebec Ceety|Quebec City|Quebec Hiria|Quebec llaqta|Quebec-chhi|Quebec-su|Quebecborg|Quebecceaster|Quebecstad|Quebecum urbs|Siudad ti Quebec|Tchubec|Thanh pho Quebec|Vila de Quebec|Ville de Quebec
P	Cuauhtémoc	Cuauhtemoc	MX	09	19.45	-99.15	531831	117	Kuaukhtemok
P	Shangluo		CN		33.87	109.93	531696	211	Shanchzhou|Shang|Shang-hsien|Shangchow|Shangxian|Shangzhou|Shanlo|Shansyan
P	Himeji		JP		34.82	134.70	530495	218	Hime|Himeci|Himedi|Himegi|Himezi|Himezi-chhi|Khimedzhi|Khimedzi|Khimehdzi
P	Ibagué	Ibague	CO		4.44	-75.20	529635	72	Ibage|Ibageh
P	Antwerp		BE		51.22	4.40	529247	251	Amberes|Amberis|Amversa|Anberes|Antuairp|Antuerpen|Antuerpia|Antverpen|Antverpenas|Antverpene|Antverpeno|Antverpens|Antverpia|Antverpy|Antwarp|Antwerpa|Antwerpe|Antwerpen|Antwerpia|Antwerpium|Antwerpn|Antwyrpijo|Anvers|Anversa|Anverse|Kota Antwerpen|On-thit-vi-phu
P	Assiut		EG		27.18	31.18	528669	12	As'jut|Assiout|Assuit|Asyout|Asyut|Licopolis|Likupulis|Lycopolis|Siut
P	Hamadān	Hamadan	IR		34.80	48.51	528256	216	Ecbatana|Hamedan|Khamadan
P	Qionghai		CN		19.24	110.46	528238	211	Ch'iung-hai|Ch'iung-tung|Ch'iung-tung-hsien|Chia-chi|Chia-chi-chen|Chia-chi-shih|Cjunkhaj|Jiaji|Jiaji Zhen|Kachek|Katchek|Qionghai Shi
P	Aparecida de Goiânia	Aparecida de Goiania	BR		-16.82	-49.24	527796	139	Aparesida de Gojanija|Aparesida di Gojanija
P	Cangzhou		CN		38.31	116.85	527681	211	Canchzhou|Candzhou|Cangdzou|Cangou|Cangzou|Cchang-cou|Changhsien|Chhong-chiu-chhi|Chong-ciu|T'sang-chou-shih|Thuong Chau|Ts'ang-chen|Ts'ang-chou|Ts'ang-hsien|Tsan'syan'|Tsang|Tsangchow
P	Mohammadpur		BD		24.90	88.53	527571	171	Mahammadpur|Mokhammadpur|Muhammadpur
P	Surakarta		ID		-7.56	110.83	526870	180	Kota Surakarta|Kutha Surakarta|Soerakarta|Solo|Sourakarta|Surakarte
P	Yuanping		CN		38.72	112.76	526000	211	Juan'pin|Yuanping Shi
P	San Salvador		SV		13.69	-89.19	525990	89	Salvador|San Salbador|San Salvado|San Salvadoras|San Salvadori|San Salwador|San-Salvadoro|Sansalvadora|Urbs Sancti Salvatoris
P	Beihai		CN		21.48	109.12	525329	211	Bac Hai|Baek-hai|Baekhaij|Behjkhaj|Beihai i Guangxi|Beihajus|Bejkhaj|Beyhay|Pak-hai-chhi|Pakhoi|Pei-hai|Pei-hai-shih|Pej-chaj|Pet-hoi-su
P	Van		TR		38.49	43.38	525016	261	Thospia|Urartu|Van i Tyrkia|Vana|Vanas|Wan
P	Sacramento		US		38.58	-121.49	524943	107	Kakalameko|New Helvetia|Sacramento Stad|Sacramentum|Sakramenta|Sakramentas|Sakramento|Sakraments|Sakraminto
P	Thủ Đức	Thu GJuc	VN		10.85	106.77	524670	177	Thu Duc|Tkhudyk
P	Üsküdar	UEskuedar	TR		41.02	29.01	524452	261	Chrysopolis|Scutari|Skutari|Uskjudar|Uskudar
P	Penza		RU		53.20	45.01	523553	275	Pensa|Penz|Penza osh|Penzae|Penze
P	Kandahār	Kandahar	AF		31.61	65.71	523300	183	Candahar|Kandagar|Kandaharo|Kandehar|Kandhar|Qandahar|Qandahor
P	Mazār-e Sharīf	Mazar-e Sharif	AF		36.71	67.11	523300	183	Masar-e Scharif|Mazar-e Charif|Mazar-e Sarif|Mazar-i Sharif|Mazar-i Szarif|Mazare Srif|Mazori Sharif|Mezirek-i Serif
P	Hengshui		CN		37.74	115.68	522147	211	Cheng-suej|Hanh Thuy|Heng-chui-chhi|Heng-cui|Heng-shui-ch'eng-kuan|Heng-shui-hsien|Khehnshuj|Khengshuej|Khenshuy
P	Dehradun		IN		30.32	78.03	522081	187	Degradun|Deharaduna|Dehra|Dehradunas|Dekhradun|Dekhradune|Deradun
P	Erode		IN		11.34	77.73	521891	187	Brod|Irodu|Periyar
P	Lyon		FR		45.75	4.85	520774	277	Leon do Roine|Lijon|Lio|Lion|Liona|Lionas|Lione|Lioni|Liono|Liun|Liyon|Lugdunum|Lyons
P	Salta		AR		-24.81	-65.42	520683	61	Ciudad de Salta|Salta llaqta|Saltaurbo
P	Serra		BR		-20.13	-40.31	520653	139	
P	Esenler		TR		41.04	28.88	520235	261	Ehsenler|Litros
P	Daxing’anling	Daxing'anling	CN		52.33	124.71	520000	211	Dasinanlin
P	Qui Nhon		VN		13.78	109.22	519208	177	Ki N'on|Kin-hon|Kui Nkhon|Kuinjon|Kwinhon|Qui Nhan|Quinn Yan|Quinton|Quy Nhon
P	Al Fayyum		EG		29.31	30.84	519047	12	Al'-Fajum|Arsinoe|Crocodilopolis|El Faiyum|El-Fayum|Faijum|Faium|Fajum|Fayoom|Fayoum|Fayum|Fayun|Fayyoum|Fayyum|Krokodeilon Polis|Krokodeilopolis|Madinat al-Fayyum|Madinet el Faiyum|Medinat Fayum|Medinat el-Fayoum|Shedit
P	Durgapur		IN		23.52	87.31	518872	187	
P	Utsunomiya		JP		36.57	139.88	518757	218	Ucunomija|Utsunomiya-shi
P	Victoria de Durango		MX		24.02	-104.66	518709	119	Byen Durango|Ciudad de Durango|Durangas|Durango|Durango City|Viktorija de Durango
P	Belford Roxo		BR		-22.76	-43.40	518384	139	Belford Rosho|Belford-Roshu
P	Lisbon		PT		38.73	-9.15	517802	266	Felicitas Julia|Felicitas Julia Olissipo|Liospoin|Lisabon|Lisabona|Lisboa|Lisbona|Lisbonne|Lisbono|Lisbonum|Lisimba|Lissabon|Lisszabon|Lizboa|Lizbon|Lizbona|Lizpon|Olisipo|Olissipo
P	Rahim Yar Khan		PK		28.42	70.30	517000	185	Bahim Yar Khan|Ragim Jar Khan|Rahim Jar Han|Rahimjar Khan|Rakhijar Khan|Rakhimujarkhan
P	Ulhasnagar		IN		19.22	73.15	516584	187	Oulasnankar|Ulasnagar|Ulasnagara|Ulasnagaras|Ulkhasnagar
P	Guangyuan		CN		32.44	105.82	516424	211	Guangjuen|Guanujuan'|Guong-nguong|Jialing|Kong-goan-chhi|Kuan-yuan|Kuang-juean|Kuang-yuan|Kuang-yuan-hsien|Kwangyuan|Kwangyuanhsien|Quang Nguyen
P	Loni		IN		28.75	77.29	516082	187	Lone
P	Siliguri		IN		26.71	88.43	515574	187	Shiliguri|Silguri|Siligun
P	Nuremberg		DE		49.45	11.08	515543	249	Neurenberch|Neurenberg|Niamberg|Nirnberg|Nirnberga|Niurnbergas|Njurnberg|Norimberg|Norimberga|Norimberk|Norymberga|Nuernbarg|Nuernberg|Nuernberq|Nuremberga|Nurembergo|Nuremburg|Nurenberg|Nurenbergo|Nurenburg|Nurnberg|Nyremberg|Nyremberge|Nyremvergi|Nyurnberg
P	Niterói	Niteroi	BR		-22.88	-43.10	515317	139	Nictheroi|Nictheroy|Niteroj|Vila Real da Praia Grande|Villa Real da Praia Grande
P	Ujjain		IN		23.18	75.78	515215	187	Outzen|Uddzhajn|Uddzsain|Udzaina|Udzainas|Udzajin|Udzdzain|Udzhdzhajn|Ujjaini|Ujjayn
P	Hannover		DE		52.37	9.73	515140	249	Annobero|Gannovehr|Gannover|Ganover|Hannauver|Hannober|Hannova|Hannovera|Hannovere|Hannower|Hanobhar|Hanofer|Hanover|Hanoveri|Hanoveris|Hanovra|Hanovre|Hanovro|Hanower|Hanowery|Honovere|IHanoveri|Khannover|Khanover
P	Edinburgh		GB		55.95	-3.20	514990	268	Aebura|Caeredin|Dinedin|Doon Edin|Dun Eideann|Ebora|Edimborg|Edimborgh|Edimbourg|Edimbourgo|Edimburg|Edimburgh|Edimburgo|Edimburgu|Edimburgum|Edinbo|Edinboarch|Edinborg|Edinburc|Edinburg|Edinburga|Edinburgas|Edinburgo|Edinburq|Edinburrie|Edynburg|Ehdinburg|Ehdynburg|Embra|Etinpurk|Idinburg
P	Macapá	Macapa	BR		0.04	-51.07	512902	69	Makapa
P	Xianning		CN		29.84	114.32	512517	211	Hsien-ning|Sjan'nin
P	Toulouse		FR		43.60	1.44	511684	277	Lapangan Terbang Blagnac|Tolosa|Tolosa Okzitania|Tolosa de Francia|Tolosa de Llenguadoc|Toloxa|Toloza|Toulouz|Toulouzi|Tuluz|Tuluza|Tuluzae|Tuluzo
P	Thembisa		ZA		-26.00	28.23	511655	23	Tembisa
P	Carrefour		HT		18.53	-72.40	511345	128	Kafou|Karrefur
P	Matsuyama		JP		33.84	132.77	511192	218	Macujama|Matsujama|Matsuyama-shi|Matuyama|Matuyama-chhi
P	Bilimora		IN		20.77	72.96	510879	187	Bilimor|Mora
P	Kasur		PK		31.12	74.45	510875	185	Kansur
P	Atlanta		US		33.75	-84.39	510823	123	Atlant|Atlantae|Atlanto|Atlonta|Canebrake|Marthasdale|Marthasville|Standing Peachtree|Terminus|White Hall
P	Heroica Matamoros		MX		25.88	-97.50	510739	114	Matamoros
P	Makati City		PH		14.55	121.03	510383	194	Makati
P	Mianzhu, Deyang, Sichuan		CN		31.34	104.22	510000	211	
P	Tonghua		CN		41.72	125.93	510000	211	T'ou-tao-chiang|T'ung-hua|T'ung-hua-hsien|T'ung-hua-shih|Tchung-chua|Thong Hoa|Thong-hoa-chhi|Tunghwa|Tunkhua
P	Naberezhnyye Chelny		RU		55.74	52.42	509870	275	Brezhnev|Jar Chally|Naberejnije Celni|Naberejnye Chelny|Nabereschnyje Tschelny|Naberezhnye Chelny|Naberezjnye Tsjelny|Nabereznije Celni|Nabereznoje Tselno|Nabereznye Celny|Nabereznyje Celny|Nabereznyje Tselny|Yar Calli|Yorcholli|Zhar-Chaldy|Zharshaldy
P	Lipetsk		RU		52.59	39.55	509735	275	Lipec'k|Lipeck shaary|Lipecka|Lipeckas|Lipesk|Lipetk|Lipezk|Lipieck|Lipjeck
P	Kikwit		CD		-5.04	18.82	509367	28	Kikgouit|Kikvit|Kikvita|Kikvitas|Kikvite|Kitwit
P	Florianópolis	Florianopolis	BR		-27.60	-48.55	508826	139	Destero|Desterro|Florijanopolis|Floripa|Florjanopolisa|Nossa Senhora do Desterro|Santa Catherina
P	Banan		CN		29.38	106.54	508703	211	Banan Qu|Longzhouwan
P	Newcastle		AU		-32.93	151.78	508437	243	Avstralyn N'jukasl|N'jukasl|Niukasel|Niukaslas|Njukasul|Novkastelo|Nyukasl
P	Tuen Mun		HK		22.39	113.97	507900	178	Tuenmen
P	Zhangye		CN		38.93	100.45	507433	211	Campichu|Cang-jie|Chang-i|Chang-yeh|Chang-yeh-hsien|Chang-yeh-shih|Changyen|Chzhanue|Diong-ik|Dzhanie|Ganzhou|Kan-chou|Kanchow|Truong Dich|Zhangye Shi|Zhanue
P	Kirov		RU		58.60	49.66	507155	264	Khlynov|Kirau|Kirof|Kirov i Kirov oblast|Kirova|Kirovas|Kirow|Viatka|Vyatka|Wjatka
P	Kashgar		CN		39.47	75.99	506640	221	K'a-shih|K'o-shih|Kachgar|Kaixgar|Kaschgar|Kasgar|Kasgara|Kasgaras|Kash|Kashgar Kona Shahr|Kashgar Kone Shahr|Kashi|Kashi Shi|Kashkar|Kasjgar|Kaszgar|Kaxgar|Kona Shahr|Qashqar|Qasqar|Qeshqer|Qeshqer Shehiri|Shu-fu|Su-fu
P	Mukim Pulai		MY		1.53	103.67	505661	189	Pulai
P	Najrān	Najran	SA		17.49	44.13	505652	207	Nacran|Nadzhran|Najraan|Necran
P	Zhoukou		CN		33.63	114.63	505171	211	Chiu-khau-chhi|Chou-chia-k'ou|Chou-k'ou|Chou-k'ou-chen|Chow-kia-kow|Chu Khau|Chzhouko|Chzhoukou|Ciu-kau|Cou-kchou|Dzoukou|Juko shehiri|Shang-shui-hsien|Tsjoukou|Zhoukouzhen
P	Leipzig		DE		51.34	12.37	504971	249	Laeipcig|Lajpcig|Lajpcigu|Lajpcik|Leipciga|Leipcigas|Leipsia|Lejpcig|Lejpcyg|Leypsiq|Leypzig|Lipcse|Lipekika|Lipsca|Lipsia|Lipsk|Lipsko
P	Pingliang		CN		35.54	106.69	504848	211	Bing-liong|Binh Luong|P'ing-liang-hsien|P'ing-liang-shih|Pching-liang|Peng-liang-chhi|Pilian|Pingliang Shi|Pinljan|Pinlyan
P	Duisburg		DE		51.43	6.77	504358	249	Disburga|Duisboerj|Duisborg|Duisbourg|Duisburch|Duisburg and Hamborn|Duisburg-Hamborn|Duisburgas|Duisburgo|Duizburg|Dujsburg|Duusboerg|Duysburg|Ntouismpournk|Thuiscoburgum
P	Āsansol	Asansol	IN		23.68	86.98	504271	187	Asanol
P	Arāk	Arak	IR		34.09	49.70	503647	216	Arak - sawh|Arok|Ehrak|Soltanabad|Sultanabad
P	Maipú	Maipu	CL		-33.51	-70.77	503635	137	
P	Homyel'		BY		52.43	30.98	501193	273	Gomel|Gomela|Gomelis|Gomelj|Homel|Homelj|Homiel
P	Aktobe		KZ		50.28	57.21	500757	157	Aktioube|Aktiube|Aktiubinsk|Aktjubinsk|Aktoebe|Aktubinsk|Aktyubinsk|Aqtobe|Aqtoebe|Ukhtiubinskii
P	Kota Kinabalu		MY		5.97	116.07	500421	190	Jesselton|Kinabalu
P	Jalalpur Pirwala		PK		29.51	71.22	500000	185	Dzalalpur Pirwala|Dzhalalpur Piruala|Jalalpur
P	Kampung Larkin Lama		MY		1.50	103.74	500000	189	Larkin
P	Kota Damansara		MY		3.15	101.58	500000	189	
P	Talatona		AO		-8.92	13.19	500000	32	
P	Mangaluru		IN		12.92	74.86	499487	187	Kodial|Kudla|Maikala|Mangalooru|Mangalor|Mangalore|Mangaloro|Mangalur|Manglapuram|Tulu Nadu
P	Zhucheng		CN		35.99	119.40	499285	211	Chu-ch'eng|Chu-hsien|Chzhuchehn|Mizhou
P	Santa Marta		CO		11.24	-74.19	499192	72	
P	Matsudo		JP		35.78	139.90	498575	218	Macudo|Matudo-chhi
P	Hāthazāri	Hathazari	BD		22.51	91.81	498179	171	Khatazari
P	Lapu-Lapu City		PH		10.31	123.95	497813	194	Dakbayan sa Lapu-Lapu|Lapu-Lapu|Opon|Siudad ti Lapu-Lapu
P	Karagandy		KZ		49.80	73.10	497777	154	Karaganda|Karagandi|Karganda|Qaraganda|Qaragandi|Qaraghandy
P	Loudi		CN		27.73	111.99	497171	211	Lau GJe|Leu-di|Lo-te-chhi|Lou-ti|Lou-ti-chen|Lou-ti-shih
P	Liverpool		GB		53.41	-2.98	496770	268	Learpholl|Lerphoyll|Lerpwl|Liberpoul|Liverpolium|Liverpuil|Liverpul|Liverpule|Liverpulis|Liverpulo|Livurpul|Liwerpol|Poll a' Ghruthain
P	Sha Tin		HK		22.38	114.18	495200	178	Sha Tin New Town
P	Dera Ghazi Khan		PK		30.05	70.64	494464	185	Dera Gazi Chanas|Dera Gazi Hano|Dera Gazi Khan|Dera Ghoz Khan|Deri-Ghazi Khan
P	Hecun		CN		36.53	114.11	494412	211	Ho-ts'un|Ho-ts'un-ch'ien|Ho-ts'un-chen|Khekun
P	Higashiosaka		JP		34.67	135.58	493940	218	Higasiosaka|Khigashiosaka|Osaca Orientalis
P	Pindi Bhattian		PK		31.90	73.27	493222	185	Pindi Battian|Pindi Bhatian|Pindi Bkhattian
P	Cheboksary		RU		56.13	47.25	492331	275	Ceboksarad|Ceboksarai|Ceboksari|Ceboksary|Chabaksar|Cheboksar|Cheboksara|Cheboksari|Chehbaksary|Choupachkar|Csebokszari|Czeboksary|Shoupashkaru|Shubashkar|Shupashkar|Shyvashar|Supaskar|Tcheboksary|Tjeboksary|Tscheboksary|Tscheboxari|Tseboksaro|Tseboksary|Tsjeboksari|Tsjeboksary|Txeboksari|Txeboksary
P	Pohang		KR		36.03	129.36	492041	210	Geijitsu|Hoko|Hoko-do|P'ohang-dong|Pkhokhan
P	Shanwei		CN		22.78	115.35	491766	211	San Vi|San-mi-su|San-wej|Sang-muoi|Shan'vehj|Swabue
P	Montería	Monteria	CO		8.75	-75.88	490935	72	Monterija|San Jeronimo de Buenavista
P	Ruiru		KE		-1.15	36.96	490120	41	
P	Valledupar		CO		10.47	-73.25	490075	72	Val'edupar|Valjeduparas
P	Belagavi		IN		15.85	74.50	490045	187	Belagaavi|Belagoavi|Belgaan|Belgaavi|Belgaon|Belgaum|Belgaumas
P	Ajman		AE		25.40	55.48	490035	173	Acman|Adschman|Adzhman|Adzman|Ajma|Ajman City|Al Ajman|Ujman
P	Jianshui		CN		24.28	101.22	490000	211	Czjan'shuj
P	Sancaktepe		TR		41.00	29.23	489848	261	Sandzhaktepe
P	Port Sudan		SD		19.62	37.22	489725	26	Bar'uut|Bur Sudan|Burt Sudan|New Sawakin|Port Sodan|Port Sudanas|Port Szudan|Port-Soudan|Porto Sudan|Porto Sudao|Puerto Sudan|Shaikh Barghuth|Shaykh Burghuth|Sheikh Barghuth|Sudanhavenurbo
P	Toluca		MX		19.29	-99.65	489333	117	Tollohcan|Tolouka|Toluca Lerdoensis|Toluca de Lerdo|Toluka|Toluka-de-Lerdo
P	Ciudad López Mateos	Ciudad Lopez Mateos	MX		19.56	-99.26	489160	117	Adolfo Lopez Mateos|Atizapan|Atizapan de Zaragoza|Lopez Mateos|S'judad-Lopes-Mateus
P	Al Khuşūş	Al Khusus	EG		30.15	31.32	488904	12	El-Khusus
P	Jeju City		KR		33.51	126.52	488844	210	Chedzhu|Cheju|Chu-sung|Chyei Chyu|Czedzu|Jeju|Jeju Gida|Jeju Sehri|Jeju Shahri|Jiji la Jeju|Kota Jeju|Kutha Jeju|Magaalaa Jeju|Magaaladda Jeju|Saishu|Saisyu|Saisyu Yu|Shakhri Chedzhu|Tsche-dschu|Tse-tsiu|Tsitcheou|Tzetzou
P	Gdańsk	Gdansk	PL		54.35	18.65	487371	298	Danceke|Dancigo|Dantsic|Danzica|Danzig|Gdanjsk|Gdanska|Gdanskas|Gdunsk|Gedanum|Gothiscandza|Gudan'sku|Gydanysg|Nkntansk|Qdansk
P	Miami		US		25.77	-80.19	487014	123	Maiami|Majami|Majamis|Mayami|Miamia|Miamo
P	Omaha		US		41.26	-95.94	486051	79	Omacha|Omakha
P	Nishinomiya		JP		34.72	135.33	485587	218	Nishinomiya-hama|Nisinomija
P	Masina		CD		-4.38	15.39	485167	28	
P	Sahāranpur	Saharanpur	IN		29.97	77.55	484873	187	Sakharanpur
P	Vellore		IN		12.92	79.13	484690	187	Vellor|Velluru|Velur|Veluru
P	Kurashiki		JP		34.58	133.77	483576	218	Kurasiki|Kurasiki-chhi|Kurasyiki
P	Campos dos Goytacazes		BR		-21.75	-41.33	483540	139	Campos dos Goitacazes|Kampos|Kampus-dus-Gojtakazis|Sao Salvador dos Campos
P	Angeles City		PH		15.15	120.58	483452	194	Angeles
P	Bhātpāra	Bhatpara	IN		22.87	88.40	483129	187	Bkhatpara
P	Jijiga		ET		9.35	42.80	483000	2	Djidjiga|Djigdjiga|Dschidschiga|Dzhidzhiga|Dzidziga|Giggiga|Giggigga|Gigiga|Jigjiga|Jigjigga
P	Tula		RU		54.20	37.62	482873	275	Toela|Toula|Tul|Tula i Russland|Tulae|Tulo
P	Najaf		IQ		32.03	44.35	482576	160	Al Najaf al Ashraf|An Najaf|An Najaf al Ashraf|An-Nadzaf|An-Nadzhaf|Ehn-Nadzhaf|Meshed 'Ali|Nachaf|Nadjaf|Nadschaf|Nadzaf|Nadzafas|Nadzhaf|Nagafo|Najaf - njf|Natzaf|Nayaf|Necef|Nedjef|Nedzsef|Neshed Ali
P	Raleigh		US		35.77	-78.64	482295	123	Ralei|Rali|Roles|Roli|Rolio|Rolis|Wake Court House
P	Imus		PH		14.43	120.94	481949	194	Imus Lakanbalen|Lungsod ng Imus
P	Xichang		CN		27.90	102.26	481796	211	Hsi-ch'ang|Hsi-ch'ang-hsien|Ning-yuan|Ningyuanfu|Sichan|Sichang|Sichanghsien
P	Malegaon		IN		20.55	74.53	481228	187	
P	Zaoyang		CN		32.13	112.75	481004	211	Czaojan|Tsao-yang|Tsao-yang-hsien
P	São José do Rio Preto	Sao Jose do Rio Preto	BR		-20.82	-49.38	480393	139	Rio Preto|San Zoze do Rio Pretas|San-Zhoze-du-Riu-Pretu|Sao Zhoze do Rio Preto
P	Caxias do Sul		BR		-29.17	-51.18	479599	139	Caxias|Caxius do Sul|Kashias do Sul|Kashias-du-Sul|Kashijas do Sul|Kasijas do Sulas
P	Karabağlar	Karabaglar	TR		38.38	27.13	479338	261	
P	Okene		NG		7.55	6.24	479178	29	Okeni
P	Uijeongbu-si		KR		37.74	127.05	479141	210	Uijeongbu
P	Bristol		GB		51.46	-2.60	479024	268	Briosto|Bristo|Bristole|Bristolis|Bristolium|Bristolo|Briston|Bristul|Bristullu|Brystal'|Bryste
P	East London		ZA		-33.02	27.91	478676	23	Buffalo City|EMonti|Ist-Londan|Ist-London|Istochni London|Iztochen London|KuGompo City|Londinium Orientale|Orient-Londono|Tung Lun-tun|Yst Londonas
P	Chéngguān Qū	Chengguan Qu	CN		29.64	91.04	478275	211	Chehnguan' Ku
P	Yazd		IR		31.90	54.37	477905	216	Dakbayan sa Yazd|Giaznt|Isatis|Jasd|Jazd|Jazdo|Jezd|Jezdas|Kath|Yasd|Yezd
P	Hargeysa		SO		9.56	44.06	477876	39	Hargeisa|Hargesa|Khargejsa|Khargejse
P	Ōita	Oita	JP		33.23	131.60	477715	218	Oita-shi
P	Jincheng		CN		35.50	112.83	476945	211	Ceng-siang|Chin-ch'eng|Chin-ch'eng-hsien|Czin'chehn|Dzinchun|Jincheng City|Jincheng Shi|Tan Thanh|Tse-chou|Tseh-chow-fu|Tsehchow|Tsincheng|Tsinchenghsien
P	Hongjiang		CN		27.11	110.00	476000	211	Ch'ien-yang|Hung-chiang|Hung-chiang-chen|Hung-chiang-shih|Hungkiang|Khunczjan|Khuntszyan
P	Modīnagar	Modinagar	IN		28.83	77.57	475843	187	
P	Taoyuan		TW		24.99	121.30	475798	213	GJao Vien|Taojuan|Taoyuan City|Taoyuan District|Taoyuan Qu
P	Eldoret		KE		0.52	35.27	475716	41	Ehldoret|Eldoretas|Olderet|Olteret
P	Kansas City		US	MO	39.10	-94.58	475378	79	Caasimada Kansas|City of Kansas|Dinas Kansas|Greenwood|Ilu Kansas|Kansas City i Missouri|Kansas Lakanbalen|Kansas Sity|Kansasurbo|Kanzas Shehiri|Kanzas Siti|Kanzas Sitis|Kanzas-Sici|Kanzassitija|Kota Kansas|Lungsod ng Kansas|Maple Gardens|Milton|Town of Kansas|Westport|Winnetonka|Winnwood
P	Yan’an	Yan'an	CN		36.60	109.49	475234	211	Fu-shih|Fu-shih-hsien|Fushi|Jan'an'|Yen-an|Yen-an-fu|Yen-an-hsien|Yen-an-shih
P	Kaliningrad		RU		54.71	20.51	475056	263	Caliningrado|Calininopolis|Kalinin'nkrant|Kaliningrada|Kaliningradas|Kaliningrado|Kaliningradum|Kaliningrau|Kalininqrad|Kalinjingrad|Kalinyingrad|Karaliaucios|Karaliaucius|Kenigzberg|Kenisberg|Koenigsbarg|Koenigsberg|Koenigsberg in Preussen|Korigsberg|Kraljevac|Krolewiec
P	Skopje		MK		42.00	21.43	474889	287	Escopia|Scopia|Scupi|Shkup|Shkupi|Skop'e|Skopeia|Skopia|Skopie|Skopiye|Skopjo|Skople|Skoplie|Skoplje|Skopye|Szkopje|UEskuep|Uskub
P	Kupang		ID		-10.17	123.61	474801	193	Koepang|Kota Kupang|Kupangas|Kupange|Kupango|Kupanq|Kutha Kupang
P	Vereeniging		ZA		-26.67	27.93	474681	23	Feriniging|Ferinikhing|Vereniging|Verenigingas|Verenigingo
P	The Hague		NL		52.08	4.30	474292	244	A Haia|An Haig|Chage|D'n Haog|De Haach|Den Haag|Gaaga|Haag|Hag|Haga|Hago|Hague|Khag|Khaga|L'Aia|La Haia|La Haya|La Haye|Lahey
P	Long Beach		US		33.77	-118.19	474140	107	Litus Longum|Lon'nk Bits|Long Bich|Long Bijch|Long Bycas|Longbica|Lonq Bic|Willmore City
P	Gaya		IN		24.80	85.00	474093	187	Gaja
P	Iloilo		PH		10.70	122.56	473728	194	Iloilo City|Iloilo Proper
P	Shouguang		CN		36.88	118.74	473620	211	Chiu-shou-kuang|Shou-kuang|Shou-kuang-hsien|Shouguan|Showkwang
P	Jingdezhen		CN		29.29	117.21	473561	211	Ching-te-chen|Ching-te-chen-shih|Czindehchzhehn'|Fou-liang|Fou-liang-hsien|Fowliang|Fowliang-hsien|Jingdezhen Shi|Kingtechen|Kingteh|Kingtehchen|Kingtehchin
P	Murcia		ES		37.99	-1.13	471982	270	Ciutat de Murcia|Murcie|Murcio|Murcja|Mursia|Mursija
P	Mesa		US		33.42	-111.82	471825	127	Hayden|Mejsa|Mesa City|Zenos
P	Halifax		CA		44.64	-63.58	471559	98	Galifaks|Halifaks|Khalifaks
P	Morogoro		TZ		-6.82	37.66	471409	16	Maragora|Mkoa wa Morogoro|Morogoras|Moronkoro|Mrogoro|Murogoro
P	Marikina City		PH		14.65	121.11	471323	194	Marikina
P	Kenitra		MA		34.26	-6.58	470949	13	Al Qunaytirah|Al-Kunajtira|Kenitre|Kenitro|Khenifra|Lyautey|Mina Hassan Tani|Port Laoti|Port-Lyautey|Ville de Kenitra
P	Seeb		OM		23.67	58.19	470878	195	Al-Sib|As Seeb al Jadidah|As Sib|As Sib al Jadidah|Ehs-Sib|Sib|Sybas|Szib
P	Cilegon		ID		-6.01	106.05	470378	180	Chilegon|Tjilegon|Tlilegon
P	Mykolayiv		UA		46.98	31.99	470011	265	Mikolaiv|Mikolajiv|Mikolajow|Mykolaiv|Nicolopoli|Nikolaev|Vernoleninsk
P	Fukuyama		JP		34.48	133.37	468812	218	Fukujama|Hukuyama|Hukuyama-chhi
P	Staten Island		US		40.56	-74.14	468730	123	Borough of Staten Island|Staten-Ajlend
P	Nanping		CN		26.64	118.17	467875	211	Lam-peng-chhi|Nam Binh|Nam-phin-su|Nan'pin|Nan-p'ing-hsien|Nan-p'ing-hsien-ch'eng|Nan-p'ing-shih|Nan-pching|Nang-bing|Nenping shehiri|Yenping|Yenping-fu
P	Pereira		CO		4.81	-75.69	467269	72	Antigua Cartago|Cartago Viejo|Perejra|Villa de Robledo
P	Ciudad Apodaca		MX		25.78	-100.19	467157	119	Apodaca|Apodaka|Opstina Apodaca|Sijudad Apodaka
P	São João de Meriti	Sao Joao de Meriti	BR		-22.80	-43.37	466536	139	Meriti|Merity|San Zuan de Meritis|San-Zhuan-di-Meriti|San-Zhuan-dy-Meryty|Sao Zhoao de Meriti|Sao Zhoao di Meriti
P	Ambattur		IN		13.10	80.16	466205	187	
P	Kanazawa		JP		36.60	136.62	466029	218	Canasava|Kanadzava|Kanazaua|Kanazawa-shi|Kanazawa-si
P	Gonder		ET		12.60	37.47	466000	2	Gondar|Gondehr|Gonderas|Gondero|Gwender|Gwonder|Nkontair
P	Mandaluyong City		PH		14.58	121.04	465902	194	Lungsod ng Mandaluyong|Manadalujonga|Manadalujongas|Mandaluiong|Mandalujon|Mandalujong|Mandaluyong|Mandayulong|Mantalougion'k|San Felipe|San Felipe Neri
P	Mixco		GT		14.63	-90.61	465773	95	Mishko
P	Longshan		CN		42.89	125.14	465249	211	Dongliao|Hsi-an|Laeojuan|Liao-juean|Liao-yuan-shih|Liaojuanas|Liaoyuan|Liau-goan-chhi|Lieu Nguyen|Lieu-nguong|Ljaojuan'|Ljaojuen|Pei-feng|Pei-feng-hsien|Shian|Sian|T'a-k'a-ta|Ta-ko-tan|Tung-liao
P	Ikare		NG		7.53	5.75	465000	29	Ikare-Akoko
P	Nova Vida		AO		-8.91	13.22	464985	32	
P	Vũng Tàu	Vung Tau	VN		10.35	107.08	464860	177	Cap-Saint-Jacques|Cape Saint James|Saint James|St. James|Ville du Cap|Xa Vung Tau
P	Maracay		VE		10.25	-67.59	464700	76	Marakai|Marakaj|Marakajo|Marakajus|Marakay
P	Tamale		GH		9.40	-0.84	464316	1	
P	Heyuan		CN		23.73	114.68	463907	211	Che-juean|Ha Nguyen|Ho-goan-chhi|Ho-ngien-su|Ho-yuan|Ho-yuan-hsien|Hoyun|Hoyunhsien|Khehjuan'|O-nguong|Yuancheng
P	Dĩ An	Di An	VN		10.91	106.77	463023	177	
P	Kira		UG		0.40	32.63	462900	25	
P	Esna		EG		25.29	32.55	462787	12	Asna|Ehsna|Esneh|Isna|Latonpolis|Latopolia|Latopolis
P	Huangshan		CN		29.71	118.31	460786	211	Chuang-san|Hoang Son|Huangshan City|Huangshan Shi|Khuanshan'|T'un-ch'i|T'un-ch'i-chen|T'un-ch'i-shih|T'un-hsi|Tun'si|Tunki|Tunqi|Tunxi|Tunxi Qu|Uong-sang
P	Ḩamāh	Hamah	SY		35.13	36.76	460602	170	Chama|Epiphaneia|Epiphania|Gama|Hama|Hamao|Hamath|Khama
P	Jalgaon		IN		21.00	75.57	460228	187	Dzalgaon|Dzhalgaon|Dzhalgaone|Galgaon
P	Kurnool		IN		15.83	78.04	460184	187	Kandenavolu|Karnul|Karnulis|Karnulu|Kurmul|Kurnul
P	Yola		NG		9.21	12.48	460000	29	Jola
P	Tieling		CN		42.29	123.84	459985	211	T'e-ling|T'ieh-ling|T'ieh-ling-hsien|Telin
P	Rạch Giá	Rach Gia	VN		10.01	105.08	459860	177	Lit-ka-su|Rac'zja|Rach Zha|Rach Zhia|Racza|Rat'zja|Zhac Zhja
P	Amagasaki		JP		34.72	135.42	459593	218	
P	Manado		ID		1.48	124.85	458582	193	Kota Manado|Kutha Manado|Manadas|Menado
P	Santo Domingo de los Colorados		EC		-0.25	-79.18	458580	96	Santo Domingo|Santo-Domingo-de-los-Kolorados
P	Ţarţūs	Tartus	SY		34.89	35.89	458327	170	Antaradus|Antiarados|Tartous|Tartouss|Tortosa
P	Mek'ele		ET		13.50	39.48	457900	2	Macalle|Makale|Makalle|Maqale|Maqalle|Mehkehle|Mekelie|Mekelle
P	Nazrēt	Nazret	ET		8.55	39.27	456900	2	Adama|Hadama|Nazareth|Nazreth
P	Colorado Springs		US		38.83	-104.82	456568	85	Colorado Spgs|El Paso|Fontes Coloratenses|Kalarada-Spryngs|Kolorado Springs|Kolorado Springsas|Kolorado Sprinqs|Kolorado-Springz|Koloradospringsa|Koloranto Sprin'nks
P	Huancayo		PE		-12.07	-75.21	456250	106	Guankajo|Huancaya|Huankajus|Uankajo|Vancaium|Wankayu
P	Al Hillah		IQ		32.46	44.42	455700	160	Al Hilla|Al'-Khilla|Chilla|El-Hille|Hila|Hilla|Hillah|Hille|Khila|Khilla
P	Mbandaka		CD		0.05	18.26	455011	28	Bandaka|Cocquilhatville|Coquilhalville|Coquilhatstad|Coquilhatville|Wangata
P	Malanje		AO		-9.54	16.34	455000	32	Malandje|Malane|Malange|Malanzhe
P	Namp’o	Namp'o	KP		38.74	125.41	455000	203	Channampo|Chinnamp'o|Chinnanpo|Nambo|Nampkho|Tinnanpo|Treaty Port|Tschin-nam-p-ho
P	Ciudad General Escobedo		MX		25.80	-100.32	454967	119	General Escobedo|Gral. Escobedo|Kiudad General Eskobedo
P	Bacolod City		PH		10.67	122.95	454898	194	Baclod City|Bacolod|Bacoloo City|Bakolod|Ciudad ti Bacolod|Dakbayan sa Bacolod|Lungsod ng Bacolod|Syudad han Bacolod
P	Virginia Beach		US		36.85	-75.98	454808	123	Litus Virginiae|Verdzhinija-Bich|Vijini Beach|Virciniya Bic|Virdzhini-Bich|Virdzhinija Bijch|Virdzhinija-Bich|Virdzhynija-Bich|Virdzinija Bich|Virdzinija Bycas|Virdzinijabica|Virginia Beach City|Virginian Bch|Virginija-Bich|Virginijabico|Virtzinia Bits
P	Wafangdian		CN		39.62	122.01	454338	211	Fu-hsien|Fuxian|Vafandjan'|Wa-fan-tien|Wa-fang-tien|Wa-fang-tien-chen
P	Mansilingan		PH		10.63	122.98	454150	194	
P	Kahama		TZ		-3.83	32.60	453654	16	Kakhama
P	Hsinchu		TW		24.80	120.97	453536	213	Hsin-Chuan City|Hsin-Chung|Hsin-chu-hsien|Hsin-chu-shih|Kota Hsinchu|Sin'chzhu|Sin-chuk-su|Sin-cu|Sin-tek-chhi|Sinhcuz|Sinjhushih|Tan Truc|Xinzhu|Xinzhushi
P	Katsushika		JP		35.73	139.85	453093	218	Kacushika|Katsushika City|Katsushika-ku
P	Bornova		TR		38.48	27.24	452479	261	Bournovas|Burnova|Burnuva|Burunabat
P	Rāmgundam	Ramgundam	IN		18.80	79.45	452261	187	Ramagundam
P	Batman		TR		37.89	41.13	452157	261	Batman i Tyrkia|Batmanas|Eleh|Elih|Iloh|Iluh
P	Yongji		CN		34.87	110.44	452000	211	Chao-i|Chao-i-chen|Chao-i-ts'un|Junczi|Yongji Shi|Yung-chi|Yung-chi-hsien|Zhaoyi
P	Lishui		CN		28.46	119.91	451418	211	Ch'u-chou|Chuchow|Chuchowfu|Chuzhoufu|La-cui|Le Thuy|Le-chui-chhi|Li-shui-hsien|Li-suej|Lishui Shi|Lishui Xian|Lishui i Zhejiang|Lishuj|Lisjui
P	Udaipur		IN		24.59	73.71	451100	187	Oodeypore|Udajpur
P	Warder		ET		6.97	45.34	450400	2	Uardere|Uorder|Wadere|Wardair|Werder
P	Bắc Giang	Bac Giang	VN		21.27	106.19	450000	163	Bakziangas|Bakzjang|Pet-kong|Phu Lang Thong|Phu Lang Thuong|Phu Long Thuong|Thuong|Vilojati Bak Giang
P	Eslamshahr		IR		35.55	51.24	450000	216	Eslamchahr|Eslamsaher|Eslamschahr|Islamshekhr|Shadshahr
P	Juba		SS		4.85	31.58	450000	24	Djouba|Dschuba|Dzhuba|Goba|Uula
P	Muratpaşa	Muratpasa	TR		36.89	30.76	450000	261	Muratpasha
P	Wenshan City		CN		23.36	104.25	450000	211	Venshan|Wenshan
P	Şanlıurfa	Sanliurfa	TR		37.17	38.79	449549	261	Antiocheia|Antiochia|Edesa|Edesia|Edesija|Edessa|Edesse|Edesses|Edessza|Ehdessa|Hustinianupolis|Justinianopolis|Orfa|Ourfa|Owrfa|Owrha|Riha|Sanlijurfa|Sanlijurfo|Shanliurfa|Shanlleurfa|Shanlyurfa|Urfa|Urfeh|Urha|Urhay|al-Ruha
P	Kursk		RU		51.73	36.18	448733	275	Koersk|Koursk|Kurskas
P	Maheshtala		IN		22.51	88.25	448317	187	Makheshtala
P	Nam Định	Nam GJinh	VN		20.43	106.18	448225	163	Nam Din|Nam Dinh|Thanh Pho Nam Dinh
P	Constantine		DZ		36.37	6.61	448028	3	Cirta|Constantina|Konstantina|Konstantini
P	Patiāla	Patiala	IN		30.34	76.39	446246	187	Pat'jala
P	Boksburg		ZA		-26.21	28.26	445168	23	Boksburgas
P	Basuo		CN		19.10	108.67	444458	211	Basuo Zhen|Dongfang|Dongfang Shi|Dunfan|Pa-so|Pa-so-chen|Pasuo|Tung-fang
P	Campina Grande		BR		-7.23	-35.88	443911	90	Kampina Grande|Kampina Grandi|Kampinagrando
P	Ensenada		MX		31.87	-116.60	443807	147	Ehnsenada|Enseada
P	Elazığ	Elazig	TR		38.67	39.22	443363	261	Ehlazyg|Ehljazyg|Elazii|Elaziz|Elaztig|Elazug|Eleziz|Eliazihas|Eljazg|Eljazig|Mezreh|Nor Kharpert|Xarberd
P	Jundiaí	Jundiai	BR		-23.19	-46.88	443221	139	Jundiahy|Jurundiay|Zhundiai|Zhundijai|Zundiajus
P	Xochimilco		MX		19.25	-99.10	442178	117	Delegacion Xochimilco|Sochimil'ko
P	Shyamnagar		IN		22.83	88.37	441956	187	Shamnagar|Shamnagore|Shjamnagar|Syamnagar
P	Dasmariñas	Dasmarinas	PH		14.33	120.94	441876	194	Dasmarin'jas|Dasmarinas Lakanbalen|Dasmarines|Kota Dasmarinas
P	Zhangjiajie		CN		29.13	110.48	441804	211	Cang-tia-tie|Chong-ka-kie-su|Chzhanczjacze|Dayong|Diong-ga-gai|Ta-yung|Ta-yung-hsien|Truong Gia Gioi|Yongding|Yongding Qu|Yung-ting|Yung-ting-chen|Zhangjiajie Shi
P	Mataram		ID		-8.58	116.12	441147	193	Kota Mataram|Kutha Mataram|Mataram-Lombok|Mataramas
P	Korhogo		CI		9.46	-5.63	440926	0	Korhogas|Korkhogo|Korogo
P	Piracicaba		BR		-22.73	-47.65	440835	139	Pirasikaba|Pirasykava
P	Fujisawa		JP		35.35	139.48	439728	218	Fudzhisava|Fudzisava|Fujisava|Huzisawa-chhi|Pudyisawa
P	Bissau		GW		11.86	-15.60	439704	8	Bisao|Bisau|Bisau - Bissau|Bisauo|Bisava|Biso|Bissa|Bissao|Mpissaou|Sao Jose de Bissau|Wisaw
P	Zhongxiang		CN		31.17	112.58	439394	211	An-lu|Anlufu|Chung-hsiang|Chung-hsiang-hsien|Chungsiang|Chzhunsjan|Yingzhong
P	Sandakan		MY		5.84	118.12	439050	190	Elopura|Samdakan|San-ta-kin|Sandakan Town
P	Mawlamyine		MM		16.49	97.63	438861	225	Maulamiain|Mawlamyaing|Molam'in|Molam'jajn|Molamjainas|Molamyaing|Moulamjin|Moulmein|Mulmain|Mulmejn
P	Laval		CA		45.57	-73.69	438366	148	Lavalis|Lavalo
P	Palma		ES		39.57	2.65	438234	270	Ciutat de Mallorca|Madina Mayurqa|Palma Mallorcakoa|Palma de Maiorca|Palma de Malhorca|Palma de Mallorca|Palma di Maiorca
P	Montes Claros		BR		-16.73	-43.86	437601	139	Montes Klaros|Montis Klaros|Montis-Klarus
P	Sunch’ŏn	Sunch'on	KP		39.43	125.93	437000	203	Junsen|Sunch'on-dong|Sunch'on-up
P	Sultangazi		TR		41.11	28.87	436935	261	Sultangazij
P	Uyo		NG		5.05	7.93	436606	29	Ujo
P	Bei’an	Bei'an	CN		48.27	126.60	436444	211	Behjan'|Lungchen|Pehanchen|Pei-an|Pei-an-chen|Pei-an-hsien|Pei-an-shih
P	Davangere		IN		14.47	75.93	435128	187	Davanagere|Davanagiri|Davangeri|Devangere
P	Macheng		CN		31.18	115.02	435076	211	Ma-ch'eng-hsien|Machehn
P	Ado-Ekiti		NG		7.62	5.22	435000	29	Ado|Ado-Ehkiti
P	Manizales		CO		5.07	-75.51	434403	72	Manisales|Manisalesas
P	Masan		KR		35.13	126.83	434371	210	Masan-ni
P	Buôn Ma Thuột	Buon Ma Thuot	VN		12.67	108.04	434256	177	Ban Me Thaut|Ban Me Thnot|Ban Me Thot|Ban Me Thout|Ban Me Thuot|Ban-me-Thurt|Benmethout|Buon Ma Tkhuot|Buon Me Thuot|Lac Giao|Me Thuot|Metuotas
P	Stavropol		RU		45.03	41.96	433931	275	Stauropoli|Stawropol|Voroshilovsk
P	Shuozhou		CN		39.32	112.42	433700	211	Shochzhou|Shohchow|Shohsien|Shosyan'|Shou-hsien|Shuo|Shuo-hsien|Shuoxian
P	Kashiwa		JP		35.86	139.98	433436	218	Kashiva|Kasiva|Kasiwa-chhi
P	Ogbomoso		NG		8.13	4.24	433030	29	Ogbomocho|Ogbomosho
P	Tel Aviv		IL		32.08	34.78	432892	182	Lungsod ng Tel Aviv-Yafo|Tehl'-Aviu|Tel Avevs|Tel Aviv Yaffo|Tel Aviv Yafo|Tel Aviv-Jaffa|Tel Aviv-Jafo|Tel Avivas|Tel Awiw|Tel Eviv|Tel-Avivo|Telaviva|Telavivum|Tell Abib|Tell Afif
P	Buenaventura		CO	29	3.58	-77.00	432385	72	
P	Welkom		ZA		-27.98	26.74	431944	23	Velkom|Velkomas
P	Sham Shui Po		HK		22.33	114.16	431090	178	Sam shui po|Shan Shin Po
P	Machida		JP		35.54	139.45	431079	218	Macida|Matida|Matida-chhi
P	Zagazig		EG		30.59	31.50	430445	12	As Zaqaziq|Az Zagazig|Az Zaqaziq|Ehz-Zakazik|Es Zaqiziq|Ez Zaqaziq|Zaqaziq
P	Vinnytsya		UA		49.23	28.47	430091	265	Vinica|Vinicja|Vinitsa|Vinnica|Vinnicja|Vinniza|Vinnycja|Vinnytsia|Winnica|Winnyzja
P	Ismailia		EG		30.60	32.27	429465	12	Al-Isma'iliyah|El Ismalia|Ismailieh|Ismailija|Ismailiya|Ismailiyah|Ismailiye|Ismalia|Ismayilia|Ismoiliya|Iszmailija
P	Ningde		CN		26.66	119.52	429260	211	Jiaocheng|Nindeh|Ning-te|Ning-te-hsien|Ningteh|Ningtehhsien
P	Akola		IN		20.71	77.00	428857	187	Akula
P	Kima Kieza		AO		-8.83	13.30	428855	32	Quima Quieza
P	Cusco		PE		-13.53	-71.97	428450	106	Ciudad del Cuzco|Cosco|Cuschum|Cuscu|Cuzco|Kousko|Kuska|Kuskas|Kusko|Qusqu
P	Jiuquan		CN		39.74	98.52	428346	211	Chiu-ch'uan|Chiu-ch'uan-hsien|Chiu-ch'uan-shih|Chiu-choan-chhi|Ciu-ciong|Czjucjuan'|Gan'sju|Jiuquan Shi|Kiuchoan|Kiuchuan|Kiuchuan-hsien|Su-chou|Suchow|Suchzhou|Suzhou|Tiou-cchuean|Tsin-tsuan-tsiun|Tuu Tuyen|Zhjuchuan'
P	Veracruz		MX		19.18	-96.14	428323	117	Chalchiuhcuehcan|Heroica Veracruz|Veracruz Llave|Veracruz i Veracruz|Verakrus|Verakrusas|Verakruz
P	Bryansk		RU		53.27	34.32	427236	275	Breansk|Briansk|Brianski|Brjans'k|Brjansko
P	Maltepe		TR		40.94	29.16	427040	261	
P	Sumgayit		AZ		40.59	49.67	427000	162	Sumgait|Sumgajyt|Sumgjajet|Sumgojit|Sumqayit|Sumqayyt|Sumqoyit
P	Tando Bago		PK		24.79	68.97	426535	185	
P	Kuala Terengganu		MY		5.33	103.14	426500	189	Bandar Kuala Terengganu|Kuala Terenganu|Kuala Trengganu|Kuala-Trenganu|Kvala Terenganu|Trengganu|Tringano|Tringganu
P	Toyota		JP		35.08	137.15	426162	218	Koromo|Tojoota khot|Tojota|Toyoda|Toyota i Aichi|Toyota-chhi
P	Matadi		CD		-5.84	13.46	425662	28	Matadis|Matady|Matidi
P	Al Kharj		SA		24.16	47.33	425300	207	Al Khardj|Ehl'-Khardzh|El-Harc
P	Wong Tai Sin		HK		22.35	114.18	425235	178	Vong Tai Sin
P	Mandaluyong		PH		14.58	121.04	425000	194	Mandalujong
P	Minna		NG		9.62	6.55	425000	29	
P	Xalapa de Enríquez	Xalapa de Enriquez	MX		19.53	-96.92	424755	117	Jalapa|Jalapa Enriques|Jalapa Enriquez|Khalapa-de-Ehnrikes|Xalapa|Xalapa-Enriquez
P	Rajpur Sonarpur		IN		22.44	88.43	424368	187	Radzhpur-Sonarpur|Rajpur|Sonarpur|Sonarpur Rajpur
P	Bratislava		SK		48.15	17.11	423737	250	An Bhrataslaiv|Baratislawa|Bracislava|Bratislav|Bratislava osh|Bratislavae|Bratislavo|Bratislawa|Bratisllava|Bratyslawa|Mpratislaba|Posonium|Pozsony|Presbourg|Presburg|Presporok|Prespurk|Pressburg|Preszburg
P	Taman Petaling		MY		3.20	101.65	423062	189	
P	Shinagawa		JP		33.64	133.01	422488	218	Shinagava|Shinagawa City
P	Al Ḩasakah	Al Hasakah	SY		36.50	40.75	422445	170	Al-Chasaka|Al-Hasaka|Al-Hasakeh|Ehl'-Khasaka|El Haseke|Hasaka|Hasakah|Hasakeh|Haseke|Hasijih|Hassake|Hassetche|Hasskih|Heseke|Hesice|Khasaka|Khaseke
P	Luxor		EG		25.70	32.64	422407	12	Al Uqsur|El Aqsur|El Kusur|El Qusur|El Uqsor|El-Aksur|El-Uksur|Louksor|Louxor|Loxor|Lucsar|Luksor|Luksor shaary|Luksora|Luksoras|Luksoro|Luqsor|Luxor- alaqsr
P	London		CA		42.98	-81.23	422324	148	Landona|Londonas|Londono
P	Awasa		ET		7.06	38.48	422200	2	Avase|Awassa|Hawaasa|Hawassa
P	Chimoio		MZ		-19.12	33.48	422046	36	Chimojo|Chimoyo|Shimojo|Simojas|Vila Pery
P	Tando Allahyar		PK		25.46	68.72	421923	185	Tando Alahyar|Tando-Allakhujar
P	Daloa		CI		6.88	-6.45	421871	0	
P	Barra da Tijuca		BR		-23.00	-43.37	421438	139	Bara Da Tizhuka|Bara de Tizuka|Bara nta Tizouka|Barra|Kiki
P	Dingxi		CN		35.57	104.62	420614	211	An'din|An-ting|Dingxi Shi|Dinsi|Ting-an|Ting-hsi|Ting-hsi-hsien
P	Bamenda		CM		5.96	10.15	420445	18	Bamendy
P	Tver		RU		56.86	35.90	420065	275	Cver|Kalinin|Tueria|Tvera|Tvere|Tverj|Twer
P	Thái Nguyên	Thai Nguyen	VN		21.59	105.85	420000	163	Taj-Nguen|Thanh Pho Thai Nguyen|Tkhaj Nguen
P	Boa Vista		BR		2.82	-60.67	419652	71	Boa Vista do Rio Branco|Boavishta
P	Rio Branco		BR		-9.97	-67.81	419452	135	Penapolis|Rio Bran'ko|Rio Brankas|Rio-Branku|Riu Branco|Riu-Branku
P	Oakland		US		37.80	-122.27	419267	107	Oakland i California|Okland|Oklandas|Oklend|Oklenda|Oouklant|Oukland|Ouklend|Quercupolis
P	Christchurch		NZ		-43.53	172.63	419200	312	Christopolis|Cristcirice|Kraistcerca|Kraistcercas|Kraisttserts|Krajstchehrch|Krajstcherch|Krajstchjorch|Krajstchurch|Krayscoerc|Kraystcherch|Kristkirko|Otautahi
P	Korba		IN		22.35	82.70	419146	187	
P	Takamatsu		JP		34.33	134.05	418994	218	Takamacu|Takamatsu-shi|Takamatu|Takamatu-chhi
P	Kowloon City		HK		22.33	114.19	418732	178	Chiu-lung-ku-ch'eng|Jiulongcheng|Kau Lung Sheng|Kovlun|Kowloon
P	Santos		BR		-23.96	-46.33	418608	139	Baixada Santista|Santosas|Santus|Santus khot|Santusa|Urbs Sanctorum
P	Tirana		AL		41.33	19.82	418495	291	Terana|Theranda|Tiorana|Tiran|Tiran khot|Tiranae|Tirane|Tirano|Trnava|Tyrana|Tyranna
P	Petrolina		BR		-9.40	-40.50	418444	133	
P	Mauá	Maua	BR		-23.67	-46.46	418261	139	
P	San Juan		PR		18.47	-66.11	418140	131	Caparra|Ciudad de Puerto Rico|Portorico|Prico|Puerto Rico|Saint Iuan|Saint John de Porto Rico|Sainte Jean de Porto-rico|San Chouan|San Chuanas|San Huan|San Ian de Porto Rico|San Ioanni|San Jean de Portorico|San Juan Batista de Puerto Rico|San Juan Bautistade de Puerto Rico|San Juan de Puerto Rico|San Khuan|San Xoan|San Xuan|San-Juano|Sanhuana|The City of Saint John|Ville de Porto-Rico|Ville de Sainte Jean de Porto Rico
P	Alor Setar		MY		6.12	100.36	417800	189	Alor Setaras|Alor Star|Alostar|Alur Setar|Kota Setar|Loqstaq|Saiburu|Thai|Yaluo Shida
P	Tongchuan		CN		34.90	108.95	417740	211	Tongchuan Shi|Tunchuan'
P	Pasay		PH		14.54	121.00	416522	194	Pasaj|Pasay City
P	Nuevo Laredo		MX		27.48	-99.52	416055	114	Novo Laredo|Novum Laredum|Nuehvo-Laredo|Nuevo Laredas|Opstina Nuevo Laredo
P	Toyama		JP		36.70	137.22	415844	218	Tojama|Toyama-shi
P	Tétouan	Tetouan	MA		35.58	-5.37	415810	13	Tehtuan|Tetuan|Tetuanas|Tetuano|Tetuao
P	Zürich	Zuerich	CH		47.37	8.55	415367	300	Cirihe|Cirikh|Ciurichas|Cjurikh|Cjurikh khot|Cjurykh|Cuerih|Curych|Lungsod ng Zuerich|Su-la-sie|Suerix|Syurix|Tsuerix|Tsurique|Turicum|Turitg|Zeurich|Zirich|Zirik|Zuerigh|Zuerih|Zuric|Zurich|Zuricu|Zurigh|Zurigo|Zuriko|Zurique|Zurych|Zyriche|Zyrihu
P	Beylikdüzü	Beylikduezue	TR		40.98	28.64	415290	261	Bejlikdjuzju|Beylikduzu
P	Việt Trì	Viet Tri	VN		21.32	105.40	415280	163	V'et Tri|Vietri
P	Azcapotzalco		MX		19.49	-99.19	414711	117	Atzapotzalco|Atzcapotzalco|Azkapotzalko
P	Tampa		US		27.95	-82.46	414547	123	Tampo
P	Bunamwaya		UG		0.25	32.56	413400	25	Bunamuaja
P	Magnitogorsk		RU		53.40	59.01	413351	226	Magnetogorsk|Magnitagorsk|Magnitogorska|Magnitogorskas|Manknitonkorsk
P	Tulsa		US		36.15	-95.99	413066	79	Tlsa|Talsa
P	Jhānsi	Jhansi	IN		25.46	78.58	412927	187	Dzhkhansi
P	Tseung Kwan O		HK		22.33	114.25	412900	178	Ceung Kvan O|Chan ji|Cheung Kwan|Cheung Kwan O
P	Ciudad Bolívar	Ciudad Bolivar	VE		8.12	-63.55	412619	76	Angostura|Bolivar|Bolivar llaqta|S'judad-Balivar|S'judad-Bolivar|Siudad Bolivar|Siudad Bolivaras|Syudad Bolivar|Ziuda Bolivar
P	Kampung Kangkar Teberau		MY		1.53	103.75	412373	189	Kangkai Tebrau|Kangkar Teberau|Tbrau|Teberau|Tebrau
P	Koumassi		CI		5.30	-3.97	412282	0	Kumassi
P	San Nicolás de los Garza	San Nicolas de los Garza	MX		25.74	-100.30	412199	119	San Nicolas de los Garsas|San Nicolas de los Garzas|San Nikolas de los Garsa|San Nikolas de los Garza
P	Guyuan		CN		36.01	106.28	411854	211	Gujuan'|Ku-yuan|Ku-yuan-hsien
P	Minneapolis		US		44.98	-93.26	410939	79	City of Minneapolis|Gakaabikaang|Min-ni-a-po-li-su|Mineapalis|Mineapoli|Mineapolis|Mineapolisa|Minyapolis
P	Jayapura		ID		-2.53	140.72	410852	181	Djajapoera|Djajapura|Dzajapura|Dzhajapura|Hollandia|Kota Jayapura|Kotabaru|Noordwijk|Port Numbay|Port-Numbaj|Sukarnapura|Sukarnopura
P	Thoothukudi		IN		8.77	78.13	410760	187	Thoothukkudi|Tuticorin|Tutikorin|Tutukudi
P	Ardabīl	Ardabil	IR		38.25	48.29	410753	216	Ardabel|Ardebil|Artawil|Erdebil|Ertepil
P	Ballari		IN		15.14	76.92	410445	187	Belari|Belaris|Bellari|Bellary
P	Chaoyang		CN		41.57	120.46	410005	211	Ch'ao-yang-chen|Ch'ao-yang-hsien|Ch'ao-yang-shih|Chaiyang|Chaojan|San-tso-t'a
P	Gaza		PS		31.50	34.47	410000	175	Azzah|Dakbayan sa Gaza|Gaaza|Gaesa|Gasa|Gaz|Gaza City|Gaza by|Gaza-urbo|Gazae|Gazza|Gazze|Ghazah|Ghazza|Ghazzah|Ghazze|Ghazzi|Ghuzze|Xeze
P	Maringá	Maringa	BR		-23.43	-51.94	409657	139	
P	Yokosuka		JP		35.28	139.67	409478	218	Iakosuka|Jokosuka|Yokosuka-chhi
P	Kom Ombo		EG		24.48	32.95	409311	12	Kawm Ombo|Kawm Umbu|Kum Ombu|Omboi|Ombos
P	Nagasaki		JP		32.75	129.88	409118	218	Nagasacium|Nagasaki-shi|Nagasakis|Nagasako|Nagaszaki|Nangasaque
P	Gujangbagh		CN		37.11	79.93	408894	221	Chotan|Ciudad de Jotan|Gujiangbage|Hetian|Hetianshi Gujiang Bage Jiedao|Ho-t'ien|Ho-t'ien-chen|Ho-tien-hsien|Hotan|Hotanas|Hoten|Khotan|Xotan|Xoten
P	Tonalá	Tonala	MX		20.62	-103.24	408759	117	Opstina Tonala|Tonallan
P	Zhijiang		CN		30.42	111.75	408487	211	Chih-chiang|Chikiang|Chzhiczjan|Ma-chia-tien|Majiadian
P	Panama City		PA		8.99	-79.52	408168	125	Ciudad de Panama|Ciutat de Panama|Panama|Panama Hiria|Panama by|Panama-Stadt|Panama-Urbo|Panama-stad|Panamurbo|Pole tou Panama|Ziuda de Panama
P	Uvira		CD		-3.40	29.14	407092	33	Uvinza
P	Hirakata		JP		34.81	135.65	406331	218	Khirakata
P	Ivanovo		RU		57.00	40.97	406113	275	Ivanava|Ivanov|Ivanova|Ivanovas|Ivanovo shaary|Ivanovo-Voznesensk|Iwanowo
P	Cumaná	Cumana	VE		10.46	-64.18	405626	76	Kumana
P	Newcastle		ZA		-27.76	29.93	404838	23	N'jukasl
P	Gumi		KR		36.11	128.34	404691	210	Gumi-si|Kibi|Kumi|Kwimi
P	Brno		CZ		49.20	16.61	404296	279	Berno|Brno osh|Bruenn|Bruna|Brunn|Burno|Mprno
P	Jixi		CN		45.29	130.96	403759	211	Chi-hsi|Chi-hsi-shih|Chi-ning|Chi-ning-chieh|Czisi|Dzisi|Gie-sa|Jixi Shi|Ke Tay|Ke-se-chhi|Kisi|Ti-si
P	Diadema		BR		-23.69	-46.62	403579	139	
P	Kuching		MY		1.55	110.33	402738	190	Kucingas
P	Gifu		JP		35.42	136.76	402557	218	Gifu City|Gifu-shi|Gihu
P	Caruaru		BR		-8.28	-35.98	402290	133	Karuaru
P	Tongling		CN		30.95	117.78	402062	211	T'ung-ling|T'ung-ling-hsien|Tunlin|Wusong|Yuan-hsien-ch'eng
P	Tarlac City		PH		15.48	120.60	401892	194	Tarlac|Tarlak
P	Toyonaka		JP		34.78	135.47	401558	218	Tojonaka
P	Kassala		SD		15.45	36.40	401477	26	Cassala|Kasala|Kassale|Kaszala|Statul Kassala
P	Miyazaki		JP		31.92	131.42	401339	218	Mijadzaki|Miyazaki-shi
P	Lekki		NG		6.45	3.48	401272	29	Lekki Peninsula
P	Antofagasta		CL		-23.65	-70.40	401096	137	Antafagasta|Antofagast|Antofagasto|Antofaqasta|Antuofagasta
P	Bhāgalpur	Bhagalpur	IN		25.24	86.97	400146	187	Bkhagalpur
P	Agartala		IN		23.84	91.28	400004	187	Agratala|Ajarthala|Ankartala|Aqartala
P	Bida		NG		9.08	6.01	400000	29	
P	Bunia		CD		1.56	30.25	399282	33	Bunija|Bunya
P	Antakya		TR		36.21	36.16	399045	261	Antak'ja|Antakija|Antakiya|Antakiyah|Antakiyyah|Antioch|Antioche|Antiocheia|Antiochia|Antiochia am Orontes|Antiochia di Siria|Antiochia vid Orontes|Antiochie|Antiohija|Antiokheia|Antiokhija|Antiokia|Antioquia|Hatay|Teopolis
P	Quận Mười	Quan Muoi	VN		10.77	106.67	399000	177	Kuan Muoi
P	Sunshine Coast		AU		-26.66	153.08	398840	238	Costa de Sunshine|Costa do Sunshine|Cote du Soleil|Poberezh'e Solnechnogo berega|Sokhili Oftob
P	Kisumu		KE		-0.10	34.76	397957	41	Kisumo|Lady Whitehouse|Port Florence|Winam
P	Luhansk		UA		48.57	39.31	397677	265	Loehansk|Louchansk|Louhansk|Lugan'sk|Luganskaj|Luhanska|Luhanskas|Luhansko|Luhanszk|Lukhansk|Luqansk|Voroshilovgrad|Woroschilowgrad
P	Bengkulu		ID		-3.80	102.27	397321	180	Bangkahulu|Bengkoeloe|Benkoelen|Benkulen|Benkulu|Kota Bengkulu|Kutha Bengkulu
P	Barinas		VE		8.62	-70.23	397279	76	Barina|Barinas llaqta|Barinasas|Ijoloti Barinas
P	Hancheng		CN		35.46	110.43	397020	211	Han-ch'eng-hsien|Khan'chehn|Khanchen
P	Vitória da Conquista	Vitoria da Conquista	BR		-14.87	-40.84	396613	67	Conquista|Vitorija da Konkista
P	Wichita		US		37.69	-97.34	396119	79	Camp Beecher|Camp Davidson|Doo-Dah|Ouitsita|Uichita|Uichito|Uichyta|Vichita|Vicita|Vicito
P	Al Hoceïma	Al Hoceima	MA		35.25	-3.94	395644	13	Al Huceima|Al Husaymat|Al-Husajma|Alhacemas|Alhucemas|Ehl'-Khosejma|Villa Alhucemas|Villa Sanjurjo
P	Szczecin		PL		53.43	14.55	395513	298	Estetino|Estettin|Scecin|Scecina|Scecinas|Scetsin|Shchechin|Shchekin|Shchetsin|Shhechin|Shhecin|Stetin|Stettin|Stettino|Stettinum|Stsetsin|Szczetno|Sztetin
P	Delmas		HT		18.54	-72.30	395260	128	Delma
P	Liaozhong		CN		41.51	122.72	395017	211	A-shih-niu-lu|A-ssu-niu|A-ssu-niu-lu|Chiu-liao-chung|Liao-chung|Liao-chung-chen|Liao-chung-hsien|Ljaochzhun|Lyaochzhun
P	Vila Velha		BR		-20.33	-40.29	394930	139	Vila Vela|Vila Velja
P	Bologna		IT		44.49	11.34	394843	281	Baljon'ja|Bologne|Bolon'ja|Bolona|Bolonha|Bolonia|Bolonija|Bolonjo|Bolonya|Bononia|Bulaggna|Bulogna
P	Sejong		KR		36.59	127.29	394630	210	Sedzong|Sejong Special Self-Governing City|Sezhon|Yeongi
P	Cazenga		AO		-8.84	13.28	394170	32	Kazenga
P	Samsun		TR		41.28	36.34	394050	261	Amisos|Amisus|Djanik|Janik|Sampsounta|Sams|Samsoun|Samsuna|Samsunas
P	Tallinn		EE		59.44	24.75	394024	290	Castrum Danorum|Kallinn|Kolyvan|Lindanaes|Raeaeveli|Reval|Revel|Taillinn|Talin|Talinas|Talini|Talino|Talins|Tallidn|Tallin|Tallin osh|Tallina|Tallinna|Tallinna linn
P	Tanga		TZ		-5.07	39.10	393429	16	Longa|Tan'nka
P	El Obeid		SD		13.18	30.22	393311	26	Al Obayyid|Al Ubayd|Al Ubayyid|Ehl'-Obejd|El Ubeiyad
P	Lobito		AO		-12.36	13.54	393079	32	Labitu|Llobin|Lobita|Lobitas|Lobitu|Lompito|Lubitu
P	Saurimo		AO		-9.66	20.39	393000	32	Henrique de Carvalho|Saurimu|Vila Henrique de Carvalho
P	Bauru		BR		-22.31	-49.06	392947	139	Yvauru
P	Bello		CO		6.34	-75.56	392939	72	Begio|Bejo|Bel'o|Beljas|Bella
P	Pasto		CO		1.21	-77.28	392930	72	Pastas|San Juan de Pasto
P	Gaomi		CN		36.38	119.75	391986	211	Kao-mi|Kao-mi-hsien
P	Santa Fe		AR		-31.65	-60.71	391164	57	Ciudad de Santa Fe|Santa Fe de la Vera Cruz
P	San-Pédro	San-Pedro	CI		4.75	-6.64	390654	0	San Pedras
P	Makurdi		NG		7.73	8.52	390000	29	Makurdu
P	Palu		ID		-0.91	119.87	389959	193	Kabupaten Poso|Kota Palu|Pal|Paloe
P	Takoradi		GH		4.90	-1.76	389114	1	Takoradze
P	Samut Prakan		TH		13.60	100.60	388920	163	Ban Pak Nam|Mueang Samut Prakan|Paakunamu|Pakham|Paknam|Samudh Prakarn|Samut|Samutpraken|Smutprakan
P	Arlington		US	TX	32.74	-97.11	388125	79	Arlin'nkton|Arlingtn|Arlingtan|Arlingtona|Arlingtonas|Arlinqton
P	Khamis Mushait		SA		18.30	42.73	387553	207	Chamis Musaitas|Chamis Muschait|Chamis Muszajt|Hamis Musajt|Hamis Musayt|Khamis Mushayt|Khamis-Mushajt
P	Ambato		EC		-1.25	-78.62	387309	96	Ambata|Ambatas|Ampatu llaqta|San Juan de Ambato
P	Carapicuíba	Carapicuiba	BR		-23.52	-46.84	386984	139	Karapikuiba
P	Ojo de Agua		MX		19.68	-99.01	386290	117	Okho De Agua
P	Windhoek		NA		-22.56	17.08	386219	50	Gouintchouk|Vindguk|Vindhuk|Vindhuka|Vindhukas|Vindhuko|Vindkhuk|Vinduque|Vindxuk|Vintchouk|Windhuk|Windoek|Wynhoeke
P	Abomey-Calavi		BJ		6.45	2.36	385755	46	Abome Calavi|Abomei Kalavi|Abomei Kalavis|Abomej-Kalavi|Kalavi
P	Bochum		DE		51.48	7.22	385729	249	Baukem|Bochoum|Bochumas|Bohuma|Bokhem|Bokhum
P	Suita		JP		34.76	135.52	385567	218	Suika|Suita-chhi|Sujta
P	Chak Jhumra		PK		31.57	73.18	385169	185	Chak Jumra|Jhumra|Kkhak Dzhkhumra
P	Kahramanmaraş	Kahramanmaras	TR		37.58	36.93	384953	261	Caesarea Germanicia|Germanicea Marqasi|Gurgum|Kachramanmaras|Kachramanmarasas|Kahromanmaros|Kakhramanmarash|Kuag'ramanmarash|Maraache|Marache|Maraix|Maras|Marasch|Marash|Marasion|Meres
P	Chongzuo		CN		22.38	107.37	384905	211	Chunzuo
P	Okazaki		JP		34.95	137.17	384654	218	Aichi|Okadzaki|Okasaki|Okazaki-chhi
P	Xico		MX		19.27	-98.95	384327	117	Khiko|San Miguel Xico|San Miguel Xico Viejo
P	Iztacalco		MX		19.40	-99.10	384326	117	Delegacion de Ixtacalco|Ixtacalco|Iztakalko
P	Kākināda	Kakinada	IN		16.96	82.24	384182	187	Cocanada|Coconada|East Godavari|Godavari
P	Betim		BR		-19.97	-44.20	384000	139	Betin
P	Las Palmas de Gran Canaria		ES		28.10	-15.42	383516	229	Kanaria Handiko Las Palmas|Las Palmas|Las Palmas de G.C.|Las Palmas de Gran Kanaria|Las-Pal'mas-de-Gran-Kanarija|Laspalmasa|Laspalmaso|Les Palmes de Gran Canaria|Palmas|Palmas de Gran Canaria
P	Cotabato		PH		7.22	124.25	383383	194	Catabate|Catabato|Cotabato City|Cottabato|Dakbayan sa Cotabato|Kota-Bato
P	Bawshar		OM		23.58	58.40	383257	195	Baushar
P	Latur		IN		18.40	76.57	382940	187	
P	Tanzhou		CN		22.26	113.47	382445	211	Tanzhou Zhen
P	Wellington		NZ		-41.29	174.78	381900	312	Hie-ling-dong|Ouellin'nkton|Ouellinkton|Te Whanga-nui-a-Tara|Ueligitone|Uelingtun|Velingtan|Velington|Velingtona|Velingtonas|Velingtono|Vellington|Vellingtonia|Vellinqton|Welinton|Wellinton|Weolingtun|Whanga-nui-a-Tara
P	Mazatlán	Mazatlan	MX		23.22	-106.42	381583	115	Ciudad Mazatlan|Macatlan|Masatlan|Masatlanas
P	Nizhny Tagil		RU		57.92	59.97	381116	226	Nizhne-Tagil'skiy|Nizhni Tagil|Nizhnii Tagil|Nizhnij Tagil|Nizhniy Tagil|Nizjnij Tagil|Niznji Tagil
P	Irapuato		MX		20.67	-101.36	380941	117	Irapuatas|Iraputa
P	Ichinomiya		JP		35.30	136.80	380073	218	Ichinomija|Itinomija|Itinomiya|Itinomiya-chhi|Owari-ichinomiya
P	Aswān	Aswan	EG		24.09	32.90	379774	12	Assouan|Assuan|Assuao|Asszuan|Asuan|Asuanas|Asuano|Asvan|Es-Suan|Eswan|Syena|Syene|Syeue
P	Iaşi	Iasi	RO		47.17	27.60	378954	252	Copou|Copou-Targ|Eas|Galata|Iasio|Iassium|Ilasi|Jas|Jasai|Jash|Jasi|Jassenmarkt|Jassi|Jassy|Jasy|Jaszvasar|Munteni|Pacurari|Pacuret|Podgoria|Socol|Socola|Yas|Yashi|Yasi|Yassi|Yassy
P	Krugersdorp		ZA		-26.09	27.78	378821	23	Krjugersdorp|Krjugersdorpa|Krugersdorpas
P	Pānihāti	Panihati	IN		22.69	88.37	378705	187	Panikhati
P	Shibganj		BD		25.00	89.32	378701	171	Shibgandzh|Sibganj
P	Caucaia		BR		-3.74	-38.65	378406	90	Kaukaia|Soure
P	Iquitos		PE		-3.75	-73.25	377609	106	Ikitas|Ikitos|Ikitosas|Ikitus|Iquitum
P	Toyohashi		JP		34.77	137.38	377453	218	Toekhasi|Tojohashi|Tojokhashi|Tojokhasi|Toyohashi-shi|Toyohasi|Toyohasi-chhi|Toyohasyi
P	Hechuan		CN		29.99	106.26	377213	211	Heyang|Ho-ch'uan|Ho-ch'uan-hsien|Ho-ch'uan-shih|Ho-chou|Hochow|Hochwan|Hochwan-hsien|Khehchuan'
P	Pétionville	Petionville	HT		18.51	-72.29	376834	128	Petyon-Vil|Ville de Petion-Ville
P	Utrecht		NL		52.09	5.12	376435	244	Gemeente Utrecht|Magaalada Utrecht|Outrechte|Owtrext|Traiectum ad Rhenum|Utert|Utrech|Utrechtas|Utrehkht|Utreht|Utrehta|Utrehto|Utrei|Utrekht|Utrekht khot|Utreque|Utrext
P	Rajamahendravaram		IN		17.01	81.78	376333	187	Radzhamandri|Rajahmondry|Rajahmundri|Rajahmundry|Rajamahendri|Rajamandri
P	Cariacica		BR		-20.26	-40.42	376200	139	Kariakika
P	Yogyakarta		ID		-7.80	110.36	375699	180	DI Yogyakarta|Daerah Istimewa Yogyakarta|Djogjakarta|Djokja|Djokjakarta|Dzhodzhakarta|Dzhok'jakarta|Dzogdzakarta|Dzogjakarta|Gionkiakarta|Jogjakarta|Jogjakarto|Jogyakarta|Jokjakarta|Jokyakarta|Kota Yogyakarta|Kuta Yogyakarta|Kutha Ngayogyakarta|Special Region of Yogyakarta
P	Dhule		IN		20.90	74.78	375559	187	Dhulia|Dkhule|Dule
P	Yanzhou		CN		35.55	116.83	375500	211	Ch'ie-fou|Jan'chzhou|Tzeyang|Tzu-yang|Tzu-yang-ch'eng|Tzu-yang-hsien|Yen-chou|Yenchow|Yenchow-fu|Yenzhou
P	Minato		JP		34.22	135.15	375339	218	Shimminatocho|Shinkomachi
P	Puchong		MY		3.00	101.62	375181	189	Puchong New Village
P	Ondo		NG		7.09	4.84	375000	29	
P	Pingyin		CN		36.28	116.45	374900	211	P'ing-yin-hsien|Pinuin'
P	Rohtak		IN		28.89	76.59	374292	187	Rokhtak
P	Bhawana		PK		31.57	72.65	373841	185	Banava|Bawana|Bchavana|Bhanawa|Bhavana|Bhowana|Bkhavana
P	Rustenburg		ZA		-25.67	27.24	373695	23	Restenberha|Rjustenburg|Rustemburg|Rustemburgo|Rustenburgas
P	Bakersfield		US		35.37	-119.02	373640	107	Alkali City|Beikersfilda|Beikersfildas|Beikersfilnt|Bejkersfild|Bejkursfijld|Beykersfild|Kern Island
P	Xuanhua		CN		40.61	115.06	373422	211	Ch'ang-chia-k'ou-shih|Hsuan-hua|Hsuan-hua-ch'eng|Hsuan-hua-hsien|Hsuan-hua-shih|Suan'khua|Suanhwa|Zhangjiakou Shi Xuanhua Qu
P	Emalahleni		ZA		-25.87	29.23	373403	23	Ehmalakhleni|Vitbank|Vitbankas|Witbank
P	Bafoussam		CM		5.48	10.42	373268	18	Bafousam|Bafusam|Bafusama|Bafusamas|Bafussam|Bafussama|Befoussam
P	Thủ Dầu Một	Thu Dau Mot	VN		10.98	106.65	373105	177	Phu Cuong|Thu Dau Mot City|Tkhu Dau Mot|Tkhuzaumot
P	Takasaki		JP		36.33	139.02	372973	218	Takasaki-chhi
P	Seremban		MY		2.73	101.94	372917	189	Cirampan|Fu-yung-su|Serehmban|Shuang Xi Wu Rong|Soghomban|Sungai Ujong
P	Miguel Hidalgo		MX		19.43	-99.20	372889	117	Delegacion Miguel Hidalgo|Migel Khidalgo
P	Nagano		JP		36.65	138.18	372760	218	Nagano-shi
P	Tawau		MY		4.24	117.89	372615	190	Tavau|Tawao
P	Cardiff		GB		51.48	-3.18	372089	268	Caerdydd|Cairdiff|Cardiffa|Cayr Deeth|Kadif|Kardif|Kardifa|Kardifas|Kardiff|Kardip|Kardydh|Kardyf|Karntif|Kerdiz
P	Dachang		CN		31.31	121.42	371856	211	Dachan|Ta-ch'ang|Ta-ch'ang-chen
P	Đống Đa	GJong GJa	VN		21.01	105.83	371606	163	Dong Da
P	Chitungwiza		ZW		-18.01	31.08	371246	22	Chitungviza|Chytungviza|Citungviza
P	Fenghuang		CN		27.94	109.60	370000	211	Fenkhuan'
P	Puerto La Cruz		VE		10.21	-64.63	370000	76	Puehrto La Kruz|Puehrto-la-Krus|Puerto Cruz|Puerto La Krus|Puerto de La Cruz|Puerto la Krusas
P	Umuahia		NG		5.52	7.49	370000	29	Umuahia-Ibeku|Umuakhia|Umuakhija
P	Uşak	Usak	TR		38.67	29.41	369433	261	Flaviopolis|Ouchak|Ousak|Temenothyrae|Usakas|Uschak|Usha|Ushak|Ushaq
P	Bharatpur		NP		27.68	84.44	369377	186	Baratpura|Baratpuras|Bcharatpour|Bkharatpur
P	Itaquaquecetuba		BR		-23.49	-46.35	369275	139	Itakakeketuba|Itaquaquicetuba
P	Natore		BD		24.41	88.99	369138	171	Nator
P	6th of October City		EG		29.82	31.05	368650	12	Madinat Sittah Uktubar
P	Leicester		GB		52.64	-1.13	368600	268	Caerlyr|Lecestro|Leicestria|Leiscester|Lestehr|Lester|Lestera|Lesteris|Lestur|Leysester
P	Cascavel		BR		-24.96	-53.46	368195	139	Kaskavel|Kaskavelas|Krotalias|Naer-ourouler|Serpentes tintinnabulati|Ular derik
P	Canberra		AU		-35.28	149.13	367752	243	Camberra|Canberrah|Kamberra|Kambra|Kampera|Kanapera|Kanbera|Kanbero|Kanberr|Kanberra|Kanberrae|Kanberre|Kham-phi-la
P	Avellaneda		AR		-34.66	-58.37	367554	55	Avel'janeda|Avelaneda
P	Praia Grande		BR		-24.01	-46.40	367400	139	Praja Grande|Praja-Grandi|Prajja-Grandi
P	Nara-shi		JP		34.69	135.80	367353	218	Nara
P	Florence		IT		43.78	11.25	367150	281	Fflorens|Firenca|Firence|Firense|Firenz|Firenze|Firenzi|Flarehncyja|Florans|Floransa|Florenc|Florenca|Florenceje|Florenci|Florencia|Florencie|Florencij|Florencija|Florencja|Florenco|Florens|Florensa|Florensiya|Florensya|Florenta|Florentia|Florentzia|Florenz|Lungsod ng Florencia|Sciorenza
P	Ahilyanagar		IN		19.09	74.74	367140	187	Ahmednagar|Akhmednagar
P	Kollam		IN		8.88	76.58	367107	187	Coilum|Coulao|Desinganadu|Kolam|Kolamo|Kullamalai|Kvilon|Quilon
P	Huanggang		CN	12	30.45	114.87	366769	211	Chuang-kang|Hoang Cuong|Huanggang Shi|Hwang Chau|Hwang Chow|Khuangan|Khuangang|Ng-kng-chhi|Uong-gong|Wangchau|Wangchou
P	Bradford		GB		53.79	-1.75	366187	268	Bradanford|Bradfordas|Brantfornt|Bredford|Bredforda|Brehdfard|Brehdford
P	Sukabumi		ID		-6.92	106.93	365735	180	Kota Sukabumi|Kutha Sukabumi|Soekaboemi
P	Bilāspur	Bilaspur	IN		22.08	82.16	365579	187	Bilaspura
P	Malabon		PH		14.67	120.94	365525	194	Tanong
P	Franca		BR		-20.54	-47.40	365494	139	Franka|Franko
P	Cleveland		US		41.50	-81.70	365379	123	Cleaveland|Forest City|Klevalehnd|Kliulend|Klivelant|Klivland|Klivlandas|Klivlando|Klivlend|Klivlenda
P	Iseyin		NG		7.97	3.60	365300	29	Isejin
P	Etobicoke		CA		43.64	-79.57	365000	148	Etobikoke
P	Gboko		NG		7.32	9.00	365000	29	
P	Yenagoa		NG		4.93	6.27	365000	29	Jenagoa|Yenaqoa|Yenegoa
P	Samba		AO		-8.88	13.20	364986	32	Szamba
P	Olinda		BR		-8.01	-34.86	364717	133	
P	Pyeongtaek		KR		36.99	127.09	364694	210	Heitaku|Heitaku-ri|P'yongt'aek|P'yongt'aeng-ni|Peongtaek|Phyeng-thaik|Pyeongtaeg|Pyeongtaek-si|Pyongtak
P	Petare		VE		10.48	-66.81	364684	76	
P	Bến Cát	Ben Cat	VN		11.15	106.60	364578	177	Ben Kat
P	Anqiu		CN		36.43	119.19	364208	211	An-ch'iu|An-ch'iu-hsien|An-kiu|Anciu|Ankiuhsien
P	Alanya		TR		36.54	32.00	364180	261	Alaia|Alaiye|Alan'ja|Alanija|Alaya|Coracesium
P	Larkana		PK		27.56	68.21	364033	185	Larkane
P	Al Qadarif		SD		14.03	35.38	363945	26	Al Kadarif|Ehl'-Kadarif|El Gedaref|El Kadarif|El-Gadarif|Gadaref|Gadarif|Gedaref
P	Hrodna		BY		53.68	23.83	363718	273	Gardinas|Garodnja|Goradnia|Grodna|Grodno
P	Cibinong		ID		-6.48	106.85	363424	180	Chibinong|Chibinung|Sibinonge|Tjibinong
P	Nawabshah		PK		26.24	68.40	363138	185	Navabshakh
P	New Orleans		US		29.95	-90.08	362701	79	Bagong Orleans|Big Easy|Cene Orlean|Crescent City|La Nouvelle-Orleans|N'ju-Orlean|N'ju-Orleans|Naujasis Orleanas|Nawlins|Nea Orleani|Neu Orleans|Neuva Orleans|Nieuw Orleans|Nju Orliuns|Nog Orlean|Nor Orlean|Nouvelle Orleans|Nov-Orleano|Nov-Orleans|Nova Aurelia|Nova Orleaes|Nova Orleans|Novij Orlean|Novy Arlean|Novyj Orlean|Nowy Orlean|Nowy Uorlean|Nueva Orleans|Nuoba Orleanes|Nuorleana|Nyu-Orlean|Orleans Parish|The Big Easy|U Orlean|Uz Orlean|Yancuic Orleans|Yengi Orlean
P	Keelung		TW		25.13	121.74	362487	213	Chi-lung|Chi-lung-shih|Co Long|Czilun|Gie-leng|Jilong|Jilongshi|Jilongshih|Ke-lang-chhi|Ki-lung-su|Kota Keelung|Shi-lun|Ti-lung
P	Malmö	Malmoe	SE		55.61	13.00	362133	289	Mal'mjo|Malm'o|Malme|Malmey|Malmogia
P	Jizhou		CN		37.55	115.57	362013	211	Chi|Chi-chou|Chi-hsien|Chi-hsien-ch'eng-kuan|Czichzhou|Jixian|Kichownan|Kihsien
P	Manukau City		NZ		-36.99	174.88	362000	312	Manukau
P	Maradi		NE		13.50	7.10	361702	43	Maradis
P	Burewala		PK		30.17	72.65	361664	185	Bur'juala
P	Ataşehir	Atasehir	TR		40.98	29.12	361615	261	Atasekhijr
P	Blumenau		BR		-26.92	-49.07	361261	139	
P	Nanqiao		CN		30.92	121.45	361185	211	Feng-hsien|Feng-hsien-ch'eng|Feng-hsien-hsien|Fengsien|Fengxian|Nan-ch'iao|Nan-ch'iao-chen|Nanciao|Nankiao
P	Mingora		PK		34.78	72.36	361112	185	Min'nkaora|Mingaora|Minqora
P	Santarém	Santarem	BR		-2.44	-54.71	360871	136	Santarem i Brasil|Santaren|Santarenas
P	Wuppertal		DE		51.26	7.15	360797	249	Boupertal|Vupertal|Vupertale|Vupertalis|Vuppertal|Wupperdaal
P	Ulan-Ude		RU		51.83	107.60	360278	179	Oelan-Oede|Oulan Ounte|Oulan-Oude|Ulaan-Udeh|Ulan-Udeh|Verkhne-Udinsk
P	Huocheng		CN		44.05	80.87	360000	221	Huocheng County|Khuochehn
P	Ijebu Ode		NG		6.82	3.92	360000	29	Idzhebu-Ode
P	Maseru		LS		-29.32	27.48	359753	37	Maserou|Maseruo|Mazerou
P	Bhilwara		IN		25.35	74.64	359483	187	Bkhilvara
P	Aurora		US	CO	39.73	-104.83	359407	85	Avrora|Fletcher|Orora
P	Vitebsk		BY		55.19	30.20	358927	273	Vicebsk|Vicebsko|Vicebszk|Viciebsk|Vit'b'sku|Vitebscum|Vitebska|Vitebskas|Vitepsk|Vitsebsk|Vitsemp'sk|Vitsiebsk|Vitsyebsk|Witebsk|Wizebsk
P	Sultanbeyli		TR		40.96	29.27	358201	261	Sultanbejlij
P	Taraz		KZ		42.90	71.37	358153	154	Aulie-Ata|Auliye-Ata|Dzhambul|Jambul|Talas|Taras|Taraza|Tarazas|Toraz|Zhambyl
P	Yangsan		KR		35.34	129.03	358074	210	Jangsan|Jansan|Ryosan|Ryozan
P	San Jose del Monte		PH		14.81	121.05	357828	194	Kota San Jose del Monte|Lungsod ng San Jose del Monte|San Jose del Monte City|San Jose del Monte Lakanbalen|San-Joseo de la Monto|San-Khose-del'-Monte
P	Abū al-Kahṣīb	Abu al-Kahsib	IQ		30.44	47.88	357771	160	Abu Al-Kakhsib
P	Gwangmyeong		KR		37.48	126.87	357545	210	Gvangmeong|Kwangmyong
P	Zanjan		IR		36.68	48.50	357471	216	Zandschan|Zandzan|Zendzhan|Zenjan
P	Neiva		CO		2.93	-75.28	357392	72	Nejva
P	Iwaki		JP		37.05	140.88	357309	218	Banjsingz Si|Iuaki|Ivaki|Iwaki-chhi
P	Vladimir		RU		56.14	40.40	357024	275	Blantimir|Uladzimir|Ulatimer|Vladimir khot|Vladimir shaary|Vladimira|Vladimiras|Vlagyimir|Volodimir|Volodimiria|Wladimir|Wladymir|Wlodzimierz
P	Tete		MZ		-16.16	33.59	357000	36	Vila-de-Santiago-Maior
P	Bacoor		PH		14.46	120.94	356974	194	Bacoor Lakanbalen|Bakoor|Lungsod ng Bacoor
P	Uberaba		BR		-19.75	-47.93	356781	139	
P	Wakayama		JP		34.23	135.17	356729	218	Vakajama|Wakayama-shi
P	Brahmapur		IN		19.31	84.79	356598	187	Berhampore|Berhampur|Berkhampur|Brahmapuramu|Brahmapuras|Bramapur|Ganjam
P	Fengshan		TW		22.63	120.36	356463	213	Fehnshan'|Feng-san|Feng-shan-chieh|Fengsanas|Fongshan|Fongshan District|Fung-san-khi|Kao-hsiung|Kao-hsiung-hsien|Phuong Son
P	Fatih		TR		41.02	28.94	356025	261	Fatijkh
P	Misratah		LY		32.38	15.09	355657	48	Al Misratah|Madinat Misratah|Misrata|Misrataa|Misurata
P	Cuíto	Cuito	AO		-12.38	16.93	355423	32	Bie|Bihe|Kuito|Silva Porto|Vila Salva Porto
P	Benito Juarez		MX		19.40	-99.16	355017	117	Benito-Khuares
P	Kyzylorda		KZ		44.85	65.51	354800	206	Ak-Mechet|Fort Perovskij|Fort Perovsky|Khizilorda|Kizilorda|Kizilornta|Kozolorda|Kuzulorda|Kyzylarda|Kzyl-Orda|Perovsk|Qizilo'rda|Qysylorda|Qyzylorda
P	Sinjhoro		PK		26.03	68.81	354709	185	Sinijkhoro|Sinjihoro
P	Kawagoe		JP		35.91	139.49	354571	218	Kavagoe|Kavagoeh|Kawagoe-chhi
P	Takatsuki		JP		34.85	135.62	354468	218	Takacuki|Takatuki
P	Muzaffarpur		IN		26.12	85.39	354462	187	Mouzafarpour|Muzafarpur|Muzafarpura|Muzafarpuras|Tirhoot
P	Tapachula		MX		14.91	-92.26	353706	116	Tapachula de Cordova y Ordonez|Tapachule|Tapacula
P	Lhoka		CN		29.24	91.77	353700	211	Chethang|Lkhoka|Nedong|Shannan|Zetang
P	Villahermosa		MX		17.99	-92.94	353577	116	Cualnezcaltepec|Vil'jaehrmosa|Vil'jakhermosa|Vilaermosa|Viljaermosa|Viljahermosa
P	Setapak		MY		3.21	101.73	353268	189	
P	Mahilyow		BY		53.91	30.34	352896	273	Magiljou|Maguilov|Mahileu|Mahiliou|Mahiljou|Mahiljov|Mahiljow|Mahilou|Mogil'ov|Mogilev|Mogileva|Mogilew|Mogiliavas|Mogiliovas|Mogiljov|Mogiljow|Moguilev|Mohylew
P	Bandar Abbas		IR		27.19	56.28	352173	216	Bandar Abas|Bandar-Abbasz|Bandar-Abbos|Bandar-e Abbas|Bandare Abasas|Bander Abbas|Bantar Ampas|Bendehr-Abas|Bender Abas|Bender Abbas|Bender Ebbas|Cambarao|Gombroon|Gumrun|Port Comorao
P	Ras Al Khaimah		AE		25.79	55.94	351943	173	Julfa|Khaimah|RAK City|Ra's al Khaymah|Ra's al-Chaima|Ras Al Khaimah City|Ras al Hajma|Ras al-Chajma|Ras el Khaimah|Ras el Khajma|Ras el-Kheima|Ras-al'-Khajma|Ras-ehl'-Khajma|Resue'l-Hayme
P	Cabimas		VE		10.40	-71.45	351736	76	Caramas|Kabimas|Kabimasas
P	Kendari		ID		-3.98	122.52	351085	193	Kendaris|Kota Kendari|Kutha Kendhari
P	Honolulu		US		21.31	-157.86	350964	318	Anorourou|Big Pineapple|Chonoloulou|Gana-Rura|Gana-ruru|Ganalulu|Ganaruro|Gonolulu|Hana-Rura|Hana-ruru|Honoloulou|Honolulo|Honoruru|Khonolulu|Than-hiong-san|The Big Pineapple
P	Anaheim		US		33.84	-117.91	350742	107	Anachaim|Anahaima|Anahaym|Anaheimas|Anakhajm|Campo Aleman
P	Tarsus		TR		36.92	34.89	350732	261	Antiochia ad Cydnum|Tars|Tarsas|Tarse|Tarso|Tarson|Tarsos|Tarsous|Tarsus i Mersin|Tersus
P	Al Maḩmūdīyah	Al Mahmudiyah	IQ		33.06	44.37	350000	160	Al Mahmudiya|Al Makhmudijakh|Mahmudie|Mahmudiya|Mahmudiyeh
P	Bahir Dar		ET		11.59	37.39	350000	2	Babardur Georgis|Bachr-Ntar|Bahar|Bahar Dar|Bahar Dar Ghiorghis|Baher Dar|Baherdar-Giyorgis|Bahr Dar|Bahrdar Giyergio|Bahrdar Giyorgis|Bahyr Dar|Bakhir Dar|Bakhr-Dar
P	Pengze		CN		29.90	116.55	350000	211	P'eng-tse|P'eng-tse-hsien|P'eng-tse-hsien-ch'eng|Pang-tsis Hien|Pehnczeh|Pengtsch|Pengtseh|Pengtseh-hsien
P	Punāsa	Punasa	IN		22.24	76.39	350000	187	
P	Xilinhot		CN		43.94	116.07	349953	211	Silinkhot|Xilinhaote Shi|Xiritala|Xiritala Jiedao
P	São José dos Pinhais	Sao Jose dos Pinhais	BR		-25.53	-49.21	349880	139	San-Zhoze-dus-Pin'jajs|Sao Jose dos Pinhaes|Sao Zhose dos Pinajs
P	Quelimane		MZ		-17.88	36.89	349842	36	Kelimane|Kelimaneh
P	Arkhangel’sk	Arkhangel'sk	RU		64.55	40.55	349742	275	Arcangel|Arcangelo|Archangel|Archangelsk|Arhangeljsk|Arhankeli|Arkangeli|Arxanqelsk|Novo-Kholmogory|Novyye Kholmogory
P	Muzaffarnagar		IN		29.47	77.70	349706	187	Muzafarnagar
P	Hulunbuir		CN		49.21	119.76	349400	211	Khoeloenbuir|Khulunbujr
P	Dumai		ID		1.67	101.44	349389	180	Doemai|Dumaj|Kota Dumai
P	Sikasso		ML		11.32	-5.67	349324	5	Sikasas|Sikaso
P	Sanandaj		IR		35.31	47.00	349176	216	Sanandadsch|Sanandadz|Sanandago|Sanandij|Senendec|Senendedzas|Senendedzh|Senendehdzh|Senna|Senneh|Sinandij|Sine|Sinneh
P	Chita		RU		52.04	113.49	349005	168	Cita|Tchita|Tschita|Tsita|Tsjita
P	San Pedro		PH		14.36	121.05	348968	194	
P	Alicante		ES		38.35	-0.48	348901	270	A-li-kham-thit|Akra Leuke|Alacant|Alacante|Alacanti|Alakanto|Alicant|Alikante|Alikanteh|Lucentum
P	Bimbo		CF		4.26	18.42	348802	6	Bimo
P	Kalemyo		MM		23.19	94.06	348573	225	Kalay|Kalaymyo|Kale|Kalem'o
P	Belfast		GB		54.60	-5.93	348005	268	Beal Feirste|Beeal Feirshtey|Belfast City|Belfasta|Belfastas|Belfasto|Belfastum|Belffast|Belpas|Beul-Feirste|Mpelphast
P	Long Bien		VN		21.03	105.90	347829	163	
P	Camagüey	Camagueey	CU		21.38	-77.92	347562	99	Camaguey|Kamaguehj|Kamaguej|Kamaguey|Puerto Principe
P	Bilbao		ES		43.26	-2.93	347342	270	Bil'baa|Bilbau|Bilbaum|Bilbaw|Bilbo|Bilmpao|El Bocho
P	Ambon		ID		-3.70	128.18	347288	181	Amboina|Ambon City|Ambonas|Amboyna|Ambun|Kota Ambon|Kutha Ambon
P	Brest		BY		52.11	23.72	347138	273	Beras'ce|Berestja|Brehst|Bressicia|Brest Litovsk|Brest i Kviterussland|Brest nad Bugem|Brest-Litowsk|Bresta|Brestas|Bresto|Breszt|Brzesc|Brzesc nad Bugiem|Brzesc-Litewsk|Brzesc-Litewski|Byeras'tsye
P	Ribeirão das Neves	Ribeirao das Neves	BR		-19.77	-44.09	346971	139	Neves|Nevez
P	Chifeng		CN		42.27	118.96	346654	211	Cch'-feng|Ch'ih-feng|Ch'ih-feng-chou|Ch'ih-feng-hsien|Ch'ih-feng-shih|Chhak-fung-su|Chhek-hong-chhi|Chiah-hung|Chifehn|Chifeng Shi|Ha-ta|Hongshan Qu|Tschifoeng|Ulaan Hada|Ulaankhad|Ulanhad|Wu-lan-ha-ta|Xich Phong
P	Central Coast		AU		-33.43	151.37	346596	243	Costa Central|Sentral Koast
P	Corrientes		AR		-27.47	-58.83	346334	57	Ciudad de Corrientes|Karyentehs|Korientes|Korijentes|Korjentesas|Korrientes|Taragui
P	Hŭngnam	Hungnam	KP		39.84	127.63	346082	203	Hungbong-ni|Hungdogi-dong|Hungdogil-tong|Hungdok-tong|Hungdoki-dong|Hungdong-ni|Hungnam-dong|Hungnam-ni|Hungyam|Khynnam|Konan
P	Avadi		IN		13.11	80.11	345996	187	
P	Yunlong		CN		34.25	117.25	345393	211	Junlun
P	Koshigaya		JP		35.89	139.79	345353	218	Koshigaja|Kosigaja|Kosigaya-chhi|Kosyigaya
P	Coventry		GB		52.41	-1.51	345324	268	Coventria|Koventri|Koventrija|Koventrio|Koventris|Koventry|Kovuntri
P	Belgorod		RU		50.60	36.58	345289	275	Belgarad|Belgorod shaary|Belgoroda|Belgorodas|Belgorodo|Belnkoront|Belqorod|Bielgorod|Bielogroda|Bilgorod|Bilhorod|Bilhorod-Dnistrovskyi|Bjelgorod
P	Toamasina		MG		-18.15	49.40	345107	301	Tamatave|Tuamasina
P	Logan City		AU		-27.64	153.11	345098	238	Citta di Logan|Logan
P	Ōtsu	Otsu	JP		35.00	135.87	345070	218	Ocu|Otsu-shi|Otu|Otu-chhi
P	Kosti		SD		13.16	32.66	345068	26	Costi|Kusti
P	Qitaihe		CN		45.77	131.00	345033	211	Ch'i-ho-ho|Ch'i-t'ai-ho|Citajkheh|Taihe|Taihecun
P	Doha		QA		25.29	51.53	344939	204	Ad Dawha|Ad Dawhah|Ad Doha|Ad Dowhah|Ad-Dauha|Daeuha|Dauha|Dawha|Dawhat al Qatar|Dewhe|Doh|Doho|Dokha|Dokhae|Dokho|Dooxa|Duoha|Ntocha
P	Kadapa		IN		14.48	78.82	344893	187	Cuddapah|Kurpah
P	Nakano		JP		35.70	139.67	344880	218	Kvartalo Nakano|Nakanas|Nakano City|Nakano-khu|Rajon Nakano
P	Cirebon		ID		-6.71	108.56	344851	180	Cheribon|Chirebon|Cirebon kutha|Kota Cirebon|Kutha Cirebon|Tjerebon|Tjeribon|Tjirebon
P	Turmero		VE		10.23	-67.47	344700	76	Turmeras
P	Tokorozawa		JP		35.80	139.47	344194	218	Tokorodzava|Tokorosawa|Tokorozaua|Tokorozava|Tokorozawa-chhi
P	Cabanatuan City		PH		15.49	120.97	343672	194	Cabanatuan|Ciudad ti Cabanatuan|Kabanatuan|Lakanbalen ning Cabanatuan|Lungsod ng Cabanatuan|Siudad ti Cabanatuan|Siyudad na Cabanatuan
P	Pizhou		CN		34.31	117.95	343421	211	P'ei-hsien|Peixian|Pichzhou|Yun-ho|Yun-ho-ch'e-chan|Yun-ho-chen|Yunhe
P	Dire Dawa		ET		9.59	41.87	343000	2	D'ire Daua|Daredawa|Dirdabo|Dire Daba|Dire Dewa|Dire-Daoua|Direaoua|Diredavy|Dirediua
P	Annaba		DZ		36.90	7.77	342703	3	Aanavaen|Anaba|Annaba - syaht|Bona|Bone|Hippo|Hippo Regius
P	Nice		FR		43.70	7.27	342669	277	Nica|Nicaea|Nicc|Nicca|Niccae|Nicea|Nico|Nikaia|Nis|Nisa|Nissa|Nissa Maritima|Nitza|Niza|Nizza
P	Iligan		PH		8.23	124.24	342618	194	Dakbayan sa Iligan|Iligan City|Iligan Lakanbalen|Lungsod ng Iligan
P	Soledad		CO		10.92	-74.76	342556	72	
P	Temara		MA		33.93	-6.91	342345	13	Kasba Temara
P	Paulista		BR		-7.94	-34.87	342167	133	
P	Obalende		NG		6.45	3.42	342000	29	
P	Kukatpally		IN		17.48	78.41	341709	187	Kukatpalle|Kukatpalli
P	Laixi		CN		36.86	120.53	341470	211	Lai-hsi|Laixi Shi|Lajsi|Shui-chi|Shui-kou-t'ou|Shuiji|Shuikowtow
P	Dihok		IQ		36.87	42.99	340900	160	Dahuk|Dakhuk|Dihuk|Dohuk|Duhok|Duhuk|Ntochouk
P	Kaluga		RU		54.53	36.27	340851	275	Caluga|Kaloega|Kalouga|Kalug|Kalugae|Kalugo|Kaluqa|Kalyga
P	Bắc Từ Liêm	Bac Tu Liem	VN		21.07	105.75	340605	177	Bak Tu Liem
P	Celaya		MX		20.52	-100.81	340387	117	Selaja
P	Serekunda		GM		13.44	-16.68	340000	7	Jeswang|Serrekunda
P	Kafrul		BD		23.79	90.37	339734	171	
P	Karşıyaka	Karsiyaka	TR		38.46	27.11	339624	261	Cordaleo|Cordelio|Karshijaka|Karshyjaka|Kordelio
P	Makiyivka		UA		48.05	37.93	338968	265	Dmitriyevsk|Makayevka|Makeevka|Makejevka|Makejewka|Makeyevka|Makiejewka|Makigivka|Makiivka|Makijivka|Makyeevka|Makyevka
P	Cuernavaca		MX		18.93	-99.23	338650	117	Cuauhnahuac|Kuehrnavaka|Kuernavaka
P	Markham		CA		43.87	-79.27	338503	148	Markam|Markem|Markhamo|Markum
P	São Vicente	Sao Vicente	BR		-23.96	-46.39	338326	139	San Visente|San-Visenti|Sao Visente|Sao Visenti
P	Kaesŏng	Kaesong	KP		37.97	126.55	338155	203	Gaeseong|Kai-seng|Kaijo|Kaisong|Kaizyo|Kehson|Kesongas|Shoto|Songdo
P	Tungi		BD		23.89	90.40	337579	171	Tangi|Tongi
P	Randburg		ZA		-26.09	28.00	337053	23	Randburga|Randburgas|Rantmpournk|Rendburg
P	Safi		MA		32.30	-9.24	336883	13	Asafi|Asfi|Safim
P	Simferopol		UA		44.96	34.11	336460	286	Akmescit|Aq Mecit|Aqmescit|Simferepol'|Simferopal'|Simferopole|Simferopoli|Simferopolis|Simferopolj|Simferopolo|Sinferopol|Sinferopoli|Symferopol|Symferopoli|Sympheropolis|Szimferopol
P	Lublin		PL		51.25	22.57	336339	298	Lioblens|Liublinas|Ljublin|Ljublin osh|Ljublin shaary|Loumplin|Lu-pu-lim|Lubblinu|Lubliin|Lublina|Lublino|Lublinum|Lueblin|Lyublin
P	Pelotas		BR		-31.77	-52.34	336150	139	Pelotasas|Sao Francisco de Paula
P	San José	San Jose	CR		9.93	-84.08	335007	82	San Chose|San Hose|San Jose de Costa Rica|San Jose i Costa Rica|San Joze|San Jusiy|San Khose|San Khoze|San Xose|San-Joseo|San-Khaseh|Urbs Sancti Iosephi in Costarica
P	Orlando		US		28.54	-81.38	334854	123	Orlandas|Orlanto
P	Viña del Mar	Vina del Mar	CL		-33.02	-71.55	334248	137	Vin'ja-del'-Mar|Vinea Maris|Vinja del Maras|Vinja-del-Maro|Vinya del Mar
P	Qazvin		IR		36.27	50.00	333635	216	Dakbayan sa Qazvin|Gazvin|Kazvin|Kazvinas|Kazwin|Kuazvin|Qazwen
P	Asahikawa		JP		43.77	142.36	333530	218	Asahikava|Asahikawa-chhi|Asakhikava
P	Kāmārhāti	Kamarhati	IN		22.67	88.37	332965	187	Kamarhatty|Kamarkhati
P	Tepic		MX		21.51	-104.89	332863	115	Nayarit|Tepik|Tepikas
P	Wŏnju	Wonju	KR		37.35	127.95	332849	210	Genshu|Vondzhu|Wonju-si
P	Wad Medani		SD		14.40	33.52	332714	26	Medani|Vad Madani|Vad Medani|Vad Medeni|Wad Madani
P	Quận Mười Một	Quan Muoi Mot	VN		10.76	106.64	332536	177	Kuan Muoi Mot
P	Nukus		UZ		42.46	59.61	332500	209	Noekis|Nokis|Noukous|Nukusas
P	Konak		TR		38.40	27.10	332277	261	
P	Maebashi		JP		36.40	139.08	332149	218	Maebashi-shi|Maebasi|Maehbasi
P	Kita		JP		35.75	139.73	332140	218	Kita City|Kita-ku
P	Ciudad Victoria		MX		23.74	-99.14	332100	119	Altepetl Victoria|Cd. Victoria|Lungsod ng Victoria|S'judad-Viktorija|Sijudad Viktorija|Siudad Viktorija|Victoria|Victoria llaqta
P	Soledad de Graciano Sánchez	Soledad de Graciano Sanchez	MX		22.19	-100.94	332072	117	Diaz Gutierrez|Diez Gutierrez|Soledad De Grakiano Sanchez|Soledad Diaz Gutierrez|Soledad Diez Gutierrez|Soledad de Diez Gutierrez
P	Kochi		JP		33.55	133.53	332059	218	Kochi-shi|Kochin|Koci|Koti
P	Bielefeld		DE		52.03	8.53	331906	249	Bilefel'd|Bilefelde|Bilifeld|Bilivelda|Builefeld|Bylefeldas|Mpilephelnt
P	Blida		DZ		36.47	2.83	331779	3	Al-Bulajda|Bilda|Buleyde|Dilida|El Bouleida
P	Kwai Chung		HK		22.37	114.14	331600	178	Chung Kwai Chung|Kuichong|Kvai Chung
P	Mandaue City		PH		10.32	123.92	331320	194	Dakbayan sa Mandaue|Lungsod ng Mandaue|Mandaue|Mandaueh
P	Ganja		AZ		40.68	46.36	330663	162	Abbasabad|Abbasapat|Elisavetpol|Elizavetpol|Gaencae|Gaendz|Gaendzjae|Ganca|Gandja|Gandza|Gandzak|Gandzha|Gandzhe|Ganga|Ganjak|Ganjay|Ganzha|Gence|Gendzakh|Gendze|Gjandzha|Gjanzha|Gyandzha|Kirovabad|Kirowabad|Nkantza|Yelizavetpol'
P	Khorramshahr		IR		30.44	48.18	330606	216	Al-Muhammarah|Choremsehras|Chorramsahr|Chorramschahr|Chorramszahr|Horamsaher|Huerremsehr|Jorramchar|Khoramshahr|Khorram Shahr Abadan|Khorramchahre|Khorramxahr|Khorremshekhr|Khunin Shahr|Khurramshahr|Koramshar|Koramsjar|Mohammerah|Muhammerah
P	Bonn		DE		50.73	7.10	330579	249	Bon|Bona|Boni|Bonna|Bono|Vonni
P	Mathura		IN		27.50	77.67	330511	187	Madhura|Mandura|Matkhura|Matura|Muttra
P	Hechi		CN		24.69	108.08	330131	211	Khechi
P	Bydgoszcz		PL		53.12	18.01	330038	298	Bedgoszcza|Bidgosc|Bidgosca|Bidgoshch|Bidgoshh|Bidqos|Bintnkos|Brombarg|Bromberch|Bromberg|Bydgashch|Bydgoscius|Bydgoshch|Bydgoshh|Bydgostia|Bydhost
P	Smolensk		RU		54.78	32.05	330025	275	Smalensk|Smol'n'sku|Smolenscum|Smolenska|Smolenskaj|Smolenskas|Smulen|Szmolenszk
P	Oral		KZ		51.25	51.43	330000	200	Orala|Oralas|Oural|Ural's'k
P	Khorramabad		IR		33.49	48.36	329825	216	Khur Ramabad|Khurramobod
P	Soyapango		SV		13.71	-89.14	329708	89	Sojapangas|Sojapango|Soyopango|Zoyapanco
P	Tongshan		CN		34.18	117.16	329661	211	Hsu-chou|Hsu-chou-shih|Sjujchzhou|Suchow|Suchow-fu|T'ung-shan|Xuzhou
P	Guédiawaye	Guediawaye	SN		14.77	-17.40	329659	15	Gediavaj
P	Plovdiv		BG		42.15	24.75	329489	288	Eumolpias|Filiba|Filibe|Filipe|Filipopol|Filipopul|Filippopol|Filippopoli|Flavia|Julia|Philippopel|Philippopoli|Philippopolis|Philippoupole|Pinople|Plodin|Ploudin|Plovdin|Plovdiva|Plovdivas|Plowdiw|Poulpoudeva|Sinople|Trimontium|Ulpia|Vinipoppolis
P	Ciudad Obregón	Ciudad Obregon	MX		27.49	-109.94	329404	100	Altepetl Obregon|Cajeme|Cd Obregon|Lungsod ng Obregon|Obregon|S'judad Obregon|Sijudad Obregon|Siudad Obregon|Siudad Obregonas
P	Wŏnsan	Wonsan	KP		39.15	127.44	329207	203	Gensan|Genzan|Genzan Hu|Onsan|Vonsan|Vonsanas|Wensen|Yuenchan|Yuensan
P	Pavlodar		KZ		52.28	76.97	329002	154	Kereku|Pauladar|Pavlodara|Pavlodaras|Pavlontar|Pawlodar
P	Chānda	Chanda	IN		19.95	79.30	328351	187	Candrapur|Candrapura|Candrapuras|Chandrapur|Tsantrapour
P	Canoas		BR		-29.92	-51.18	328291	139	Kanoas|Kanoasas
P	Kōriyama	Koriyama	JP		37.40	140.38	327692	218	Ginqsan Si|Korijama|Koriyama-chhi
P	Sochi		RU		43.60	39.72	327608	275	Sochi - Soci|Soci|Soczi|Sotchi|Sotji|Sotschi|Sotsi|Sotsji|Ssotschi
P	Aksaray		TR		38.37	34.03	327575	261	Aksarai|Aksaraj|Aksarajus|Akusaraj|Aqserayiye
P	Vijayapura		IN		16.82	75.72	327427	187	Bidzapur|Bidzapuras|Bidzhapur|Bidzsapur|Bijapur|Districte de Bijapur|Vijapura|Vijayapur|Visiapur
P	Chipata		ZM		-13.63	32.65	327059	34	Cipata|Fort Jameson|Tsipata
P	Chongjin		KP		41.80	129.78	327000	203	Cchongdzin|Cheongjin|Chkhonchzhine|Chkhondzhin|Chkhundzhin|Chonjin|Chonzhin'|Condzinas|Congjin|Cshongdzsin|Seishin|Seisin|Tschiun-tschan
P	Yanji		CN		42.89	129.50	326957	211	Chu-tzu-chieh|Chu-tzu-kai|Dien Cat|Jan'czi|Yang-chi-t'eng|Yen-chi|Yen-chi-shih
P	Roodepoort		ZA		-26.16	27.87	326416	23	Rodeportas|Rodipoto|Roodeport-Maraisburg|Rounterport|Rudehpurt|Rudeporta|Rudepurt
P	Pucallpa		PE		-8.38	-74.55	326040	106	Callaria|Pucalpa|Pukal'pa|Pukal'pae|Pukallpa|Pulcalla
P	Mogi das Cruzes		BR		-23.52	-46.19	325746	139	Mogi Das Kruzes|Mogy das Cruzes|Moji das Cruzes
P	Córdoba	Cordoba	ES		37.89	-4.77	325708	270	Cardoue|Cordoa|Cordoba i Spania|Cordoue|Cordova|Corduba|Kordava|Kordoba|Kordova|Kordovo|Kordowa
P	Birkenhead		GB		53.39	-3.01	325264	268	Berkenged|Berkenhedas|Berkenkhed|Birkenkhed|Kione Beih|Penbedw
P	Nantes		FR		47.22	-1.55	325070	277	Nant|Nante|Nanti|Nanto|Naoned|Portus Namnetus
P	Ilesa		NG		7.63	4.74	325000	29	Ilesha
P	Pekalongan		ID		-6.89	109.68	324564	180	Kota Pekalongan
P	Bhatara		BD		23.80	90.45	324300	171	Bkhatara
P	Espoo		FI		60.21	24.65	323910	259	Ehspoo|Esbo|Espo
P	Kikuyu		KE		-1.25	36.66	323881	41	Gikuyu|Kikuju
P	Kluang		MY		2.03	103.32	323762	189	Keluang
P	Lincang		CN		23.88	100.09	323708	211	Lin-ts'ang|Linkan|Maning|Mien-ning|Mien-ning-hsien|Mienningting
P	Nottingham		GB		52.95	-1.15	323632	268	Notinghamo|Nottigham|Nottingem
P	Ramiros		AO		-9.06	13.05	323576	32	
P	Al ‘Amārah	Al 'Amarah	IQ		31.84	47.14	323302	160	Amara|Amarah|Amare|El'-Amara
P	Volzhsky		RU		48.79	44.78	323293	297	Volzhskij|Volzhskiy|Volzjskij|Volzski|Wolschski
P	Vaughan		CA		43.84	-79.50	323103	148	Vauno|Von
P	Xingyi		CN		25.10	104.91	322890	211	Hing-i-hsien|Hing-yi|Hingi|Hingyin|Hingyinhsien|Hsing-i|Hsing-i-hsien|Huang-ts'ao-pa|Huangcaoba|Hwangtsaopa|Hwantsaopa|Sinui
P	Shivamogga		IN		13.93	75.57	322650	187	Shimoga|Shimogga|Shivamoggi
P	Alwar		IN		27.56	76.62	322568	187	Aluaro|Alvar|Alvara|Alvaras|Alwar City
P	Uíge	Uige	AO		-7.61	15.06	322531	32	Carmona|Uije|Uizhe|Vila Marchel Carmona
P	Taubaté	Taubate	BR		-23.03	-45.56	322397	139	Taubatea|Tava yvate
P	Ixtapaluca		MX		19.32	-98.88	322271	117	Istapaluka|Iztapaluca
P	Osh		KG		40.53	72.80	322164	166	Och|Oix|Osa|Osas|Osch|Osj|Osz
P	Portoviejo		EC		-1.06	-80.45	321800	96	Partauekha|Portov'ekho|Portovjechas
P	Villavicencio		CO		4.13	-73.63	321717	72	Cantarrana|Caserio Villavicencio|Vijavisensio|Vil'javisensio|Viljavisensijas
P	Man’gyŏngdae-ri	Man'gyongdae-ri	KP		38.99	125.66	321690	203	Man'gyongdae|Mangjondeh|Mangyeongdaeri|Mangyondae|Mankeidai
P	Camaçari	Camacari	BR		-12.70	-38.32	321636	67	Camacary|Camassari|Camassary|Kamasari
P	San Miguelito		PA		9.05	-79.47	321501	125	San Miguel|San-Migelito
P	Shāhjānpur	Shahjanpur	IN		27.88	79.91	320434	187	Shahjahanpur|Shakhdzhakhanpur
P	Lexington		US		37.99	-84.48	320347	123	Leksington|Leksingtona|Leksingtonas|Leksingtono|Leksingtun|Leksinqton|Lexington-Fayette|Lexintonia
P	Tantou		CN		22.75	113.83	320304	211	
P	Suzano		BR		-23.54	-46.31	320261	139	Susano|Suzanu
P	Anápolis	Anapolis	BR		-16.33	-48.95	319587	139	
P	Kaech’ŏn	Kaech'on	KP		39.70	125.89	319554	203	Kaech'on-up|Kaisen|Kehchkhon
P	Jūnāgadh	Junagadh	IN		21.52	70.46	319462	187	Dzhunagadkh|Junagad|Junagarh|Junaghur
P	Islington		GB		51.54	-0.10	319143	268	District londonien d'Islington|Islingtono|Islinqton|Izlingtan
P	Hoa Lư	Hoa Lu	VN		20.26	105.98	319125	163	Nin Bin|Ninbinh|Ninh Binh|Thanh Pho Ninh Binh
P	Holguín	Holguin	CU		20.89	-76.26	319102	99	Holginas|Holquin|Ol'gin
P	Ust-Kamenogorsk		KZ		49.97	82.61	319067	154	OEskemen|Oskemen|Ost-Kamenogorsk|Ust-Kamienogorsk
P	Tsuen Wan		HK		22.37	114.11	318916	178	Ch'uan-wan|Cuen Van|Tsun Wan|Tsun Wan Wai
P	Zinder		NE		13.81	8.99	318874	43	Sinder|Zindehr|Zinderis
P	Saransk		RU		54.18	45.17	318841	275	Saran|Saran osh|Saranska|Saranskas|Saransko|Szaranszk
P	Al Diwaniyah		IQ		31.99	44.93	318801	160	Ad Diwaniyah|Divanija|Diwaniya|Diwaniye|Diwaniyya|Ed-Divanija|Ed-Divaniye|Ehd-Divanija|Hiska
P	Varna		BG		43.22	27.91	318737	288	Barna|Odessos|Odessus|Stalin|Varna khot|Varnae|Warna
P	Hafizabad		PK		32.07	73.69	318621	185	Khafizabad
P	Marne La Vallée	Marne La Vallee	FR		48.84	2.64	318325	277	
P	Palangkaraya		ID		-2.21	113.92	318247	202	Kota Palangka Raya|Pahandoet|Pahandut|Palangkaraja|Palankaraja|Plangkaraja
P	Damanhur		EG		31.03	30.47	318207	12	Bandar Damanhur|Damanhour|Damankhur|Hermopolis Parva|Hermupolis Parva
P	Chiniot		PK		31.72	72.98	318165	185	Chaniot|Chinot
P	Popayán	Popayan	CO		2.44	-76.61	318059	72	Popajan|Popajanas
P	Reading		GB		51.46	-0.97	318014	268	Reding|Redingo
P	Geita		TZ		-2.87	32.23	318006	16	Gejta
P	Constanţa	Constanta	RO		44.18	28.63	317832	252	Constanca|Constancia|Constantia|Constantza|Constanza|Costansa|Costanza|Kanstanca|Kjustendzha|Koestence|Konstanca|Konstancae|Konstanco|Konstansa|Konstanta|Konstantsa|Konstantza|Konstanza|Kuestence|Kustenja|Kustenje|Kustenji|Kyustendja|Tomis
P	New Delhi		IN		28.62	77.21	317797	187	Dellium Novum|Dilli|N'ju-Deli|Neo Delchi|Neu-Delhi|Nev Deli|New Dilli|Niu Deli|Niw Telhi|Nju Delkhi|Nov-Delhio|Nova Delhi|Nova Deli|Nova Deli - na'i dilli|Nove Dilli|Nueba Deli|Nueva Delhi|Nuova Delhi|Nyja Deli|Nyu Deli|Yeni Delhi
P	Thessaloníki	Thessaloniki	GR		40.64	22.93	317778	247	Ftohomana|I Protevoussa ton Prosfigon|Salonic|Salonica|Salonicco|Salonik|Salonika|Salonikai|Salonike|Saloniki|Salonique|Saluniccu|Saruna|Selanik|Solun|THessalonika|Tesalonica|Tesaloniki|Tessalonica|Thessalonica|Thessalonike|Thessalonique
P	Thiès	Thies	SN		14.79	-16.93	317763	15	Ties
P	Naha		JP		26.21	127.68	317625	218	Nafa|Naha-shi|Nakha|Nawa
P	Riverside		US		33.95	-117.40	317261	107	Jurupa|Riversaida|Riversaint|Riversajd|Riversayd|Rivursajd
P	Baicheng		CN		45.62	122.83	316970	211	Bach Thanh|Bah-siang|Baicheng Shi|Bajchehn|Bajchen|Bajcheng|Pai-ch'eng|Pai-ch'eng-shih|Pai-ch'eng-tzu|Paichengtze|Paj-ccheng|T'ao-an|T'ao-an-hsien|T'ao-yen
P	Chimbote		PE		-9.08	-78.59	316966	106	Chimputi|Cimbote|Cimboto
P	Bari		IT		41.12	16.87	316491	281	Bario|Baris|Barium|Bary|Mpari
P	Barueri		BR		-23.51	-46.88	316473	139	Baruehri|Tambore
P	Corpus Christi		US		27.80	-97.40	316239	79	Korpous Kristi|Korpus Kristi|Korpus-Krysty
P	Thrissur		IN		10.52	76.22	315957	187	Trichur|Trichura
P	Cherepovets		RU		59.13	37.90	315738	275	Cerepovec|Cerepoveca|Cerepovecas|Cerepoveco|Cerepovet|Cerepovets|Cerjepowjec|Charapavec|Cherepovec|Cherepovetz|Cserepovec|Czerepowiec|Tcherepovets|Tjerepovets|Tscherepowez|Tserepovets|Tsjerepovets|Txerepovets
P	Eloy Alfaro		EC		-2.17	-79.84	315724	96	Alfaro|Duran
P	Al-Kut		IQ		32.51	45.82	315162	160	Al Koet|Ehl'-Kut|El'-Kut|Kut|Kut al Amara|Kut al Amarah|Kut al Imara|Kut-al-Imarah
P	Muar		MY		2.04	102.57	314776	189	Bandar Maharani|Muar town
P	Şişli	Sisli	TR		41.06	28.99	314684	261	Sijslij
P	Lexington-Fayette		US		38.05	-84.46	314488	123	Fayette County|Leksington|Lexington
P	Maroua		CM		10.59	14.32	314122	18	Marua|Marva
P	Kingston upon Hull		GB		53.74	-0.34	314018	268	Hull|Hulo|Kingston-apon-Khall
P	Preston		GB		53.76	-2.70	313332	268	Prehstan|Prestonas|Prestun
P	Lianshan		CN		40.76	120.85	313247	211	Chin-hsi|Chin-hsi-chen|Chinshi|Chinsi|Jinxi|Leinshan|Lianshan Qu|Lien-shan|Ljan'shan
P	Denizli		TR		37.77	29.09	313238	261	Dehnizli|Denisli|Denislu|Denizlis|Denizlu|Ntenizli
P	Ikeja		NG		6.60	3.34	313196	29	Ikedzha
P	New Cairo		EG		30.03	31.47	313139	12	Novyj Kair
P	Vitória	Vitoria	BR		-20.32	-40.34	312656	139	Victoria|Viktoriya|Vitorija|Vitorio
P	Palmira		CO		3.53	-76.30	312519	72	
P	Vologda		RU		59.22	39.88	312420	275	Bologda|Volagda|Vologd|Vologdae|Vologdo|Wologda
P	Iligan City		PH		8.25	124.40	312323	194	City of Iligan|Idigan|Iligan
P	Catania		IT		37.49	15.07	311584	281	Catane|Catina|Katane|Katania|Katanija|Katanio
P	Nizāmābād	Nizamabad	IN		18.67	78.10	311152	187	
P	Cincinnati		US		39.13	-84.51	311097	123	Cincinnatopolis|Covalts Station|Cyncynaci|Fort Washington|Losantiville|Porkopolis|Queen City|Queen City of the West|Sinsinati|Sinsinatis|Sinsinato|Sinsinatti|Sinsinnati
P	Percut		ID		3.63	98.86	311063	180	Perkut|Pertjoet|Pertjut
P	Coatzacoalcos		MX		18.15	-94.44	310698	117	Koacakoal'kos|Koacakoalkosas|Port of Mexico|Puerto Mexico
P	Santa Ana		US		33.75	-117.87	310227	107	Santanna
P	Sariwŏn-si	Sariwon-si	KP		38.51	125.76	310100	203	Hozan|Sa-ri-uen|Sarivon|Sarivone|Sariwon|Sariwon-up|Sarvon|Shariin|Syariin
P	Botshabelo		ZA		-29.27	26.73	309714	23	
P	Butuan		PH		8.95	125.54	309709	194	Butuan City|Butuan Lakanbalen|Butuanas|City of Butuan|Dakbayan sa Butuan|Kota Butuan|Lungsod ng Butuan|Syudad nin Butuan
P	Shahrīār	Shahriar	IR		35.66	51.06	309607	216	Shahreyar|Shahriyar|Shakhrijar
P	Qods		IR		35.72	51.11	309605	216	Gods|Karaj|Qal'eh Hasan|Qal'eh-ye Hasan Khan|Shahr-e Qods|Shahrak-e Qods
P	Gia Lâm	Gia Lam	VN		21.02	105.94	309353	163	
P	Kurgan		RU		55.45	65.34	309285	226	Curgan|Koergan|Kourgan|Kurgan Pervyy|Kurgan i Kurgan oblast|Kurgana|Kurganas|Kurgano|Kurgon|Kurqan
P	Tampico		MX		22.29	-97.88	309003	119	Tampika|Tampikas|Tampiko
P	Akowonjo		NG		6.61	3.31	308900	29	Akouonijo
P	Cabuyao		PH		14.27	121.13	308745	194	Cabuyao City|Kabujao|Lungsod ng Cabuyao
P	Tabora		TZ		-5.02	32.83	308741	16	Tampora
P	Kasugai		JP		35.25	136.97	308681	218	Kasugai-chhi|Kasugaj
P	An Nhơn	An Nhon	VN		13.89	109.11	308396	177	An Nkhon|Bhin-Dinh|Bin Din|Binh Dinh
P	Alimosho		NG		6.61	3.30	308290	29	Alimoso
P	Ciudad Benito Juárez	Ciudad Benito Juarez	MX		25.65	-100.09	308285	119	Juarez|Kiudad Benito Khuarez|Villa Juarez
P	Münster	Muenster	DE		51.96	7.63	308258	249	Minster|Minstere|Miunsteris|Mjunstehr|Mjunster|Moenster|Monasterium|Munistri|Munster|Mynster
P	Mannheim		DE		49.49	8.47	307960	249	Man'chaim|Man'geym|Mangejm|Manhajmi|Manheima|Manheimas|Manhejmo|Manhemium|Mankhajm|Monnem
P	Karawang		ID		-6.31	107.32	307880	180	Karavang|Krawang
P	Akita		JP		39.72	140.12	307672	218	Akita-shi
P	Tumkūr	Tumkur	IN		13.34	77.10	307359	187	Tumakooru|Tumakuru
P	Chinju		KR		35.19	128.08	307242	210	Chindzhu|Jinju|Shinshu|Sinsyu|Tschin-dschu
P	Parbhani		IN		19.27	76.77	307170	187	Parbaini|Parbani|Parbkhani
P	Hisar		IN		29.15	75.72	307024	187	Hissar|Khisar
P	Iksan		KR		35.94	126.95	307000	210	Iri|Riri
P	Fīrozābād	Firozabad	IN		27.15	78.40	306409	187	
P	Palmas		BR		-10.17	-48.33	306296	54	
P	Vladikavkaz		RU		43.04	44.67	306258	275	Dzaeudzhykhuaeu|Dzhaudzhikau|Ordshonikidse|Ordzhonikidve|Ordzhonikidze|Orjonikidze|Tehrchkualeh|Uladzikaukaz|Vladicaucaso|Vladikaukaza|Vladikaukazas|Vladiqafqaz|Vlantikavkaz|Wladikafkaz|Wladikawkas|Wladikawkaz|Wladykaukaz
P	Port-de-Paix		HT		19.94	-72.83	306217	128	Podepe|Podpe|Por-de-Pe|Port Paix|Porto-da-Paz
P	Damietta		EG		31.42	31.81	305920	12	Damiata|Damieta|Damieti|Damiette|Damijeta|Dimyat|Dimyath|Doemjat|Dumiat|Dumjat|Dumjata|Dumjatas|Dumqat|Dumujat|Dumyat|Tamiathis
P	Posadas		AR		-27.39	-55.92	305874	57	Posadasa|Posadasas
P	Parauapebas		BR		-6.07	-49.90	305771	69	Paravapebas
P	Brakpan		ZA		-26.24	28.37	305692	23	
P	Stockton		US		37.96	-121.29	305658	107	Stoktn|Stokton|Stoktono|Tuleburg|Weberville
P	Juazeiro do Norte		BR		-7.21	-39.32	305531	90	Jaozeiro|Joazeiro|Juazeiro|Zhuazejru-du-Norti|Zhvazejro do Norte|Zuazeiro do Norte
P	Yokkaichi		JP		34.97	136.62	305424	218	Jokaichi|Jokaici|Jokkaichi|Jokkaiti|Yokkaiti|Yokkaiti-chhi|Yokkaitsi
P	Kulti		IN		23.73	86.84	305405	187	
P	Tláhuac	Tlahuac	MX		19.29	-99.01	305076	117	Delegacion Tlahuac|Tlakhuak
P	Sapele		NG		5.89	5.68	305000	29	
P	Kashan		IR		33.98	51.43	304487	216	Cassan|Kasan|Qashan
P	Kāshān	Kashan	IR		34.00	51.44	304487	216	Kachan
P	Pittsburgh		US		40.44	-80.00	304391	123	Allegheny|Fort Dunmore|Fort Duquesne|Fort Pitt|Fort Trent|Pitsbrg|Pitsburg|Pitsburga|Pitsburgas|Pitsburgo|Pitsmpernk|Pitts-Bourg|Pittsbarig|Pittsburg|Pittsburgum|Pittsburq|The Manor of Pittsburgh
P	Armenia		CO		4.54	-75.67	304314	72	Armenie|Armenien|Armenija|Armeniya|Arminia|Ermenistan
P	Santa Catarina		MX		25.67	-100.46	304052	119	Ciudad Santa Catarina|Santa Katarina
P	Sumbawanga		TZ		-7.97	31.62	303986	16	Sumbauanga|Sumbavanga|Zumbawanga|Zumbayanga
P	Orël	Orel	RU		52.97	36.08	303696	275	Oriol|Oriolas|Orjol|Oryol|Orzel
P	Akashi		JP		34.66	135.01	303601	218	Akasi|Akasi-chhi|Akasis|Akasyi
P	Hai Bà Trưng	Hai Ba Trung	VN		21.01	105.85	303586	163	Khai Ba Trung
P	Kurume		JP		33.32	130.52	303579	218	Kurume-chhi
P	Graz		AT		47.07	15.44	303270	295	Grac|Graca|Gracas|Graco|Gradac|Gradec|Graecia|Gratz|Nkrats|Qras|Styrsky Hradec
P	Saint Paul		US		44.94	-93.09	303176	79	City of Saint Paul|Imnizha ska|Saint Pol|San Pablo|Sejnt Pol|Sent Pol|Sent Polas|Sent Pols|Sentpola|Sint Pol|Sint-Paul|St. Paul|Urbs Sancti Pauli de Minnesota
P	Nghi Sơn	Nghi Son	VN		19.33	105.82	302210	163	Bien Son|Ngkhi Son
P	Karnāl	Karnal	IN		29.69	76.98	302140	187	
P	Changyi		CN		36.85	119.39	302072	211	Ch'ang-i|Ch'ang-i-hsien|Chanui|Kuiju
P	Ciudad del Este		PY		-25.50	-54.65	301815	66	Bandar del Este|Ciudad Presidente Stroessner|Kota del Este|Presidente Stroessner|Puerto Presidente Stroessner|S'judad-del'-Ehste|S'judad-del'-Este|Sijudad del Este|Siudad del Este|Syudad del Este
P	Rosetta		EG		31.40	30.42	301795	12	Ar-Rasid|Bolbitine|Er-Rashid|Rashid|Rasid|Rasido|Rasyid|Resid|Roseta|Rosette|Rozeta
P	Barddhamān	Barddhaman	IN		23.26	87.86	301725	187	Bardhaman|Bardkhaman|Bordhoman|Burdwan
P	Kediri		ID		-7.82	112.02	301424	180	Kota Kediri|Kutha Kedhiri
P	Solwezi		ZM		-12.17	26.39	301370	34	Solouezi|Soluezi|Solvezi|Solvezis|Solwesi
P	Augsburg		DE		48.37	10.90	301105	249	Agsborg|Aounksmpournk|Augsberg|Augsboerj|Augsborg|Augsbourg|Augsburg-Innenstadt|Augsburga|Augsburgas|Augsburgo|Augschburg|Augusta|Augusta Vindelicorum|Augzburg|Auqsburq
P	Valladolid		ES		41.66	-4.72	300618	270	Lungsod ng Valladolid|Pincia|Pucela|Vagiadolid|Val'jadalid|Val'jadolid|Valadoli|Valadolid|Valadolido|Valdoletum|Valhadolid|Valjadolida|Valjadolidas|Valladolis|Valladolit|Vallis Tolitum|Valyadolid|Vayadolid
P	Miri		MY		4.40	113.99	300543	190	Bandar Miri|Marabu
P	Xinyi		CN	04	34.38	118.35	300511	211	Hsin-an|Hsin-an-chen|Hsin-i|Hsin-i-hsien|Sin'i|Xin'an|Xin'an Zhen
P	Mardan		PK		34.20	72.05	300424	185	Mardanas
P	Surgut		RU		61.26	73.42	300367	226	Soergoet|Sorgyt|Sourgout|Surguta|Surgutas|Surguto|Surgutum|Surqut|Szurgut
P	Swansea		GB		51.62	-3.94	300352	268	Abertawe|Souonsi|Suonsi|Suonzi|Svonsi|Svonsio|Svonsis|Svonzi
P	San Pablo		PH		14.07	121.33	300166	194	San Pablas|San Pablo City|San Pamplo
P	Newcastle upon Tyne		GB		54.97	-1.61	300125	268	An Caisteal Nuadh|N'jukasl|N'jukasl-apan-Tajn|N'jukasl-apon-Tajn|Neuchate|Newcastle|Newcastle tren song Tyne|Newcastle-on-Tyne|Nioukasl|Niukaslas prie Taino|Njukasl na Tajnu|Njukasul upon Tajn|Novkastelo|Novum Castellum|Nukasla pie Tainas|Nyukasl apon Tayn
P	Gundupālaiyam	Gundupalaiyam	IN		11.94	79.80	300104	187	Gundupalaijam|Ozhukarai|Uzhavarkarai
P	Várzea Grande	Varzea Grande	BR		-15.65	-56.13	300078	83	
P	Gatineau		CA		45.48	-75.70	300045	148	Gatino
P	Biñan	Binan	PH		14.34	121.08	300000	194	Bin'jan|Binan City|Binyang|Ciudad nin Binan|Kota Binan|Lungsod ng Binan
P	Mérida	Merida	VE		8.58	-71.17	300000	76	Emerita|Meria|Meridae|Merido|Meryda|Santiago de los Caballeros de Merida
P	Winejok		SS		9.01	27.57	300000	24	Vinejok|Wanyjok
P	Yangshuo		CN		24.78	110.49	300000	211	Jansho|Yang-shuo-chen|Yang-shuo-hsien|Yangso|Yangso-hsien
P	Linqu		CN		36.52	118.54	299646	211	Lin-ch'u|Lin-ch'u-hsien|Linku
P	Uruapan		MX		19.42	-102.06	299523	117	Opstina Uruapan|Ourouapan|Uruapan del Progreso
P	Pātan	Patan	NP		27.68	85.31	299283	186	Lalitapura|Lalitpur|Manigal|Yala
P	Fergana		UZ		40.38	71.78	299200	214	Farg'ona|Farghana|Farghona|Fergan|Fergano|Ferghana|Fergona|Fernkana|Novyy Margelan|Skobelev|Skobelevo
P	Bahía Blanca	Bahia Blanca	AR		-38.72	-62.27	299101	55	Bahija Blanka|Baija Blanka|Baija-Blankae|Bajja-Blanka
P	Santol		PH		15.16	120.57	298976	194	
P	Kaolack		SN		14.15	-16.07	298904	15	Kaolac|Kaolak
P	Jember		ID		-8.17	113.70	298585	180	Djember|Dzhember
P	Aomori		JP		40.82	140.73	298394	218	Aomori-shi
P	Bārāsat	Barasat	IN		22.72	88.48	298127	187	
P	Mulugu		IN		18.19	79.94	297671	187	
P	Foz do Iguaçu	Foz do Iguacu	BR		-25.55	-54.59	297352	139	Fos do Iguasu|Fos-du-Iguasu|Foz de Iguassu|Foz de Iguazu|Foz do Iguassu|Foz do Iguasu|Iguassu
P	Bihār Sharīf	Bihar Sharif	IN		25.20	85.52	297268	187	Behar|Bihar|Bikharsharif
P	Tegal		ID		-6.87	109.14	297173	180	Kota Tegal|Kutha Tegal
P	Grozny		RU		43.31	45.69	297137	275	Dzhokhar|Dzhokhargala|Dzohar|Dzohhar|Grosni|Grosnij|Grosny|Grozna|Groznai|Groznas|Groznay|Grozni|Groznii|Groznij|Grozniy|Grozno|Groznoi|Groznyi|Groznyj|Groznyy|Nasongi|Nkrozny|Novyj Hutor|Qrozni|So'lzh-GIala|So'lzha-GIala|Soelz-Ghala|g. Groznyj
P	Boma		CD		-5.85	13.05	297009	28	Mboma
P	Bāli	Bali	IN		22.65	88.34	296973	187	Bally
P	Pu'er		CN		22.79	100.97	296565	211	Fu-hsing-chen|Simao|Simao Zhen|Ssu-mao|Ssu-mao-chen|Ssu-mao-hsien|Symao|Szemao|Szemao-hsien
P	Rāmpur	Rampur	IN		28.81	79.03	296418	187	
P	Darbhanga		IN		26.15	85.90	296039	187	Darbanga|Darbkhanga|Ntarmpchan'nka
P	Panipat		IN		29.39	76.97	295970	187	Panipata
P	Białystok	Bialystok	PL		53.13	23.16	295683	298	Balstoge|Belastok|Belostok|Belostoko|Bialastoq|Bialistok|Bilostok|Bjalistok|Bjalistoka|Bjalistoko|Bjelostock|Bjolystok|Byelostok
P	Mwene		CD		-9.82	22.87	295683	33	Mvene
P	São José	Sao Jose	BR	26	-27.62	-48.63	295658	139	San-Zhoze
P	Rufisque		SN		14.72	-17.27	295459	15	Rifisk|Riufiska|Riufiskas|Rjufisk|Roufisk|Rufisko|Tengeej
P	Murmansk		RU		68.97	33.10	295374	275	Gorod Murmansk|Moermansk|Mourmansk|Murmansk osh|Murmanska|Murmanskas|Murmanski|Murmansko|Murmanszk|Muurmanni|Muurmanski|Romanov|Romanov-na-Murmane|Romanov-on-Murman|Semenova|Semjonovskij|stolica Arktiki|stolica Zapoljar'ja
P	Tirupati		IN		13.64	79.42	295323	187	Tirumala - Tirupati|Tirumalai|Tirupathi
P	Southend-on-Sea		GB		51.54	0.71	295310	268	Sautend-on-Si|Southend
P	Petrópolis	Petropolis	BR		-22.50	-43.18	294926	139	
P	Guarujá	Guaruja	BR		-23.99	-46.26	294871	139	Guaruzha|Guyrajara|Gvaruzha
P	Itajaí	Itajai	BR		-26.91	-48.66	294850	139	Itajahi|Itajahy|Itazhai
P	Lincoln		US		40.80	-96.67	294757	79	Lin'koln|Lincolnia|Linkal'n|Linkolna|Linkolnas|Linkolns|Linkuln
P	Phu Quoc		VN		10.22	103.97	294419	177	Fukuok|Koh Trol
P	Baiyin		CN		36.55	104.17	294400	211	Aho Chia Chuan|Bach Ngan|Bah-ngung|Baiyin Shi|Bajin'|Bayin|Hao-chia-ch'uan|Ho-chia-ch'uan|Pai-yin|Pai-yin-ch'ang|Pai-yin-shih|Paj-jin|Peh-gin-chhi
P	Fukushima		JP		37.75	140.47	294237	218	Fukushima-shi|Fukusima|Furukawa|Hukusima
P	Bergen		NO		60.39	5.32	294029	276	Bargen|Berga|Bergena|Bergenas|Bergeno|Bergn|Bernken|Birgon|Bjoergvin
P	Greater Noida		IN		28.50	77.54	293908	187	Bol'shaja Nojda|Didzioji Noida|Granda Noida|Velika Nojda
P	Noida		IN		28.58	77.33	293908	187	Naveen|Nojda
P	Tambov		RU		52.74	41.44	293661	275	Tambof|Tambou|Tambova|Tambovas|Tambovia|Tambow|Tombu
P	Vigo		ES		42.23	-8.72	293642	270	Bigo|Viga|Vigas|Vigo shaary|Vigu
P	Aizawl		IN		23.73	92.72	293416	187	Ai jal|Aidzhal|Aizal|Aizavlis|Aizol|Aizwal|Ajzol
P	Banjarbaru		ID		-3.44	114.84	293332	193	Bandjarbaru
P	Thanh Xuân	Thanh Xuan	VN		20.99	105.80	293292	163	Tankh Ksuan
P	Al Hufūf	Al Hufuf	SA		25.36	49.59	293179	207	Al Hofuf|Ehl'-Khufuf|El'-Khufuf|Hofuf|Huefuf|Hufuf
P	Cholula		MX		19.06	-98.30	292881	117	Cholollan|Cholula de Rivadavia|Cholula de Rivadavija|Colula|San Andres Cholula|San Pedro Cholula
P	Gandhinagar		IN		23.22	72.68	292797	187	Gandinagar|Ghandhinagar|Ghandinagar
P	Semey		KZ		50.42	80.25	292780	154	Alash-kala|Semei|Semej|Semeja|Semejus|Semipalatinsk|Semipalatynsk
P	Cầu Giấy	Cau Giay	VN		21.03	105.80	292536	163	Kau Giaj
P	Dindigul		IN		10.37	77.98	292512	187	Dhundgal|Dindukkal|Dundigal
P	Ponta Grossa		BR		-25.09	-50.16	292177	139	Ponta Grosa
P	Gaozhou		CN		21.92	110.86	292164	211	Gaochzhou|Kao-chou|Kaochow|Kochow|Kochowfu|Mao-ming|Mao-ming-hsien|Mowming
P	Kamoke		PK		31.98	74.22	292023	185	Kamoki
P	Limeira		BR		-22.56	-47.40	291869	139	Limejra
P	Thanjavur		IN		10.79	79.14	291067	187	Tancavur|Tandzavur|Tandzavura|Tandzavuras|Tandzawur|Tandzsavur|Tangavur|Tanjavur|Tanjor|Tanjore|Tantzavour|Thandzavur|Tkhandzhavur
P	Kariega		ZA		-33.76	25.40	291052	23	Ehjtenkhakhe|Ejtenkhakhe|Jutunkhakh|Uitenhage|Utienhage
P	Adıyaman	Adiyaman	TR		37.76	38.28	290883	261	Adiaman|Adijaman|Adijamanas|Adityman|Adiyamanska|Adujaman|Adyjaman|Antigiaman|Atiyaman|Bera|Carbanum|Hasan Mansur|Hisnumansur|Hsni Mansur|Husnimansur|Husnumansur|Hyusni Mansur|Pera|Perre|Pordonnium|Semsur
P	Al Mubarraz		SA		25.41	49.59	290802	207	Ehl'-Mubarraz
P	Resistencia		AR		-27.46	-58.99	290793	57	Ciudad de Resistencia|Resistancia|Resistenseje|Resistensia|Resistensija|Resistentia
P	Atyrau		KZ		47.10	51.88	290700	159	Aterau|Atirau|Atirav|Atiraw|Atorau|Aturau|Atyraou|Atyraw|Atyroo|Chapayev|Gur'yev|Gurev|Guriev
P	Morioka		JP		39.70	141.15	290700	218	Morioka-chhi|Morioka-shi
P	Xiuying		CN		20.00	110.29	290000	211	Hsiu-ying|Sjuin
P	San Cristóbal	San Cristobal	VE		7.77	-72.24	289852	76	San Kristobal|San Kristobalis|San-Krystobal'
P	Cileungsir		ID		-6.39	106.96	289833	180	Cileungsi|Kileungsir|Tjileungsir
P	Karīmnagar	Karimnagar	IN		18.44	79.13	289821	187	
P	Victoria		CA		48.44	-123.35	289625	150	Viktori|Viktoria|Viktoria Vretanikis Kolomvias|Viktorija|Viktorijo|Viktoriya|Wiktoriye
P	Anchorage		US		61.22	-149.90	289600	51	Alaska City|An'koreitz|Ancoraria|Angits|Ankoric|Ankoridz|Ankoridza|Ankoridzas|Ankoridzh|Ankorigo|Ankorij|Ankorydzh|Ankuridzh|Brownville|Dgheyay Kaq'|Enkoridz|Kisagvik|Port Woodrow|Qatuk'e'usht|Ship Creek|Tan|Ves Dnaghildeqt|Woodrow
P	Dewas		IN		22.97	76.06	289550	187	Devas
P	Batna		DZ		35.56	6.17	289504	3	Batina|Batna City|Batnah|Tbatent|Wilaya de Batna
P	Kaunas		LT		54.90	23.91	289380	296	Caunas|Couna|Kaounas|Kauen|Kauna|Kauno|Kauns|Kawnas|Kovno|Kowno|Palemonas
P	Sonīpat	Sonipat	IN		28.99	77.02	289333	187	Sonepat|Sonepat Punjab
P	Machala		EC		-3.26	-79.96	289141	96	Macala
P	Wiesbaden		DE		50.09	8.24	288850	249	Aquae Mattiacae|Aquae Mattiacorum|Aquae Matticae|Uisibada|Visbadehn|Visbaden|Visbadene|Vizmpanten|Vysbadenas|Wiasban|Wisibada|Wissbade
P	Meads		US		38.41	-82.71	288649	123	
P	Kabwe		ZM		-14.45	28.45	288598	34	Broken Hill|Kabue|Kabve|Kabveh
P	Sinŭiju	Sinuiju	KP		40.10	124.40	288112	203	New Eui-chu|Shingishu|Sin-eui-chu|Sin-gi-shu|Sineidzu|Sinidzsu|Sinyichju|Sinyjdzhu|Wi-dschu|Wi-ju
P	Ibaraki		JP		34.82	135.57	287730	218	Ibaragi|Ibaraki-chhi
P	Bắc Ninh	Bac Ninh	VN		21.19	106.08	287658	163	Bacht Ninh|Bak Nin|Bak Ninh
P	Ichalkaranji		IN		16.69	74.46	287353	187	Icalkarandzi|Ichokarejndzhi
P	Phú Mỹ	Phu My	VN		10.63	107.07	287055	177	Fu Mij
P	Ceilândia	Ceilandia	BR		-15.81	-48.13	287023	139	Sejlandija
P	Katowice		PL		50.26	19.02	286960	298	Catowice|Katavicy|Katobitse|Katovica|Katovicai|Katovice|Katovice osh|Katovicum|Katovits|Katovitse|Katowicy|Katowihi|Kattowitz|Kha-thok-vi-chu|Stalinogorod|Stalinograd|Stalinogrod
P	Adapazarı	Adapazari	TR		40.78	30.40	286787	261	Ada Bazar|Adapazaris|Adapazaru|Adapazary|Antapazari|Atabazar|Atapazar|Sakar'ja|Sakarya|Tarsia
P	Cluj-Napoca		RO		46.77	23.60	286598	252	Castrum Clus|Claudiopolis|Clausemburgo|Clausenburg|Cloizanburg|Cluj|Clus|Clusenburg|Kalosvar|Klausenburg|Kloiznburg|Klouz-Napoka|Klujo|Kluz|Kluz Napok|Kluz-Napoka|Kluza|Kluza-Napoka|Kluzas|Kluzas-Napoka|Kluzh|Kluzh-Napoka|Kluzh-Napoka khot|Kolosvaru|Koloszvar|Kolozsvar|Municipium Aelium Hadrianum Napoca|Napoca
P	Gunpo		KR		37.37	126.95	286485	210	Gunpo-si|Kunp'o|Kunpkho|Tang-ni
P	Songea		TZ		-10.68	35.65	286285	16	Songeja|Ssongea
P	Butembo		CD		0.14	29.29	286242	33	
P	Tacna		PE		-18.01	-70.25	286240	106	Takna|Takno|Taqna
P	Tin Shui Wai		HK		22.46	114.00	286232	178	Tianshui Wei|Tin Shui Vai
P	Long Xuyên	Long Xuyen	VN		10.39	105.44	286140	177	Cholong Xuyen|Long Suehn|Long Swiyen|Long-Shuyen
P	Savar		BD		23.85	90.25	286008	171	Sabhar|Savar Upazila
P	Bathinda		IN		30.21	74.94	285788	187	Bkhatinda
P	Henderson		US		36.04	-114.98	285667	107	Basic|Chenterson|Genderson|Hendersonas|Jericho Heights|Khendehrsan|Khenderson|Khendersun|Midway City|Pittman
P	Jālna	Jalna	IN		19.84	75.89	285577	187	Dzhalna
P	Sekondi		GH		4.93	-1.71	285506	1	
P	São Gonçalo	Sao Goncalo	BR		-22.83	-43.05	285439	139	San Gonsalas|San-Gonsalu|Sao Gonsalo
P	Kyengera		UG		0.30	32.50	285400	25	Kengera
P	Greensboro		US		36.07	-79.79	285342	123	Grijnsburo|Grinsboras|Grinsboro|Grynsbara|Qrinsboro
P	Haifa		IL		32.81	35.00	285316	182	Aifa|Caiffa|Chaifa|Hajfa|Hajfo|Hayfa|Hefa|Heifa|Hepha|Heyfa|Khajfa|Khajfae|Lungsod ng Hefa
P	Århus	Arhus	DK		56.16	10.21	285273	255	Aarhus|Archous|Arhuzo|Arosar|Orhusa|Orkhus
P	Dengzhou		CN		32.68	112.09	285032	211	Dehnzhou|Dengxian|Huazhou|Teng|Teng-hsien
P	Artux		CN		39.71	76.18	285000	221	A-t'u-shih|Artush|Atush|Atushi|Atux|Guangminglu
P	Chuncheon		KR		37.87	127.73	284855	210	Cchuncchon|Ch'unch'on|Chhun-chhen|Chhun-chhon-su|Chkhunchkhon|Cunceon|Cuncon|Cunconas|Shunsen|Shusen|Syunsen|Tsch-hun-tsch-hon
P	Alto Barinas		VE		8.59	-70.23	284289	76	
P	Mbour		SN		14.42	-16.96	284189	15	Mbur
P	Brighton		GB		50.83	-0.14	283870	268	Braiton|Braitona|Braitonas|Brajtan|Brajton|Brajtono|Brajtun|Brightonia
P	Karlsruhe		DE		49.01	8.40	283799	249	Carlsruhe|Carolsruha|Kallsruh|Karlsroue|Karlsrue|Karlsrueh|Karlsruje
P	Port Moresby		PG		-9.48	147.15	283733	328	Po Moresbi|Port Moresmpi|Port Morsbi|Port Morsbis|Port-Moresbo|Portus Moresbiensis|Pot Mosbi|Puerto Moresby
P	Minya		EG		28.09	30.76	283605	12	Al Minya|Ehl'-Min'ja|El Minia|El-Minya|Minia|Minieh
P	Plano		US		33.02	-96.70	283558	79	Planas|Planom|Plejno|Plejnou
P	Marabá	Maraba	BR		-5.38	-49.13	283542	69	
P	Ichihara		JP		35.52	140.08	283531	218	Ichikhara|Icihara|Itihara-chhi|Itikhara
P	Qibao		CN		31.15	121.36	283352	211	Ch'i-pao|Ch'i-pao-chen|Cibao
P	Kirāri Sulemānnagar	Kirari Sulemannagar	IN		28.70	77.06	283211	187	
P	Cainta		PH		14.58	121.12	283172	194	Kainta
P	Satna		IN		24.58	80.83	282977	187	
P	Geelong		AU		-38.15	144.36	282809	241	Dzhelong|Dzhilong|Dzilong|Dzilongas|Jelongo|Zhelon
P	Chernihiv		UA		51.51	31.29	282747	265	Cernigau|Cernigiv|Cernigivo|Cernigov|Cernigovas|Cernigovia|Cernihiv|Cernihivo|Cernihiw|Cernihov|Cerniqov|Charnigau|Chernigiv|Chernigov|Csernyihiv|Czernihovia|Czernihow|Tchernihiv|Tjernihiv|Tschernigow|Tschernihiw|Tsernigiv|Tsernihiv|Tsjernihiv|Txernihiv
P	Xinyuan		CN		43.43	83.25	282718	221	Hsin-yuan|Kjunes|Kunes
P	Chapecó	Chapeco	BR		-27.10	-52.62	282648	139	Shapeko|Xapeco
P	Ba Vì	Ba Vi	VN		21.08	105.38	282600	163	X. Lung
P	Valparaíso	Valparaiso	CL		-33.04	-71.63	282448	137	Balparaiso|Ciudad de Valparaiso|Dakbayan sa Valparaiso|Val'paraisa|Vallis Paradisi|Valparaesos|Valparais|Valparaisas|Valparayso|Waer pa lai suo
P	Ica		PE		-14.08	-75.73	282407	106	Ika
P	Purnia		IN		25.78	87.47	282248	187	Pournia|Purnea|Purnija
P	Newark		US		40.74	-74.17	281944	123	Milford|N'juark|New Worke|Nieworke|Niouark|Niuarkas|Novarcum|Nuarka|Nyuark|Youngs Point
P	Itagüí	Itaguei	CO		6.18	-75.60	281853	72	Itagoui|Itagui
P	Nicolás Romero	Nicolas Romero	MX		19.64	-99.31	281799	117	Ciudad Nicolas Romero|Sijudad Nikolas Romero|Siudad Nikolas Romero|Villa Nicolas Romero
P	Gebze		TR		40.80	29.43	281436	261	Guebze|Libyssa
P	Lichinga		MZ		-13.31	35.24	281341	36	Lishinga|Lisinga|Vila Cabral
P	Narsingdi		BD		23.92	90.72	281080	171	Narsinghdi|Satirpara
P	Zeytinburnu		TR		40.99	28.90	280896	261	
P	Ostrava		CZ		49.83	18.28	280853	279	Maehrisch-Ostrau|Ostraba|Ostrawa
P	Sfax		TN		34.74	10.76	280566	49	Safakes|Safakis|Safaqis|Sfaks|Sfaksas|Sfakso|Sfaqes|Sfvks|Szfaksz|Taparura|Thaenae
P	Zumpango		MX		19.80	-99.10	280455	117	Zumpango de Ocampo|Zumpango-de-Okampo
P	Merkezefendi		TR		37.81	29.04	280341	261	Merkezefendij
P	Madison		US		43.07	-89.40	280305	79	Madisonas|Madisonia|Madisons|Madisun|Madysan|Mantison|Medison|Medisona|Mehdison
P	Bukhara		UZ		39.77	64.43	280187	209	Alt-Buchara|Bochara|Bokhara|Bouchara|Boukhara|Bucara|Buchara|Buhar|Buhara|Buharo|Buhhaara|Bujara|Bukar|Bukhaara|Bukhar|Bukhoro|Buxara|Buxoro|Staraya Bukhara
P	Wollongong		AU		-34.42	150.89	280153	243	City of Greater Wollongong|Uulongong|Vollonggong|Vulangang|Vullongon|Vullongong|Vulongong|Vulongongas|Vulongongo
P	Volta Redonda		BR		-22.52	-44.10	279971	139	V Redonda|Volta-Rehdonda
P	St. Louis		US		38.63	-90.20	279695	79	City of Saint Louis|Lacledes Village|Mound City|Pain Court|Pancore|Saint Lewis|Saint Louis|Saint Louis City|San Luis|Sankta Luiso|Sejnt Luis|Sent Loisos|Sent Luis|Sent Luisas|Sentluisa|Sint-Louis|Urbs Sancti Ludovici
P	Poltava		UA		49.59	34.55	279593	265	Baltavar|Ltava|Paltava|Pol'tova|Poltav|Poltavae|Poltave|Poltavo|Poltawa|Pultava
P	Sumaré	Sumare	BR		-22.82	-47.27	279545	139	Reboucas
P	Efon-Alaaye		NG		7.66	4.92	279319	29	Effon-Alaiye|Efon|Efon Alaaye-Ekiti|Efon Alaye|Efon-Alaae|Efon-Alaiye
P	Binjai		ID		3.60	98.49	279302	180	Bindjai|Bindjei|Bindzhaj|Kota Binjai
P	Pematangsiantar		ID		2.96	99.07	279198	180	Pematangsieantar
P	Petrozavodsk		RU		61.78	34.35	279190	275	AEaenislinna|Petrazavodsk|Petrosavodsk|Petrosawodsk|Petroskoi|Petroskoj|Petroskoj osh|Petrozavodska|Petrozavodskas|Petrozavodszk|Petrozavontsk|Petrozawodsk|Petrozawodzk|Pietrozawodsk|Pjetrozawodsk
P	Enshi		CN		30.30	109.48	279185	211	Ehn'shi|En-shih|En-shih-hsien|Shih-nan|Shihnanfu
P	Taganrog		RU		47.24	38.91	279056	275	Taganrig|Taganroga|Taganrogas|Tankanronk|Taqanroq
P	Santa Teresa del Tuy		VE		10.23	-66.66	278890	76	Santa Teresa|Santa-Tereza-del'-Tuj
P	Quảng Ngãi	Quang Ngai	VN		15.12	108.79	278496	177	Kang Ngei|Kong-ngi-su|Kuang Ngaj|Kvang Ngaj|Kwang Ngai|Thanh pho Quang Ngai|Vilojati Kuang Ngaj
P	Qarshi		UZ		38.86	65.79	278300	209	Bek Budi|Karaki|Karchi|Karshi|Karshy|Karsi|Karsio|Karsis|Karsji|Karszy|Kharsh khot|Qarsi
P	Tanghe		CN		32.69	112.83	278055	211	Binhe|Pi-yuan|T'ang-ho|T'ang-ho-hsien|Tankhe
P	Coacalco		MX		19.63	-99.11	277959	117	Coacalco de Berriozabal|Coacalco de Berriozaval|Koakalko|San Francisco Coacalco
P	Sincelejo		CO		9.30	-75.39	277773	72	Cincelejo|Sinselechas|Sinselekho
P	Khomeynī Shahr	Khomeyni Shahr	IR		32.69	51.54	277334	216	Homayoon Shahr|Homayunshahr|Khomejnishekhr|Mehrbin|Sedeh|Three Castles
P	Kostroma		RU		57.77	40.93	277280	275	Costroma|Kastrama|Kostrom|Kostromna|Kosztroma
P	Imphal		IN		24.81	93.94	277196	187	Impkhal
P	Gagnoa		CI		6.13	-5.95	277044	0	Gan'oa|Ganjoa|Gragnoa
P	Bedok New Town		SG		1.33	103.94	276990	212	Bedok|Bedok Novyj gorod|Bedok Village|Pitok
P	Ulu Bedok		SG		1.33	103.93	276990	212	Ulu Bedok Village
P	Owo		NG		7.20	5.59	276574	29	Ovo
P	Suncheon		KR		34.95	127.49	276375	210	Junten|Sunch'on|Sunchkhon|Sunchun
P	Fangchenggang		CN		21.77	108.36	276315	211	Fanchehngan|Fangcheng
P	Komsomolsk-on-Amur		RU		50.55	137.01	275908	223	Komsomol's'k-na-Amuri|Komsomol'sk|Komsomol'sk-na-Amure|Komsomoljsk-na-Amuru|Komsomolsk am Amur|Komsomolsk del Amur|Komsomolsk-sur-l'Amour|Permskoye
P	Abbottabad		PK		34.15	73.21	275890	185	Abbotabad
P	Kaili		CN		26.59	107.98	275745	211	Kajli|Miao-tsu-tzu-chih-ch'u
P	Hakodate		JP		41.78	140.74	275730	218	Hakodate-chhi|Hokodate|Khakodate|Khakodateh
P	Yamoussoukro		CI		6.82	-5.28	275686	0	Giamoussoukro|Jamusukra|Jamusukras|Jamusukro|Jamusukro khot|Yamosukro|Yamousoukro|Yamoussokro|Yamoussoukrou|Yamussukro|Yamusukro
P	Bab Ezzouar		DZ		36.73	3.18	275630	3	Le Retour de la Chasse
P	Strasbourg		FR		48.58	7.75	274845	277	Argentoratum|Estrasborg|Estrasbou|Estrasburg|Estrasburgo|Estrasburgu|Lungsod ng Strasbourg|Shtrazburg|Sjtraasburg|Straasburch|Straasbuurich|Straatsburg|Strasborg|Strasborgh|Strasbourgo|Strasbur|Strasbura|Strasburas|Strasburg|Strasburgo|Strasburgu|Strasburk|Strasburq|Strasbwrg|Strassborg|Strassbourg|Strassburg|Straszburg|Strazbur|Strazburg|Strazburgu|Stroatsburg|Stroosburi|Stroossbuerg|Strossburg
P	Saugor		IN		23.84	78.74	274556	187	Sagar
P	Neihu		TW		25.08	121.59	274538	213	Distretto di Neihu|District de Neihu|Distrik Neihu|Lai-o-khu|Nehjkhu|Neihu District|Noi Ho|Nui-fu-khi
P	Tsu		JP		34.73	136.52	274537	218	Tsu-shi
P	Xingning		CN		24.15	115.72	274499	211	Sinnin|Xingcheng|Xingcheng Zhen|Xingning Shi
P	Linxia Chengguanzhen		CN		35.60	103.21	274466	211	Ho-chou|Khechzhou|Lin'sja|Lin'sya|Lin-hsia|Lin-hsia-hsien|Lin-hsia-shih|Lin-hsin|Linsia|Linxia|Linxia Shi
P	Khmelnytskyi		UA		49.42	26.98	274452	265	Chmel'nyc'kyj|Chmelnyzkyj|Chmielnicius|Chmielnicki|Hmeljnicki|Khmel'nic'kij|Khmel'nyts'kyy|Ploskuriv|Ploskurov|Ploskurow|Proscurovia
P	Kushinagar		IN		26.74	83.89	274403	187	
P	Saddiqabad		PK		28.31	70.13	274210	185	Sadikabad|Sadiqabad
P	Loja		EC		-3.99	-79.20	274112	96	Locha|Loha|Lokha
P	Tai Po		HK		22.45	114.17	274100	178	Tai Po Market|Tai Po New Town|Tai Po Old Market|Tai Po Town|Tai-po-hui|Tai-wo-shi|Taipo NT|Taj Po
P	Isfara		TJ		40.13	70.63	274000	174	
P	Luena		AO		-11.78	19.92	273675	32	Luehna|Luene|Luso|Luzo|Vila Luso|Vila Luzo|Vila Luzu|Villa Luso
P	Taboão da Serra	Taboao da Serra	BR		-23.63	-46.79	273542	139	Tabuao da Serra
P	Istaravshan		TJ		39.91	69.00	273500	174	Bundzhikat|Istaravchan|Istaravsan|Istaravsanas|Istaravsjan|Istaravson|Istarawschan|Istarawshan|Istarawszan|Ura-Tyube|Uroteppa
P	Turpan		CN		42.95	89.18	273385	221	Lukchun|T'u-lu-fan|T'u-lu-fan-chen|T'u-lu-fan-hsien|T'urfang|Tourfan|Tufan|Tulupan|Tulupan Xian|Turfan
P	Rourkela		IN		22.22	84.86	273317	187	Raurkella|Roukela|Rourella|Rourkera|Rurkela
P	Yao		JP		34.62	135.60	273213	218	Jao|Yaocho
P	Banī Suwayf	Bani Suwayf	EG		29.07	31.10	273151	12	Beni Souef|Beni Sue|Beni Suef|Beni Suweif|Beni-Suehjf
P	Imperatriz		BR		-5.53	-47.49	273110	90	Imperatris|Imperatrisas|Vila Nova de Imperatriz
P	Nagar Naluākot	Nagar Naluakot	BD		24.16	90.77	273000	171	Nogor Noluakot|Sutoria|Sutria
P	Guantánamo	Guantanamo	CU		20.14	-75.21	272801	99	Guantanama|Guatanamo
P	Baguio		PH		16.42	120.59	272714	194	Bagijas|Bagio|Baguio City|Baguio Lakanbalen|Ciudad ti Baguio|Dakbayan sa Baguio|Kota Baguio|Lungsod ng Baguio|Siyudad na Baguio|Syudad nin Baguio
P	Ar Rayyān	Ar Rayyan	QA		25.29	51.42	272465	204	Al Raiyan|Al Rayyan|Ar-Rajan|Ar-Rajjan|Raiyan
P	Polokwane		ZA		-23.90	29.47	272461	23	Palakvaneh|Petriburgum|Pietersburg|Pietrsburg|Polokouane|Polokvane
P	Ljubljana		SI		46.05	14.51	272220	267	Aemona|Jubaljana|Laibach|Laiboch|Lioumpliana|Liubliana|Liublianne|Liublijana|Liuibleana|Ljubljan|Ljubljana osh|Ljubljanae|Ljubljano|Lubian-a|Lubiane|Lubiann-a|Lubjana|Lublan|Lublana|Lubliano|Lubljana|Luebiana|Lueblaen|Lueblana|Lyoubyana|Lyublyana
P	Jalālābād	Jalalabad	AF		34.43	70.45	271900	183	Celalabad|Djelalabad|Dschalalabad|Dzalalabad|Dzhalalabad|Dzhelalabad|Jalakot|Jalal-Kut|Jalalkoat|Jalalkot|Jalolobod|Jelalabad|Tarun City
P	Deir ez-Zor		SY		35.34	40.14	271800	170	Azaura|Dair az-Zaur|Dajr az-Zaur|Dajr ez Zaur|Dajr-ehz-Zaur|Dayr al-Zawr|Dayr al-Zor|Dayr az Zawr|Dayr az Zur|Dayr uz-Zur|Dehjr-ehz-Zor|Deir Azzor|Deir Zzor|Deir al-Zor|Deir al-Zour|Deir el-Zor|Deir ez Zoar|Deir ez Zoras|Deir-es-Sor|Dejr ez-Zor|Dejr-ehz-Zor|Der Ezzor|Der Zor|Derezor|Deyr-el-Zor|Deyrez-Zor|Deyrizor|Nteir al-Zor
P	Gijón	Gijon	ES		43.54	-5.66	271780	270	Chichonas|Gigia|Hihono|Khikhon|Kixoi|Xixon
P	Santa Maria		BR	23	-29.68	-53.81	271735	139	Santa Maria da Boca do Monte|Santa Marija
P	Parnamirim		BR		-5.92	-35.26	271713	90	Eduardo Gomes|Parnamirin
P	Hafar Al-Batin		SA		28.43	45.97	271642	207	Al Hafar|Hafar|Haffar El Batin|Khafar Al-Batin
P	Kakogawachō-honmachi	Kakogawacho-honmachi	JP		34.77	134.83	271634	218	Kakogava|Kakogawa
P	Quận Sáu	Quan Sau	VN		10.75	106.65	271050	177	Kuan Sau
P	Mỹ Tho	My Tho	VN		10.36	106.36	270700	177	Mita|Mitho
P	Mito		JP		36.35	140.45	270685	218	Mito-shi
P	Derby		GB		52.92	-1.48	270468	268	Darbi|Dehrbi|Deoraby|Derbi|Derbia|Derbio|Derbis|Derby i Derbyshire|Ntermpi
P	Dessie		ET		11.13	39.63	270400	2	Dase|Dehseh|Dehsse|Dese|Desje|Dessa|Desse|Dessi|Dessye|Ntesie
P	Hạ Long	Ha Long	VN		20.95	107.07	270054	163	Hon Cay|Hon Gai|Hon Gay|Hon Goi|Hong Gai|Honggay|Khalong|Thanh Pho Ha Long
P	Gelsenkirchen		DE		51.51	7.10	270028	249	Gel'zenkirkhen|Gelsenkiaerken|Gelzenkirchenas|Gelzenkirhene|Gelzenkirheni|Helzenkirxen|Nkelzen'kirchen
P	Longling County		CN		24.59	98.69	270000	211	Lunlin Kountij
P	Cherkasy		UA		49.44	32.06	269836	265	Cerkasad|Cerkasai|Cerkasi|Cerkaso|Cerkassi|Cerkasy|Charkasy|Cherkas khot|Cherkasi|Cherkassi|Cherkassy|Circassium|Cserkaszi|Czerkasy|Tcherkassi|Tcherkassy|Tjerkasy|Tscherkassy|Tserkasso|Tserkasy|Tsjerkasi|Tsjerkasy|Txerkassi|Txerkasy
P	Malolos		PH		14.84	120.81	269809	194	Dakbayan sa Malolos|Lungsod ng Malolos|Malalos|Malolas|Malolos City|Malolos Lakanbalen|Syudad nin Malolos
P	Southampton		GB		50.90	-1.40	269781	268	Hantonia|Hantonne|Saouthampton|Sautamptonas|Sautamptono|Sautgemptan|Sautgempton|Sauthempton|Sauthemptona|Sautkhamptun|Sautkhempton
P	Kapar		MY		3.13	101.38	269627	189	
P	Çorum	Corum	TR		40.55	34.95	269595	261	Charum|Chorum|Corumas|Euchaita|Tsoroum
P	Ghulja		CN		43.92	81.32	269158	221	Ghulja Shehiri|Gkhulja|I-li Ti-ch'u|Ili Diqu|Yili|Yili Hasake Zizhizhou|Yining|Yining Shi
P	Merlo		AR		-34.67	-58.73	268961	55	
P	Yeosu		KR		34.76	127.66	268823	210	Josu|Yoch'on|Yosu
P	Durg		IN		21.19	81.28	268806	187	Drug|Durga|Durgas|Ntarnk
P	Fuling		CN		29.71	107.39	268658	211	Fou-chou|Fou-ling|Fou-ling-hsien|Fowchou|Fowchow|Fowling|Fowlinghsien|Fuchou|Fuchow|Fulin|Pei-ling
P	Mokpo		KR		34.81	126.39	268402	210	Mogpkho|Mogpo|Mok-pho|Mokuho|Moppo
P	Birgañj	Birganj	NP		27.02	84.88	268273	186	Birgandzh|Birgunj
P	Yoshkar-Ola		RU		56.64	47.89	268272	275	Iochkar-Ola|Ioshkar Ola|Joschkar-Ola|Joshkar-Ola|Josjkar-Ola|Joskar-Ola|Joszkar-Ola|Tsarevokokshaysk
P	Russeifa		JO		32.02	36.05	268237	155	Ar-Rusajfa|Er-Russajfa|Rouseifa|Rusaifa|Rusajfa|Rusayfa|Ruseifa|Ruseyfa|Russayfah|Russiefa|Rwseiffa|ar-Rusayfa|ar-Russayfah
P	Banda Aceh		ID		5.54	95.33	267962	180	Baiturahman|Banda Aceha|Banda Acehas|Banda Acheh|Banda Achekh|Banda Achem|Banda Atjeh|Banta Atsech|Koetaradja|Kota Banda Aceh|Kuta Banda Aceh|Kuta Raja|Kutaradja|Kutha Banda Aceh
P	Shibīn al Kawm	Shibin al Kawm	EG		30.55	31.01	267945	12	Shabin al-Kum|Shebin al-Kom|Shibin el-Kom|Shibin-ehl'-Kom
P	Mirpur Khas		PK		25.53	69.01	267833	185	
P	Sengkang New Town		SG		1.39	103.89	267600	212	Sengkang|Sengkang Novyj gorod|Sheng Gang
P	Floridablanca		CO		7.06	-73.09	267591	72	Florida|Floridablanka
P	Tokushima		JP		34.07	134.57	267345	218	Tokushima - de dao shi|Tokushima-shi|Tokusima
P	Sterlitamak		RU		53.64	55.95	267231	226	Cterle|Staerletamaq|Stehrlitamak|Sterlitamaka|Sterlitamakas|Sztyerlitamak
P	Anantapur		IN		14.68	77.61	267161	187	Anantapour|Anantapuramu|Anantapure
P	Gyeongsan-si		KR		35.82	128.74	266951	210	Gyeongsan|Kjonsan|Kyongsan-si
P	Sohag		EG		26.56	31.69	266944	12	Sauhadz|Sawhaj|Sevhac|Sogag|Sohagas|Sokhag|Souhag|Suhag|Suhaj|Suwhaj
P	Nagaoka		JP		37.45	138.85	266936	218	Nagaoka-chhi
P	Saint-Marc		HT		19.11	-72.70	266642	128	Sen-Mark
P	Governador Valadares		BR		-18.85	-41.95	266561	139	Figueira|Gov. Valadares|Governador Valadaresas|Governador Valadaris|Valadares
P	São Carlos	Sao Carlos	BR		-22.02	-47.89	266427	139	San Karlosas|San-Karlos|San-Karlus|Sao Carlos do Pinhal|Sao Karlos|Urbs Carlopolitana
P	Bagerhat		BD		22.66	89.79	266388	171	Bagergat|Bagerhat Town|Bagerkhat|Bagherhat
P	Az-Zuhūr	Az-Zuhur	EG		31.27	32.26	266381	12	Al Zohur|Az-Zukhur
P	Hà Tĩnh	Ha Tinh	VN		18.34	105.91	266321	163	Ha Thin|Ha Tin|Ho-tshin-su|Kha Tin|Thanh Sen
P	Saskatoon		CA		52.13	-106.67	266141	134	Saskatoun|Saskatun|Saskatuna|Saskatunas|Saskatuno
P	Chengzhong		CN		30.94	113.55	265886	211	Chehnzhun|Chengzhong Jiedao|Ying-ch'eng-hsien|Yingcheng
P	Djelfa		DZ		34.67	3.26	265833	3	Dzhelfa|Dzilfa|Jelfa
P	Chula Vista		US		32.64	-117.08	265757	107	Cula Vista
P	Shimonoseki		JP		33.96	130.94	265684	218	Simanaseki|Simonoseki|Simonoseki-chhi
P	Toledo		US		41.66	-83.56	265638	123	Fort Industry|Port Lawrence|Talida|Tolido|Upper Toledo|Vistula
P	Ulanhot		CN		46.08	122.08	265600	211	Horqin Youyi Qianqi|Huai-yuan-chen|K'o-erh-ch'in-yu-ch'ien-ch'i|K'o-erh-ch'in-yu-i-ch'ien-ch'i|Ulan Hoto|Ulan-Khoto|Ulanhot Shi|Van''yemyao|Wang-yeh-miao|Wangin Suem|Wangyemiao|Wu-lan-hao-t'e|Wu-lan-hao-t'e-shih|Wulanhaote Shi
P	Kibaha		TZ		-6.77	38.92	265360	16	Kibakha
P	Hulan Ergi		CN		47.20	123.63	265344	211	Fu-erh-la-chi|Fu-la-erh-chi|Fulaehrczi|Fularki|Lung-chiang
P	Bordeaux		FR		44.84	-0.58	265328	277	Bardo|Bordele|Bordeos|Bordeu|Bordeus|Bordo|Bordox|Bordozo|Bornto|Bourdel|Burdeos|Burdeus|Burdigala
P	Aachen		DE		50.78	6.08	265208	249	Aakhen|Aaxen|Achen|Achenas|Ahene|Aix-la-Chapelle|Aken|Akhen|Akisgran|Akwizgran|Aoke|Aquae Grani|Aquisgra|Aquisgran|Aquisgrana|Aquisgrano|Aquisgranum|Aquisgrao|Axhe|Axin|Cachy|Kreisfreie Stadt Aachen|Lungsod ng Aachen|Oche|Oochen
P	Gent		BE		51.05	3.72	265086	251	Gaent|Gand|Gandavum|Gandawa|Gande|Gant|Gante|Ganti|Gend|Gentas|Gente|Gento|Ghent|Gint
P	Gravataí	Gravatai	BR		-29.94	-50.99	265074	139	Gravatahy|Karavatay
P	Cité Soleil	Cite Soleil	HT		18.58	-72.34	265072	128	Cite Simone|Cite Simone Duvalier|Kite Soleil|Site Soley
P	Mantampay		PH		8.17	124.22	265032	194	Mantampaj
P	Ratlām	Ratlam	IN		23.33	75.04	264914	187	Hatlam
P	Nogales		MX		31.31	-110.94	264782	100	Heroica Nogales|Los Nogales
P	El Daein		SD		11.46	26.13	264734	26	Ad Du'ayn|Ad Duajn|Ad-Du'ain|Ed Daein|Ehl'-Dejn
P	Dezful		IR		32.38	48.41	264709	216	Dezfoul|Dizful
P	Donghai		CN		22.95	115.64	264709	211	Donghai Jiedao|Dunkhai|Lu-feng-hsien|Lu-feng-hsien-ch'eng|Lufeng|Lufung|Lukfung
P	Gunsan		KR		35.98	126.71	264656	210	Gunzan|Kunsan|Kunsanpo|Kunzan
P	Mossoró	Mossoro	BR		-5.19	-37.34	264577	90	Mocoro|Mosoro
P	Macaé	Macae	BR		-22.38	-41.78	264439	139	Macahe|Makae|Makaeh
P	Rānipet	Ranipet	IN		12.92	79.33	264330	187	Ranippettai
P	Brāhmanbāria	Brahmanbaria	BD		23.97	91.11	264326	171	Brakhmanbarija
P	Porto-Novo		BJ		6.50	2.60	264320	46	Borto-Novo|Porta-Nova|Porto Neuvo|Porto Nobo|Porto Novas|Portus Novus|Poto-Novo
P	Chernivtsi		UA		48.29	25.93	264298	265	Cernauti|Cernivci|Cernivciai|Cernivco|Cernivtsi|Cernovci|Cernovice|Cernovizza|Charnaucy|Chernivci|Chernovci|Chernovcy|Chernovits|Chernovitsy|Chernovsi|Chernovtsy|Csarnoca|Csernyivci|Czerniowce|Czernovicum|Czernowitz|Tchernivtsi|Tjernivtsi|Tschernowitz|Tsernivtsi|Tsjernivtsi|Txernivtsi
P	Jersey City		US		40.73	-74.08	264290	123	Arissheck|Dinas Jersey|Dzersi Siti|Dzersi Sitis|Dzersisitija|Dzerzi Siti|Dzhehrsi-Sici|Dzhersej Siti|Dzhersi-Siti|Dzhursi Siti|Hudson|Jersey Ceety|Paulus Hook|Paulus's Hook|Powles Hook|Thanh pho Jersey
P	Manta		EC		-0.95	-80.73	264281	96	Manta Ecuador|Puerto de Manta
P	Reno		US		39.53	-119.81	264165	107	Fullers Crossing|Lakes Crossing|Rehno|Reno-Stead|Rino|Rynas
P	Bégoua	Begoua	CF		4.45	18.53	264067	6	Begua
P	Riobamba		EC		-1.67	-78.66	264048	96	Rispampa
P	Sivas		TR		39.75	37.02	264022	261	Megalopolis|Sebastea|Sebastia|Sebastija|Sevas|Sevasteia|Sewas|Sivasas|Siwas
P	Dourados		BR		-22.22	-54.81	264017	74	Doradus|Dovrados
P	Rondonópolis	Rondonopolis	BR		-16.47	-54.64	263708	83	Rodonopolis
P	Wolverhampton		GB		52.59	-2.12	263700	268	Goulverchampton|Heantun|Ulvurkhamptun|Vulvergempton|Vulverhamptonas|Vulverhempton|Vulverhemptona|Vulverkhempton|Wulfrunehantona
P	Huayin		CN		34.57	110.07	263352	211	Hua-yin-hsien|Hua-yin-hsien-ch'eng|Hwayinhsien|Khuain'|Khuayanchuan
P	Pasarkemis		ID		-6.17	106.53	263289	180	
P	Fanling		HK		22.49	114.14	263200	178	Fan Leng|Fen-ling
P	Chiayi City		TW		23.48	120.45	263188	213	Chia-i|Chia-i-hsien|Chia-i-shih|Chiaj|Chiayi|Jiayi Shi|Jiayi Shih
P	Dongtai		CN		32.85	120.31	262873	211	Dongtai Shi|Dongtai Zhen|Duntai|Tung-t'ai|Tung-t'ai-chen|Tung-t'ai-hsien
P	Fuchū	Fuchu	JP		35.67	139.48	262790	218	
P	Jurong Town		SG		1.33	103.72	262730	212	Bandar Baharu Jurong|Dzhurong|Jurong|Jurong New Town|Jurong Village|Yulang
P	Marāgheh	Maragheh	IR	33	37.39	46.24	262604	216	Maraghen|Merage
P	Marāgheh	Maragheh	IR	42	35.83	59.63	262604	216	Maragheb|Maragkhekh
P	Quilmes		AR		-34.72	-58.25	262379	55	Kil'mes|Kilmesas
P	Fukui-shi		JP		36.06	136.22	262328	218	Fukui|Fukuj
P	Lal Bahadur Nagar		IN		17.35	78.56	261987	187	L.B.Nagar|Lal Bakhadur Nagar
P	Mönchengladbach	Moenchengladbach	DE		51.19	6.44	261742	249	Jlabbach|M'onkhengladbakh|Men'chen'nklantmpach|Menchengladbachas|Menhengladbaha|Menkhengladbakh|Mjonkhengladbakh|Monchengladbach|Muenchen-Gladbach
P	Bagong Silang		PH		14.78	121.04	261729	194	
P	Zhytomyr		UA		50.26	28.68	261624	265	Jitomir|Jytomyr|Schytomyr|Shitomir|Zhitomir|Zhitomiru|Zhytomir|Zitomir|Zitomiria|Zjytomyr|Zotomor|Zsitomir|Zytomierz|Zytomyr|Zytomyras
P	Karamay		CN		45.58	84.89	261445	221	Hei-yu-shan|K'o-la-ma-i|K'o-la-ma-i-shih|K'o-na-ma-i|Karamai|Karamaj|Karamaj khot|Karamajus|Karamay-chhi|Kelamayi|Kramaj
P	Arrah		IN		25.56	84.66	261430	187	Ara|Arrakh|Shahabad
P	Tongliao		CN		43.61	122.27	261110	211	Bayan Tala|Horqin Qu|Ke'erqin Qu|Pa-lin-ai-hsin|Pai-an-ta-la|Pai-yin-t'ai-lai|Payintala|T'ung-liao|T'ung-liao-hsien|T'ung-liao-shih|Thong Lieu|Thong-liau-chhi|Thung-liau-su|Tongliao Shi|Tonljao khot|Tung-lieu|Tunglao|Tungliaochen|Tunljao
P	Bariadi		TZ		-2.80	33.98	260927	16	Bariati
P	Antsirabe		MG		-19.87	47.03	260907	301	Ancirabe|Antisrabe|Sirabe
P	Chandler		US		33.31	-111.84	260828	127	Candler|Candlera|Candleris|Chandler Junction|Chandlur|Tsantler
P	Yei		SS		4.09	30.68	260720	24	Jej|Jejus|Yey
P	Tampere		FI		61.50	23.79	260646	259	Tammerfors|Tammerforsia|Tampereh
P	Mahajanga		MG		-15.72	46.32	260556	301	Machatzan'nka|Mahadzanga|Majunga|Makhadzanga|Makhadzhanga
P	Minato City		JP		35.66	139.75	260486	218	Minato
P	Fort Wayne		US		41.13	-85.13	260326	101	Arx Vainensis|Fort Gouein|Fort Miami|Fort Uejn|Fort Veinas|Fort Vejn|Fort Veyn|Fort-Uehjn|Fortveina|Frenchtown|Kekionga|Kiskakon|Miami Town|Omee Town|Post Miami|Twightwee Village
P	Plymouth		GB		50.37	-4.14	260203	268	Aberplymm|Pliemue|Plimmuta|Plimouth|Plimowt|Plimut|Plimuta|Plimutas|Plimuto|Suthtun on Defnum
P	Nianbo		CN		36.48	102.42	260184	211	Haidong|Khajdun|Le-tu|Ledu|Lo-tu|Lo-tu-hsien|Nianbai|Nien-po|Nien-po-chen|Nienpaihsien|Nyan'bo
P	Skardu		PK		35.30	75.63	260000	185	
P	Marawi City		PH		8.00	124.28	259993	194	City of Dansalan|Dansalan|Dansalan City|Islamic City of Marawi|Maraur|Maravi|Marawi
P	Embu das Artes		BR		-23.65	-46.85	259788	139	Ehmba|Embu Arte|Imbu|M'Boy
P	Qo‘qon	Qo'qon	UZ		40.53	70.94	259700	214	Kokand|Kokandas|Quqon
P	Tacloban		PH		11.24	125.00	259353	194	Bandaraya Tacloban|Ciudad ti Tacloban|Dakbayan sa Tacloban|Dakuban|Dayeuh Tacloban|Kota Tacloban|Lungsod ng Tacloban|Syudad han Tacloban|Syudad nin Tacloban|Taclaban|Tacloban City|Tacloban Lakanbalen|Takloban|Taklobana|Taklobanas|Taklompan|Taklopan|Tocloban|Urbs Taclobana
P	São José de Ribamar	Sao Jose de Ribamar	BR		-2.56	-44.06	259164	90	Ribamar|Sao Zhose De Ribamar|Sao-Jose-do-Ribamar
P	Changle		CN		36.71	118.83	259161	211	Ch'ang-lo|Ch'ang-lo-hsien|Ch'ang-lu|Chanle
P	Gajuwaka		IN		17.70	83.22	258944	187	Gajuuaka
P	Jining		CN	20	41.03	113.11	258757	211	Chi-ning|Chi-ning-hsien|Chi-ning-shih|Czinin|Jining Qu|P'ing-ti-ch'uan|P'ing-ti-ch'uan-chen|Tsining|Tszinin
P	Rishon LeTsiyyon		IL		31.97	34.79	258535	182	Ayun Kara|Le Tsiyon|Richon le Sion|Rischon LeZion|Rishon Le Zion|Rishon LeZiyyon|Rishon Letsiyon|Rishon Lsiyon|Rishon le Siyon|Rishon le Ziyon|Rishon-le-Cion|Risjon Letsion|Rison-Le-Ciono|Riszon le-Cijjon
P	Hiratsuka		JP		35.33	139.34	258422	218	Hiracuka|Hiratuka|Hiratuka-chhi|Khiracuka
P	Stoke-on-Trent		GB		53.00	-2.19	258366	268	Stok-on-Trehnt|Stok-on-Trent|Stok-on-Trento|Stoka pie Trentas|Stokas prie Trento|Stoke|Stoke-upon-Trent|Stoouk on Trent|Stouk na Trent|Stouk na Trentu|Stouk on Trent|The Potteries
P	Buffalo		US		42.89	-78.88	258071	123	Bafalas|Bafalo|Baffalo|Bufala|Bufalo|Bufalum|Buffalo i New York|Bupalo|De-o-tro-weh|De-ose-lole|Ne-o-thro-ra|New Amsterdam|Tick-e-ack-gou-ga
P	Verona		IT		45.44	10.99	258031	281	Verone|Werona
P	Ðà Lạt	Da Lat	VN		11.95	108.44	258014	177	
P	San Salvador de Jujuy		AR		-24.19	-65.29	257970	58	Jujuy|Khukhuj|San Sal'vador de Khukhuj|San Sal'vador de Zhuzhuj|San Salvador de Chuchujus|San Salvador de Xuxuy|San-Sal'vador-deh-Zhuzhuj|Sanctus Salvator Soteriae
P	Durham		US		35.99	-78.90	257636	123	Daram|Darehm|Darem|Daremas|Duram|Durhamsville
P	Etāwah	Etawah	IN		26.78	79.02	257448	187	Ehtavakh
P	Gasteiz / Vitoria		ES		42.85	-2.67	257407	270	Bittorixa|Gasteiz|Victoriacum|Vitoria|Vitoria-Gasteiz|Vitorija|Vitorija-Gastejs|Vitorio
P	Rugao		CN		32.37	120.58	257400	211	
P	Gómez Palacio	Gomez Palacio	MX		25.57	-103.50	257352	119	Gomes-Palasio
P	St. Petersburg		US		27.77	-82.68	257083	123	Saint Pete|Saint Petersburg|Sent-Pitersberg
P	L'Hospitalet de Llobregat		ES		41.36	2.10	257038	270	Hospitalet de Llobregat|Ospitalet-de-L'obregat|l'Hospitalet
P	Gdynia		PL		54.52	18.53	257000	298	Civitas Gdinensis|Gdina|Gdingen|Gdinio|Gdinja|Gdinya|Gdyna|Gdyne|Gdynja|Gotenhafen|Gothenhafen|Kak-ten-ni-a|Nkntinia|Qdinya
P	Cilacap		ID		-7.73	109.01	256996	180	Chilachap|Kilakap|Tjilatjap
P	Irvine		US		33.67	-117.82	256927	107	Ervajn|Irvajn|Irvin|Irvinas
P	Kitchener		CA		43.43	-80.51	256885	148	Ebytown|Kiceneris|Kicenero|Kichener|Kitchehner|Town of Berlin
P	Suicheng		CN		33.90	117.93	256665	211	Sui-ch'eng-chen|Sui-ning-ch'eng|Sui-ning-hsien|Suining|Sujchehn
P	Nada		CN		19.52	109.58	256652	211	Chan-hsien|Dan'chzhou|Danxian|Danzhou|Danzhou Shi|Na-ta|Na-ta-chen|Na-ta-shih|Nada Zhen|Nodoa|Tan-hsien
P	Los Mochis		MX		25.79	-109.00	256613	115	Los Mocis|Mochis
P	Bratsk		RU		56.13	101.61	256600	179	Brack|Bratska|Bratskas
P	Pachuca de Soto		MX		20.12	-98.73	256584	117	Pachuca|Pachuka|Pachuka de Soto|Pachyohcan Soto|Pacuka|Pasuca Sotoensis
P	Chingola		ZM		-12.53	27.88	256560	34	Cingola
P	Sumy		UA		50.92	34.80	256474	265	Soemi|Soemy|Soumy|Sumad|Sumae|Sumai|Sumi|Sumio|Sumo|Szumi
P	Milton Keynes		GB		52.04	-0.76	256385	268	Milton Keinsas|Milton Kins|Milton-Kinz
P	Indaiatuba		BR		-23.09	-47.21	256223	139	Indajatuba
P	Laredo		US		27.51	-99.51	256153	79	Laredum|Villa de San Augustine de Laredo
P	Juazeiro		BR		-9.41	-40.50	256122	67	Joazeiro|Zhuazeiro
P	Vila Flor		AO		-8.98	13.31	256066	32	
P	Germiston		ZA		-26.21	28.16	255863	23	Dzhermiston|Germinston|kwaDukathole
P	Parakou		BJ		9.34	2.63	255478	46	Paraku
P	Isiro		CD		2.77	27.62	255409	33	Isirio|Iziro|Paulis
P	Sari		IR		36.56	53.06	255396	216	Sari i Iran|Saris|Sariyo|Shahr-i-Tajan|Shari-i-Tajan|Sori|Szari
P	Tarakan		ID		3.31	117.59	255310	193	Kota Tarakan|Kutha Tarakan
P	Kenema		SL		7.88	-11.19	255110	20	Keneme
P	Oaxaca		MX		17.06	-96.73	255029	117	Byen Oaxaca|Guaxaca|Huaxyacac Juarez|Lungsod ng Oaxaca|Ndua|Oachaka|Oachaka nte Chouares|Oahaka|Oakhaka|Oakhaka de Khuares|Oakhakae-de-Khuares|Oaksaka de Khuarez|Oaxaca City|Oaxaca by|Oaxaca de Juarez|Oaxaka de Juarez|Oaxaka de Xuares|Santa Maria
P	Al Madīnah	Al Madinah	IQ		30.96	47.27	255000	160	Al Madina|Al Madinakh|Medina|Medineh
P	Mossamedes		AO		-15.20	12.15	255000	32	Mocamedes|Mosamedes|Namibe
P	Hobart		AU		-42.88	147.33	254930	240	Chompart|Gobart|Hobart Town|Hobarta|Hobartas|Hobarto|Hobat|Khobart|Khoubart
P	Ikot Ekpene		NG		5.18	7.71	254806	29	
P	Woodlands		SG		1.44	103.79	254440	212	Vudlands|Woodlands New Town|WuLan
P	Hanam		KR		37.54	127.21	254415	210	Hanam-si|Khanam
P	Mueang Nonthaburi		TH		13.86	100.51	254375	163	Non Buri|Nondaburi|Nondha Buri|Nonthaburi|Nontkhaburi
P	Muridke		PK		31.80	74.26	254291	185	Muridike
P	Saint-Louis		SN		16.02	-16.49	254171	15	Ndar|SanLuis|Sen Lui|Sen Luji|Senegalyn Sen-Lui|St-Louis
P	Batu Caves		MY		3.24	101.68	254083	189	Peshhery Batu
P	Novo Hamburgo		BR		-29.68	-51.13	253841	139	Novo Amburgo|Novo Hamburg|Novu-Amburgu|Potiguara
P	Jurong West		SG		1.35	103.72	253840	212	Dzhurong Vest|Jurong West New Town
P	Singkawang		ID		0.91	108.98	253812	202	Sekawang|Singkavang
P	Cox’s Bāzār	Cox's Bazar	BD		21.44	92.01	253788	171	Koks-Bazar
P	Cotia		BR		-23.60	-46.92	253608	139	Cutia|Kotia
P	Petaẖ Tiqva	Petah Tiqva	IL		32.09	34.89	253529	182	Mulebbis|Pehtakh-Tikva|Petach Tikva|Petach Tikwa|Petah Tikva|Petah Tikwah|Petah Tiqwa|Petaj Tikva|Petakh Tikva|Petakh-Tykva|Pethah Tiqva|Tigrah
P	Marg‘ilon	Marg'ilon	UZ		40.47	71.72	253500	214	Margelan|Marghilon|Margilan
P	Ambarnath		IN		19.20	73.17	253475	187	Amarnath|Amarnatkh
P	Godomè	Godome	BJ		6.39	2.35	253262	46	Godomey
P	Naihāti	Naihati	IN		22.89	88.42	253221	187	Naikhati
P	Braşov	Brasov	RO		45.65	25.61	253200	252	Brashov|Brasso|Braszow|Brazov|Kronstadt|Kronstant|Kruhnen|Orasu Stalin|Orasul Stalin
P	Xuân Lộc	Xuan Loc	VN		10.93	107.23	253140	177	Ksuan Lok|Xa Xuan Loc
P	Richards Bay		ZA		-28.78	32.04	252968	23	Ricardusbaia|Richards Bej|Richardsbaai
P	Qina		EG		26.16	32.73	252883	12	Caene|Kena|Keneh|Qana|Qena
P	Bharatpur		IN		27.22	77.49	252838	187	Baratpuras|Batarpur|Bcharatpour|Bharatpura|Bkharatpur
P	Vantaa		FI		60.29	25.04	252724	259	Vanda|Vanta|Vantania
P	Porto		PT		41.15	-8.61	252687	266	Oporto|Portu|Portus Cale
P	Kiel		DE		54.32	10.13	252668	249	Kielia|Kielo|Kil|Kile|Kilo|Kilonia|Kyle|Kylis
P	El Fasher		SD		13.63	25.35	252609	26	Al Fashir|Al-Faschir|Al-Fasir|Ehl'-Fasher|Ehl'-Fashir|El'-Fashir|Tendelti
P	Thiès Nones	Thies Nones	SN		14.78	-16.97	252320	15	Ties Nones
P	Suihua		CN		46.65	126.97	252245	211	Chui-hua|Pei-lin-tzu|Pei-t'uan-lin-tzu|Suej-chua|Suejkhua|Sui-hoa-chhi|Sui-hua-chen|Sui-hua-hsien|Sui-hwa|Suihua Shi|Sujkhua|Tuy Hoa
P	Los Teques		VE		10.35	-67.04	252242	76	Los Tekes|Los Tekesas
P	Santiago del Estero		AR		-27.80	-64.26	252192	57	Ciudad de Santiago del Estero|Provincia de Santiago del Estero|Sanctus Iacobus ad Uligines|Sant'jago-del'-Ehstero|Sant'jago-del'-Estero|Santijago del Estero|Santjaga-dehl'-Ehstehra|Santjago del Esteras
P	Sétif	Setif	DZ		36.19	5.41	252127	3	Sathif|Satif|Setifas|Setyf|Sitifis
P	Begusarai		IN		25.42	86.13	252008	187	Begusaraj|Begusarajus|Bekousarai
P	Borūjerd	Borujerd	IR		33.90	48.75	251958	216	Borudzherd|Burujird
P	Qarchak		IR		35.43	51.58	251834	216	Garchak
P	Afyonkarahisar		TR		38.76	30.54	251799	261	Acroenus|Af'on-Karakhisar|Afion|Afion Garahisar|Afion Karachisar|Afion Karahissar|Afion-Karahisar|Afionkarakhisar|Afioun-Kara-Hissar|Afium Kara Hissar|Afium Karahisar|Afiun Karahissar|Afiun Qarahisar|Afiun-Carahissar|Afjon|Afjonkarahisara|Afjonkarahisaras|Afyon|Afyoncarahisar|Afyonkarahissar|Kara Hissar Sahib|Karahisarisahip
P	İskenderun	Iskenderun	TR		36.59	36.17	251682	261	Alejandreta|Aleksandretta|Alessandretta|Alexandretta|Alexandrette|Alexandria ad Issum|Iskandariyah|Iskanderun|Iskendehrun|Iskenderon|Iskenderunas|Lissandretta|Myriandrus
P	Maracanaú	Maracanau	BR		-3.88	-38.63	251613	90	Marakanau
P	Ota		NG		6.69	3.23	251546	29	Otta|Sango Ota|Sango Otta
P	Thika		KE		-1.03	37.07	251407	41	Dhika|Tik
P	San Fernando		PH		15.03	120.68	251248	194	Dakbayan sa San Fernando|Kota San Fernando|Lungsod ng San Fernando|San Fernando City|San Fernando Lakanbalen|Santo Rosario|Siyudad na San Fernando|Urbs Sancti Ferdinandi
P	Menongue		AO		-14.66	17.69	251178	32	Menonge|Menongve|Serpa Pinto|Vila Serpa Pinto
P	Jacareí	Jacarei	BR		-23.31	-45.97	250952	139	Jacarehy|Zhakarei
P	Jimma		ET		7.67	36.83	250900	2	Djimma|Dzhimma|Dzima|Dzimma|Gima|Gimma|Jima|Tzima
P	Timişoara	Timisoara	RO		45.75	21.23	250849	252	Freidorf|Josefvarosa|Josephs-Stadt|Jozsefvaros|Kendetelep|Szabadfalu|Temeschburg|Temeschwar|Temesvar|Temesvarinum|Temeswar|Temishvar|Temisoara|Temisvar|Timishoara|Timisvar
P	Santa Clara		CU		22.41	-79.97	250512	99	Santa Klara|Santa-Klaro
P	Iwo		NG		7.64	4.18	250443	29	Ivo
P	A Coruña	A Coruna	ES		43.37	-8.40	250438	270	A Cruna|A Koruna|A-Korun'ja|Caronium|Coruna|Corunako|Corunha|Corunya|In Coruna|Koruna|Korunjo|La Corogne|La Coronha|La Coruna|La Koruna|La Korunja|La Korunya|La-Karun'ja|The Groyne
P	Libertad		PH		8.94	125.50	250353	194	
P	La Paz		MX		24.14	-110.31	250141	115	La-Pas|Paz
P	Kelar		IQ		34.63	45.32	250000	160	Kalar|Kallar|Klar
P	Niš	Nis	RS		43.32	21.90	250000	248	Nich|Nisch|Nish|Niso|Nissa|Nisz|Nix
P	Singa		SD		13.15	33.93	250000	26	Senga|Sindscha|Sindza|Sinja|Sinjah
P	San Bernardo		CL		-33.59	-70.70	249858	137	
P	Sōka	Soka	JP		35.84	139.80	249645	218	
P	Mzuzu		MW		-11.47	34.02	249564	9	
P	Navotas		PH		14.67	120.95	249463	194	
P	Tiruvottiyūr	Tiruvottiyur	IN		13.16	80.30	249446	187	
P	Burnaby		CA		49.27	-122.95	249125	150	
P	Lubbock		US		33.58	-101.86	249042	79	
P	Thị Trấn Đông Triều	Thi Tran GJong Trieu	VN		21.08	106.51	248896	163	
P	Yamagata		JP		38.23	140.37	248772	218	
P	Tehuacán	Tehuacan	MX		18.46	-97.40	248716	117	
P	Guarenas		VE		10.47	-66.62	248588	76	
P	Laferrere		AR		-34.75	-58.58	248362	55	
P	Montpellier		FR		43.61	3.88	248252	277	
P	Jimeta		NG		9.28	12.46	248148	29	
P	Częstochowa	Czestochowa	PL		50.80	19.12	248125	298	
P	Gāndhīdhām	Gandhidham	IN		23.08	70.13	247992	187	
P	Beibei		CN		29.83	106.44	247702	211	
P	Insein		MM		16.89	96.10	247675	225	
P	City of Westminster		GB		51.50	-0.14	247614	268	
P	Gilbert		US		33.35	-111.79	247542	127	
P	Chemnitz		DE		50.84	12.93	247220	249	
P	Paraná	Parana	AR		-31.73	-60.53	247139	57	
P	San Miguel		SV		13.48	-88.18	247126	89	
P	Shijie		CN		23.10	113.79	246960	211	
P	Chitato		AO		-7.30	20.73	246880	32	
P	Orsk		RU		51.23	58.49	246836	226	
P	Vanderbijlpark		ZA		-26.71	27.84	246754	23	
P	Coro		VE		11.41	-69.68	246657	76	
P	Americana		BR		-22.74	-47.33	246655	139	
P	Hami		CN		42.83	93.51	246373	221	
P	Gaborone		BW		-24.65	25.91	246325	21	
P	Al ‘Āshir min Ramaḑān	Al 'Ashir min Ramadan	EG		30.30	31.75	246148	12	
P	Mau		IN		25.94	83.56	246050	187	
P	Puerto Montt		CL		-41.47	-72.94	245902	137	
P	Northampton		GB		52.25	-0.88	245899	268	
P	Juliaca		PE		-15.50	-70.13	245675	106	
P	Fuji		JP		35.17	138.68	245392	218	
P	Gyeongju		KR		35.84	129.21	245365	210	
P	Águas Lindas de Goiás	Aguas Lindas de Goias	BR		-15.76	-48.28	245352	139	
P	Sinfra		CI		6.62	-5.91	245226	0	
P	Syktyvkar		RU		61.66	50.82	245083	275	
P	Gorgān	Gorgan	IR		36.84	54.44	244937	216	
P	Nizhnevartovsk		RU		60.93	76.55	244937	226	
P	Shahkot		PK		31.57	73.49	244868	185	
P	Groningen		NL		53.22	6.57	244807	244	
P	Biratnagar		NP		26.46	87.27	244750	186	
P	Braunschweig		DE		52.27	10.53	244715	249	
P	Valera		VE		9.32	-70.60	244708	76	
P	Sīkar	Sikar	IN		27.61	75.14	244497	187	
P	Bago		MM		17.34	96.48	244376	225	
P	Magdeburg		DE		52.13	11.63	244329	249	
P	Baruta		VE		10.43	-66.88	244216	76	
P	Magé	Mage	BR		-22.65	-43.04	244142	139	
P	Trabzon		TR		41.01	39.73	244083	261	
P	Tri-Cities		US		46.25	-119.20	244036	107	
P	Jessore		BD		23.17	89.21	243987	171	
P	Manisa		TR		38.61	27.43	243971	261	
P	Arapiraca		BR		-9.75	-36.66	243906	109	
P	Rivne		UA		50.62	26.24	243873	265	
P	Padangsidempuan		ID		1.38	99.27	243843	180	
P	Probolinggo		ID		-7.75	113.22	243746	180	
P	Sabzevar		IR		36.21	57.68	243700	216	
P	Musaffah		AE		24.36	54.48	243341	173	
P	Sasebo		JP		33.17	129.73	243223	218	
P	Angarsk		RU		52.56	103.91	243158	179	
P	Ramagundam		IN		18.75	79.47	242979	187	
P	Hāpur	Hapur	IN		28.73	77.78	242920	187	
P	Chigasaki		JP		35.34	139.40	242798	218	
P	Toli-Toli		ID		1.04	120.82	242783	193	
P	Chōfu	Chofu	JP		35.66	139.55	242614	218	
P	Berbera		SO		10.44	45.01	242344	39	
P	Jiyuan		CN		35.09	112.59	242143	211	
P	Yamato		JP		35.47	139.45	242065	218	
P	Man		CI		7.41	-7.55	241969	0	
P	Bahawalnagar		PK	04	30.00	73.25	241873	185	
P	Bahawalnagar		PK	04	30.55	73.39	241873	185	
P	Novorossiysk		RU		44.73	37.76	241856	275	
P	Tsukuba		JP		36.08	140.12	241656	218	
P	Arica		CL		-18.48	-70.30	241653	137	
P	Peñalolén	Penalolen	CL		-33.47	-70.53	241599	137	
P	Rio Verde		BR		-17.80	-50.93	241494	139	
P	Laohekou		CN		32.39	111.67	241431	211	
P	Hải Dương	Hai Duong	VN		20.94	106.33	241373	163	
P	Winston-Salem		US		36.10	-80.24	241218	123	
P	Farrukhābād	Farrukhabad	IN		27.39	79.58	241152	187	
P	Matsumoto		JP		36.23	137.97	241145	218	
P	Alappuzha		IN		9.49	76.33	240991	187	
P	Itapevi		BR		-23.55	-46.93	240961	139	
P	Katihar		IN		25.54	87.57	240838	187	
P	Buenaventura		CO	29	3.88	-77.03	240387	72	
P	Ciudad Ojeda		VE		10.20	-71.31	240283	76	
P	Gucun		CN		31.35	121.39	240185	211	
P	Glendale		US	AZ	33.54	-112.19	240126	127	
P	Xiulin		CN		29.72	112.40	240082	211	
P	Navegantes		AO		-12.59	13.39	240075	32	
P	Itaboraí	Itaborai	BR		-22.74	-42.86	240040	139	
P	Klang		MY		3.04	101.44	240016	189	
P	Golestān	Golestan	IR		35.52	51.18	240000	216	
P	Khimki		RU		55.90	37.43	239967	275	
P	Horlivka		UA		48.30	38.02	239828	265	
P	Nacala		MZ		-14.56	40.69	239808	36	
P	Xiantao		CN		30.37	113.44	239406	211	
P	Nalchik		RU		43.50	43.62	239300	275	
P	Hachinohe		JP		40.50	141.50	239046	218	
P	Sete Lagoas		BR		-19.47	-44.25	238909	139	
P	Osan		KR		37.15	127.07	238788	210	
P	Lille		FR		50.63	3.06	238695	277	
P	Neyagawa		JP		34.77	135.63	238549	218	
P	Ormoc		PH		11.01	124.61	238545	194	
P	Cabo Frio		BR		-22.89	-42.03	238438	139	
P	Magdalena Contreras		MX		19.33	-99.21	238431	117	
P	Nāgarpur	Nagarpur	BD		24.06	89.88	238422	171	
P	Kasulu		TZ		-4.58	30.10	238321	16	
P	Ivano-Frankivsk		UA		48.92	24.71	238196	265	
P	Ngaoundéré	Ngaoundere	CM		7.33	13.58	238196	18	
P	Balıkesir	Balikesir	TR		39.65	27.89	238151	261	
P	Temuco		CL		-38.74	-72.60	238129	137	
P	Norfolk		US		36.85	-76.29	238005	123	
P	Krefeld		DE		51.34	6.55	237984	249	
P	Halle (Saale)		DE		51.48	11.98	237865	249	
P	Sri Ganganagar		IN		29.92	73.87	237780	187	
P	Marília	Marilia	BR		-22.21	-49.95	237627	139	
P	Amarapura		MM		21.91	96.05	237618	225	
P	Kilamba		AO		-8.85	13.28	237528	32	
P	Āmol	Amol	IR		36.47	52.35	237528	216	
P	Freiburg		DE		48.00	7.85	237460	249	
P	Batangas		PH		13.76	121.06	237370	194	
P	Al Jubayl		SA		27.02	49.62	237274	207	
P	Tŏkch’ŏn	Tokch'on	KP		39.75	126.26	237133	203	
P	Oldham		GB		53.54	-2.12	237110	268	
P	Pathein		MM		16.78	94.73	237089	225	
P	Hialeah		US		25.86	-80.28	237069	123	
P	Kunri		PK		25.18	69.57	237063	185	
P	Sylhet		BD		24.90	91.87	237000	171	
P	Paarl		ZA		-33.73	18.98	236910	23	
P	Garland		US		32.91	-96.64	236897	79	
P	Podgorica		ME		42.44	19.26	236852	278	
P	Scottsdale		US		33.51	-111.90	236839	127	
P	Hortolândia	Hortolandia	BR		-22.86	-47.22	236641	139	
P	Irving		US		32.81	-96.95	236607	79	
P	Centurion		ZA		-25.86	28.19	236580	23	
P	Qingzhou		CN		36.70	118.48	236406	211	
P	Pākdasht	Pakdasht	IR		35.48	51.68	236319	216	
P	Kajang		MY		2.99	101.79	236240	189	
P	Eindhoven		NL		51.44	5.48	235691	244	
P	Boise		US		43.61	-116.20	235684	73	
P	Rewa		IN		24.53	81.29	235654	187	
P	Yakutsk		RU		62.03	129.72	235600	224	
P	Bole		CN		44.89	82.07	235585	211	
P	Muzaffargarh		PK		30.07	71.19	235541	185	
P	Chesapeake		US		36.82	-76.27	235429	123	
P	Uluberiya		IN		22.48	88.10	235345	187	
P	Ipatinga		BR		-19.47	-42.54	235311	139	
P	Dali		CN		25.58	100.21	235305	211	
P	Najafābād	Najafabad	IR		32.63	51.37	235281	216	
P	Thành Phố Bà Rịa	Thanh Pho Ba Ria	VN		10.50	107.17	235192	177	
P	Georgetown		GY		6.80	-58.16	235017	97	
P	Xiangxiang		CN		27.73	112.53	235000	211	
P	Kismayo		SO		-0.36	42.55	234852	39	
P	North Las Vegas		US		36.20	-115.12	234807	107	
P	Elche		ES		38.26	-0.70	234765	270	
P	Presidente Prudente		BR		-22.13	-51.39	234706	139	
P	Sivakasi		IN		9.45	77.80	234704	187	
P	Kindu		CD		-2.94	25.92	234651	33	
P	Digri		PK		25.16	69.11	234578	185	
P	Nizhnekamsk		RU		55.64	51.82	234297	275	
P	Karur		IN		10.96	78.08	234191	187	
P	Lubuklinggau		ID		-3.29	102.86	234166	180	
P	Craiova		RO		44.32	23.80	234140	252	
P	Rāichūr	Raichur	IN		16.21	77.36	234073	187	
P	Pallāvaram	Pallavaram	IN		12.97	80.15	233984	187	
P	Danlí	Danli	HN		14.03	-86.58	233789	146	
P	Yongkang		TW		23.02	120.26	233730	213	
P	Bo		SL		7.96	-11.74	233684	20	
P	Granada		ES		37.19	-3.61	233532	270	
P	Ooty		IN		11.41	76.70	233426	187	
P	Saga		JP		33.23	130.30	233301	218	
P	Magugpo Poblacion		PH		7.45	125.80	233254	194	
P	Dzerzhinsk		RU		56.24	43.46	233126	275	
P	Pemba		MZ		-12.97	40.52	232932	36	
P	Geoje		KR		34.81	128.71	232921	210	
P	Teluk Intan		MY		4.02	101.02	232800	189	
P	Singida		TZ		-4.82	34.74	232459	16	
P	Kigoma		TZ		-4.88	29.63	232388	16	
P	Colombo		BR		-25.29	-49.22	232212	139	
P	Fremont		US		37.55	-121.99	232206	107	
P	Viamão	Viamao	BR		-30.08	-51.02	231996	139	
P	Jiayuguan		CN		39.81	98.29	231853	211	
P	Abadan		IR		30.34	48.30	231476	216	
P	Taytay		PH		14.56	121.13	231460	194	
P	Phổ Yên	Pho Yen	VN		21.42	105.89	231363	163	
P	Neuquén	Neuquen	AR		-38.95	-68.06	231198	61	
P	Divinópolis	Divinopolis	BR		-20.14	-44.89	231091	139	
P	Türkmenabat	Tuerkmenabat	TM		39.07	63.58	230861	158	
P	Sơn Tây	Son Tay	VN		21.14	105.51	230577	163	
P	Ninh Hòa	Ninh Hoa	VN		12.49	109.12	230566	177	
P	Pasir Mas		MY		6.05	102.14	230424	189	
P	Purwokerto		ID		-7.42	109.23	230235	180	
P	José C. Paz	Jose C. Paz	AR		-34.52	-58.77	230208	55	
P	Marka		SO		1.72	44.77	230100	39	
P	Pāli	Pali	IN		25.77	73.32	230075	187	
P	Atani		NG		6.01	6.75	230000	29	
P	Mariupol		UA		47.10	37.54	230000	265	
P	Ḩalwān	Halwan	EG		29.84	31.30	230000	12	
P	Huanren		CN		41.26	125.37	229953	211	
P	Changzheng		CN		31.24	121.37	229925	211	
P	Kasukabe		JP		35.98	139.75	229792	218	
P	Paris 15 Vaugirard		FR		48.84	2.30	229713	277	
P	Windsor		CA		42.30	-83.02	229660	148	
P	Hosūr	Hosur	IN		12.74	77.83	229528	187	
P	Spokane		US		47.66	-117.43	229447	107	
P	Tripoli		LB		34.43	35.84	229398	165	
P	Longueuil		CA		45.52	-73.47	229330	148	
P	Ordu		TR		40.98	37.89	229214	261	
P	San Fernando de Apure		VE		7.89	-67.47	229197	76	
P	Croix-des-Bouquets		HT		18.58	-72.23	229127	128	
P	Lucena		PH		13.93	121.62	228758	194	
P	Yishun New Town		SG		1.43	103.83	228730	212	
P	Vizianagaram		IN		18.12	83.41	228720	187	
P	Jinchang		CN		38.50	102.19	228561	211	
P	Phan Thiết	Phan Thiet	VN		10.93	108.10	228536	177	
P	Şabyā	Sabya	SA		17.15	42.63	228375	207	
P	Netanya		IL		32.33	34.86	228204	182	
P	Ciudad Lineal		ES		40.45	-3.65	228171	270	
P	Meycauayan		PH		14.74	120.96	228023	194	
P	Aliayabiagba		NG		6.45	3.33	228000	29	
P	Bexley		GB		51.44	0.15	228000	268	
P	Nassau		BS		25.06	-77.34	227940	122	
P	San Lorenzo		PY		-25.34	-57.51	227876	66	
P	Rennes		FR		48.11	-1.67	227830	277	
P	Mohammedia		MA		33.69	-7.38	227799	13	
P	Guatire		VE		10.47	-66.54	227666	76	
P	Tanjung Pinang		ID		0.92	104.46	227663	180	
P	Baton Rouge		US		30.44	-91.19	227470	79	
P	Criciúma	Criciuma	BR		-28.68	-49.37	227438	139	
P	Sosnowiec		PL		50.29	19.10	227295	298	
P	Turkistan		KZ		43.29	68.26	227098	154	
P	Klerksdorp		ZA		-26.85	26.67	227039	23	
P	Staryy Oskol		RU		51.30	37.85	226977	275	
P	Ageo		JP		35.97	139.61	226940	218	
P	Gusau		NG		12.17	6.66	226857	29	
P	Kamyanske		UA		48.52	34.61	226845	265	
P	Ashdod		IL		31.79	34.65	226838	182	
P	Radom		PL		51.40	21.15	226794	298	
P	Paya Terubong		MY		5.37	100.28	226712	189	
P	Richmond		US	VA	37.55	-77.46	226610	123	
P	Chang-hua		TW		24.07	120.56	226564	213	
P	Changhua		TW		24.07	120.55	226564	213	
P	Điện Bàn	GJien Ban	VN		15.89	108.25	226564	177	
P	Takarazuka		JP		34.80	135.36	226432	218	
P	Nzérékoré	Nzerekore	GN		7.76	-8.82	226426	14	
P	Regina		CA		50.45	-104.62	226404	134	
P	Cà Mau	Ca Mau	VN		9.18	105.15	226372	177	
P	Shrīrāmpur	Shrirampur	IN		22.75	88.34	226317	187	
P	Pangkalpinang		ID		-2.13	106.11	226297	180	
P	Huanggang		CN	30	23.68	117.00	225956	211	
P	Quthbullapur		IN		17.50	78.46	225816	187	
P	Mubi		NG		10.27	13.27	225705	29	
P	Varāmīn	Varamin	IR		35.32	51.65	225628	216	
P	Batu		ID		-7.87	112.53	225408	180	
P	Somerset West		ZA		-34.08	18.82	225289	23	
P	Luton		GB		51.88	-0.42	225262	268	
P	Ternopil		UA		49.55	25.59	225238	265	
P	Bitung		ID		1.44	125.13	225134	193	
P	Mymensingh		BD		24.76	90.41	225126	171	
P	Blagoveshchensk		RU		50.28	127.53	225091	224	
P	Nadiād	Nadiad	IN		22.69	72.86	225071	187	
P	Kumba		CM		4.64	9.45	225046	18	
P	Košice	Kosice	SK		48.71	21.26	225044	250	
P	Kremenchuk		UA		49.06	33.40	224997	265	
P	Jingling		CN		30.65	113.10	224871	211	
P	Nāgercoil	Nagercoil	IN		8.18	77.43	224849	187	
P	Sucre		BO		-19.03	-65.26	224838	105	
P	Mutare		ZW		-18.97	32.67	224802	22	
P	Ōta	Ota	JP	10	36.30	139.37	224358	218	
P	Puerto Vallarta		MX		20.62	-105.23	224166	117	
P	Minamirinkan		JP		35.50	139.44	224015	218	
P	Cork		IE		51.90	-8.47	224004	256	
P	Atsugi		JP		35.44	139.37	223960	218	
P	Heihe		CN		50.24	127.49	223832	211	
P	Mango		IN		22.83	86.22	223805	187	
P	Sinop		BR		-11.86	-55.50	223780	83	
P	Paramaribo		SR		5.87	-55.17	223757	126	
P	Klungkung		ID		-8.53	115.40	223720	193	
P	Narayanganj		BD		23.61	90.50	223622	171	
P	NIA Valencia		PH		7.91	125.09	223620	194	
P	Tongchuanshi		CN		35.07	109.08	223603	211	
P	Concepción	Concepcion	CL		-36.83	-73.05	223574	137	
P	Ramadi		IQ		33.42	43.31	223500	160	
P	Paradise		US		36.10	-115.15	223167	107	
P	Tacoma		US		47.25	-122.44	222906	107	
P	Mainz		DE		49.98	8.28	222889	249	
P	Velikiy Novgorod		RU		58.52	31.27	222868	275	
P	Sungai Buloh		MY		3.21	101.56	222858	189	
P	Puerto Princesa		PH		9.74	118.74	222673	194	
P	Palhoça	Palhoca	BR		-27.65	-48.67	222598	139	
P	Xintai		CN		35.90	117.75	222459	211	
P	El Tigre		VE		8.89	-64.25	222450	76	
P	Haeju		KP		38.04	125.71	222396	203	
P	Formosa		AR		-26.18	-58.17	222226	57	
P	Ikire		NG		7.37	4.19	222160	29	
P	Jiexiu		CN		37.02	111.91	222100	211	
P	La Ceiba		HN	01	15.76	-86.78	222055	146	
P	Tilburg		NL		51.56	5.09	221947	244	
P	Ba Dinh		VN		21.04	105.83	221893	163	
P	Murwāra	Murwara	IN		23.84	80.39	221883	187	
P	Moshi		TZ		-3.35	37.33	221733	16	
P	Kanchipuram		IN		12.84	79.70	221715	187	
P	Sousse		TN		35.83	10.64	221715	49	
P	Tuluá	Tulua	CO		4.08	-76.20	221684	72	
P	Soyo		AO		-6.13	12.37	221555	32	
P	Sóc Trăng	Soc Trang	VN		9.60	105.97	221430	177	
P	Kankan		GN		10.39	-9.31	221428	14	
P	Shakhty		RU		47.72	40.22	221312	275	
P	Mbarara		UG		-0.60	30.65	221300	25	
P	Luziânia	Luziania	BR		-16.25	-47.95	221262	139	
P	Olongapo		PH		14.83	120.28	221178	194	
P	Ibarra		EC		0.35	-78.12	221149	96	
P	Banja Luka		BA		44.78	17.21	221106	284	
P	Neyshābūr	Neyshabur	IR		36.21	58.80	220929	216	
P	Sāveh	Saveh	IR		35.02	50.36	220762	216	
P	Wuxue		CN		29.85	115.55	220661	211	
P	Chí Linh	Chi Linh	VN		21.07	106.32	220421	177	
P	Campeche		MX		19.84	-90.52	220389	116	
P	Quận Ba	Quan Ba	VN		10.77	106.69	220375	177	
P	Singrauli		IN		24.20	82.68	220257	187	
P	Mirzāpur	Mirzapur	IN		25.14	82.57	220029	187	
P	Oviedo		ES		43.36	-5.84	220027	270	
P	Bandar Seri Alam		MY		1.50	103.88	220000	189	
P	Sorong		ID		-0.88	131.26	219958	181	
P	Messina		IT		38.19	15.55	219948	281	
P	Dehiwala-Mount Lavinia		LK		6.84	79.87	219827	169	
P	Kropyvnytskyi		UA		48.51	32.27	219676	265	
P	Kharagpur		IN		22.34	87.33	219665	187	
P	Kabinda		CD		-6.14	24.48	219396	33	
P	Jacobabad		PK		28.28	68.44	219315	185	
P	Tunduma		TZ		-9.30	32.77	219309	16	
P	Binangonan		PH		14.46	121.19	219204	194	
P	Oberhausen		DE		51.48	6.86	219176	249	
P	Chon Buri		TH		13.36	100.98	219164	163	
P	Santa Luzia		BR		-19.77	-43.85	219132	139	
P	Prokop’yevsk	Prokop'yevsk	RU		53.92	86.72	219000	197	
P	Samambaia		BR		-15.88	-48.10	218840	139	
P	Erfurt		DE		50.98	11.04	218793	249	
P	Esmeraldas		EC		0.96	-79.65	218727	96	
P	Terrassa		ES		41.57	2.02	218535	270	
P	Barking		GB		51.53	0.08	218534	268	
P	Wuhai		CN		39.68	106.82	218427	211	
P	Valparaíso de Goiás	Valparaiso de Goias	BR		-16.07	-47.98	218416	139	
P	Khuzdar		PK		27.81	66.61	218112	185	
P	Koutiala		ML		12.39	-5.47	218031	5	
P	Eluru		IN		16.71	81.10	218020	187	
P	San Pedro de Macorís	San Pedro de Macoris	DO		18.45	-69.31	217899	138	
P	Galaţi	Galati	RO		45.44	28.05	217851	252	
P	Badalona		ES		41.45	2.25	217741	270	
P	Mokotów	Mokotow	PL		52.19	21.03	217683	298	
P	Taiping		MY		4.85	100.73	217647	189	
P	Yintai		CN		35.12	109.10	217509	211	
P	Yamuna Nagar		IN		30.13	77.28	217071	187	
P	Cabo de Santo Agostinho		BR		-8.29	-35.03	216969	133	
P	Buenavista		MX		19.61	-99.17	216776	117	
P	Gilgit		PK		35.92	74.31	216760	185	
P	Rybinsk		RU		58.05	38.84	216724	275	
P	Santa Rosa		PH		14.31	121.11	216650	194	
P	Sobral		BR		-3.69	-40.35	216519	90	
P	Trondheim		NO		63.43	10.40	216518	276	
P	Raurkela Industrial Township		IN		22.20	84.86	216410	187	
P	Porlamar		VE		10.96	-63.87	216234	76	
P	San Bernardino		US		34.11	-117.29	216108	107	
P	Ciudad Acuña	Ciudad Acuna	MX		29.32	-100.95	216099	114	
P	Oulu		FI		65.01	25.47	216066	259	
P	Bidar		IN		17.91	77.52	216020	187	
P	Lutsk		UA		50.76	25.35	215986	265	
P	La Ceiba		HN	01	15.77	-86.83	215973	146	
P	San Cristóbal de las Casas	San Cristobal de las Casas	MX		16.73	-92.64	215874	116	
P	Zelenograd		RU		55.98	37.18	215727	275	
P	Archway		GB		51.57	-0.13	215667	268	
P	Wangsa Maju		MY		3.20	101.74	215600	189	
P	Salt Lake City		US		40.76	-111.89	215548	85	
P	Biysk		RU		52.53	85.20	215430	164	
P	Novi Sad		RS		45.25	19.84	215400	248	
P	Jinzhou		CN	19	39.10	121.72	215386	211	
P	Jiutepec		MX		18.88	-99.18	215357	117	
P	Longgang		CN		22.72	114.26	215273	211	
P	Monclova		MX		26.91	-101.42	215271	119	
P	Tân An	Tan An	VN		10.54	106.41	215250	177	
P	Ma On Shan		HK		22.41	114.24	215200	178	
P	Commonwealth		PH		14.70	121.08	215034	194	
P	Huntsville		US		34.73	-86.59	215006	79	
P	Ziguinchor		SN		12.57	-16.27	214874	15	
P	Passo Fundo		BR		-28.26	-52.41	214811	139	
P	Kŭlob	Kulob	TJ		37.91	69.78	214700	174	
P	Citeureup		ID		-6.49	106.88	214668	180	
P	Sa Dec		VN		10.29	105.76	214610	177	
P	Kure		JP		34.23	132.57	214592	218	
P	Shagamu		NG		6.85	3.65	214558	29	
P	Bnei Brak		IL		32.08	34.83	214444	182	
P	Khouribga		MA		32.88	-6.91	214241	13	
P	Yingtan		CN		28.23	117.00	214229	211	
P	Des Moines		US		41.60	-93.61	214133	79	
P	Çiğli	Cigli	TR		38.50	27.07	214065	261	
P	Marcory		CI		5.31	-3.99	214061	0	
P	Gojra		PK		31.15	72.68	214000	185	
P	Cartagena		ES		37.60	-0.98	213943	270	
P	Quevedo		EC		-1.03	-79.46	213842	96	
P	Oakville		CA		43.45	-79.68	213759	148	
P	Pasuruan		ID		-7.65	112.91	213469	180	
P	Naz̧arābād	Nazarabad	IR		35.95	50.61	213388	216	
P	Munger		IN		25.37	86.47	213303	187	
P	Xilin Hot		CN		43.97	116.03	213000	211	
P	Jerez de la Frontera		ES		36.69	-6.14	212879	270	
P	El Jadida		MA		33.26	-8.51	212863	13	
P	Zitong		CN		30.18	105.83	212819	211	
P	Loa Janan		ID		-0.58	117.10	212816	193	
P	Târgu Mureş	Targu Mures	RO		46.54	24.56	212752	252	
P	Fontana		US		34.09	-117.44	212704	107	
P	Rancagua		CL		-34.17	-70.74	212695	137	
P	Zhubei		TW		24.84	121.01	212695	213	
P	Mallawī	Mallawi	EG		27.73	30.84	212628	12	
P	Cape Coast		GH		5.11	-1.25	212426	1	
P	Bukit Mertajam		MY		5.36	100.47	212329	189	
P	Lipa City		PH		13.94	121.16	212287	194	
P	Lanús	Lanus	AR		-34.71	-58.39	212252	55	
P	Lübeck	Luebeck	DE		53.87	10.69	212207	249	
P	Luojiang		CN		31.30	104.50	212186	211	
P	Sepang		MY		2.69	101.75	212050	189	
P	Cobán	Coban	GT		15.47	-90.37	212047	95	
P	Maricá	Marica	BR		-22.92	-42.82	211986	139	
P	Cao Lãnh	Cao Lanh	VN		10.46	105.63	211912	177	
P	Isesaki		JP		36.32	139.20	211850	218	
P	Sabadell		ES		41.54	2.11	211734	270	
P	Nandyāl	Nandyal	IN		15.48	78.48	211424	187	
P	Santa Cruz de Tenerife		ES		28.47	-16.25	211359	229	
P	Panchkula		IN		30.69	76.85	211355	187	
P	Modesto		US		37.64	-121.00	211266	107	
P	Panabo		PH		7.31	125.68	211242	194	
P	Lijiang		CN		26.87	100.22	211151	211	
P	Konibodom		TJ		40.29	70.43	211100	174	
P	Hailar		CN		49.20	119.70	211066	211	
P	Kabankalan		PH		9.98	122.81	210893	194	
P	Abha		SA		18.22	42.51	210886	207	
P	Burhānpur	Burhanpur	IN		21.31	76.23	210886	187	
P	Ternate		ID		0.79	127.38	210836	181	
P	Burgas		BG		42.51	27.47	210646	288	
P	Pskov		RU		57.82	28.33	210501	275	
P	Morvi		IN		22.82	70.84	210451	187	
P	Daliang		CN		22.84	113.25	210411	211	
P	Quilicura		CL		-33.37	-70.71	210410	137	
P	Beni Mellal		MA		32.34	-6.35	210397	13	
P	Ashuganj City		BD		24.04	91.01	210356	171	
P	Sidi Bel Abbes		DZ		35.19	-0.63	210146	3	
P	Arroyo Naranjo		CU		23.04	-82.38	210053	99	
P	Bogra		BD		24.85	89.37	210000	171	
P	Jebel Ali		AE		25.00	55.11	210000	173	
P	Kostanay		KZ		53.21	63.62	210000	205	
P	Richmond		CA		49.17	-123.14	209937	150	
P	Rochester		US	NY	43.15	-77.62	209802	123	
P	Banjar		ID		-7.20	107.43	209791	180	
P	Novi Beograd		RS		44.81	20.42	209763	248	
P	Kanggye		KP		40.97	126.59	209530	203	
P	Chungju		KR		36.98	127.93	209483	210	
P	Anand		IN		22.55	72.96	209410	187	
P	São Leopoldo	Sao Leopoldo	BR		-29.76	-51.15	209229	139	
P	Bade		TW		24.93	121.28	209148	213	
P	Oruro		BO		-17.97	-67.09	208684	105	
P	Bachuan		CN		29.85	106.05	208520	211	
P	La Romana		DO		18.42	-68.97	208437	138	
P	Araçatuba	Aracatuba	BR		-21.21	-50.43	208415	139	
P	Shashamane		ET		7.20	38.60	208400	2	
P	Hangu		CN		39.25	117.79	208369	211	
P	Ongole		IN		15.50	80.04	208344	187	
P	Pamplona		ES		42.82	-1.64	208243	270	
P	Gangneung		KR		37.75	128.87	208161	210	
P	Portsmouth		GB		50.80	-1.09	208100	268	
P	Gandajika		CD		-6.75	23.95	208051	33	
P	Gunan		CN		29.02	106.65	208010	211	
P	Phan Rang-Tháp Chàm	Phan Rang-Thap Cham	VN		11.56	108.99	207998	177	
P	Ciputat		ID		-6.24	106.70	207858	180	
P	Kasangati		UG		0.44	32.60	207800	25	
P	Arlington		US	VA	38.88	-77.10	207627	123	
P	Bishoftu		ET		8.75	38.98	207400	2	
P	Nishi-Tokyo-shi		JP		35.73	139.54	207388	218	
P	Changam-ch’on	Changam-ch'on	KP		40.61	128.78	207299	203	
P	Bila Tserkva		UA		49.80	30.12	207273	265	
P	Oxnard		US		34.20	-119.18	207254	107	
P	Ciampea		ID		-6.55	106.70	207212	180	
P	Hurghada		EG		27.26	33.81	207132	12	
P	Móstoles	Mostoles	ES		40.32	-3.86	207095	270	
P	Columbus		US	GA	32.46	-84.99	206922	123	
P	Dosquebradas		CO		4.84	-75.67	206693	72	
P	Toledo		PH		10.38	123.64	206692	194	
P	Turku		FI		60.45	22.27	206655	259	
P	Worcester		US		42.26	-71.80	206518	123	
P	Pagadian		PH		7.83	123.44	206483	194	
P	San Felipe		VE		10.34	-68.74	206270	76	
P	Dinajpur		BD		25.63	88.64	206234	171	
P	Hosapete		IN		15.27	76.39	206167	187	
P	Việt Yên	Viet Yen	VN		21.27	106.13	205900	177	
P	Ifakara		TZ		-8.13	36.68	205843	16	
P	Sumbe		AO		-11.21	13.84	205832	32	
P	Ségou	Segou	ML		13.44	-6.26	205787	5	
P	Kon Tum		VN		14.35	108.01	205762	177	
P	Latacunga		EC		-0.93	-78.62	205624	96	
P	Nāngloi Jāt	Nangloi Jat	IN		28.68	77.07	205596	187	
P	Kishiwada		JP		34.47	135.37	205561	218	
P	Yunjinghong		CN		22.01	100.80	205523	211	
P	Mdantsane		ZA		-32.93	27.78	205504	23	
P	Bobruysk		BY		53.15	29.21	205502	273	
P	Gorontalo		ID		0.54	123.06	205390	193	
P	Qā’em Shahr	Qa'em Shahr	IR		36.47	52.87	204953	216	
P	Shikarpur		PK		27.96	68.64	204938	185	
P	Gongheyong		CN		22.76	113.79	204881	211	
P	Linz		AT		48.31	14.29	204846	295	
P	Dhangaḍhi̇̄	Dhangadhi	NP		28.70	80.59	204788	186	
P	Nanchuan		CN		29.15	107.10	204775	211	
P	Córdoba	Cordoba	MX		18.88	-96.93	204721	117	
P	Bishan		CN		29.59	106.22	204702	211	
P	Biskra		DZ		34.85	5.73	204661	3	
P	Xizhi		TW		25.07	121.66	204619	213	
P	Yanghang		CN		31.37	121.44	204564	211	
P	Gaoping		CN		30.78	106.10	204368	211	
P	Mpanda		TZ		-6.34	31.07	204338	16	
P	Trieste		IT		45.65	13.78	204338	281	
P	Moreno Valley		US		33.94	-117.23	204198	107	
P	Secunderabad		IN		17.50	78.54	204182	187	
P	Punggol		SG		1.41	103.91	204150	212	
P	Sodo		ET		6.86	37.76	204100	2	
P	Nossa Senhora do Socorro		BR		-10.86	-37.13	204081	109	
P	Zliten		LY		32.47	14.57	203790	48	
P	Padua		IT		45.41	11.89	203725	281	
P	Karnaphuli		BD		22.69	92.23	203697	171	
P	Las Tunas		CU		20.96	-76.95	203684	99	
P	Matsue		JP		35.48	133.05	203616	218	
P	Bayamón	Bayamon	PR		18.40	-66.16	203499	131	
P	Gimpo-si		KR		37.62	126.71	203391	210	
P	Lauro de Freitas		BR		-12.89	-38.33	203331	67	
P	Deoghar		IN		24.49	86.70	203123	187	
P	Fianarantsoa		MG		-21.45	47.09	203105	301	
P	Chāndpur	Chandpur	BD		23.23	90.65	203000	171	
P	Atsiaman		GH		5.70	-0.33	202932	1	
P	Bandundu Province		CD		-3.32	17.38	202904	28	
P	Osmaniye		TR		37.07	36.25	202837	261	
P	Bābol	Babol	IR		36.55	52.68	202796	216	
P	Cabo San Lucas		MX		22.89	-109.91	202694	115	
P	Little Rock		US		34.75	-92.29	202591	79	
P	Çorlu	Corlu	TR		41.16	27.80	202578	261	
P	Madiun		ID		-7.63	111.52	202544	180	
P	Iringa		TZ		-7.77	35.70	202490	16	
P	Debrecen		HU		47.53	21.62	202402	253	
P	Chāpra	Chapra	IN		25.78	84.75	202352	187	
P	Motijheel		BD		23.73	90.42	202308	171	
P	Barishal		BD		22.70	90.37	202242	171	
P	Richmond Hill		CA		43.87	-79.44	202022	148	
P	Fayetteville		US		35.05	-78.88	201963	123	
P	Al Khums		LY		32.65	14.26	201943	48	
P	Huntington Beach		US		33.66	-118.00	201899	107	
P	Koronadal		PH		6.50	124.85	201844	194	
P	Geneva		CH		46.20	6.15	201741	300	
P	Tallahassee		US		30.44	-84.28	201731	123	
P	Swindon		GB		51.56	-1.78	201669	268	
P	Rengasdengklok		ID		-6.16	107.30	201463	180	
P	Rio Claro		BR		-22.41	-47.56	201418	139	
P	Cajamarca		PE		-7.16	-78.50	201329	106	
P	Townsville		AU		-19.27	146.81	201313	238	
P	Thanh Khê	Thanh Khe	VN		16.07	108.19	201240	177	
P	La Pintana		CL		-33.58	-70.63	201178	137	
P	Daşoguz	Dasoguz	TM		41.84	59.97	201142	158	
P	Yonkers		US		40.93	-73.90	201116	123	
P	Glendale		US	CA	34.14	-118.26	201020	107	
P	Dadu		PK		26.73	67.78	201017	185	
P	Arba Minch		ET		6.03	37.55	201000	2	
P	Petropavl		KZ		54.87	69.15	200920	154	
P	Lhokseumawe		ID		5.18	97.15	200876	180	
P	Cypress		US		29.97	-95.70	200839	79	
P	Khandwa		IN		21.82	76.35	200738	187	
P	Aurora		US	IL	41.76	-88.32	200661	79	
P	Puri		IN		19.80	85.82	200564	187	
P	Morena		IN		26.50	78.00	200482	187	
P	Nicosia		CY		35.17	33.35	200452	196	
P	Brescia		IT		45.54	10.21	200423	281	
P	Nasimshahr		IR		35.57	51.16	200393	216	
P	Ugep		NG		5.81	8.08	200276	29	
P	Kamina		CD		-8.74	25.00	200184	33	
P	Yanbu		SA		24.09	38.06	200161	207	
P	Nagareyama		JP		35.86	139.90	200136	218	
P	Charleroi		BE		50.41	4.44	200132	251	
P	Lạng Sơn	Lang Son	VN		21.85	106.76	200108	163	
P	Talhar		PK		24.88	68.81	200014	185	
P	Az Zāwīyah	Az Zawiyah	LY		32.76	12.73	200000	48	
P	Bandar Utama		MY		3.15	101.61	200000	189	
P	Bukit Jalil		MY		3.05	101.68	200000	189	
P	Chakwama		NG		11.56	9.66	200000	29	
P	Dajal		PK		29.56	70.38	200000	185	
P	El Dibir		SO		11.77	51.22	200000	39	
P	Gyānpur	Gyanpur	IN		25.33	82.47	200000	187	
P	Nyingchi		CN		29.65	94.36	200000	211	
P	Qadirpur Ran		PK		30.29	71.67	200000	185	
P	Salé Al Jadida	Sale Al Jadida	MA		34.00	-6.74	200000	13	
P	Sumedang		ID		-6.86	107.92	200000	180	
P	São José	Sao Jose	BR	26	-28.21	-49.16	200000	139	
P	Yuen Long		HK		22.45	114.03	200000	178	
P	Yuen Long San Hui		HK		22.43	114.03	200000	178	
P	Beiliu		CN		22.71	110.35	199769	211	
P	Sirjan		IR		29.45	55.68	199704	216	
P	Iquique		CL		-20.21	-70.15	199587	137	
P	Thuận Thanh	Thuan Thanh	VN		21.05	106.08	199577	163	
P	Balakovo		RU		52.03	47.80	199572	285	
P	Armavir		RU		45.00	41.11	199548	275	
P	Jaraguá do Sul	Jaragua do Sul	BR		-26.49	-49.07	199519	139	
P	Yachiyo		JP		35.74	140.12	199498	218	
P	Saidpur		BD		25.78	88.89	199422	171	
P	Quận Bốn	Quan Bon	VN		10.77	106.71	199329	177	
P	Arīsh	Arish	EG		31.13	33.80	199243	12	
P	Rawang		MY		3.32	101.58	199095	189	
P	Dudley		GB		52.50	-2.08	199059	268	
P	Mushin		NG		6.53	3.35	199000	29	
P	Yuzhno-Sakhalinsk		RU		46.95	142.74	198973	208	
P	Hagen		DE		51.36	7.47	198972	249	
P	Salatiga		ID		-7.33	110.49	198971	180	
P	Rio Grande		BR		-32.03	-52.10	198935	139	
P	Guacara		VE		10.23	-67.88	198883	76	
P	Khūy	Khuy	IR		38.55	44.95	198845	216	
P	Gliwice		PL		50.30	18.68	198835	298	
P	Changji		CN		44.01	87.30	198776	221	
P	Kodaira		JP		35.73	139.49	198739	218	
P	Plano Piloto		BR		-15.79	-47.88	198697	139	
P	Amarillo		US		35.22	-101.83	198645	79	
P	Bulandshahr		IN		28.40	77.86	198612	187	
P	Lusail		QA		25.42	51.51	198600	204	
P	Aberdeen		GB		57.14	-2.10	198590	268	
P	Taranto		IT		40.46	17.25	198585	281	
P	Capiatá	Capiata	PY		-25.36	-57.45	198553	66	
P	Zango		AO		-9.01	13.38	198538	32	
P	Duyun		CN		26.27	107.52	198516	211	
P	Naivasha		KE		-0.71	36.43	198444	41	
P	Kaiyuan		CN	29	23.70	103.30	198423	211	
P	Cachoeiro de Itapemirim		BR		-20.85	-41.11	198342	139	
P	Rzeszów	Rzeszow	PL		50.04	22.00	198317	298	
P	Lengshuijiang		CN		27.69	111.43	198299	211	
P	Rostock		DE		54.09	12.14	198293	249	
P	Parma		IT		44.80	10.33	198292	281	
P	Sibu		MY		2.30	111.82	198239	190	
P	Arnavutköy	Arnavutkoey	TR		41.18	28.74	198165	261	
P	Itami		JP		34.78	135.40	198138	218	
P	Mentougou		CN		39.94	116.09	197772	211	
P	Bhind		IN		26.57	78.79	197585	187	
P	Akron		US		41.08	-81.52	197542	123	
P	Talca		CL		-35.42	-71.65	197479	137	
P	Kassel		DE		51.32	9.50	197230	249	
P	Ciudad Madero		MX		22.25	-97.84	197216	119	
P	Sawangan		ID		-6.40	106.77	197170	180	
P	Gemena		CD		3.26	19.77	197159	28	
P	Bhālswa Jahangirpur	Bhalswa Jahangirpur	IN		28.74	77.17	197148	187	
P	Lushui		CN		25.82	98.86	197000	211	
P	Bīrjand	Birjand	IR		32.87	59.22	196982	216	
P	Toruń	Torun	PL		53.01	18.60	196935	298	
P	Almería	Almeria	ES		36.84	-2.46	196851	270	
P	Jijiang		CN		29.29	106.25	196787	211	
P	Ahmadpur East		PK		29.14	71.26	196718	185	
P	Huánuco	Huanuco	PE		-9.93	-76.24	196627	106	
P	Higashihiroshima		JP		34.41	132.74	196608	218	
P	İzmit	Izmit	TR		40.76	29.93	196571	261	
P	Reims		FR		49.27	4.03	196565	277	
P	Hanfeng		CN		31.17	108.40	196528	211	
P	Vancouver		US		45.64	-122.66	196442	107	
P	Birmingham		US		33.52	-86.80	196357	79	
P	Itabuna		BR		-14.79	-39.28	196344	67	
P	Laayoune		EH		27.14	-13.19	196331	19	
P	Khammam		IN		17.25	80.14	196283	187	
P	H̱olon	Holon	IL		32.01	34.78	196282	182	
P	Middelburg		ZA		-25.78	29.46	196263	23	
P	Icheon-si		KR		37.28	127.44	196230	210	
P	Khirdalan		AZ		40.45	49.76	196200	162	
P	Phra Pradaeng		TH		13.66	100.53	196129	163	
P	Moundou		TD		8.57	16.08	196124	42	
P	Sambhal		IN		28.58	78.57	196109	187	
P	Bhiwāni	Bhiwani	IN		28.79	76.14	196057	187	
P	Engels		RU		51.48	46.11	196011	285	
P	Ciudad Lázaro Cárdenas	Ciudad Lazaro Cardenas	MX		17.96	-102.20	196003	117	
P	Mocuba		MZ		-16.84	36.99	196001	36	
P	Hetauda		NP		27.43	85.03	195951	186	
P	Durrës	Durres	AL		41.32	19.45	195920	291	
P	Fengcheng		CN	19	40.45	124.07	195700	211	
P	Suzuka		JP		34.88	136.58	195670	218	
P	Hub		PK		25.03	66.89	195661	185	
P	La Plata		AR		-34.92	-57.95	195443	55	
P	Janakpur		NP		26.73	85.93	195438	186	
P	Panvel		IN		18.99	73.11	195373	187	
P	Peicheng		CN		34.74	116.92	195363	211	
P	Maharagama		LK		6.85	79.93	195355	169	
P	Montgomery		US		32.37	-86.30	195287	79	
P	Liège	Liege	BE		50.63	5.57	195278	251	
P	Kumagaya		JP		36.13	139.39	195277	218	
P	Guri-si		KR		37.60	127.14	195236	210	
P	Ambāla	Ambala	IN		30.36	76.80	195153	187	
P	Grand Rapids		US		42.96	-85.67	195097	86	
P	Prato		IT		43.88	11.10	195089	281	
P	Kumarapalayam		IN		11.44	77.71	195071	187	
P	Butwāl	Butwal	NP		27.69	83.45	195054	186	
P	Dhirkot		PK		34.04	73.58	195000	185	
P	Kayes		ML		14.45	-11.44	194716	5	
P	Bontang		ID		0.13	117.49	194606	193	
P	Kafr ash Shaykh		EG		31.11	30.94	194569	12	
P	Tébessa	Tebessa	DZ		35.40	8.12	194461	3	
P	Kuala Kubu Baharu		MY		3.56	101.66	194387	189	
P	Karuri		KE	22	-1.18	36.76	194342	41	
P	Karuri		KE	38	-0.70	37.18	194342	41	
P	Manéah	Maneah	GN		9.73	-13.42	194297	14	
P	Severodvinsk		RU		64.56	39.83	194292	275	
P	Matuga		KE		-4.17	39.57	194252	41	
P	Düzce	Duezce	TR		40.84	31.16	194097	261	
P	Nnewi		NG		6.02	6.92	193987	29	
P	Yamaguchi		JP		34.18	131.47	193966	218	
P	Alcalá de Henares	Alcala de Henares	ES		40.48	-3.36	193751	270	
P	Başakşehir	Basaksehir	TR		41.11	28.79	193750	261	
P	Ezhou		CN		30.40	114.83	193652	211	
P	Zhengding		CN		38.15	114.57	193524	211	
P	Būkān	Bukan	IR		36.52	46.21	193501	216	
P	Braga		PT		41.55	-8.42	193324	266	
P	Garhi Khairo		PK		28.06	67.98	193297	185	
P	Luanshya		ZM		-13.14	28.42	193293	34	
P	Padalarang		ID		-6.84	107.47	193114	180	
P	Bang Khae		TH		13.69	100.41	193002	163	
P	Bago City		PH		10.53	122.83	192993	194	
P	Yongchuan		CN		29.35	105.89	192954	211	
P	Uji		JP		34.89	135.80	192925	218	
P	Machilīpatnam	Machilipatnam	IN		16.19	81.14	192827	187	
P	Hepu		CN		21.66	109.20	192813	211	
P	Aihui		CN		49.98	127.48	192764	211	
P	Hyesan		KP		41.40	128.18	192680	203	
P	Bayamo		CU		20.37	-76.64	192632	99	
P	Kielce		PL		50.87	20.63	192468	298	
P	Pār Naogaon	Par Naogaon	BD		24.80	88.95	192464	171	
P	Fuding		CN		27.33	120.21	192352	211	
P	Castanhal		BR		-1.29	-47.93	192256	69	
P	Zabrze		PL		50.32	18.79	192177	298	
P	Hamilton		NZ		-37.78	175.28	192100	312	
P	Bojnūrd	Bojnurd	IR		37.47	57.33	192041	216	
P	Surulere		NG		6.50	3.36	191920	29	
P	Humen		CN		22.82	113.67	191891	211	
P	Benfica		AO		-8.94	13.16	191828	32	
P	Hat Yai		TH		7.01	100.48	191696	163	
P	Haicheng		CN		40.85	122.75	191651	211	
P	Curug		ID		-6.27	106.56	191406	180	
P	Barrancabermeja		CO		7.07	-73.85	191403	72	
P	Zlatoust		RU		55.17	59.65	191366	226	
P	Angren		UZ		41.02	70.14	191300	214	
P	Mukono		UG		0.35	32.76	191300	25	
P	Ciudad del Carmen		MX		18.65	-91.83	191238	116	
P	Khairpur Mir’s	Khairpur Mir's	PK		27.53	68.76	191044	185	
P	Khujand		TJ		40.28	69.62	191000	174	
P	Peoria		US	AZ	33.58	-112.24	190985	127	
P	Ashaiman		GH		5.70	-0.03	190972	1	
P	Tanjungbalai		ID		2.97	99.80	190935	180	
P	Providence		US		41.82	-71.41	190934	123	
P	Mahesāna	Mahesana	IN		23.60	72.38	190753	187	
P	Knoxville		US		35.96	-83.92	190740	123	
P	Rangel		AO		-8.83	13.26	190569	32	
P	Fuenlabrada		ES		40.28	-3.79	190496	270	
P	Hino		JP		35.67	139.40	190435	218	
P	Jhelum		PK		32.93	73.73	190425	185	
P	Mahbūbnagar	Mahbubnagar	IN		16.74	77.99	190400	187	
P	Beipiao		CN		41.79	120.78	190315	211	
P	Pak Kret		TH		13.91	100.50	190272	163	
P	Cẩm Phả	Cam Pha	VN		21.01	107.27	190232	163	
P	Al Fallūjah	Al Fallujah	IQ		33.35	43.79	190159	160	
P	Jinshanlu		CN		47.85	88.13	190064	221	
P	Ise-Ekiti		NG		7.46	5.42	190063	29	
P	Nova Friburgo		BR		-22.28	-42.53	189939	139	
P	Guarapuava		BR		-25.39	-51.47	189630	139	
P	Kofu		JP		35.67	138.57	189591	218	
P	Numazu		JP		35.10	138.87	189486	218	
P	Santa Bárbara d'Oeste	Santa Barbara d'Oeste	BR		-22.75	-47.41	189456	139	
P	Jōetsu	Joetsu	JP		37.15	138.24	189430	218	
P	Planaltina		BR	07	-15.62	-47.65	189412	139	
P	Sunrise Manor		US		36.21	-115.07	189372	107	
P	Sambalpur		IN		21.47	83.98	189366	187	
P	Syzran		RU		53.16	48.47	189338	282	
P	Danshui		TW		25.17	121.44	189271	213	
P	Bytom		PL		50.35	18.93	189186	298	
P	Mwene-Ditu		CD		-7.01	23.45	189177	33	
P	Ilhéus	Ilheus	BR		-14.80	-39.03	189149	67	
P	Panalanoy		PH		11.25	125.01	189090	194	
P	Guixi		CN		30.33	107.35	188980	211	
P	Odawara		JP		35.26	139.16	188856	218	
P	Labuan Bajo		ID		-8.50	119.89	188724	193	
P	Anjō	Anjo	JP		34.96	137.08	188693	218	
P	George		ZA		-33.96	22.46	188580	23	
P	Tottori-shi		JP		35.50	134.23	188465	218	
P	Leganés	Leganes	ES		40.33	-3.76	188425	270	
P	Acarigua		VE		9.55	-69.20	188278	76	
P	Hosa’ina	Hosa'ina	ET		7.55	37.85	188200	2	
P	Sai Mai		TH		13.92	100.65	188123	163	
P	Yawnghwe		MM		20.66	96.93	188083	225	
P	Mabalacat City		PH		15.22	120.57	188050	194	
P	Riohacha		CO		11.54	-72.91	188014	72	
P	Laizhou		CN		37.18	119.94	188000	211	
P	Pilsen		CZ		49.75	13.38	187863	279	
P	Grand Prairie		US		32.75	-97.00	187809	79	
P	Sorsogon		PH		12.97	123.99	187670	194	
P	Ait Melloul		MA		30.34	-9.50	187652	13	
P	Sutton		GB		51.35	-0.20	187600	268	
P	Shreveport		US		32.53	-93.75	187593	79	
P	Choa Chu Kang New Town		SG		1.38	103.75	187550	212	
P	Getafe		ES		40.31	-3.73	187525	270	
P	Quận Năm	Quan Nam	VN		10.76	106.67	187510	177	
P	Bhusawal		IN		21.04	75.79	187421	187	
P	Alvorada		BR		-30.00	-51.08	187315	139	
P	Chilpancingo		MX		17.55	-99.50	187251	117	
P	Pinar del Río	Pinar del Rio	CU		22.42	-83.70	186990	99	
P	Huixing		CN		29.68	106.61	186972	211	
P	Kırıkkale	Kirikkale	TR		39.85	33.51	186960	261	
P	Batumi		GE		41.64	41.63	186949	215	
P	Burlington		CA		43.39	-79.84	186948	148	
P	Pābna	Pabna	BD		24.01	89.24	186781	171	
P	Brownsville		US		25.90	-97.50	186738	79	
P	Changyuan		CN		29.40	105.59	186653	211	
P	Cienfuegos		CU		22.15	-80.45	186644	99	
P	Beersheba		IL		31.25	34.79	186600	182	
P	Dixinn		GN		9.55	-13.67	186553	14	
P	El Oued		DZ		33.36	6.86	186525	3	
P	Overland Park		US		38.98	-94.67	186515	79	
P	Raebareli		IN		26.23	81.23	186433	187	
P	Shangri-La		CN		27.83	99.71	186400	211	
P	Newport News		US		36.98	-76.43	186247	123	
P	Yangcheng		CN		30.00	106.26	186242	211	
P	Mopti		ML		14.48	-4.18	186187	5	
P	Khuraybat as Sūq	Khuraybat as Suq	JO		31.88	35.92	186158	155	
P	Zawiya		LY		32.75	12.73	186123	48	
P	Zamora de Hidalgo		MX		19.98	-102.29	186102	117	
P	Haridwar		IN		29.95	78.16	186079	187	
P	Ad-Damazin		SD		11.79	34.36	186051	26	
P	Dunhuang		CN		40.17	94.68	186027	211	
P	Jing’an	Jing'an	CN		22.21	113.29	186000	211	
P	Le Havre		FR		49.49	0.11	185972	277	
P	Phusro		IN		23.76	86.01	185555	187	
P	Donostia / San Sebastián	San Sebastian	ES		43.31	-1.97	185357	270	
P	Poza Rica de Hidalgo		MX		20.53	-97.46	185242	117	
P	Bilbeis		EG		30.42	31.56	185237	12	
P	Roxas City		PH		11.59	122.75	185236	194	
P	Paris 20 Ménilmontant	Paris 20 Menilmontant	FR		48.86	2.40	185140	277	
P	Kütahya	Kuetahya	TR		39.42	29.98	185008	261	
P	Palopo		ID		-2.99	120.20	184961	193	
P	Potsdam		DE		52.40	13.07	184754	249	
P	Modena		IT		44.65	10.93	184732	281	
P	Bolu		TR		40.74	31.61	184682	261	
P	Toyokawa		JP		34.82	137.40	184661	218	
P	Adoni		IN		15.63	77.27	184625	187	
P	Izumi		JP		34.48	135.43	184615	218	
P	Santa Anita - Los Ficus		PE		-12.05	-76.97	184614	106	
P	Paltan		BD		23.74	90.41	184492	171	
P	Al Qāmishlī	Al Qamishli	SY		37.05	41.23	184231	170	
P	Abakan		RU		53.72	91.43	184168	188	
P	Pemalang		ID		-6.89	109.38	184149	180	
P	Breda		NL		51.59	4.78	184126	244	
P	Langsa		ID		4.47	97.97	184016	180	
P	Vĩnh Châu	Vinh Chau	VN		9.32	105.98	183918	177	
P	Baishan		CN		41.94	126.42	183880	211	
P	Sūjāngarh	Sujangarh	IN		27.70	74.47	183808	187	
P	Linhares		BR		-19.39	-40.07	183797	139	
P	Castelló de la Plana	Castello de la Plana	ES		39.99	-0.05	183711	270	
P	Tachikawa		JP		35.71	139.42	183581	218	
P	Cergy-Pontoise		FR		49.04	2.08	183430	277	
P	Unaizah		SA		26.10	44.00	183319	207	
P	Mobile		US		30.69	-88.04	183289	79	
P	St Helens		GB		53.45	-2.73	183200	268	
P	Fort Lauderdale		US		26.12	-80.14	183146	123	
P	Lembang		ID		-6.81	107.62	183130	180	
P	Paris 18 Buttes-Montmartre		FR		48.89	2.34	183127	277	
P	Oradea		RO		47.05	21.92	183105	252	
P	Araguaína	Araguaina	BR		-7.19	-48.21	183024	54	
P	Saarbrücken	Saarbruecken	DE		49.23	7.01	182971	249	
P	Bunda		TZ		-2.02	33.87	182970	16	
P	Skikda		DZ		36.88	6.91	182903	3	
P	Tirmiz		UZ		37.22	67.28	182800	209	
P	Singosari		ID		-7.89	112.67	182656	180	
P	Porto Seguro		BR		-16.45	-39.06	182630	67	
P	Cúa	Cua	VE		10.16	-66.88	182558	76	
P	Sirsa		IN		29.53	75.03	182534	187	
P	Kamensk-Ural’skiy	Kamensk-Ural'skiy	RU		56.41	61.93	182500	226	
P	Reggio Calabria		IT		38.11	15.66	182455	281	
P	Dinapur Nizamat		IN		25.64	85.05	182429	187	
P	Santa Clarita		US		34.39	-118.54	182371	107	
P	Carletonville		ZA		-26.36	27.40	182304	23	
P	Dubréka	Dubreka	GN		9.79	-13.52	182296	14	
P	Metro		ID		-5.11	105.31	182293	180	
P	Banhā	Banha	EG		30.46	31.18	182254	12	
P	Bahraigh		IN		27.57	81.59	182218	187	
P	Ash Shaţrah	Ash Shatrah	IQ		31.41	46.17	182175	160	
P	Tsing Yi Town		HK		22.35	114.10	182100	178	
P	Monywa		MM		22.11	95.14	182011	225	
P	Dessalines		HT		19.26	-72.52	181903	128	
P	Mwala		KE		-1.35	37.45	181896	41	
P	Kāraikkudi	Karaikkudi	IN		10.07	78.77	181851	187	
P	Araure		VE		9.58	-69.24	181820	76	
P	Barra Mansa		BR		-22.54	-44.17	181679	139	
P	Sultan Pur Majra		IN		28.69	77.08	181554	187	
P	Zhenping		CN		33.03	112.23	181528	211	
P	Anda		CN		46.45	125.30	181271	211	
P	Paris 13 Gobelins		FR		48.83	2.36	181271	277	
P	Petropavlovsk-Kamchatsky		RU		53.06	158.63	181216	184	
P	Wādī as Sīr	Wadi as Sir	JO		31.95	35.82	181212	155	
P	Fardīs	Fardis	IR		35.76	51.00	181174	216	
P	Chattanooga		US		35.05	-85.31	181099	123	
P	Guna		IN		24.65	77.31	180935	187	
P	Odense		DK		55.40	10.39	180863	255	
P	Sacaba		BO		-17.40	-66.04	180726	105	
P	Quetzaltenango		GT		14.84	-91.52	180706	95	
P	Gongzhuling		CN		43.50	124.82	180700	211	
P	Chandannagar		IN		22.86	88.37	180623	187	
P	Baharampur		IN		24.10	88.25	180547	187	
P	Ploieşti	Ploiesti	RO		44.95	26.02	180540	252	
P	Berazategui		AR		-34.77	-58.21	180523	55	
P	Shahuwadi		IN		16.91	73.95	180322	187	
P	Madanapalle		IN		13.55	78.50	180180	187	
P	Tangail		BD		24.25	89.92	180144	171	
P	Shulin		TW		24.99	121.42	180044	213	
P	Edirne		TR		41.68	26.56	180002	261	
P	Kyaukpyu		MM		19.43	93.55	180000	225	
P	Nepean		CA		45.34	-75.72	180000	148	
P	Phúc Yên	Phuc Yen	VN		21.24	105.70	180000	163	
P	Pingwu County		CN		32.41	104.53	180000	211	
P	Shivpuri		IN		25.42	77.66	179977	187	
P	Yangju		KR		37.83	127.06	179923	210	
P	Praga Południe	Praga Poludnie	PL		52.24	21.09	179836	298	
P	Kasama		ZM		-10.21	31.18	179636	34	
P	Surendranagar		IN		22.73	71.65	179628	187	
P	Obuase		GH		6.20	-1.67	179604	1	
P	Ibirité	Ibirite	BR		-20.02	-44.06	179582	139	
P	Legaspi		PH		13.14	123.74	179481	194	
P	Phú Quốc	Phu Quoc	VN		10.29	104.01	179480	177	
P	Podolsk		RU		55.42	37.55	179400	275	
P	Purwakarta		ID		-6.56	107.44	179233	180	
P	Jizzax		UZ		40.13	67.83	179200	209	
P	Ferraz de Vasconcelos		BR		-23.54	-46.37	179198	139	
P	Ila Orangun		NG		8.02	4.90	179192	29	
P	Thị Trấn Đại Từ	Thi Tran GJai Tu	VN		21.63	105.64	179192	177	
P	Neyveli		IN		11.61	79.50	179150	187	
P	Angra dos Reis		BR		-23.01	-44.32	179120	139	
P	Qianjiang		CN	12	30.42	112.89	179079	211	
P	Hamm		DE		51.68	7.82	178967	249	
P	Si Racha		TH		13.17	100.93	178916	163	
P	Tiaret		DZ		35.37	1.32	178915	3	
P	La Rioja		AR		-29.41	-66.86	178872	59	
P	Silchar		IN		24.83	92.80	178865	187	
P	Amadora		PT		38.75	-9.23	178858	266	
P	Cuautitlán	Cuautitlan	MX		19.67	-99.18	178847	117	
P	Ipswich		GB		52.06	1.16	178835	268	
P	Njeru		UG		0.44	33.18	178800	25	
P	Toliara		MG		-23.35	43.67	178725	301	
P	Paris 19 Buttes-Chaumont		FR		48.88	2.38	178691	277	
P	Saki		NG		8.67	3.39	178677	29	
P	Chlef		DZ		36.17	1.33	178616	3	
P	Fontanar		CU		23.02	-82.41	178601	99	
P	Seogwipo		KR		33.25	126.56	178552	210	
P	Concepcion		PH		15.33	120.66	178549	194	
P	Spring Valley		US		36.11	-115.25	178395	107	
P	Livingstone		ZM		-17.84	25.85	178361	34	
P	Potchefstroom		ZA		-26.72	27.10	178285	23	
P	Santa Rosa		US		38.44	-122.71	178127	107	
P	Sambizanga		AO		-8.79	13.28	177808	32	
P	Proddatūr	Proddatur	IN		14.75	78.55	177797	187	
P	Sittwe		MM		20.15	92.90	177743	225	
P	Dundo		AO		-7.37	20.82	177604	32	
P	Basel		CH		47.56	7.57	177595	300	
P	Meiktila		MM		20.88	95.86	177442	225	
P	Gulu		UG		2.77	32.30	177400	25	
P	Nijmegen		NL		51.84	5.85	177359	244	
P	Idkū	Idku	EG		31.31	30.30	177152	12	
P	Uppsala		SE		59.86	17.64	177074	289	
P	Hugli		IN		22.91	88.40	177005	187	
P	Hashtsāl	Hashtsal	IN		28.63	77.06	176877	187	
P	Bragança Paulista	Braganca Paulista	BR		-22.95	-46.54	176811	139	
P	Teresópolis	Teresopolis	BR		-22.42	-42.98	176735	139	
P	San Luis Río Colorado	San Luis Rio Colorado	MX		32.46	-114.77	176685	100	
P	Santa Ana		SV		13.99	-89.56	176661	89	
P	Eugene		US		44.05	-123.09	176654	107	
P	Nador		MA		35.17	-2.93	176600	13	
P	Al Muharraq		BH		26.26	50.61	176583	161	
P	Bielsko-Biala		PL		49.82	19.05	176515	298	
P	Marsá Maţrūḩ	Marsa Matruh	EG		31.35	27.24	176498	12	
P	Almere Stad		NL		52.37	5.21	176432	244	
P	Burgos		ES		42.34	-3.70	176418	270	
P	Gijang		KR		35.24	129.21	176388	210	
P	Lander		VE		10.18	-66.70	176346	76	
P	Saint-Étienne	Saint-Etienne	FR		45.43	4.39	176280	277	
P	Amroha		IN		28.90	78.47	176253	187	
P	Narashino		JP		35.68	140.04	176197	218	
P	Béjaïa	Bejaia	DZ		36.76	5.08	176139	3	
P	Zhenzhou		CN		32.28	119.17	176006	211	
P	Tempe		US		33.41	-111.91	175826	127	
P	Xindi		CN		29.82	113.47	175761	211	
P	Oceanside		US		33.20	-117.38	175691	107	
P	Fengcheng		CN	33	29.83	107.06	175576	211	
P	Salem		US		44.94	-123.04	175535	107	
P	Wigan		GB		53.54	-2.64	175405	268	
P	Garden Grove		US		33.77	-117.94	175393	107	
P	Karaman		TR		37.18	33.22	175390	261	
P	Oshawa		CA		43.90	-78.85	175383	148	
P	Siverek		TR		37.76	39.32	175341	261	
P	Rancho Cucamonga		US		34.11	-117.59	175236	107	
P	Cape Coral		US		26.56	-81.95	175229	123	
P	Tân Châu	Tan Chau	VN		10.80	105.24	175211	177	
P	Teluknaga		ID		-6.10	106.64	175155	180	
P	Jiutai		CN		44.15	125.83	175115	211	
P	Chhindwāra	Chhindwara	IN		22.06	78.94	175052	187	
P	Itu		BR		-23.26	-47.30	175047	139	
P	Senador Canedo		BR		-16.71	-49.09	175042	139	
P	Khānaqīn	Khanaqin	IQ		34.35	45.39	175000	160	
P	Naga		PH	05	13.62	123.18	174931	194	
P	Tomakomai		JP		42.64	141.60	174806	218	
P	Tambaram		IN		12.92	80.13	174787	187	
P	San Miguel de Allende		MX		20.92	-100.74	174615	117	
P	Cianjur		ID		-6.82	107.14	174587	180	
P	Pamulang		ID		-6.34	106.74	174557	180	
P	Hitachi		JP		36.60	140.65	174508	218	
P	Timon		BR		-5.09	-42.84	174465	90	
P	Bhetia		IN		22.79	86.14	174355	187	
P	Pathānkot	Pathankot	IN		32.27	75.65	174306	187	
P	Tando Adam		PK		25.77	68.66	174291	185	
P	Badlapur		IN		19.16	73.27	174226	187	
P	Cikupa		ID		-6.24	106.51	174041	180	
P	Puerto Cabello		VE		10.47	-68.01	174000	76	
P	Sakura		JP		35.72	140.23	173740	218	
P	Ube		JP		33.94	131.25	173733	218	
P	Daule		EC		-1.86	-79.98	173684	96	
P	Bayjī	Bayji	IQ		34.93	43.49	173677	160	
P	Cuddalore		IN		11.76	79.77	173636	187	
P	Santander		ES		43.47	-3.80	173635	270	
P	Tlemcen		DZ		34.88	-1.31	173531	3	
P	Shimla		IN		31.10	77.17	173503	187	
P	Shāhīn Shahr	Shahin Shahr	IR		32.86	51.55	173329	216	
P	Croydon		GB		51.38	-0.10	173314	268	
P	Myeik		MM		12.44	98.60	173298	225	
P	Khān Yūnis	Khan Yunis	PS		31.34	34.31	173183	175	
P	Dharān	Dharan	NP		26.81	87.28	173096	186	
P	Albacete		ES		38.99	-1.86	173050	270	
P	Mülheim	Muelheim	DE		51.43	6.88	173050	249	
P	Bata		GQ		1.86	9.77	173046	35	
P	Kamakura		JP		35.31	139.55	172929	218	
P	Chicoloapan		MX		19.42	-98.90	172919	117	
P	Gadag-Betageri		IN		15.42	75.62	172813	187	
P	Izumo		JP		35.37	132.77	172775	218	
P	Licheng		CN		23.30	113.82	172775	211	
P	São Caetano do Sul	Sao Caetano do Sul	BR		-23.62	-46.55	172693	139	
P	Pindamonhangaba		BR		-22.92	-45.46	172681	139	
P	Gadag		IN		15.43	75.63	172612	187	
P	Ongata Rongai		KE		-1.40	36.76	172569	41	
P	Tunja		CO		5.54	-73.36	172548	72	
P	Lages		BR		-27.82	-50.33	172458	139	
P	Quillacollo		BO		-17.39	-66.28	172405	105	
P	Alcorcón	Alcorcon	ES		40.35	-3.82	172384	270	
P	Gisenyi		RW		-1.70	29.26	172357	27	
P	Poços de Caldas	Pocos de Caldas	BR		-21.79	-46.56	172339	139	
P	Isparta		TR		37.76	30.55	172334	261	
P	Warrington		GB		53.39	-2.58	172330	268	
P	Klaipėda	Klaipeda	LT		55.71	21.14	172292	296	
P	Walsall		GB		52.59	-1.98	172141	268	
P	Herne		DE		51.54	7.23	172108	249	
P	Mansfield		GB		53.13	-1.20	171958	268	
P	Reggio nell'Emilia		IT		44.70	10.63	171944	281	
P	Barreiras		BR		-12.15	-44.99	171634	67	
P	Kēng Tung	Keng Tung	MM		21.63	99.93	171620	225	
P	Sioux Falls		US		43.54	-96.73	171544	79	
P	Prizren		XK		42.21	20.74	171464	248	
P	Dongling		CN		41.81	123.58	171454	211	
P	Ungaran		ID		-7.14	110.41	171378	180	
P	Urayasu		JP		35.66	139.90	171362	218	
P	Long Khánh	Long Khanh	VN		10.93	107.25	171276	177	
P	Dagupan		PH		16.04	120.33	171271	194	
P	Ontario		US		34.06	-117.65	171214	107	
P	Watthana		TH		13.73	100.59	171150	163	
P	Verāval	Veraval	IN		20.91	70.37	171121	187	
P	Navsari		IN		20.94	72.92	171109	187	
P	Imabari		JP		34.07	133.00	170986	218	
P	Mansa		ZM		-11.20	28.89	170965	34	
P	Fort Collins		US		40.59	-105.08	170924	85	
P	Bảo Lộc	Bao Loc	VN		11.55	107.81	170920	177	
P	Kulim		MY		5.36	100.56	170889	189	
P	Oshodi		NG		6.56	3.34	170870	29	
P	Ramat Gan		IL		32.08	34.81	170822	182	
P	Bahadurgarh		IN		28.69	76.94	170767	187	
P	Haldia		IN		22.06	88.11	170695	187	
P	Temirtau		KZ		50.05	72.95	170600	154	
P	Parnaíba	Parnaiba	BR		-2.90	-41.78	170491	90	
P	Carolina		PR		18.38	-65.96	170404	131	
P	Rāiganj	Raiganj	IN		25.61	88.12	170252	187	
P	Malāyer	Malayer	IR		34.30	48.82	170237	216	
P	Springfield		US	MO	37.22	-93.30	170188	79	
P	Sunderland		GB		54.90	-1.38	170134	268	
P	Takaoka		JP		36.75	137.02	170077	218	
P	Baranovichi		BY		53.13	26.01	170039	273	
P	Malda		IN		25.00	88.15	170039	187	
P	Guadalupe		MX	32	22.75	-102.52	170029	117	
P	Nishio		JP		34.87	137.05	169984	218	
P	San Luis		AR		-33.29	-66.32	169947	63	
P	Ouargla		DZ		31.95	5.33	169928	3	
P	Olsztyn		PL		53.78	20.49	169793	298	
P	Kipushi		CD		-11.76	27.25	169635	33	
P	Yuen Long Kau Hui		HK		22.45	114.03	169600	178	
P	Jaunpur		IN		25.75	82.69	169572	187	
P	Khlong Sam Wa		TH		13.87	100.74	169489	163	
P	Chūō	Chuo	JP		35.67	139.78	169179	218	
P	Mufulira		ZM		-12.55	28.24	169136	34	
P	Deoli		IN		28.50	77.23	169122	187	
P	Jaffna		LK		9.67	80.01	169102	169	
P	Arad		RO		46.18	21.32	169065	252	
P	Chetumal		MX		18.52	-88.30	169028	75	
P	Bharūch	Bharuch	IN		21.69	72.98	169007	187	
P	Gurúè	Gurue	MZ		-15.47	36.98	168971	36	
P	San Miguel		AR		-34.54	-58.71	168762	55	
P	Hirosaki		JP		40.59	140.47	168739	218	
P	Chalco		MX		19.26	-98.90	168720	117	
P	Toulon		FR		43.12	5.93	168701	277	
P	Hoshiārpur	Hoshiarpur	IN		31.54	75.91	168653	187	
P	Calabozo		VE		8.92	-67.43	168605	76	
P	Jabālyā	Jabalya	PS		31.53	34.48	168568	175	
P	Cuauhtémoc	Cuauhtemoc	MX	06	28.41	-106.87	168482	80	
P	Araraquara		BR		-21.79	-48.18	168468	139	
P	Yopal		CO		5.34	-72.39	168433	72	
P	Ituzaingó	Ituzaingo	AR		-27.59	-56.69	168419	57	
P	Mahābād	Mahabad	IR		36.76	45.72	168393	216	
P	Piranshahr		IR		36.70	45.14	168393	216	
P	Florencia		CO		1.62	-75.60	168346	72	
P	Tây Hồ	Tay Ho	VN		21.07	105.81	168300	163	
P	Moratuwa		LK		6.77	79.88	168280	169	
P	Angers		FR		47.47	-0.55	168279	277	
P	Ilford		GB		51.56	0.07	168168	268	
P	Hasilpur		PK		29.69	72.55	168146	185	
P	Rio das Ostras		BR		-22.53	-41.95	168099	139	
P	Pátra	Patra	GR		38.25	21.74	168034	247	
P	Đồng Xoài	GJong Xoai	VN		11.53	106.88	168000	177	
P	Jamālpur	Jamalpur	BD		24.92	89.95	167900	171	
P	Kushiro		JP		42.98	144.37	167875	218	
P	Berezniki		RU		59.41	56.82	167748	226	
P	Awka		NG		6.21	7.07	167738	29	
P	Volgodonsk		RU		47.51	42.15	167731	275	
P	Oyama		JP		36.30	139.80	167647	218	
P	Ijero-Ekiti		NG		7.82	5.07	167632	29	
P	Jīnd	Jind	IN		29.32	76.32	167592	187	
P	Miass		RU		55.05	60.11	167500	226	
P	Tuguegarao		PH		17.62	121.72	167297	194	
P	Carúpano	Carupano	VE		10.67	-63.25	167187	76	
P	Kumbakonam		IN		10.96	79.39	167155	187	
P	Plumbon		ID		-6.71	108.47	167105	180	
P	Darmstadt		DE		49.87	8.65	167029	249	
P	Mary		TM		37.59	61.83	167027	158	
P	Novocherkassk		RU		47.42	40.09	166974	275	
P	Elk Grove		US		38.41	-121.37	166913	107	
P	Mohali		IN		30.68	76.72	166864	187	
P	Sampit		ID		-2.53	112.95	166773	202	
P	Clarksville		US		36.53	-87.36	166722	79	
P	Wan Chai		HK		22.28	114.17	166695	178	
P	Linköping	Linkoeping	SE		58.41	15.62	166673	289	
P	Iwata		JP		34.70	137.85	166672	218	
P	Kamalia		PK		30.73	72.65	166617	185	
P	Pembroke Pines		US		26.00	-80.22	166611	123	
P	Maicao		CO		11.38	-72.24	166603	72	
P	Obihiro		JP		42.92	143.20	166536	218	
P	Fatehpur		IN		25.93	80.81	166480	187	
P	Osnabrück	Osnabrueck	DE		52.27	8.05	166462	249	
P	Calama		CL		-22.46	-68.92	166334	137	
P	Nepalgunj		NP		28.05	81.62	166258	186	
P	Comitán	Comitan	MX		16.24	-92.14	166178	116	
P	Ocumare del Tuy		VE		10.12	-66.78	166072	76	
P	Niiza		JP		35.82	139.56	166017	218	
P	Greater Sudbury		CA		46.49	-80.99	166004	148	
P	Khobar		SA		26.28	50.21	165799	207	
P	Songcheng		CN		26.88	120.00	165730	211	
P	Bang Khun Thian		TH		13.66	100.43	165491	163	
P	Murfreesboro		US		35.85	-86.39	165430	79	
P	Bushehr		IR		28.97	50.84	165377	216	
P	Dar Bouazza		MA		33.52	-7.82	165295	13	
P	Tonk		IN		26.17	75.79	165294	187	
P	Saqqez		IR		36.25	46.27	165258	216	
P	Béchar	Bechar	DZ		31.62	-2.22	165241	3	
P	Tam Kỳ	Tam Ky	VN		15.57	108.47	165240	177	
P	Gölbaşı	Goelbasi	TR		39.79	32.81	165201	261	
P	Francisco Morato		BR		-23.28	-46.75	165139	139	
P	Bima		ID		-8.46	118.73	165113	193	
P	Mu-se		MM		24.00	97.90	165022	225	
P	Shahrud		IR		36.42	54.98	165000	216	
P	Udupi		IN		13.33	74.75	165000	187	
P	Banjaran		ID		-7.05	107.59	164952	180	
P	Thenali		IN		16.24	80.64	164937	187	
P	Mthatha		ZA		-31.59	28.78	164848	23	
P	Hengshan		CN		45.21	130.90	164844	211	
P	Slough		GB		51.51	-0.60	164793	268	
P	Bocoio		AO		-12.47	14.14	164685	32	
P	Port Saint Lucie		US		27.29	-80.35	164603	123	
P	Sītāpur	Sitapur	IN		27.56	80.68	164435	187	
P	Zenica		BA		44.20	17.90	164423	284	
P	Solingen		DE		51.17	7.08	164359	249	
P	Itapetininga		BR		-23.59	-48.05	164256	139	
P	Ðông Hà	Dong Ha	VN		16.82	107.10	164228	163	
P	Corona		US		33.88	-117.57	164226	107	
P	Ḩawallī	Hawalli	KW		29.33	48.03	164212	191	
P	Musoma		TZ		-1.50	33.80	164172	16	
P	Inisa		NG		7.85	4.33	164161	29	
P	Nazran		RU		43.23	44.77	164131	275	
P	Ilagan		PH		17.15	121.89	164020	194	
P	Port-Gentil		GA		-0.72	8.78	164018	30	
P	Bhadrāvati	Bhadravati	IN		13.85	75.71	163903	187	
P	Hadano		JP		35.37	139.22	163787	218	
P	Santana de Parnaíba	Santana de Parnaiba	BR		-23.44	-46.92	163787	139	
P	Piraeus		GR		37.94	23.65	163688	247	
P	Vapi		IN		20.37	72.90	163630	187	
P	Bournemouth		GB		50.72	-1.88	163600	268	
P	Sidon		LB		33.56	35.37	163554	165	
P	Caxias		BR		-4.86	-43.36	163546	90	
P	‘Ibrī	'Ibri	OM		23.23	56.52	163473	195	
P	Jomvu		KE		-3.99	39.61	163415	41	
P	Garissa		KE		-0.45	39.65	163399	41	
P	Moga		IN		30.81	75.17	163397	187	
P	Peterborough		GB		52.57	-0.25	163379	268	
P	Piedecuesta		CO		6.99	-73.05	163362	72	
P	Tongzhou		CN		39.90	116.66	163326	211	
P	Ludwigshafen am Rhein		DE		49.48	8.45	163196	249	
P	Lat Krabang		TH		13.72	100.78	163175	163	
P	Büyükçekmece	Bueyuekcekmece	TR		41.02	28.59	163140	261	
P	Şalālah	Salalah	OM		17.02	54.09	163140	195	
P	Rāj-Nāndgaon	Raj-Nandgaon	IN		21.10	81.03	163114	187	
P	Aydın	Aydin	TR		37.85	27.84	163022	261	
P	Envigado		CO		6.18	-75.59	163007	72	
P	Itapecerica da Serra		BR		-23.72	-46.85	163003	139	
P	Al-Junaynah		SD		13.45	22.45	162981	26	
P	Anbu		CN		23.45	116.68	162964	211	
P	McKinney		US		33.20	-96.62	162898	79	
P	Mostaganem		DZ		35.93	0.09	162885	3	
P	Chirchiq		UZ		41.47	69.58	162800	214	
P	Bandar-e Māhshahr	Bandar-e Mahshahr	IR		30.56	49.19	162797	216	
P	Leverkusen		DE		51.03	6.98	162738	249	
P	Pandi		PH		14.87	120.96	162725	194	
P	Capas		PH		15.33	120.59	162724	194	
P	Ning’er	Ning'er	CN		23.04	101.04	162711	211	
P	Haarlem		NL		52.38	4.64	162543	244	
P	Arnhem		NL		51.98	5.91	162424	244	
P	Nkongsamba		CM		4.95	9.94	162309	18	
P	El Vigía	El Vigia	VE		8.61	-71.66	162289	76	
P	Araucária	Araucaria	BR		-25.59	-49.41	162247	139	
P	Robertsonpet		IN		12.96	78.28	162230	187	
P	Kitale		KE		1.02	35.01	162174	41	
P	Suleja		NG		9.18	7.18	162135	29	
P	Pouso Alegre		BR		-22.23	-45.94	162133	139	
P	Taza		MA		34.21	-4.01	162110	13	
P	Oxford		GB		51.75	-1.26	162100	268	
P	Al Maţarīyah	Al Matariyah	EG		31.18	32.03	162045	12	
P	Kunduz		AF		36.73	68.86	161902	183	
P	Fengcheng		CN	04	34.70	116.59	161850	211	
P	Trảng Bàng	Trang Bang	VN		11.03	106.36	161831	177	
P	Unnāo	Unnao	IN		26.55	80.49	161671	187	
P	N'dalatando		AO		-9.30	14.91	161584	32	
P	Budaun		IN		28.04	79.13	161555	187	
P	Ōgaki	Ogaki	JP		35.35	136.62	161539	218	
P	Newport		GB		51.59	-3.00	161506	268	
P	Coquimbo		CL		-29.95	-71.34	161317	137	
P	Baubau		ID		-5.46	122.60	161280	193	
P	Đưc Trọng	GJuc Trong	VN		11.74	108.37	161232	177	
P	Blitar		ID		-8.10	112.17	161204	180	
P	Alagoinhas		BR		-12.14	-38.42	161196	67	
P	KwaDukuza		ZA		-29.33	31.29	161177	23	
P	Miyakonojō	Miyakonojo	JP		31.73	131.07	161137	218	
P	Madhyamgram		IN		22.69	88.45	161126	187	
P	Lancaster		US		34.70	-118.14	161103	107	
P	Rubtsovsk		RU		51.51	81.21	161065	164	
P	Tacheng		CN		46.75	82.96	161037	221	
P	Kindia		GN		10.06	-12.87	161024	14	
P	Tauranga		NZ		-37.69	176.17	161000	312	
P	Kalemie		CD		-5.95	29.19	160961	33	
P	Chatuchak		TH		13.83	100.56	160906	163	
P	San Juan de los Morros		VE		9.91	-67.35	160868	76	
P	Sayama		JP		35.85	139.41	160843	218	
P	Sullana		PE		-4.90	-80.69	160789	106	
P	's-Hertogenbosch		NL		51.70	5.30	160783	244	
P	Szeged		HU		46.25	20.15	160766	253	
P	Malakal		SS		9.53	31.66	160765	24	
P	Chittoor		IN		13.21	79.10	160722	187	
P	Toledo		BR		-24.71	-53.74	160701	139	
P	Salamanca		MX		20.57	-101.20	160682	117	
P	Ban Khlong Prawet		TH		13.72	100.68	160671	163	
P	La Gi		VN		10.66	107.77	160652	177	
P	Anderlecht		BE		50.84	4.31	160553	251	
P	Mytishchi		RU		55.91	37.73	160542	275	
P	Delegación Cuajimalpa de Morelos	Delegacion Cuajimalpa de Morelos	MX		19.37	-99.29	160491	117	
P	Hebron		PS		31.53	35.09	160470	176	
P	Camaragibe		BR		-8.02	-34.98	160318	133	
P	Mogi Guaçu	Mogi Guacu	BR		-22.37	-46.95	160318	139	
P	Mejicanos		SV		13.72	-89.19	160317	89	
P	Trà Vinh	Tra Vinh	VN		9.95	106.34	160310	177	
P	Parepare		ID		-4.01	119.63	160309	193	
P	Jāmuria	Jamuria	IN		23.70	87.08	160242	187	
P	Koudougou		BF		12.25	-2.37	160239	45	
P	Taunggyi		MM		20.79	97.04	160115	225	
P	Dhamār	Dhamar	YE		14.54	44.41	160114	153	
P	Ash Sharqāt	Ash Sharqat	IQ		35.52	43.23	160000	160	
P	Dijon		FR		47.31	5.01	159941	277	
P	Salavat		RU		53.38	55.91	159893	226	
P	Ede		NG		7.74	4.44	159866	29	
P	Sukrah		TN		36.88	10.25	159862	49	
P	Manzanillo		MX		19.12	-104.34	159853	117	
P	Jalapa		GT		14.64	-89.99	159840	95	
P	Paech’ŏn-ŭp	Paech'on-up	KP		37.99	126.30	159825	203	
P	Cary		US		35.79	-78.78	159769	123	
P	Tahoua		NE		14.89	5.27	159468	43	
P	Alexandria		US		38.80	-77.05	159467	123	
P	Tuxtepec		MX		18.09	-96.13	159452	117	
P	Puthia		BD		24.37	88.83	159406	171	
P	Paris 16 Passy		FR		48.86	2.28	159386	277	
P	Zhicheng		CN		30.30	111.50	159383	211	
P	Ang Mo Kio New Town		SG		1.38	103.84	159340	212	
P	Limuru		KE		-1.11	36.64	159314	41	
P	San Miguel del Padrón	San Miguel del Padron	CU		23.10	-82.33	159273	99	
P	Tarija		BO		-21.54	-64.73	159269	105	
P	Patos de Minas		BR		-18.58	-46.52	159235	139	
P	Oldenburg		DE		53.14	8.21	159218	249	
P	Paris 17 Batignolles-Monceau		FR		48.88	2.32	159212	277	
P	Matsusaka		JP		34.58	136.54	159145	218	
P	Catamarca		AR		-28.47	-65.79	159139	56	
P	Tochigi		JP		36.38	139.73	159056	218	
P	Bordj Bou Arreridj		DZ		36.07	4.76	158812	3	
P	Dīla	Dila	ET		6.42	38.32	158800	2	
P	Jaigaon		IN		26.85	89.38	158664	187	
P	Atibaia		BR		-23.12	-46.55	158647	139	
P	Batāla	Batala	IN		31.81	75.20	158621	187	
P	Grenoble		FR		45.18	5.71	158552	277	
P	Sāmarrā’	Samarra'	IQ		34.20	43.89	158508	160	
P	Tempe Junction		US		33.41	-111.94	158368	127	
P	Palmdale		US		34.58	-118.12	158351	107	
P	George Town		MY		5.41	100.34	158336	189	
P	El Achir		DZ		36.06	4.63	158333	3	
P	Hayward		US		37.67	-122.08	158289	107	
P	Orai		IN		25.99	79.45	158265	187	
P	Thốt Nốt	Thot Not	VN		10.27	105.53	158225	177	
P	Gweru		ZW		-19.45	29.82	158200	22	
P	Abaetetuba		BR		-1.72	-48.88	158188	69	
P	Panguíla	Panguila	AO		-8.69	13.45	158068	32	
P	Chom Thong		TH		13.68	100.48	158005	163	
P	Sunggal		ID		3.58	98.62	157914	180	
P	Diourbel		SN		14.65	-16.24	157554	15	
P	Ueda		JP		36.40	138.28	157480	218	
P	Aberdeen		HK		22.25	114.15	157400	178	
P	Salinas		US		36.68	-121.66	157380	107	
P	Cuautla		MX		18.81	-98.96	157336	117	
P	Salzburg		AT		47.80	13.04	157245	295	
P	Perbaungan		ID		3.57	98.96	157174	180	
P	Nong Chok		TH		13.86	100.86	157138	163	
P	Ussuriysk		RU		43.80	131.96	157068	223	
P	Arif Wala		PK		26.32	66.30	157063	185	
P	Nanpiao		CN		41.10	120.75	157044	211	
P	Livorno		IT		43.54	10.33	157017	281	
P	Río Cuarto	Rio Cuarto	AR		-33.13	-64.35	157010	57	
P	Harar		ET		9.31	42.12	157000	2	
P	Tiraspol		MD		46.84	29.63	157000	254	
P	Enfield Town		GB		51.65	-0.08	156858	268	
P	Westonaria		ZA		-26.32	27.65	156831	23	
P	Lizhi		CN		29.70	107.40	156753	211	
P	Hitachi-Naka		JP		36.40	140.53	156581	218	
P	Saharsa		IN		25.87	86.60	156540	187	
P	Qalyub		EG		30.18	31.21	156363	12	
P	Escuintla		GT		14.30	-90.79	156313	95	
P	Marbella		ES		36.52	-4.89	156295	270	
P	Ereğli	Eregli	TR		37.51	34.05	156253	261	
P	Batu Pahat		MY		1.85	102.93	156236	189	
P	Sitiawan		MY		4.22	100.70	156234	189	
P	Mariveles		PH		14.43	120.49	156200	194	
P	San Pablo de las Salinas		MX		19.67	-99.09	156191	117	
P	Lampang		TH		18.29	99.49	156139	163	
P	York		GB		53.96	-1.08	156135	268	
P	Bạc Liêu	Bac Lieu	VN		9.29	105.73	156110	177	
P	Juja		KE		-1.10	37.01	156041	41	
P	Nek’emtē	Nek'emte	ET		9.08	36.55	156000	2	
P	Örebro	OErebro	SE		59.27	15.21	155989	289	
P	Al Miqdādīyah	Al Miqdadiyah	IQ		33.98	44.94	155968	160	
P	Katsuta		JP		36.38	140.53	155968	218	
P	Malabo		GQ		3.76	8.78	155963	35	
P	Vidisha		IN		23.53	77.81	155951	187	
P	Tuy Hòa	Tuy Hoa	VN		13.10	109.32	155921	177	
P	Yizhou		CN		24.50	108.67	155872	211	
P	Xinqiao		CN		31.07	121.31	155856	211	
P	Sunnyvale		US		37.37	-122.04	155805	107	
P	Tema		GH		5.67	-0.02	155782	1	
P	Yichun		CN	08	47.72	128.88	155762	211	
P	Đức Phổ	GJuc Pho	VN		14.81	108.96	155743	177	
P	San Martin Texmelucan de Labastida		MX		19.28	-98.44	155738	117	
P	Ar Ramthā	Ar Ramtha	JO		32.56	36.01	155693	155	
P	Hanumāngarh	Hanumangarh	IN		29.58	74.33	155687	187	
P	Zemun		RS		44.85	20.40	155591	248	
P	Telford		GB		52.68	-2.45	155570	268	
P	Kisi		NG		9.08	3.85	155510	29	
P	Nilópolis	Nilopolis	BR		-22.81	-43.41	155500	139	
P	Villa Canales		GT		14.48	-90.53	155423	95	
P	Guyong		PH		14.84	120.98	155391	194	
P	Settat		MA		33.00	-7.62	155333	13	
P	Brusque		BR		-27.10	-48.91	155307	139	
P	Paço do Lumiar	Paco do Lumiar	BR		-2.53	-44.11	155307	90	
P	Jampur		PK		29.64	70.60	155243	185	
P	Port Louis		MU		-20.16	57.50	155226	308	
P	Kawanishi		JP		34.82	135.42	155165	218	
P	Thānesar	Thanesar	IN		29.97	76.83	155152	187	
P	Al Ḩawāmidīyah	Al Hawamidiyah	EG		29.90	31.25	155055	12	
P	Hassan		IN		13.01	76.10	155006	187	
P	Lianghu		CN		29.99	120.90	155000	211	
P	Birendranagar		NP		28.60	81.62	154886	186	
P	Kishangarh		IN		26.59	74.85	154886	187	
P	Dalūpura	Dalupura	IN		28.61	77.32	154791	187	
P	Guangshui		CN		31.62	114.00	154771	211	
P	Saint-Denis		RE		-20.88	55.45	154765	310	
P	Brăila	Braila	RO		45.27	27.97	154686	252	
P	Lyubertsy		RU		55.68	37.89	154650	275	
P	Bumba		CD		2.19	22.47	154586	28	
P	Rudrapur		IN		28.98	79.40	154554	187	
P	La Serena		CL		-29.91	-71.25	154521	137	
P	Miskolc		HU		48.10	20.78	154521	253	
P	Abū Kabīr	Abu Kabir	EG		30.73	31.67	154466	12	
P	Fu’an	Fu'an	CN		27.09	119.64	154439	211	
P	Kitengela		KE		-1.48	36.96	154436	41	
P	Frisco		US		33.15	-96.82	154407	79	
P	Zhaodong		CN		46.05	125.96	154406	211	
P	Wujiaqu		CN		44.16	87.52	154400	221	
P	Shomolu		NG		6.54	3.37	154390	29	
P	Janzūr	Janzur	LY		32.82	13.02	154389	48	
P	Xai-Xai		MZ		-25.05	33.64	154356	36	
P	Springfield		US	MA	42.10	-72.59	154341	123	
P	Nalgonda		IN		17.05	79.27	154326	187	
P	Katabi		UG		0.08	32.47	154300	25	
P	Gwangyang		KR		34.94	127.70	154266	210	
P	Kovrov		RU		56.36	41.32	154224	275	
P	Viranşehir	Viransehir	TR		37.22	39.76	154163	261	
P	Noda		JP		35.95	139.87	154114	218	
P	San Cristóbal	San Cristobal	DO		18.42	-70.11	154040	138	
P	East Chattanooga		US		35.07	-85.25	154024	123	
P	Limassol		CY		34.68	33.04	154000	196	
P	Kariya		JP		34.98	136.98	153834	218	
P	Pasadena		US	TX	29.69	-95.21	153784	79	
P	Mīt Ghamr	Mit Ghamr	EG		30.72	31.26	153754	12	
P	Sanshui		CN		23.15	112.89	153714	211	
P	Jackson		US		32.30	-90.18	153701	79	
P	Enschede		NL		52.22	6.90	153655	244	
P	Boshan		CN		36.48	117.83	153596	211	
P	Hazāribāgh	Hazaribagh	IN		23.99	85.36	153595	187	
P	Yangchun		CN		22.17	111.78	153547	211	
P	Souk Ahras		DZ		36.29	7.95	153479	3	
P	Musanze		RW		-1.50	29.63	153368	27	
P	Medinīpur	Medinipur	IN		22.42	87.32	153349	187	
P	Andong		KR		36.57	128.72	153348	210	
P	Bālurghāt	Balurghat	IN		25.22	88.78	153279	187	
P	Pomona		US		34.06	-117.75	153266	107	
P	Valle de La Pascua		VE		9.22	-66.01	153136	76	
P	Chincha Alta		PE		-13.41	-76.13	153076	106	
P	Cairns		AU		-16.92	145.77	153075	238	
P	Fyzābād	Fyzabad	IN		26.78	82.15	153047	187	
P	Thị Trấn Thuận Châu	Thi Tran Thuan Chau	VN		21.44	103.69	153000	177	
P	Dinapore		IN		25.64	85.05	152940	187	
P	Dingzhou		CN		38.51	114.99	152934	211	
P	Kansas City		US	KS	39.11	-94.63	152933	79	
P	As Samawah		IQ		31.33	45.29	152890	160	
P	Porbandar		IN		21.64	69.61	152760	187	
P	Sinp’o	Sinp'o	KP		40.04	128.19	152759	203	
P	Pengpu		CN		31.29	121.44	152725	211	
P	Wazirabad		PK		32.44	74.12	152624	185	
P	Lakewood		US		39.70	-105.08	152597	85	
P	Baqubah		IQ		33.75	44.61	152550	160	
P	Simele		IQ		36.86	42.85	152512	160	
P	Sumayl		IQ		36.86	42.85	152512	160	
P	Neuss		DE		51.20	6.69	152457	249	
P	Chenghua		CN		23.46	116.77	152453	211	
P	Songnim-ni		KP		38.76	125.64	152425	203	
P	Bānda	Banda	IN		25.48	80.33	152218	187	
P	Cần Giuộc	Can Giuoc	VN		10.61	106.67	152200	177	
P	Longfeng		CN		46.53	125.10	152074	211	
P	Beining		CN		41.60	121.79	152033	211	
P	Gonbad-e Kāvūs	Gonbad-e Kavus	IR		37.25	55.17	151910	216	
P	Etwatwa		ZA		-26.13	28.45	151866	23	
P	Higashimurayama		JP		35.75	139.47	151815	218	
P	Garanhuns		BR		-8.88	-36.50	151803	133	
P	Hindupur		IN		13.83	77.49	151677	187	
P	Stavanger		NO		58.97	5.73	151669	276	
P	Bintulu		MY		3.17	113.03	151617	190	
P	Poole		GB		50.71	-1.98	151500	268	
P	Akhmīm	Akhmim	EG		26.56	31.75	151430	12	
P	Kohat		PK		33.58	71.45	151427	185	
P	Regensburg		DE		49.02	12.10	151389	249	
P	Layyah		PK		30.96	70.94	151274	185	
P	Girga		EG		26.34	31.89	151256	12	
P	Koforidua		GH		6.09	-0.26	151255	1	
P	Logroño	Logrono	ES		42.47	-2.45	151164	270	
P	Beāwar	Beawar	IN		26.10	74.32	151152	187	
P	Shujaabad		PK		29.88	71.29	151115	185	
P	Escondido		US		33.12	-117.09	151038	107	
P	Ṣuwayliḥ	Suwaylih	JO		32.02	35.84	151016	155	
P	Erzincan		TR		39.74	39.49	150714	261	
P	Kırşehir	Kirsehir	TR		39.15	34.16	150700	261	
P	La Laguna		ES		28.49	-16.32	150661	229	
P	Kokshetau		KZ		53.28	69.39	150649	154	
P	Eminabad		PK		32.04	74.26	150646	185	
P	Anantnag		IN		33.73	75.15	150592	187	
P	Kukichūō	Kukichuo	JP		36.07	139.67	150582	218	
P	Badajoz		ES		38.88	-6.97	150530	270	
P	Serilingampalle		IN		17.49	78.30	150525	187	
P	Talcahuano		CL		-36.72	-73.12	150499	137	
P	Chillán	Chillan	CL		-36.61	-72.10	150396	137	
P	Jaranwala		PK		31.33	73.42	150380	185	
P	Kỳ Anh	Ky Anh	VN		18.06	106.30	150226	163	
P	Nong Khaem		TH		13.71	100.35	150218	163	
P	Piedras Negras		MX		28.70	-100.52	150178	114	
P	Kızıltepe	Kiziltepe	TR		37.19	40.58	150174	261	
P	Musashino		JP		35.71	139.56	150149	218	
P	Paranaguá	Paranagua	BR		-25.52	-48.53	150104	139	
P	Balashikha		RU		55.79	37.95	150103	275	
P	Raigarh		IN		21.90	83.40	150019	187	
P	Gloucester		CA		45.35	-75.63	150012	148	
P	Vryheid		ZA		-27.77	30.79	150012	23	
P	Bandar Tasik Puteri		MY		3.29	101.47	150000	189	
P	Bercham		MY		4.64	101.14	150000	189	
P	Dili		TL		-8.56	125.57	150000	172	
P	Gimcheon		KR		36.12	128.12	150000	210	
P	Malkajgiri		IN		17.45	78.53	150000	187	
P	Setia Alam		MY		3.10	101.46	150000	189	
P	Tordher		PK		33.99	72.29	150000	185	
P	Shāntipur	Shantipur	IN		23.25	88.43	149983	187	
P	Chishtian		PK		29.80	72.86	149939	185	
P	Playa del Carmen		MX		20.63	-87.08	149923	75	
P	Santa Rita		BR		-7.11	-34.98	149910	90	
P	Split		HR		43.51	16.44	149830	299	
P	Ursynów	Ursynow	PL		52.15	21.05	149775	298	
P	Hollywood		US		26.01	-80.15	149728	123	
P	Harunabad		PK		29.61	73.14	149679	185	
P	Shūnan	Shunan	JP		34.08	131.83	149632	218	
P	Agadez		NE		16.97	7.99	149549	43	
P	Burnley		GB		53.80	-2.23	149422	268	
P	Reẖovot	Rehovot	IL		31.89	34.81	149392	182	
P	Watampone		ID		-4.54	120.33	149336	193	
P	Sabha		LY		27.04	14.43	149329	48	
P	Disūq	Disuq	EG		31.13	30.65	149291	12	
P	Cagliari		IT		39.23	9.12	149257	281	
P	Harrow		GB		51.58	-0.33	149246	268	
P	Berrechid		MA		33.27	-7.59	149201	13	
P	Queimados		BR		-22.72	-43.56	149093	139	
P	Tambacounda		SN		13.77	-13.67	149071	15	
P	Huddersfield		GB		53.65	-1.78	149017	268	
P	Ārabī	Arabi	ET		9.96	42.49	148933	2	
P	Kerch		UA		45.36	36.48	148932	286	
P	Saguenay		CA		48.42	-71.07	148886	148	
P	Fazenda Rio Grande		BR		-25.66	-49.31	148873	139	
P	Komaki		JP		35.28	136.92	148872	218	
P	Marvdasht		IR		29.87	52.80	148858	216	
P	Melitopol		UA		46.85	35.38	148851	265	
P	Dunhua		CN		43.37	128.23	148844	211	
P	Bhuj		IN		23.25	69.67	148834	187	
P	Jyväskylä	Jyvaeskylae	FI		62.24	25.72	148744	259	
P	Yonago		JP		35.43	133.33	148720	218	
P	Ruqi		SO		9.97	43.43	148702	39	
P	Rimini		IT		44.06	12.57	148688	281	
P	Coquitlam		CA		49.28	-122.78	148625	150	
P	Aḍ-Ḍawāḥy	Ad-Dawahy	EG		31.24	32.28	148624	12	
P	Arar		SA		30.98	41.04	148540	207	
P	Valencia		US		34.44	-118.61	148456	107	
P	Moreno		AR		-34.63	-58.79	148290	55	
P	Tama		JP		35.64	139.47	148285	218	
P	Rockford		US		42.27	-89.09	148278	79	
P	El Limón	El Limon	VE		10.31	-67.63	148247	76	
P	Kalaban Koro		ML		12.57	-8.03	148247	5	
P	Nîmes	Nimes	FR		43.84	4.36	148236	277	
P	Dundee		GB		56.47	-2.97	148210	268	
P	Bārākpur	Barakpur	IN		22.77	88.36	148174	187	
P	Sujiatun		CN		41.66	123.34	148113	211	
P	Astanajapura		ID		-6.80	108.63	148047	180	
P	Xebat		IQ		36.28	43.67	148047	160	
P	Ciudad Delicias		MX		28.19	-105.47	148045	80	
P	Siguiri		GN		11.42	-9.17	148018	14	
P	Kamsar		GN		10.65	-14.62	148000	14	
P	Mbanza Kongo		AO		-6.27	14.24	148000	32	
P	East Hampton		US		37.04	-76.33	147993	123	
P	Honggang		CN		46.40	124.88	147977	211	
P	Kiambu		KE		-1.17	36.84	147870	41	
P	Clermont-Ferrand		FR		45.78	3.09	147865	277	
P	Joliet		US		41.53	-88.08	147861	79	
P	Barrie		CA		44.40	-79.67	147829	148	
P	Bang Kapi		TH		13.77	100.65	147800	163	
P	Yima		CN		34.74	111.88	147800	211	
P	Savannah		US		32.08	-81.10	147780	123	
P	Paterson		US		40.92	-74.17	147754	123	
P	Kolomna		RU		55.07	38.78	147690	275	
P	Hājīpur	Hajipur	IN		25.69	85.21	147688	187	
P	Rafsanjān	Rafsanjan	IR		30.41	55.99	147680	216	
P	Hòa Thành	Hoa Thanh	VN		11.29	106.13	147666	177	
P	Mestre		IT		45.49	12.25	147662	281	
P	Bridgeport		US		41.18	-73.19	147629	123	
P	Kragujevac		RS		44.02	20.92	147473	248	
P	Aktau		KZ		43.66	51.17	147443	156	
P	Nusantara		ID		-0.97	116.71	147430	193	
P	Sasarām	Sasaram	IN		24.95	84.02	147408	187	
P	Iruma		JP		35.82	139.37	147166	218	
P	Renca		CL		-33.40	-70.71	147151	137	
P	Kramatorsk		UA		48.73	37.57	147145	265	
P	Naperville		US		41.79	-88.15	147100	79	
P	Manama		BH		26.23	50.59	147074	161	
P	Colima		MX		19.24	-103.71	146965	117	
P	Bhimavaram		IN		16.54	81.52	146961	187	
P	Lárisa	Larisa	GR		39.63	22.42	146926	247	
P	Nakhodka		RU		42.84	132.92	146920	223	
P	Debre Birhan		ET		9.68	39.53	146900	2	
P	Cacuaco		AO		-8.78	13.37	146867	32	
P	Aix-en-Provence		FR		43.53	5.45	146821	277	
P	Cam Ranh		VN		11.92	109.16	146771	177	
P	Jalalpur Jattan		PK		32.64	74.21	146743	185	
P	Matanzas		CU		23.04	-81.58	146733	99	
P	Beed		IN		18.99	75.76	146709	187	
P	Khasnahzān	Khasnahzan	IQ		36.20	44.14	146639	160	
P	Taozhou		CN		30.91	119.41	146610	211	
P	Saint-Quentin-en-Yvelines		FR		48.77	2.02	146598	277	
P	Bandar Bukit Raja		MY		3.09	101.43	146534	189	
P	Blackburn		GB		53.75	-2.48	146521	268	
P	Rosemont–La Petite-Patrie	Rosemont-La Petite-Patrie	CA		45.54	-73.61	146501	148	
P	Colina		CL		-33.20	-70.67	146207	137	
P	Burāri	Burari	IN		28.76	77.20	146190	187	
P	Ruda Śląska	Ruda Slaska	PL		50.26	18.86	146189	298	
P	Nouadhibou		MR		20.94	-17.04	146048	44	
P	Puerto Plata		DO		19.79	-70.69	146000	138	
P	Urdaneta		PH		15.98	120.57	145935	194	
P	Krishnanagar		IN		23.41	88.49	145926	187	
P	Xinji		CN		37.93	115.22	145911	211	
P	Jutiapa		GT		14.28	-89.89	145880	95	
P	Chitradurga		IN		14.22	76.40	145853	187	
P	Bueng Kum		TH		13.79	100.67	145830	163	
P	Cambridge		GB		52.20	0.12	145674	268	
P	Kampung Pasir Gudang Baru		MY		1.47	103.88	145639	189	
P	Kampung Sungai Glugur		MY		5.37	100.31	145600	189	
P	Dibrugarh		IN		27.48	94.91	145488	187	
P	Médéa	Medea	DZ		36.26	2.75	145441	3	
P	Taishan		CN		22.25	112.78	145440	211	
P	El Eulma		DZ		36.15	5.69	145380	3	
P	Pécs	Pecs	HU		46.08	18.23	145347	253	
P	Giá Rai	Gia Rai	VN		9.23	105.46	145340	177	
P	Abohar		IN		30.14	74.20	145302	187	
P	Tiruvannamalai		IN		12.23	79.07	145278	187	
P	Teixeira de Freitas		BR		-17.54	-39.74	145216	67	
P	Gainesville		US		29.65	-82.32	145214	123	
P	Concordia		AR		-31.39	-58.02	145210	57	
P	Botucatu		BR		-22.89	-48.45	145155	139	
P	Fujieda		JP		34.87	138.27	145032	218	
P	Spanish Town		JM		17.99	-76.96	145018	102	
P	Blackpool		GB		53.82	-3.05	145007	268	
P	Urganch		UZ		41.55	60.63	145000	209	
P	Bukoba		TZ		-1.33	31.81	144938	16	
P	Kaithal		IN		29.80	76.40	144915	187	
P	Ingombota		AO		-8.82	13.23	144911	32	
P	Brest		FR		48.39	-4.49	144899	277	
P	Basildon		GB		51.57	0.46	144859	268	
P	Franco da Rocha		BR		-23.32	-46.73	144849	139	
P	Salamanca		ES		40.97	-5.66	144825	270	
P	Villeray–Saint-Michel–Parc-Extension	Villeray-Saint-Michel-Parc-Extension	CA		45.56	-73.61	144814	148	
P	Mesquite		US		32.77	-96.60	144788	79	
P	Ashikaga		JP		36.33	139.45	144746	218	
P	Huyện Lâm Hà	Huyen Lam Ha	VN		11.82	108.21	144707	177	
P	Acheng		CN		45.55	126.95	144665	211	
P	Kelowna		CA		49.88	-119.49	144576	150	
P	Umarkot		PK		25.36	69.74	144558	185	
P	León	Leon	NI		12.44	-86.88	144538	110	
P	Kakamigahara		JP		35.42	136.87	144521	218	
P	Le Mans		FR		48.00	0.20	144515	277	
P	Lodhran		PK		29.53	71.63	144512	185	
P	Campo Largo		BR		-25.46	-49.53	144504	139	
P	Trois-Rivières	Trois-Rivieres	CA		46.35	-72.55	144472	148	
P	Hailin		CN		44.57	129.39	144443	211	
P	Tsuchiura		JP		36.09	140.21	144399	218	
P	Elektrostal’	Elektrostal'	RU		55.79	38.46	144387	275	
P	Balasore		IN		21.49	86.93	144373	187	
P	Yong’an	Yong'an	CN		31.02	109.46	144314	211	
P	Kampong Pasir Ris		SG		1.38	103.93	144260	212	
P	Huelva		ES		37.27	-6.94	144258	270	
P	Navoiy		UZ		40.08	65.38	144158	209	
P	Syracuse		US		43.05	-76.15	144142	123	
P	Ashkelon		IL		31.67	34.57	144073	182	
P	Pinetown		ZA		-29.82	30.89	144026	23	
P	Kusatsu		JP		35.02	135.97	143913	218	
P	Nanjin		CN		29.98	106.27	143766	211	
P	Guelph		CA		43.55	-80.26	143740	148	
P	Qianjiang		CN	33	29.53	108.77	143727	211	
P	Godhra		IN		22.78	73.61	143644	187	
P	Khemisset		MA		33.82	-6.07	143640	13	
P	Çanakkale	Canakkale	TR		40.16	26.41	143622	261	
P	Torrance		US		33.84	-118.34	143592	107	
P	Três Lagoas	Tres Lagoas	BR		-20.79	-51.70	143523	74	
P	San Jose		PH		12.35	121.07	143495	194	
P	Ladysmith		ZA		-28.56	29.78	143446	23	
P	Lévis	Levis	CA		46.80	-71.18	143414	148	
P	Heidelberg		DE		49.41	8.69	143345	249	
P	Fresnillo		MX		23.17	-102.87	143281	117	
P	Touggourt		DZ		33.11	6.07	143270	3	
P	Shillong		IN		25.57	91.88	143229	187	
P	Surprise		US		33.63	-112.33	143148	127	
P	Norwich		GB		52.63	1.30	143135	268	
P	Tịnh Biên	Tinh Bien	VN		10.60	104.94	143098	177	
P	Moriguchi		JP		34.73	135.57	143096	218	
P	Amiens		FR		49.90	2.30	143086	277	
P	Cai Lậy	Cai Lay	VN		10.40	106.12	143050	177	
P	Rewāri	Rewari	IN		28.20	76.62	143021	187	
P	Basirhat City		IN		22.66	88.85	143007	187	
P	Aalborg		DK		57.05	9.92	142937	255	
P	La Trinidad		PH		16.45	120.59	142925	194	
P	Ghardaïa	Ghardaia	DZ		32.49	3.67	142913	3	
P	Timika		ID		-4.61	136.68	142909	181	
P	Pyatigorsk		RU		44.05	43.05	142865	275	
P	Teófilo Otoni	Teofilo Otoni	BR		-17.86	-41.51	142851	139	
P	Mbanza-Ngungu		CD		-5.26	14.86	142773	28	
P	Mercier–Hochelaga-Maisonneuve	Mercier-Hochelaga-Maisonneuve	CA		45.57	-73.55	142753	148	
P	Okinawa		JP		26.34	127.80	142752	218	
P	Middlesbrough		GB		54.58	-1.23	142707	268	
P	Shahrisabz		UZ		39.06	66.83	142700	209	
P	Moro		PK		26.66	68.00	142685	185	
P	Ch’ŏngdan-ŭp	Ch'ongdan-up	KP		37.97	125.94	142607	203	
P	Rybnik		PL		50.10	18.54	142510	298	
P	Saïda	Saida	DZ		34.83	0.15	142497	3	
P	Tuzla		BA		44.54	18.67	142486	284	
P	eMbalenhle		ZA		-26.53	29.07	142443	23	
P	Trindade		BR		-16.65	-49.49	142431	139	
P	Khanpur		PK		28.65	70.66	142426	185	
P	Columbia		US	SC	34.00	-81.03	142416	123	
P	Nawābganj	Nawabganj	BD		24.59	88.27	142361	171	
P	Inezgane		MA		30.36	-9.54	142320	13	
P	Puerto Cortez		HN		15.83	-87.93	142311	146	
P	Pasadena		US	CA	34.15	-118.14	142250	107	
P	Toowoomba		AU		-27.56	151.95	142163	238	
P	Paderborn		DE		51.72	8.75	142161	249	
P	Misato, Saitama		JP		35.84	139.88	142145	218	
P	Chhatarpur		IN		24.92	79.59	142128	187	
P	Kimberley		ZA		-28.73	24.76	142089	23	
P	Alto Hospicio		CL		-20.27	-70.10	142086	137	
P	Ciego de Ávila	Ciego de Avila	CU		21.84	-78.76	142027	99	
P	Samālūţ	Samalut	EG		28.31	30.71	142009	12	
P	Jieshou		CN		33.26	115.36	141993	211	
P	Maykop		RU		44.61	40.10	141970	275	
P	Attock City		PK		33.77	72.36	141945	185	
P	Kisaran		ID		2.98	99.62	141915	180	
P	Mojokerto		ID		-7.47	112.43	141785	180	
P	Facatativá	Facatativa	CO		4.81	-74.35	141762	72	
P	Masai		MY		1.49	103.88	141730	189	
P	Punto Fijo		VE		11.69	-70.20	141729	76	
P	Myingyan		MM		21.46	95.39	141713	225	
P	Kamālshahr	Kamalshahr	IR		35.86	50.87	141669	216	
P	Mandsaur		IN		24.07	75.07	141667	187	
P	Zheleznodorozhnyy		RU		55.74	38.02	141648	275	
P	Chas		IN		23.64	86.17	141640	187	
P	Jahrom		IR		28.50	53.56	141634	216	
P	Tours		FR		47.39	0.70	141621	277	
P	Pālanpur	Palanpur	IN		24.17	72.44	141592	187	
P	Bondoukou		CI		8.04	-2.80	141568	0	
P	Chichicastenango		GT		14.94	-91.11	141567	95	
P	Tarragona		ES		41.12	1.25	141542	270	
P	Cachoeirinha		BR		-29.95	-51.09	141503	139	
P	Tobruk		LY		32.09	23.95	141499	48	
P	Sinch’ŏn-ŭp	Sinch'on-up	KP		38.35	125.48	141407	203	
P	Abbotsford		CA		49.06	-122.25	141397	150	
P	Bolton		GB		53.58	-2.43	141331	268	
P	Yushu		CN	06	33.00	97.01	141308	211	
P	Piteşti	Pitesti	RO		44.85	24.87	141275	252	
P	Potosí	Potosi	BO		-19.58	-65.75	141251	105	
P	Limoges		FR		45.83	1.25	141176	277	
P	Salto		BR		-23.20	-47.29	141111	139	
P	Asaka		JP		35.80	139.60	141083	218	
P	Ghazni		AF		33.55	68.42	141000	183	
P	Orange		US		33.79	-117.85	140992	107	
P	Wola		PL		52.23	20.96	140958	298	
P	Sanhe		CN	33	29.87	107.73	140954	211	
P	Īlām	Ilam	IR		33.64	46.42	140940	216	
P	Shimotoda		JP		35.81	139.69	140899	218	
P	Comodoro Rivadavia		AR		-45.86	-67.49	140850	56	
P	Kampung Sungai Ara		MY		5.33	100.27	140849	189	
P	Fullerton		US		33.87	-117.93	140847	107	
P	Killeen		US		31.12	-97.73	140806	79	
P	Norilsk		RU		69.35	88.20	140800	188	
P	Lleida		ES		41.62	0.62	140797	270	
P	Coimbra		PT		40.21	-8.42	140796	266	
P	Mtwara		TZ		-10.27	40.18	140793	16	
P	Manjhand		PK		25.91	68.24	140766	185	
P	Beni		CD		0.49	29.47	140731	33	
P	Debre Mark’os	Debre Mark'os	ET		10.35	37.73	140700	2	
P	Norzagaray		PH		14.91	121.05	140697	194	
P	Qeładizê	Qeladize	IQ		36.18	45.13	140688	160	
P	Nigel		ZA		-26.43	28.48	140644	23	
P	Catacamas		HN		14.85	-85.89	140548	146	
P	Buea		CM		4.15	9.24	140533	18	
P	Shuizhai		CN		23.93	115.76	140493	211	
P	Al’met’yevsk	Al'met'yevsk	RU		54.90	52.32	140437	275	
P	McAllen		US		26.20	-98.23	140269	79	
P	Lakhīmpur	Lakhimpur	IN		27.95	80.78	140223	187	
P	Ishinomaki		JP		38.42	141.30	140151	218	
P	Mpumalanga		ZA		-29.81	30.64	140121	23	
P	Mian Channun		PK		30.44	72.36	140112	185	
P	Ji Paraná	Ji Parana	BR		-10.89	-61.95	140101	130	
P	Zaanstad		NL		52.45	4.81	140085	244	
P	Kabin Buri		TH		13.95	101.72	140056	163	
P	Kuwana		JP		35.05	136.67	140051	218	
P	Ayacucho		PE		-13.16	-74.22	140033	106	
P	Torbat-e Ḩeydarīyeh	Torbat-e Heydariyeh	IR		35.27	59.22	140019	216	
P	Chamartín	Chamartin	ES		40.46	-3.68	140000	270	
P	Shanhaiguan		CN		40.00	119.75	140000	211	
P	Şaḩam	Saham	OM		24.17	56.89	140000	195	
P	Abéché	Abeche	TD		13.83	20.83	139983	42	
P	Peristéri	Peristeri	GR		38.02	23.69	139981	247	
P	Amersfoort		NL		52.16	5.39	139914	244	
P	Darwin		AU		-12.46	130.84	139902	239	
P	Jeongeup		KR		35.60	126.92	139876	210	
P	Bellevue		US		47.61	-122.20	139820	107	
P	Korolev		RU		55.91	37.83	139798	275	
P	Valsād	Valsad	IN		20.61	72.93	139764	187	
P	Shinyanga		TZ		-3.66	33.42	139727	16	
P	Sollentuna		SE		59.43	17.95	139606	289	
P	Al Hindīyah	Al Hindiyah	IQ		32.54	44.22	139578	160	
P	Yaizu		JP		34.87	138.32	139578	218	
P	Payakumbuh		ID		-0.22	100.63	139576	180	
P	Damoh		IN		23.83	79.44	139561	187	
P	Āsela	Asela	ET		7.95	39.13	139500	2	
P	Haldwani		IN		29.22	79.53	139497	187	
P	Irewe		NG		6.42	3.14	139494	29	
P	Batang		ID		-6.48	110.71	139492	180	
P	Gbongan		NG		7.48	4.35	139485	29	
P	Gama		BR		-16.03	-48.07	139467	139	
P	Siem Reap		KH		13.36	103.86	139458	201	
P	Anaco		VE		9.43	-64.46	139397	76	
P	Purwodadi		ID		-7.09	110.92	139387	180	
P	Koga		JP		36.18	139.72	139344	218	
P	Yuepu		CN		31.43	121.42	139328	211	
P	Hābra	Habra	IN		22.84	88.66	139297	187	
P	Sidoarjo		ID		-7.45	112.72	139189	180	
P	Şabāḩ as Sālim	Sabah as Salim	KW		29.26	48.06	139163	191	
P	Balneário Camboriú	Balneario Camboriu	BR		-26.99	-48.63	139155	139	
P	Lausanne		CH		46.52	6.63	139111	300	
P	Choloma		HN		15.61	-87.95	139100	146	
P	Barcarena		BR		-1.51	-48.63	139076	69	
P	Kairouan		TN		35.68	10.10	139070	49	
P	Stockport		GB		53.41	-2.16	139052	268	
P	Huadian		CN		42.97	126.74	139047	211	
P	Crato		BR		-7.23	-39.41	139027	90	
P	Kousséri	Kousseri	CM		12.08	15.03	139024	18	
P	Weru		ID		-6.71	108.50	139004	180	
P	Al-'Ubūr	Al-'Ubur	EG		30.23	31.48	138987	12	
P	Kolpino		RU		59.75	30.59	138979	275	
P	Itapipoca		BR		-3.49	-39.58	138978	90	
P	Conselheiro Lafaiete		BR		-20.66	-43.79	138946	139	
P	Sarh		TD		9.15	18.38	138928	42	
P	Gingoog		PH		8.83	125.10	138895	194	
P	San Juan del Río	San Juan del Rio	MX		20.39	-100.00	138878	117	
P	Sekondi-Takoradi		GH		4.93	-1.76	138872	1	
P	Liuzhi		CN		26.23	105.43	138826	211	
P	Altamira		BR		-3.20	-52.21	138749	136	
P	Naga		PH	07	10.21	123.76	138727	194	
P	Fuyu		CN		45.18	124.82	138704	211	
P	Wūdān	Wudan	CN		42.93	119.02	138695	211	
P	Vespasiano		BR		-19.69	-43.92	138583	139	
P	Whitby		CA		43.88	-78.93	138501	148	
P	Metairie		US		29.98	-90.15	138481	79	
P	Chaohu		CN		31.60	117.87	138463	211	
P	Kolār	Kolar	IN		13.14	78.13	138462	187	
P	Bizerte		TN		37.27	9.87	138430	49	
P	Táriba	Tariba	VE		7.82	-72.22	138402	76	
P	Ejigbo		NG		7.90	4.31	138357	29	
P	Santa Cruz do Sul		BR		-29.72	-52.43	138270	139	
P	Ksar El Kebir		MA		35.00	-5.90	138262	13	
P	Paris 11 Popincourt		FR		48.86	2.38	138170	277	
P	Dabou		CI		5.33	-4.38	138083	0	
P	Bukit Panjang New Town		SG		1.38	103.76	138050	212	
P	Paris 12 Reuilly		FR		48.84	2.39	138024	277	
P	Bertoua		CM		4.58	13.68	137993	18	
P	Jacmel		HT		18.24	-72.54	137966	128	
P	Srikakulam		IN		18.30	83.90	137944	187	
P	Candelaria		PH		13.93	121.42	137933	194	
P	Araruama		BR		-22.87	-42.34	137906	139	
P	Vĩnh Long	Vinh Long	VN		10.25	105.97	137870	177	
P	Praia		CV		14.93	-23.51	137868	230	
P	Resende		BR		-22.47	-44.45	137697	139	
P	Liangping		CN		30.66	107.77	137620	211	
P	Kirdāsah	Kirdasah	EG		30.03	31.11	137588	12	
P	Ponce		PR		18.01	-66.62	137491	131	
P	Doilungdêqên	Doilungdeqen	CN		29.66	90.99	137451	211	
P	Jieshi		CN		22.81	115.83	137444	211	
P	Hejiang		CN		28.81	105.83	137437	211	
P	Pasir Puteh		MY		5.83	102.40	137400	189	
P	Mandya		IN		12.52	76.90	137358	187	
P	Xiayang		CN		31.15	121.12	137321	211	
P	Bhisho		ZA		-32.85	27.44	137287	23	
P	Subang		ID		-6.57	107.76	137234	180	
P	Madhurampur Dehri		IN		24.97	84.20	137231	187	
P	Negombo		LK		7.21	79.84	137223	169	
P	Irákleion	Irakleion	GR		35.33	25.14	137154	247	
P	Hampton		US		37.03	-76.35	137148	123	
P	Wuyishan		CN		27.76	118.03	137133	211	
P	Miramar		US		25.99	-80.23	137132	123	
P	Jiagedaqi		CN		50.42	124.12	137105	211	
P	Bilqās	Bilqas	EG		31.21	31.36	137080	12	
P	Odintsovo		RU		55.67	37.28	137041	275	
P	Rangkasbitung		ID		-6.36	106.25	137041	180	
P	Foggia		IT		41.46	15.55	137032	281	
P	Antsiranana		MG		-12.32	49.29	136959	301	
P	Kānchrāpāra	Kanchrapara	IN		22.96	88.43	136954	187	
P	San Juan Sacatepéquez	San Juan Sacatepequez	GT		14.72	-90.64	136886	95	
P	Minoh		JP		34.83	135.47	136868	218	
P	Funtua		NG		11.52	7.31	136811	29	
P	St. Catharines		CA		43.17	-79.24	136803	148	
P	Dawei		MM		14.08	98.19	136783	225	
P	Igboho		NG		8.84	3.76	136764	29	
P	Gunungsitoli		ID		1.29	97.61	136707	180	
P	Apeldoorn		NL		52.21	5.97	136670	244	
P	Marīvān	Marivan	IR		35.52	46.18	136654	216	
P	Phủ Lý	Phu Ly	VN		20.55	105.91	136654	163	
P	Divo		CI		5.84	-5.36	136627	0	
P	Huinong		CN		39.23	106.77	136570	211	
P	Ebina		JP		35.38	139.40	136516	218	
P	Larache		MA		35.19	-6.16	136505	13	
P	Varginha		BR		-21.55	-45.43	136467	139	
P	Paris 14 Observatoire		FR		48.83	2.33	136455	277	
P	Būsh	Bush	EG		29.15	31.13	136441	12	
P	Mlolongo		KE		-1.40	36.94	136351	41	
P	Guarapari		BR		-20.67	-40.50	136311	139	
P	Tương Mai	Tuong Mai	VN		20.99	105.86	136292	163	
P	San José del Cabo	San Jose del Cabo	MX		23.05	-109.70	136285	115	
P	West Valley City		US		40.69	-112.00	136208	85	
P	Kisarazu		JP		35.38	139.93	136166	218	
P	Gejiu		CN		23.36	103.15	136135	211	
P	Bacău	Bacau	RO		46.57	26.91	136087	252	
P	Saaba		BF		12.37	-1.41	136011	45	
P	Mingaladon		MM		16.92	96.10	136000	225	
P	Dimāpur	Dimapur	IN		25.91	93.72	135860	187	
P	Sasolburg		ZA		-26.81	27.82	135828	23	
P	Cheras		MY		3.11	101.73	135823	189	
P	Tasek Glugor		MY		5.48	100.50	135786	189	
P	Osorno		CL		-40.57	-73.13	135773	137	
P	Araras		BR		-22.36	-47.38	135744	139	
P	Tumxuk		CN		39.87	79.06	135727	221	
P	Kushtia		BD		23.90	89.12	135724	171	
P	Pitalito		CO		1.85	-76.05	135711	72	
P	Baliuag		PH		14.95	120.90	135679	194	
P	Hoàn Kiếm	Hoan Kiem	VN		21.03	105.85	135618	163	
P	Kajansi		UG		0.22	32.53	135600	25	
P	Isahaya		JP		32.84	130.04	135546	218	
P	Dayton		US		39.76	-84.19	135512	123	
P	Cẩm Phả Mines	Cam Pha Mines	VN		21.02	107.30	135477	177	
P	Petapa		GT		14.50	-90.56	135447	95	
P	Māler Kotla	Maler Kotla	IN		30.53	75.88	135424	187	
P	Buguma		NG		4.74	6.86	135404	29	
P	Itaituba		BR		-4.28	-55.98	135369	136	
P	Pyay		MM		18.82	95.22	135308	225	
P	Shiqiao		CN		22.95	113.36	135308	211	
P	Rabak		SD		13.18	32.74	135281	26	
P	Tây Ninh	Tay Ninh	VN		11.31	106.10	135254	177	
P	Tyre		LB		33.27	35.19	135204	165	
P	Kutaisi		GE		42.27	42.69	135201	215	
P	Andīmeshk	Andimeshk	IR		32.46	48.35	135116	216	
P	Siwān	Siwan	IN		26.22	84.36	135066	187	
P	Madrid		CO		4.73	-74.26	135000	72	
P	Angono		PH		14.53	121.15	134975	194	
P	Cartago		CO		4.75	-75.91	134972	72	
P	Shahreẕā	Shahreza	IR		32.01	51.86	134952	216	
P	Hinthada		MM		17.65	95.46	134947	225	
P	Apucarana		BR		-23.55	-51.46	134910	139	
P	Cap-Haïtien	Cap-Haitien	HT		19.76	-72.20	134815	128	
P	Baturaja		ID		-4.13	104.17	134759	180	
P	Inazawa		JP		35.25	136.78	134751	218	
P	Rodriguez		PH		14.76	121.20	134432	194	
P	Kalol		IN		23.25	72.50	134426	187	
P	Mīāndoāb	Miandoab	IR		36.97	46.11	134425	216	
P	São Mateus	Sao Mateus	BR		-18.72	-39.86	134423	139	
P	Laghouat		DZ		33.80	2.87	134372	3	
P	Nevinnomyssk		RU		44.63	41.94	134345	275	
P	San Mateo		PH		14.70	121.12	134327	194	
P	Ţahţā	Tahta	EG		26.77	31.50	134314	12	
P	San Juan		PH		14.60	121.03	134312	194	
P	Sibiu		RO		45.80	24.15	134309	252	
P	Olathe		US		38.88	-94.82	134305	79	
P	El Geneina Fort		SD		13.47	22.46	134264	26	
P	Ikirun		NG		7.91	4.67	134240	29	
P	Shenglilu		CN		29.35	105.88	134218	211	
P	San Nicolás de los Arroyos	San Nicolas de los Arroyos	AR		-33.33	-60.21	134217	55	
P	Léogâne	Leogane	HT		18.51	-72.63	134190	128	
P	Adiwerna		ID		-6.94	109.13	134188	180	
P	Cametá	Cameta	BR		-2.24	-49.50	134184	69	
P	Al Qurnah		IQ		31.02	47.43	134174	160	
P	Abakaliki		NG		6.32	8.11	134102	29	
P	Vitória de Santo Antão	Vitoria de Santo Antao	BR		-8.12	-35.29	134084	133	
P	Warren		US		42.49	-83.01	134056	86	
P	Cizre		TR		37.33	42.18	134041	261	
P	Bānkura	Bankura	IN		23.23	87.07	133966	187	
P	İnegol	Inegol	TR		40.08	29.51	133959	261	
P	Ebetsu		JP		43.11	141.55	133953	218	
P	Anyama		CI		5.49	-4.05	133905	0	
P	Jiawang		CN		34.43	117.44	133861	211	
P	Singaraja		ID		-8.11	115.09	133784	193	
P	Pātan	Patan	IN		23.85	72.13	133737	187	
P	Würzburg	Wuerzburg	DE		49.79	9.95	133731	249	
P	Barysaw		BY		54.23	28.50	133700	273	
P	Đồng Hới	GJong Hoi	VN		17.47	106.62	133672	163	
P	Randfontein		ZA		-26.18	27.70	133654	23	
P	Pervouralsk		RU		56.91	59.94	133600	226	
P	Gondā City	Gonda City	IN		27.13	81.95	133583	187	
P	Madīnat Ḩamad	Madinat Hamad	BH		26.12	50.51	133550	161	
P	Ōme	Ome	JP		35.78	139.24	133535	218	
P	Sinnūris	Sinnuris	EG		29.41	30.87	133532	12	
P	Votorantim		BR		-23.55	-47.44	133510	139	
P	Milagro		EC		-2.13	-79.59	133508	96	
P	Jaú	Jau	BR		-22.30	-48.56	133497	139	
P	Thandwe		MM		18.47	94.37	133484	225	
P	Thornton		US		39.87	-104.97	133451	85	
P	Valdivia		CL		-39.81	-73.25	133419	137	
P	Olmaliq		UZ		40.84	69.60	133400	214	
P	Okrika		NG		4.74	7.08	133271	29	
P	High Wycombe		GB		51.63	-0.75	133204	268	
P	Carrollton		US		32.95	-96.89	133168	79	
P	Talisay		PH	07	10.24	123.85	133148	194	
P	Gao		ML		16.27	-0.04	133110	5	
P	Dhaulpur		IN		26.69	77.88	133075	187	
P	Tarime		TZ		-1.35	34.37	133043	16	
P	Milton		CA		43.52	-79.88	132979	148	
P	M'Sila		DZ		35.71	4.54	132975	3	
P	Narita		JP		35.78	140.32	132906	218	
P	Franceville		GA		-1.63	13.58	132895	30	
P	Puqi		CN		29.72	113.88	132891	211	
P	Tondabayashichō	Tondabayashicho	JP		34.50	135.60	132873	218	
P	Sandachō	Sandacho	JP		34.88	135.23	132858	218	
P	Gondiā	Gondia	IN		21.46	80.19	132813	187	
P	Dunedin		NZ		-45.87	170.50	132800	312	
P	Kislovodsk		RU		43.91	42.72	132771	275	
P	Kyauktan		MM		16.64	96.33	132765	225	
P	Schaerbeek		BE		50.87	4.38	132761	251	
P	Hoofddorp		NL		52.30	4.69	132734	244	
P	Machiques		VE		10.06	-72.55	132734	76	
P	Palakkad		IN		10.77	76.65	132728	187	
P	Silifke		TR		36.38	33.93	132665	261	
P	Charleston		US		32.78	-79.93	132609	123	
P	Langley		CA		49.10	-122.66	132603	150	
P	Midland		US		32.00	-102.08	132524	79	
P	Fujinomiya		JP		35.22	138.62	132507	218	
P	Mingala Tangnyunt		MM		16.79	96.17	132494	225	
P	Innsbruck		AT		47.26	11.39	132493	295	
P	Bragança	Braganca	BR		-1.05	-46.77	132489	69	
P	Kingston		CA		44.23	-76.48	132485	148	
P	Wugang		CN		26.73	110.63	132457	211	
P	Gloucester		GB		51.87	-2.24	132416	268	
P	Waco		US		31.55	-97.15	132356	79	
P	Zama		JP		35.49	139.39	132325	218	
P	Manokwari		ID		-0.86	134.06	132300	181	
P	Valinhos		BR		-22.97	-47.00	132258	139	
P	Dimitrovgrad		RU		54.21	49.62	132226	292	
P	Zhalantun		CN		48.01	122.74	132224	211	
P	Bettiah		IN		26.80	84.50	132209	187	
P	Maijdi		BD		22.87	91.10	132185	171	
P	São Félix do Xingu	Sao Felix do Xingu	BR		-6.64	-51.99	132138	69	
P	San Pedro Garza García	San Pedro Garza Garcia	MX		25.66	-100.40	132128	119	
P	Sapucaia do Sul		BR		-29.82	-51.15	132107	139	
P	Kombolcha		ET		11.08	39.74	132100	2	
P	Muricay		PH		7.83	123.48	132094	194	
P	Sterling Heights		US		42.58	-83.03	132052	86	
P	Surat Thani		TH		9.14	99.33	132040	163	
P	Fürth	Fuerth	DE		49.48	10.99	132036	249	
P	Ferrara		IT		44.84	11.62	132009	281	
P	Quận Đức Thịnh	Quan GJuc Thinh	VN		10.31	105.74	132000	177	
P	Isidro Casanova		AR		-34.70	-58.59	131981	55	
P	Ōmuta	Omuta	JP		33.03	130.45	131974	218	
P	Villa Mercedes		CL		-37.40	-71.98	131936	137	
P	Fuji		CN		29.15	105.37	131927	211	
P	Palwal		IN		28.14	77.33	131926	187	
P	Bielany		PL		52.29	20.94	131910	298	
P	Dawukou		CN		39.04	106.40	131880	211	
P	Bulaon		PH		15.08	120.66	131818	194	
P	Garut		ID		-7.25	107.92	131809	180	
P	Ajdabiya		LY		30.76	20.23	131773	48	
P	Abiko		JP		35.87	140.02	131771	218	
P	Kadoma		JP		34.74	135.57	131727	218	
P	Majie		CN		25.03	102.64	131696	211	
P	Bhakkar		PK		31.63	71.06	131658	185	
P	Kāshmar	Kashmar	IR		35.24	58.47	131517	216	
P	Jijel		DZ		36.82	5.76	131513	3	
P	Martapura		ID		-3.41	114.86	131449	193	
P	Villeurbanne		FR		45.77	4.88	131445	277	
P	Hải Châu	Hai Chau	VN		15.92	108.13	131427	177	
P	Limbe		CM		4.02	9.21	131381	18	
P	Rānīganj	Raniganj	IN		23.62	87.13	131261	187	
P	Hepo		CN		23.43	115.83	131238	211	
P	Iranshahr		IR		27.20	60.68	131232	216	
P	Soubré	Soubre	CI		5.78	-6.59	131181	0	
P	Onomichi		JP		34.42	133.20	131170	218	
P	Denton		US		33.21	-97.13	131044	79	
P	Etah		IN		27.56	78.66	131023	187	
P	Pīlibhīt	Pilibhit	IN		28.63	79.80	131008	187	
P	Shangzhi		CN		45.21	128.00	131006	211	
P	Lashio		MM		22.94	97.75	131000	225	
P	Novomoskovsk		RU		54.01	38.29	130982	275	
P	Matsubara		JP		34.57	135.55	130855	218	
P	Abengourou		CI		6.73	-3.50	130810	0	
P	Al Bāb	Al Bab	SY		36.37	37.52	130745	170	
P	Shuangcheng		CN		45.38	126.31	130710	211	
P	Exeter		GB		50.72	-3.53	130709	268	
P	Ho		GH		6.60	0.47	130701	1	
P	Narowal		PK		32.10	74.87	130692	185	
P	Lào Cai	Lao Cai	VN		22.49	103.97	130671	163	
P	Al Ajaylat		LY		32.76	12.38	130546	48	
P	Udon Thani		TH		17.42	102.79	130531	163	
P	Baḥarkah	Baharkah	IQ		36.32	44.04	130518	160	
P	Bayan Lepas		MY		5.30	100.26	130455	189	
P	Rajapalayam		IN		9.45	77.55	130442	187	
P	Zipaquirá	Zipaquira	CO		5.02	-74.00	130432	72	
P	Jīroft	Jiroft	IR		28.68	57.74	130429	216	
P	Cedar Rapids		US		42.01	-91.64	130405	79	
P	Dongyang		CN		29.27	120.23	130387	211	
P	Nantou		CN		22.72	113.29	130370	211	
P	Botad		IN		22.17	71.67	130327	187	
P	Nablus		PS		32.22	35.25	130326	176	
P	New Haven		US		41.31	-72.93	130322	123	
P	Arcahaie		HT		18.77	-72.51	130306	128	
P	Jiazi		CN		22.88	116.07	130298	211	
P	Foumban		CM		5.73	10.90	130287	18	
P	Roseville		US		38.75	-121.29	130269	107	
P	Quilpué	Quilpue	CL		-33.05	-71.44	130263	137	
P	Rawson		AR		-31.58	-68.54	130258	62	
P	Sīdī Ḥusayn	Sidi Husayn	TN		36.76	10.12	130255	49	
P	Kati		ML		12.74	-8.07	130254	5	
P	Seri Kembangan		MY		3.03	101.72	130252	189	
P	Colchester		GB		51.89	0.90	130245	268	
P	Umeå	Umea	SE		63.83	20.26	130224	289	
P	Din Daeng		TH		13.79	100.57	130220	163	
P	Chaman		PK		30.92	66.45	130139	185	
P	Sennar		SD		13.57	33.57	130122	26	
P	Masaya		NI		11.97	-86.10	130113	110	
P	Visalia		US		36.33	-119.29	130104	107	
P	Nankana Sahib		PK		31.45	73.71	130041	185	
P	Aley		LB		33.81	35.60	130000	165	
P	Caála	Caala	AO		-12.85	15.56	130000	32	
P	Dongxing		CN		21.55	107.97	130000	211	
P	San Martin		PE		-5.19	-80.67	130000	106	
P	Sonārgaon	Sonargaon	BD		23.65	90.62	130000	171	
P	Tottenham		GB		51.60	-0.07	130000	268	
P	Tychy		PL		50.14	18.97	130000	298	
P	Cambridge		CA		43.36	-80.31	129920	148	
P	Mardin		TR		37.31	40.74	129864	261	
P	Pingxiang		CN	16	22.10	106.76	129843	211	
P	Zwolle		NL		52.51	6.09	129840	244	
P	Baidoa		SO		3.11	43.65	129839	39	
P	Sầm Sơn	Sam Son	VN		19.73	105.90	129801	177	
P	Santo António	Santo Antonio	CN		22.20	113.54	129800	192	
P	Salford		GB		53.49	-2.29	129794	268	
P	Mandi Bahauddin		PK		32.59	73.49	129733	185	
P	Tokat		TR		40.31	36.55	129702	261	
P	Ô Môn	O Mon	VN		10.11	105.62	129683	177	
P	Gapan		PH		15.31	120.95	129610	194	
P	Deoria		IN		26.50	83.78	129570	187	
P	Bayambang		PH		15.81	120.46	129506	194	
P	Mianwali		PK		32.58	71.53	129500	185	
P	Coral Springs		US		26.27	-80.27	129485	123	
P	Sherbrooke		CA		45.40	-71.90	129447	148	
P	Al Bayḑā’	Al Bayda'	LY		32.76	21.76	129439	48	
P	Sabará	Sabara	BR		-19.89	-43.81	129380	139	
P	Acilia-Castel Fusano-Ostia Antica		IT		41.76	12.33	129362	281	
P	Thousand Oaks		US		34.17	-118.84	129339	107	
P	Columbia		US	MO	38.95	-92.33	129330	79	
P	Colatina		BR		-19.54	-40.63	129301	139	
P	Győr	Gyor	HU		47.68	17.64	129301	253	
P	Copiapó	Copiapo	CL		-27.37	-70.33	129280	137	
P	Kokubunji		JP		35.70	139.48	129242	218	
P	Quibdó	Quibdo	CO		5.69	-76.66	129237	72	
P	Guelmim		MA		28.99	-10.06	129200	13	
P	Charallave		VE		10.24	-66.86	129182	76	
P	Shahr-e Kord		IR		32.33	50.86	129153	216	
P	Malambo		CO		10.86	-74.77	129148	72	
P	Tatuí	Tatui	BR		-23.36	-47.86	129130	139	
P	Iwakuni		JP		34.16	132.22	129125	218	
P	Leiyang		CN		26.40	112.86	129116	211	
P	Białołeka	Bialoleka	PL		52.32	20.97	129106	298	
P	Cadiz		PH		10.95	123.29	129053	194	
P	Carnot		CF		4.94	15.88	129032	6	
P	Bat Yam		IL		32.02	34.75	129012	182	
P	Zacatecas		MX		22.77	-102.58	129011	117	
P	Elizabeth		US		40.66	-74.21	129007	123	
P	Daur		PK		26.46	68.32	128958	185	
P	Bingöl	Bingoel	TR		38.88	40.49	128935	261	
P	Sātkhira	Satkhira	BD		22.71	89.07	128918	171	
P	Parung		ID		-6.42	106.73	128905	180	
P	Palo Negro		VE		10.17	-67.54	128875	76	
P	Stamford		US		41.05	-73.54	128874	123	
P	Idlib		SY		35.93	36.63	128840	170	
P	Moanda		CD		-5.93	12.37	128804	28	
P	Sīnah	Sinah	IQ		36.81	43.04	128776	160	
P	Ōsaki	Osaki	JP		38.59	140.97	128763	218	
P	Magelang		ID		-7.47	110.22	128709	180	
P	Concord		US		37.98	-122.03	128667	107	
P	Leiria		PT		39.74	-8.81	128640	266	
P	Puno		PE		-15.84	-70.02	128637	106	
P	Kamyshin		RU		50.09	45.41	128626	297	
P	Shuanglonghu		CN		29.72	106.61	128563	211	
P	Nimach		IN		24.46	74.87	128561	187	
P	Kafr ad Dawwār	Kafr ad Dawwar	EG		31.13	30.13	128539	12	
P	Águas Claras	Aguas Claras	BR		-15.84	-48.03	128486	139	
P	Novocheboksarsk		RU		56.11	47.48	128468	275	
P	Besançon	Besancon	FR		47.25	6.02	128426	277	
P	Lugazi		UG		0.37	32.94	128400	25	
P	Thành phố Sông Công	Thanh pho Song Cong	VN		21.48	105.84	128357	177	
P	Rosario		PH		13.63	121.22	128352	194	
P	Khardah		IN		22.72	88.38	128346	187	
P	Sakakah		SA		29.97	40.21	128332	207	
P	Khenifra		MA		32.93	-5.66	128318	13	
P	Al Manāqil	Al Manaqil	SD		14.25	32.99	128297	26	
P	Rustavi		GE		41.56	44.98	128249	215	
P	Manzanillo		CU		20.34	-77.12	128188	99	
P	Yavatmāl	Yavatmal	IN		20.39	78.13	128175	187	
P	Hālīsahar	Halisahar	IN		22.93	88.42	128172	187	
P	Serpukhov		RU		54.92	37.42	128158	275	
P	Rionegro		CO		6.16	-75.37	128153	72	
P	Shache		CN		38.42	77.24	128145	221	
P	Khanna		IN		30.71	76.22	128137	187	
P	Koidu		SL		8.64	-10.97	128030	20	
P	Norman		US		35.22	-97.44	128026	79	
P	Mosquera		CO		4.71	-74.23	128012	72	
P	Bento Gonçalves	Bento Goncalves	BR		-29.17	-51.52	127977	139	
P	Buôn Hồ	Buon Ho	VN		12.95	108.30	127920	177	
P	Chũ	Chu	VN		21.37	106.57	127881	163	
P	Västerås	Vaesteras	SE		59.62	16.55	127799	289	
P	Seto		JP		35.23	137.10	127792	218	
P	Titāgarh	Titagarh	IN		22.74	88.37	127751	187	
P	Newcastle under Lyme		GB		53.00	-2.23	127727	268	
P	Opole		PL		50.67	17.93	127676	298	
P	Worcester		ZA		-33.65	19.45	127597	23	
P	Elbląg	Elblag	PL		54.15	19.41	127558	298	
P	Gaojing		CN		31.32	121.48	127512	211	
P	Sirajganj		BD		24.46	89.71	127481	171	
P	Jequié	Jequie	BR		-13.86	-40.09	127475	67	
P	Płock	Plock	PL		52.55	19.71	127474	298	
P	Siguatepeque		HN		14.60	-87.83	127468	146	
P	Wałbrzych	Walbrzych	PL		50.77	16.28	127431	298	
P	Yevlakh		AZ		40.62	47.15	127400	162	
P	Al Manzalah		EG		31.16	31.94	127394	12	
P	Wau		SS		7.70	27.99	127384	24	
P	Songnan		CN		31.35	121.48	127347	211	
P	Athens		US		33.96	-83.38	127315	123	
P	Amaigbo		NG		5.79	7.84	127300	29	
P	Chiang Mai		TH		18.79	98.98	127240	163	
P	Lafia		NG		8.49	8.52	127236	29	
P	Jiangyou		CN		31.77	104.72	127225	211	
P	Cikampek		ID		-6.42	107.46	127173	180	
P	Tengyue		CN		24.99	98.51	127133	211	
P	Shajing		CN		22.75	113.82	127089	211	
P	Jinfeng		CN		28.24	116.60	127076	211	
P	Sancti Spíritus	Sancti Spiritus	CU		21.93	-79.44	127069	99	
P	Mataró	Mataro	ES		41.54	2.44	126988	270	
P	Barretos		BR		-20.56	-48.57	126957	139	
P	Kent		US		47.38	-122.23	126952	107	
P	Pakokku		MM		21.33	95.08	126938	225	
P	Murom		RU		55.57	42.02	126931	275	
P	Sertãozinho	Sertaozinho	BR		-21.14	-47.99	126887	139	
P	Hāthras	Hathras	IN		27.60	78.05	126882	187	
P	Pulong Santa Cruz		PH		14.27	121.08	126844	194	
P	Klaten		ID		-7.71	110.61	126831	180	
P	Khasavyurt		RU		43.25	46.59	126829	275	
P	Neftekamsk		RU		56.09	54.26	126805	226	
P	Simi Valley		US		34.27	-118.78	126788	107	
P	Bayawan		PH		9.36	122.80	126744	194	
P	Shakargarh		PK		32.26	75.16	126742	185	
P	Jorhat		IN		26.76	94.20	126736	187	
P	La Victoria		VE		10.23	-67.33	126721	76	
P	Pakpattan		PK		30.34	73.39	126706	185	
P	Jingzhi		CN		36.31	119.39	126703	211	
P	Danshui		CN		22.80	114.47	126701	211	
P	Solihull		GB		52.41	-1.78	126577	268	
P	East Los Angeles		US		34.02	-118.17	126496	107	
P	Lalitpur		IN		24.69	78.42	126475	187	
P	Jombang		ID		-7.55	112.23	126465	180	
P	Maxixe		MZ		-23.86	35.35	126408	36	
P	Nakhon Ratchasima		TH		14.97	102.10	126391	163	
P	Chinandega		NI		12.63	-87.13	126387	110	
P	Al Jadīd	Al Jadid	LY		27.05	14.40	126386	48	
P	Lambaré	Lambare	PY		-25.35	-57.61	126377	66	
P	Iizuka		JP		33.64	130.69	126364	218	
P	Hua Hin		TH		12.57	99.96	126355	163	
P	San Carlos del Zulia		VE		9.00	-71.93	126353	76	
P	Rafaḩ	Rafah	PS		31.30	34.24	126305	175	
P	Ampang		MY		3.15	101.77	126285	189	
P	Guntakal		IN		15.17	77.36	126270	187	
P	Ālā'ĕr	Ala'er	CN		40.54	81.27	126259	221	
P	Santa Clara		US		37.35	-121.96	126215	107	
P	Pithampur		IN		22.60	75.70	126200	187	
P	Paseh		ID		-7.07	107.79	126181	180	
P	Mothīhāri	Mothihari	IN		26.65	84.92	126158	187	
P	Koganei		JP		35.70	139.51	126074	218	
P	Nossa Senhora de Fátima	Nossa Senhora de Fatima	CN		22.21	113.55	126000	192	
P	Topeka		US		39.05	-95.68	125963	79	
P	Orléans	Orleans	CA		45.46	-75.50	125937	148	
P	Paek'ak		KP		39.46	125.61	125924	203	
P	Huicheng		CN		23.04	116.29	125919	211	
P	Puerto Ayacucho		VE		5.66	-67.58	125840	76	
P	Gashua		NG		12.87	11.04	125817	29	
P	Les Cayes		HT		18.19	-73.75	125799	128	
P	Salerno		IT		40.68	14.79	125797	281	
P	Savannakhet		LA		16.57	104.76	125760	222	
P	Munūf	Munuf	EG		30.47	30.93	125707	12	
P	Watford		GB		51.66	-0.40	125707	268	
P	Guará	Guara	BR		-15.81	-47.97	125703	139	
P	Giresun		TR		40.92	38.39	125682	261	
P	Xiazhen		CN		34.80	117.11	125667	211	
P	Chaeryŏng-ni	Chaeryong-ni	KP		38.74	125.23	125631	203	
P	Kastamonu		TR		41.38	33.78	125622	261	
P	Kanhangad		IN		12.31	75.11	125564	187	
P	‘Ajlūn	'Ajlun	JO		32.33	35.75	125557	155	
P	Derince		TR		40.76	29.81	125485	261	
P	Sukawati		ID		-8.49	115.05	125470	193	
P	Jagdalpur		IN		19.08	82.02	125463	187	
P	Kuopio		FI		62.89	27.68	125462	259	
P	Bang Sue		TH		13.81	100.53	125440	163	
P	Mailsi		PK		29.80	72.17	125431	185	
P	Los Ángeles	Los Angeles	CL		-37.47	-72.35	125430	137	
P	Haimen		CN		23.19	116.61	125427	211	
P	Karabük	Karabuek	TR		41.20	32.63	125403	261	
P	Ntuzuma		ZA		-29.74	30.95	125394	23	
P	Tsuruoka		JP		38.72	139.82	125389	218	
P	Saint Peters		GB		51.37	1.42	125370	268	
P	Barbacena		BR		-21.23	-43.77	125317	139	
P	Uruma		JP		26.38	127.86	125303	218	
P	Debre Tabor		ET		11.85	38.02	125300	2	
P	Sakiet ed Daier		TN		34.79	10.81	125204	49	
P	Nzega		TZ		-4.22	33.18	125193	16	
P	Abilene		US		32.45	-99.73	125182	79	
P	Ban Samae Dam		TH		13.59	100.39	125133	163	
P	Shahecheng		CN		36.94	114.51	125132	211	
P	Kumbo		CM		6.20	10.67	125124	18	
P	Ottawa South		CA		45.39	-75.69	125090	148	
P	Az Zulfī	Az Zulfi	SA		26.30	44.82	125000	207	
P	Bălţi	Balti	MD		47.76	27.93	125000	254	
P	Dokri		PK		27.37	68.10	125000	185	
P	Willemstad		CW		12.12	-68.89	125000	84	
P	Sultan Kudarat		PH		7.23	124.26	124965	194	
P	Bet Shemesh		IL		31.73	34.99	124957	182	
P	Jagādhri	Jagadhri	IN		30.17	77.30	124894	187	
P	Huixquilucan		MX		19.36	-99.35	124846	117	
P	Arapongas		BR		-23.42	-51.42	124838	139	
P	Semnan		IR		35.58	53.39	124826	216	
P	León	Leon	ES		42.60	-5.57	124772	270	
P	San Francisco de Macorís	San Francisco de Macoris	DO		19.29	-70.25	124763	138	
P	Yushu		CN	05	44.83	126.54	124736	211	
P	Yuanlin		TW		23.96	120.58	124725	213	
P	Santa Tecla		SV		13.68	-89.28	124694	89	
P	Sorriso		BR		-12.55	-55.71	124665	83	
P	Ciudad Valles		MX		22.00	-99.01	124644	117	
P	Ouahigouya		BF		13.58	-2.42	124587	45	
P	Poblacion		PH		14.38	121.03	124554	194	
P	Kashihara-shi		JP		34.51	135.79	124521	218	
P	Ashmūn	Ashmun	EG		30.30	30.98	124483	12	
P	Ağrı	Agri	TR		39.71	43.04	124483	261	
P	Leeuwarden		NL		53.20	5.81	124481	244	
P	Bến Tre	Ben Tre	VN		10.24	106.38	124449	177	
P	Monza		IT		45.58	9.27	124398	281	
P	New Mirpur City		PK		33.15	73.75	124352	185	
P	Chía	Chia	CO		4.86	-74.06	124309	72	
P	Olanchito		HN		15.48	-86.57	124286	146	
P	Targówek	Targowek	PL		52.29	21.05	124279	298	
P	Lecheng		CN		25.13	113.35	124268	211	
P	Nancun		CN		36.53	120.13	124210	211	
P	Marand		IR		38.43	45.77	124191	216	
P	As Sinbillāwayn	As Sinbillawayn	EG		30.88	31.46	124020	12	
P	Crawley		GB		51.11	-0.18	124008	268	
P	Rudnyy		KZ		52.97	63.11	124000	205	
P	Magangué	Magangue	CO		9.24	-74.75	123982	72	
P	Itaguaí	Itaguai	BR		-22.85	-43.78	123980	139	
P	Bemowo		PL		52.25	20.91	123932	298	
P	Metz		FR		49.12	6.17	123914	277	
P	Jiupu		CN		41.07	122.95	123843	211	
P	Dārjiling	Darjiling	IN		27.03	88.27	123797	187	
P	Baoshan		CN	08	46.57	131.39	123791	211	
P	Salvaleón de Higüey	Salvaleon de Higueey	DO		18.62	-68.71	123787	138	
P	Thaton		MM		16.92	97.37	123727	225	
P	Kurichchi		IN		10.96	76.97	123667	187	
P	Lumajang		ID		-8.13	113.22	123626	180	
P	Ise		JP		34.48	136.70	123533	218	
P	Hagonoy		PH		14.83	120.73	123531	194	
P	Samandağ	Samandag	TR		36.08	35.98	123447	261	
P	Caraguatatuba		BR		-23.62	-45.41	123389	139	
P	Birigui		BR		-21.29	-50.34	123340	139	
P	Pinsk		BY		52.12	26.07	123283	273	
P	Telde		ES		27.99	-15.42	123265	229	
P	Indramayu		ID		-6.33	108.32	123263	180	
P	Relizane		DZ		35.74	0.56	123255	3	
P	Bordj el Kiffan		DZ		36.75	3.19	123246	3	
P	Manas		KG		40.94	72.99	123239	166	
P	Kirishima		JP		31.74	130.76	123205	218	
P	Orizaba		MX		18.85	-97.10	123182	117	
P	Luoyang		CN	30	23.16	114.27	123144	211	
P	Toba Tek Singh		PK		30.97	72.48	123102	185	
P	Honmachi		JP		32.50	130.60	123067	218	
P	Wolfsburg		DE		52.42	10.78	123064	249	
P	Niihama		JP		33.96	133.31	123059	218	
P	Umuarama		BR		-23.77	-53.33	123059	139	
P	Jiaohe		CN		43.72	127.33	123018	211	
P	Igarassu		BR		-7.83	-34.91	123017	133	
P	Dos Hermanas		ES		37.28	-5.92	122943	270	
P	Tabuk		PH		17.41	121.44	122771	194	
P	Dam Dam		IN		22.63	88.42	122719	187	
P	Hoima		UG		1.43	31.35	122700	25	
P	Wuda		CN		39.50	106.71	122696	211	
P	Az Zubayr		IQ		30.39	47.70	122676	160	
P	Beppu		JP		33.28	131.50	122643	218	
P	Hardoī	Hardoi	IN		27.39	80.13	122635	187	
P	Behbahān	Behbahan	IR		30.60	50.24	122604	216	
P	Itatiba		BR		-23.01	-46.84	122581	139	
P	Huangzhou		CN		30.45	114.80	122563	211	
P	Puruliya		IN		23.33	86.36	122533	187	
P	Ubon Ratchathani		TH		15.24	104.85	122533	163	
P	Virginia		ZA		-28.10	26.87	122502	23	
P	Brits		ZA		-25.63	27.78	122497	23	
P	Recklinghausen		DE		51.61	7.20	122438	249	
P	Zhoucun		CN		36.82	117.82	122402	211	
P	Cherkessk		RU		44.22	42.05	122395	275	
P	Haveli Lakha		PK		30.45	73.69	122389	185	
P	Maastricht		NL		50.85	5.69	122378	244	
P	Amherst		US		42.98	-78.80	122366	123	
P	Tekirdağ	Tekirdag	TR		40.98	27.51	122287	261	
P	Shahr-e Ṣadrā	Shahr-e Sadra	IR		29.80	52.50	122226	216	
P	Victorville		US		34.54	-117.29	122225	107	
P	Burton upon Trent		GB		52.81	-1.64	122199	268	
P	Calumpit		PH		14.92	120.77	122187	194	
P	Lat Phrao		TH		13.80	100.61	122182	163	
P	Göttingen	Goettingen	DE		51.53	9.93	122149	249	
P	Titiwangsa		MY		3.18	101.70	122096	189	
P	Phasi Charoen		TH		13.71	100.44	122070	163	
P	Zābol	Zabol	IR		31.03	61.49	121989	216	
P	Kaya		BF		13.09	-1.08	121970	45	
P	Xiangcheng		CN		25.47	100.56	121959	211	
P	Dharmavaram		IN		14.41	77.72	121874	187	
P	Ādīgrat	Adigrat	ET		14.28	39.46	121800	2	
P	Kotamobagu		ID		0.74	124.31	121756	193	
P	Carora		VE		10.17	-70.08	121741	76	
P	Vallejo		US		38.10	-122.26	121692	107	
P	Bhadreswar		IN		22.82	88.34	121662	187	
P	Dorūd	Dorud	IR		33.49	49.06	121638	216	
P	Bern		CH		46.95	7.45	121631	300	
P	San Pedro de la Paz		CL		-36.84	-73.10	121631	137	
P	Nagaon		IN		26.35	92.67	121628	187	
P	Lahti		FI		60.98	25.66	121622	259	
P	Vejalpur		IN		22.69	73.56	121610	187	
P	Longshui		CN		29.57	105.76	121609	211	
P	Siracusa		IT		37.08	15.29	121605	281	
P	Mubende		UG		0.56	31.39	121600	25	
P	Stara Zagora		BG		42.43	25.64	121582	288	
P	Ondjiva		AO		-17.07	15.73	121537	32	
P	Alberton		ZA		-26.27	28.12	121536	23	
P	Chikmagalūr	Chikmagalur	IN		13.32	75.77	121484	187	
P	Ekibastuz		KZ		51.72	75.32	121470	154	
P	Algeciras		ES		36.13	-5.45	121414	270	
P	Lafayette		US		30.22	-92.02	121374	79	
P	Lianhe		CN		47.13	129.27	121367	211	
P	Chico		US		39.73	-121.84	121345	107	
P	Bhadrak		IN		21.05	86.52	121338	187	
P	Bagé	Bage	BR		-31.33	-54.11	121335	139	
P	North Stamford		US		41.14	-73.54	121230	123	
P	Bergamo		IT		45.70	9.67	121200	281	
P	Ruse		BG		43.85	25.95	121168	288	
P	Sawai Madhopur		IN		26.02	76.34	121106	187	
P	Chơn Thành	Chon Thanh	VN		11.43	106.64	121083	177	
P	Ambikāpur	Ambikapur	IN		23.12	83.20	121071	187	
P	Eunápolis	Eunapolis	BR		-16.38	-39.58	121067	67	
P	Apalit		PH		14.95	120.77	121057	194	
P	Hartford		US		41.76	-72.69	121054	123	
P	Bukittinggi		ID		-0.31	100.37	121028	180	
P	Dolisie		CG		-4.20	12.67	121000	10	
P	Ejido		VE		8.55	-71.24	120978	76	
P	Berkeley		US		37.87	-122.27	120972	107	
P	Nova Lima		BR		-19.99	-43.85	120959	139	
P	Plaridel		PH		14.89	120.86	120939	194	
P	West Palm Beach		US		26.72	-80.05	120932	123	
P	Kashiwara		JP		34.45	135.77	120922	218	
P	Uruguaiana		BR		-29.75	-57.09	120819	139	
P	Ikoma		JP		34.68	135.70	120741	218	
P	Heilbronn		DE		49.14	9.22	120733	249	
P	El Mourouj		TN		36.71	10.21	120732	49	
P	Ţūz Khūrmātū	Tuz Khurmatu	IQ		34.89	44.63	120712	160	
P	Trento		IT		46.07	11.12	120709	281	
P	Shahdad Kot		PK		27.85	67.91	120687	185	
P	Catchiungo		AO		-12.57	16.23	120677	32	
P	Ingolstadt		DE		48.77	11.42	120658	249	
P	Lichuan		CN		30.30	108.85	120587	211	
P	Bukit Bintang		MY		3.15	101.71	120529	189	
P	La Concepción	La Concepcion	VE		10.62	-71.84	120478	76	
P	Ulm		DE		48.40	9.99	120451	249	
P	Mandoli		IN		28.70	77.31	120417	187	
P	San Carlos		VE		9.66	-68.59	120375	76	
P	Włocławek	Wloclawek	PL		52.65	19.07	120339	298	
P	Allentown		US		40.61	-75.49	120207	123	
P	Satara		IN		17.69	73.99	120195	187	
P	Bao'an Centre		CN		22.58	113.92	120170	211	
P	Charsadda		PK		34.15	71.74	120170	185	
P	Fernando de la Mora		PY		-25.34	-57.52	120167	66	
P	Chūru	Churu	IN		28.30	74.97	120157	187	
P	Perugia		IT		43.11	12.39	120137	281	
P	Gangāpur	Gangapur	IN		26.47	76.72	120115	187	
P	Zhujing		CN		30.90	121.16	120084	211	
P	Guelma		DZ		36.46	7.43	120004	3	
P	Cabudwaaq		SO		6.25	46.22	120000	2	
P	Cheremushky		UA		46.43	30.71	120000	265	
P	Gereida		SD		11.28	25.14	120000	26	
P	Nabatîyé et Tahta	Nabatiye et Tahta	LB		33.38	35.48	120000	165	
P	Orekhovo-Zuyevo		RU		55.81	38.99	120000	275	
P	Rustaq		OM		23.39	57.42	120000	195	
P	Zhaoyuan		CN		37.36	120.41	120000	211	
P	Madhyapur Thimi		NP		27.68	85.39	119955	186	
P	Saint-Louis-de-Terrebonne		CA		45.70	-73.79	119944	148	
P	Evansville		US		37.97	-87.56	119943	79	
P	Bonon		CI		6.93	-6.05	119938	0	
P	Bottrop		DE		51.52	6.93	119909	249	
P	Ghotki		PK		28.00	69.32	119879	185	
P	Kwekwe		ZW		-18.93	29.81	119863	22	
P	Malindi		KE		-3.22	40.12	119859	41	
P	Ban I Chang		TH		13.71	99.90	119858	163	
P	Rize		TR		41.02	40.52	119828	261	
P	Almirante Tamandaré	Almirante Tamandare	BR		-25.32	-49.31	119825	139	
P	Palm Bay		US		28.03	-80.59	119760	123	
P	Ann		MM		19.80	94.05	119714	225	
P	Leiden		NL		52.16	4.49	119713	244	
P	Thon Buri		TH		13.72	100.49	119708	163	
P	Ajax		CA		43.85	-79.03	119677	148	
P	Sambrial		PK		32.48	74.35	119571	185	
P	Pescara		IT		42.46	14.20	119554	281	
P	Modakeke		NG		7.38	4.26	119529	29	
P	Nobeoka		JP		32.58	131.67	119521	218	
P	Silang		PH		14.22	120.97	119475	194	
P	Amanfrom		GH		5.54	-0.40	119467	1	
P	Marituba		BR		-1.36	-48.34	119437	69	
P	Moḩammad Shahr	Mohammad Shahr	IR		35.76	50.92	119418	216	
P	Paulo Afonso		BR		-9.41	-38.21	119418	67	
P	Īz̄eh	Izeh	IR		31.83	49.87	119399	216	
P	Nazilli		TR		37.92	28.32	119370	261	
P	Daitō	Daito	JP		34.71	135.62	119367	218	
P	Hòa Cường	Hoa Cuong	VN		16.04	108.18	119363	177	
P	Lira		UG		2.25	32.90	119323	25	
P	Pforzheim		DE		48.88	8.70	119313	249	
P	Salihli		TR		38.48	28.15	119311	261	
P	Port Dickson		MY		2.52	101.80	119300	189	
P	Berkane		MA		34.92	-2.32	119284	13	
P	Catanduva		BR		-21.14	-48.97	119275	139	
P	Dordrecht		NL		51.81	4.67	119260	244	
P	Battambang		KH		13.10	103.20	119251	201	
P	Offenbach		DE		50.10	8.77	119192	249	
P	Kitami		JP		43.80	143.89	119135	218	
P	Vĩnh Yên	Vinh Yen	VN		21.31	105.60	119128	163	
P	Madhavaram		IN		13.15	80.23	119105	187	
P	Cagua		VE		10.19	-67.46	119033	76	
P	Fujairah		AE		25.12	56.34	118933	173	
P	Mandimba		MZ		-14.35	35.65	118922	36	
P	Reykjavík	Reykjavik	IS		64.14	-21.90	118918	233	
P	Dohad		IN		22.83	74.26	118846	187	
P	Cheltenham		GB		51.90	-2.08	118836	268	
P	Huaraz		PE		-9.53	-77.53	118836	106	
P	Santa Coloma de Gramenet		ES		41.45	2.21	118821	270	
P	Santana		BR		-0.04	-51.17	118803	69	
P	Araxá	Araxa	BR		-19.59	-46.94	118786	139	
P	Piraquara		BR		-25.44	-49.07	118730	139	
P	Barshi		IN		18.23	75.69	118722	187	
P	Bắc Quang	Bac Quang	VN		22.48	104.87	118690	177	
P	Xunchang		CN		28.45	104.71	118664	211	
P	Hưng Yên	Hung Yen	VN		20.65	106.05	118646	163	
P	Miramar		MX		22.36	-97.90	118614	119	
P	Bremerhaven		DE		53.55	8.58	118610	249	
P	Queenstown		ZA		-31.90	26.88	118599	23	
P	Nanbin		CN		30.00	108.11	118597	211	
P	Bandar-e Anzalī	Bandar-e Anzali	IR		37.47	49.46	118564	216	
P	Khlong Luang		TH		14.06	100.65	118551	163	
P	Ādilābād	Adilabad	IN		19.67	78.54	118526	187	
P	Fargo		US		46.88	-96.79	118523	79	
P	Brugge		BE		51.21	3.22	118509	251	
P	Jhunjhunūn	Jhunjhunun	IN		28.13	75.40	118473	187	
P	Iguala de la Independencia		MX		18.34	-99.54	118468	117	
P	Sarandi		BR		-23.44	-51.87	118455	139	
P	Zomba		MW		-15.39	35.32	118440	9	
P	Sepatan		ID		-6.12	106.58	118439	180	
P	Malita		PH		6.42	125.61	118438	194	
P	Zielona Góra	Zielona Gora	PL		51.94	15.51	118433	298	
P	Luodian		CN		31.42	121.33	118323	211	
P	Jetpur		IN		21.75	70.62	118302	187	
P	Uppal Kalan		IN		17.41	78.56	118259	187	
P	São Lourenço da Mata	Sao Lourenco da Mata	BR		-8.00	-35.02	118258	133	
P	Maghāghah	Maghaghah	EG		28.65	30.84	118223	12	
P	Pita Kotte		LK		6.89	79.90	118179	169	
P	Guiguinto		PH		14.83	120.88	118173	194	
P	Gudivāda	Gudivada	IN		16.44	81.00	118167	187	
P	Setúbal	Setubal	PT		38.52	-8.89	118166	266	
P	Torrejón de Ardoz	Torrejon de Ardoz	ES		40.46	-3.47	118162	270	
P	Aizu-Wakamatsu		JP		37.49	139.95	118159	218	
P	Bama		NG		11.52	13.69	118121	29	
P	Ilobu		NG		7.84	4.49	118089	29	
P	Manolo Fortich		PH		8.37	124.86	118075	194	
P	Itabira		BR		-19.62	-43.23	118053	139	
P	Kiến An	Kien An	VN		20.81	106.63	118047	163	
P	Jandira		BR		-23.53	-46.90	118045	139	
P	Guaratinguetá	Guaratingueta	BR		-22.82	-45.19	118044	139	
P	San Rafael		AR		-34.62	-68.33	118009	60	
P	Shaoshan		CN		27.92	112.52	118000	211	
P	Bārān	Baran	IN		25.10	76.52	117992	187	
P	Narmadapuram		IN		22.75	77.73	117988	187	
P	Amreli		IN		21.60	71.21	117967	187	
P	Nakhon Pathom		TH		13.82	100.04	117927	163	
P	Kakegawa		JP		34.77	138.02	117925	218	
P	Manfalūţ	Manfalut	EG		27.31	30.97	117925	12	
P	Handa		JP		34.88	136.93	117884	218	
P	Wushan		CN		31.08	109.88	117873	211	
P	Abomey		BJ		7.18	1.99	117824	46	
P	Sokodé	Sokode	TG		8.98	1.13	117811	31	
P	Araguari		BR		-18.65	-48.19	117808	139	
P	Tarnów	Tarnow	PL		50.01	20.99	117799	298	
P	Bangkok Noi		TH		13.76	100.48	117793	163	
P	Jalingo		NG		8.89	11.36	117757	29	
P	Saanich		CA		48.55	-123.37	117735	150	
P	Ibanda		UG		-0.13	30.50	117700	25	
P	Nyíregyháza	Nyiregyhaza	HU		47.96	21.72	117689	253	
P	Sano		JP		36.32	139.58	117669	218	
P	Karatsu		JP		33.44	129.97	117663	218	
P	Achinsk		RU		56.27	90.50	117634	188	
P	Pudukkottai		IN		10.38	78.82	117630	187	
P	Shunyi		CN		40.12	116.65	117623	211	
P	Rotherham		GB		53.43	-1.36	117618	268	
P	Ciudad de Villa de Álvarez	Ciudad de Villa de Alvarez	MX		19.27	-103.74	117600	117	
P	Banyuwangi		ID		-8.23	114.36	117558	180	
P	Rouiba		DZ		36.74	3.28	117558	3	
P	Tebingtinggi		ID		3.33	99.16	117530	180	
P	Tigwav		HT		18.43	-72.87	117504	128	
P	Narasaraopet		IN		16.23	80.05	117489	187	
P	Lisala		CD		2.15	21.52	117464	28	
P	Badin		PK		24.66	68.84	117455	185	
P	Banfora		BF		10.64	-4.75	117452	45	
P	Punta Arenas		CL		-53.16	-70.91	117430	132	
P	Kadoma		ZW		-18.33	29.92	117381	22	
P	Midsayap		PH		7.19	124.53	117365	194	
P	Camboriú	Camboriu	BR		-27.03	-48.65	117324	139	
P	Pyin Oo Lwin		MM		22.04	96.46	117303	225	
P	Clearwater		US		27.97	-82.80	117292	123	
P	Himamaylan		PH		10.10	122.87	117286	194	
P	Independence		US		39.09	-94.42	117255	79	
P	Heroica Guaymas		MX		27.92	-110.90	117253	100	
P	Kedungwuni		ID		-6.97	109.65	117249	180	
P	Ilebo		CD		-4.33	20.59	117245	33	
P	Kristiansand		NO		58.15	8.00	117237	276	
P	Longjing		CN		42.77	129.42	117185	211	
P	Kroonstad		ZA		-27.65	27.23	117152	23	
P	Remscheid		DE		51.18	7.19	117118	249	
P	Billings		US		45.78	-108.50	117116	85	
P	Möng Yang	Moeng Yang	MM		21.85	99.68	117108	225	
P	Čačak	Cacak	RS		43.89	20.35	117072	248	
P	Ann Arbor		US		42.28	-83.74	117070	86	
P	Los Baños	Los Banos	PH		14.17	121.24	117030	194	
P	Duekoué	Duekoue	CI		6.74	-7.35	117023	0	
P	Higashikurume		JP		35.75	139.51	117020	218	
P	Rishra		IN		22.72	88.35	117014	187	
P	Pinhais		BR		-25.44	-49.19	117000	139	
P	Kyzyl		RU		51.71	94.44	116983	188	
P	Cadiz		ES		36.53	-6.29	116979	270	
P	Dąbrowa Górnicza	Dabrowa Gornicza	PL		50.33	19.20	116971	298	
P	Passos		BR		-20.72	-46.61	116951	139	
P	Fāqūs	Faqus	EG		30.73	31.80	116945	12	
P	Tacurong		PH		6.69	124.68	116945	194	
P	Hōfu	Hofu	JP		34.05	131.57	116925	218	
P	Gabela		AO		-10.85	14.38	116903	32	
P	Funza		CO		4.72	-74.21	116890	72	
P	Merauke		ID		-8.50	140.41	116864	181	
P	Baripāda	Baripada	IN		21.93	86.73	116849	187	
P	Kōnosu	Konosu	JP		36.07	139.52	116828	218	
P	Soreang		ID		-7.03	107.52	116780	180	
P	Dinaig		PH		7.17	124.21	116768	194	
P	Manp’o	Manp'o	KP		41.15	126.29	116760	203	
P	Muktsar		IN		30.47	74.52	116747	187	
P	El Monte		US		34.07	-118.03	116732	107	
P	Tubarão	Tubarao	BR		-28.47	-49.01	116725	139	
P	Forlì	Forli	IT		44.22	12.04	116696	281	
P	Azamgarh		IN		26.07	83.18	116644	187	
P	Santa Maria		BR	07	-16.03	-48.03	116622	139	
P	Masaka		UG		-0.33	31.73	116600	25	
P	Cờ Đỏ	Co GJo	VN		10.09	105.43	116576	177	
P	Taldykorgan		KZ		45.02	78.37	116558	154	
P	Gulin		CN		28.04	105.81	116527	211	
P	Thung Khru		TH		13.63	100.51	116473	163	
P	Barnāla	Barnala	IN		30.37	75.55	116449	187	
P	Yelahanka		IN		13.10	77.60	116447	187	
P	Pattaya		TH		12.93	100.88	116417	163	
P	Chittorgarh		IN		24.89	74.62	116406	187	
P	Chenggu		CN		33.15	107.33	116375	211	
P	Orléans	Orleans	FR		47.90	1.90	116344	277	
P	Rouen		FR		49.44	1.10	116331	277	
P	Tinsukia		IN		27.49	95.36	116322	187	
P	Westminster		US		39.84	-105.04	116317	85	
P	Dasha		CN		23.11	113.44	116307	211	
P	Yakeshi		CN		49.28	120.73	116284	211	
P	Makumbako		TZ		-8.85	34.83	116232	16	
P	Khargone		IN		21.82	75.61	116150	187	
P	Mariara		VE		10.30	-67.72	116142	76	
P	Digos		PH		6.75	125.36	116122	194	
P	Tshilenge		CD		-10.97	22.90	116073	33	
P	Aïn Beïda	Ain Beida	DZ		35.80	7.39	116064	3	
P	Shahre Jadide Andisheh		IR		35.68	51.02	116062	216	
P	Breves		BR		-1.68	-50.48	116058	69	
P	Alcobendas		ES		40.55	-3.64	116037	270	
P	Kissidougou		GN		9.18	-10.10	116019	14	
P	San Tung Chung Hang		HK		22.28	113.94	116000	178	
P	Round Rock		US		30.51	-97.68	115997	79	
P	Noginsk		RU		55.86	38.45	115979	275	
P	Tinaquillo		VE		9.92	-68.30	115937	76	
P	Wilmington		US		34.24	-77.95	115933	123	
P	Cavite City		PH		14.48	120.90	115932	194	
P	Formosa		BR		-15.54	-47.33	115901	139	
P	Tandil		AR		-37.33	-59.14	115877	55	
P	Zoetermeer		NL		52.06	4.49	115845	244	
P	São Gonçalo do Amarante	Sao Goncalo do Amarante	BR		-5.79	-35.33	115838	90	
P	Sri Jayewardenepura Kotte		LK		6.88	79.91	115826	169	
P	Nasushiobara		JP		36.98	140.07	115794	218	
P	Várzea Paulista	Varzea Paulista	BR		-23.21	-46.83	115771	139	
P	Baisha		CN		29.06	106.12	115761	211	
P	Banī Mazār	Bani Mazar	EG		28.49	30.81	115759	12	
P	Taunsa		PK		30.70	70.65	115704	185	
P	Urasoe		JP		26.26	127.73	115690	218	
P	Yelets		RU		52.61	38.51	115688	275	
P	Suan Luang		TH		13.73	100.65	115658	163	
P	Parla		ES		40.24	-3.77	115611	270	
P	Mỹ Hào	My Hao	VN		20.92	106.08	115608	163	
P	Anliu		CN		23.70	115.68	115560	211	
P	Ribeirão Pires	Ribeirao Pires	BR		-23.71	-46.41	115559	139	
P	Recanto das Emas		BR		-15.91	-48.06	115550	139	
P	Chunga		ZM		-15.32	28.27	115539	34	
P	Bīshah	Bishah	SA		20.00	42.61	115537	207	
P	Novo-Peredelkino		RU		55.65	37.34	115536	275	
P	Baidyabāti	Baidyabati	IN		22.78	88.33	115504	187	
P	Okigwe		NG		5.83	7.35	115499	29	
P	Ar Rifā‘	Ar Rifa'	BH		26.13	50.55	115495	161	
P	Uzhhorod		UA		48.62	22.29	115449	265	
P	Kasese		UG		0.18	30.08	115400	25	
P	Tianfu		CN		37.26	122.05	115370	211	
P	Arvada		US		39.80	-105.09	115368	85	
P	Otaru		JP		43.19	141.00	115333	218	
P	Tayabas		PH		14.03	121.59	115318	194	
P	Inkisi		CD		-5.13	15.05	115317	28	
P	Iriga City		PH		13.43	123.41	115306	194	
P	Thornhill		CA		43.81	-79.42	115292	148	
P	Vacoas		MU		-20.30	57.48	115289	308	
P	Beaumont		US		30.09	-94.10	115282	79	
P	Vlorë	Vlore	AL		40.47	19.48	115261	291	
P	Sanxia		TW		24.93	121.37	115185	213	
P	Provo		US		40.23	-111.66	115162	85	
P	Tucuruí	Tucurui	BR		-3.77	-49.68	115144	69	
P	Bastī	Basti	IN		26.79	82.72	115115	187	
P	Peoria		US	IL	40.69	-89.59	115070	79	
P	Ezeiza		AR		-34.85	-58.52	115021	55	
P	Xiva		UZ		41.39	60.36	115000	209	
P	Amasya		TR		40.65	35.83	114921	261	
P	Mendoza		AR		-32.89	-68.85	114893	60	
P	Balkh		AF		36.76	66.90	114883	183	
P	Cubatão	Cubatao	BR		-23.89	-46.43	114870	139	
P	Mingshui		CN		36.72	117.50	114858	211	
P	Phong Điền	Phong GJien	VN		16.58	107.36	114820	163	
P	Nova Serrana		BR		-19.88	-44.98	114791	139	
P	Wang Thonglang		TH		13.79	100.61	114768	163	
P	Carlsbad		US		33.16	-117.35	114746	107	
P	Mandera		KE		3.94	41.86	114718	41	
P	Qiaotou		CN		36.94	101.67	114712	211	
P	Gyumri		AM		40.79	43.85	114667	227	
P	Silopi		TR		37.24	42.46	114645	261	
P	Gangavati		IN		15.43	76.53	114642	187	
P	Ambur		IN		12.79	78.72	114608	187	
P	Tangará da Serra	Tangara da Serra	BR		-14.62	-57.49	114603	83	
P	Gorzów Wielkopolski	Gorzow Wielkopolski	PL		52.73	15.23	114567	298	
P	Simões Filho	Simoes Filho	BR		-12.78	-38.40	114559	67	
P	Giridih		IN		24.19	86.31	114533	187	
P	Phool Nagar		PK		31.20	73.95	114530	185	
P	Quezon		PH		7.73	125.10	114521	194	
P	Aryanah		TN		36.86	10.19	114486	49	
P	Tungipara		BD		22.90	89.90	114482	171	
P	Ichinoseki		JP		38.92	141.13	114476	218	
P	Khenchela		DZ		35.44	7.14	114472	3	
P	Khon Kaen		TH		16.45	102.83	114459	163	
P	Odessa		US		31.85	-102.37	114428	79	
P	Catalão	Catalao	BR		-18.17	-47.95	114427	139	
P	Tando Muhammad Khan		PK		25.12	68.54	114406	185	
P	Springfield		US	IL	39.80	-89.64	114394	79	
P	Somaroboro		ZA		-25.35	28.83	114369	23	
P	Guadalajara de Buga		CO		3.90	-76.30	114316	72	
P	Pamanukan		ID		-6.28	107.81	114290	180	
P	Codó	Codo	BR		-4.46	-43.89	114275	90	
P	Pardīs	Pardis	IR		35.75	51.81	114249	216	
P	Pleiku		VN		13.98	108.00	114225	177	
P	Downey		US		33.94	-118.13	114219	107	
P	Lower Hutt		NZ		-41.22	174.92	114200	312	
P	Yuyao		CN		30.05	121.15	114177	211	
P	Hatsukaichi		JP		34.35	132.33	114173	218	
P	Rānyah	Ranyah	IQ		36.26	44.88	114173	160	
P	Tung Chung		HK		22.29	113.94	114100	178	
P	Salto		UY		-31.39	-57.96	114084	120	
P	Siirt		TR		37.93	41.94	114034	261	
P	Zhaozhou		CN		45.71	125.27	114009	211	
P	Punta Cardón	Punta Cardon	VE		11.66	-70.22	113999	76	
P	Akishima		JP		35.72	139.38	113949	218	
P	Itacoatiara		BR		-3.14	-58.44	113917	111	
P	Chililabombwe		ZM		-12.36	27.82	113876	34	
P	Rivière-des-Prairies–Pointe-aux-Trembles	Riviere-des-Prairies-Pointe-aux-Trembles	CA		45.64	-73.58	113868	148	
P	Worthing		GB		50.82	-0.38	113866	268	
P	Navojoa		MX		27.07	-109.44	113836	100	
P	Offa		NG		8.15	4.72	113830	29	
P	Tobolsk		RU		58.20	68.25	113800	226	
P	Tōkai	Tokai	JP		35.02	136.91	113787	218	
P	Wardha		IN		20.74	78.60	113759	187	
P	Wansheng		CN		28.96	106.93	113751	211	
P	Pattoki		PK		31.02	73.85	113735	185	
P	Wayaobu		CN		37.14	109.66	113698	211	
P	Hikone		JP		35.25	136.25	113647	218	
P	Nagahama		JP		35.38	136.27	113636	218	
P	Pingshan		CN		22.99	114.71	113631	211	
P	Songyuan		CN		45.13	124.83	113611	211	
P	Maba		CN		24.68	113.60	113609	211	
P	Fujimino		JP		35.90	139.52	113597	218	
P	Doncaster		GB		53.52	-1.13	113566	268	
P	Bình Thủy	Binh Thuy	VN		10.07	105.74	113565	177	
P	Dumaguete		PH		9.31	123.31	113541	194	
P	Jaén	Jaen	ES		37.77	-3.79	113457	270	
P	Chengqiao		CN		31.63	121.39	113442	211	
P	Chorzów	Chorzow	PL		50.31	18.97	113430	298	
P	Louga		SN		15.62	-16.22	113365	15	
P	Hoàng Mai	Hoang Mai	VN		19.27	105.72	113360	163	
P	Yaritagua		VE		10.08	-69.12	113343	76	
P	Shahdadpur		PK		25.93	68.62	113342	185	
P	Itumbiara		BR		-18.42	-49.22	113322	139	
P	Khwisero		KE		0.17	34.59	113294	41	
P	Costa Mesa		US		33.64	-117.92	113204	107	
P	Jauharabad		PK		32.29	72.28	113188	185	
P	Miami Gardens		US		25.94	-80.25	113187	123	
P	Bagrām	Bagram	AF		34.97	69.27	113173	183	
P	Chesterfield		GB		53.25	-1.42	113057	268	
P	North Peoria		US		40.72	-89.58	113004	79	
P	Shchyolkovo		RU		55.92	37.97	113000	275	
P	Al Fashn		EG		28.82	30.90	112999	12	
P	Fairfield		US		38.25	-122.04	112970	107	
P	Guanabacoa		CU		23.13	-82.30	112964	99	
P	Hammanskraal		ZA		-25.41	28.29	112950	23	
P	Ōshū	Oshu	JP		39.14	141.17	112937	218	
P	Taourirt		MA		34.41	-2.90	112908	13	
P	Ţalkhā	Talkha	EG		31.05	31.38	112851	12	
P	Neili		TW		24.97	121.26	112845	213	
P	Vihari		PK		30.04	72.36	112840	185	
P	Taonan		CN		45.33	122.78	112819	211	
P	Youkaichi		JP		35.12	136.20	112819	218	
P	Kazo		JP		36.12	139.60	112792	218	
P	Santa Lucía Cotzumalguapa	Santa Lucia Cotzumalguapa	GT		14.34	-91.02	112780	95	
P	Jönköping	Joenkoeping	SE		57.78	14.16	112766	289	
P	Tadepalligudem		IN		16.81	81.53	112655	187	
P	Haikou		CN	29	24.78	102.58	112644	211	
P	Lansing		US		42.73	-84.56	112644	86	
P	Chanduasi		IN		28.45	78.78	112635	187	
P	Bagaha		IN		27.10	84.09	112634	187	
P	Nefteyugansk		RU		61.10	72.60	112632	226	
P	Reutlingen		DE		48.49	9.20	112627	249	
P	Upata		VE		8.02	-62.41	112617	76	
P	Shaowu		CN		27.34	117.48	112585	211	
P	Mengmao		CN		24.00	97.86	112578	211	
P	Lawang		ID		-7.84	112.69	112540	180	
P	Bouskoura		MA		33.45	-7.65	112501	13	
P	Satu Mare		RO		47.80	22.86	112490	252	
P	Itanhaém	Itanhaem	BR		-24.18	-46.79	112476	139	
P	Kaiyuan		CN	19	42.53	124.04	112462	211	
P	Kisii		KE		-0.68	34.77	112417	41	
P	Petržalka	Petrzalka	SK		48.12	17.13	112380	250	
P	Kāzerūn	Kazerun	IR		29.62	51.65	112360	216	
P	Achalpur		IN		21.26	77.51	112311	187	
P	Planaltina		BR	29	-15.45	-47.61	112304	139	
P	Guanare		VE		9.04	-69.73	112286	76	
P	Wuzhishan		CN		18.78	109.50	112269	211	
P	Rochester		US	MN	44.02	-92.47	112225	79	
P	Gondal		IN		21.96	70.80	112197	187	
P	Chichawatni		PK		30.53	72.69	112191	185	
P	Farīdpur	Faridpur	BD		23.61	89.84	112187	171	
P	Apopa		SV		13.81	-89.18	112158	89	
P	Carmona		PH		14.31	121.06	112140	194	
P	Laoag		PH		18.20	120.60	112117	194	
P	Elgin		US		42.04	-88.28	112111	79	
P	Dharashiv		IN		18.18	76.04	112085	187	
P	Xigang		CN		38.55	106.35	112061	211	
P	Chóngfú	Chongfu	CN		30.53	120.43	112060	211	
P	Taipa		MO		22.16	113.56	112051	192	
P	Port Blair		IN		11.67	92.75	112050	187	
P	Minatitlán	Minatitlan	MX		18.00	-94.56	112046	117	
P	Esuk Oron		NG		4.80	8.25	112033	29	
P	Atbara		SD		17.70	33.99	112021	26	
P	Vicenza		IT		45.55	11.55	111980	281	
P	Ciudad Guzmán	Ciudad Guzman	MX		19.70	-103.46	111975	117	
P	Ballarat		AU		-37.57	143.85	111973	241	
P	Tocoa		HN		15.68	-86.00	111972	146	
P	West Jordan		US		40.61	-111.94	111946	85	
P	Bagalkot		IN		16.19	75.70	111933	187	
P	Lomas de Zamora		AR		-34.76	-58.40	111897	55	
P	Yeoju		KR		37.30	127.63	111897	210	
P	Dūmā	Duma	SY		33.57	36.40	111864	170	
P	Winterthur		CH		47.51	8.72	111840	300	
P	Novokuybyshevsk		RU		53.10	49.94	111800	282	
P	Bou Saâda	Bou Saada	DZ		35.21	4.17	111787	3	
P	Abnūb	Abnub	EG		27.27	31.15	111785	12	
P	Qūchān	Quchan	IR		37.11	58.51	111752	216	
P	Manacapuru		BR		-3.30	-60.62	111751	111	
P	Kuningan		ID		-6.98	108.48	111742	180	
P	Suriāpet	Suriapet	IN		17.14	79.62	111729	187	
P	Kandy		LK		7.29	80.63	111701	169	
P	Zefta		EG		30.71	31.24	111700	12	
P	Bangaon		IN		23.05	88.83	111693	187	
P	Inglewood		US		33.96	-118.35	111666	107	
P	Kilis		TR		36.72	37.12	111648	261	
P	Terrebonne		CA		45.70	-73.65	111575	148	
P	Set Ka Lay		MM		16.81	96.11	111514	225	
P	Chelmsford		GB		51.74	0.47	111511	268	
P	Chiquimula		GT		14.80	-89.55	111505	95	
P	Cileunyi		ID		-6.94	107.75	111476	180	
P	Ashoknagar Kalyangarh		IN		22.86	88.64	111475	187	
P	Mongu		ZM		-15.25	23.13	111450	34	
P	Mulhouse		FR		47.75	7.33	111430	277	
P	Al Fqih Ben Çalah	Al Fqih Ben Calah	MA		32.50	-6.69	111402	13	
P	Pulilan		PH		14.90	120.85	111384	194	
P	Beau Bassin-Rose Hill		MU		-20.23	57.47	111355	308	
P	Tuscaloosa		US		33.21	-87.57	111338	79	
P	Sogamoso		CO		5.71	-72.93	111336	72	
P	Mbale		UG		1.08	34.18	111300	25	
P	Montreuil		FR		48.86	2.44	111240	277	
P	Terni		IT		42.56	12.64	111189	281	
P	Deesa		IN		24.26	72.18	111160	187	
P	Navadwīp	Navadwip	IN		23.41	88.37	111123	187	
P	Maran		MY		3.59	102.77	111056	189	
P	Nandurbar		IN		21.37	74.24	111037	187	
P	Kasuga		JP		33.53	130.46	111023	218	
P	Nsukka		NG		6.86	7.40	111017	29	
P	Nguru		NG		12.88	10.46	111014	29	
P	Mabopane		ZA		-25.51	28.06	110972	23	
P	Namur		BE		50.47	4.87	110939	251	
P	Cambé	Cambe	BR		-23.28	-51.28	110923	139	
P	Encheng		CN		22.19	112.30	110921	211	
P	Turhal		TR		40.39	36.08	110884	261	
P	Gò Vấp	Go Vap	VN		10.82	106.68	110850	177	
P	Richardson		US		32.95	-96.73	110815	79	
P	Bokhtar		TJ		37.84	68.78	110800	174	
P	Hadejia		NG		12.45	10.04	110753	29	
P	Zhuji		CN		29.72	120.24	110721	211	
P	Perpignan		FR		42.70	2.90	110706	277	
P	Lowell		US		42.63	-71.32	110699	123	
P	Lavras		BR		-21.25	-45.00	110682	139	
P	São Pedro da Aldeia	Sao Pedro da Aldeia	BR		-22.84	-42.10	110677	139	
P	Caen		FR		49.19	-0.36	110624	277	
P	Açailândia	Acailandia	BR		-4.95	-47.50	110611	90	
P	Borāzjān	Borazjan	IR		29.27	51.22	110567	216	
P	Gresham		US		45.50	-122.43	110553	107	
P	Yenangyaung		MM		20.47	94.87	110553	225	
P	Antioch		US		38.00	-121.81	110542	107	
P	Manzini		SZ		-26.50	31.38	110537	38	
P	Paulínia	Paulinia	BR		-22.76	-47.15	110537	139	
P	St. John's		CA		47.56	-52.71	110525	141	
P	Masindi		UG		1.67	31.71	110500	25	
P	Kfar Saba		IL		32.17	34.91	110456	182	
P	Matsutō	Matsuto	JP		36.52	136.57	110408	218	
P	Cambridge		US		42.38	-71.11	110402	123	
P	Sultānpur	Sultanpur	IN		26.26	82.07	110368	187	
P	Delhi Cantonment		IN		28.60	77.13	110351	187	
P	Bayugan		PH		8.76	125.77	110313	194	
P	Firozpur		IN		30.93	74.61	110313	187	
P	High Point		US		35.96	-80.01	110268	123	
P	Datun		CN		34.81	116.90	110258	211	
P	Manchester		US		43.00	-71.45	110229	123	
P	Bāneh	Baneh	IR		36.00	45.89	110218	216	
P	Gulshan		BD		23.79	90.41	110213	171	
P	Kresek		ID		-6.13	106.38	110182	180	
P	Bender		MD		46.83	29.48	110175	254	
P	Mbombela		ZA		-25.48	30.97	110159	23	
P	Sembawang Estate		SG		1.45	103.83	110090	212	
P	Gabès	Gabes	TN		33.88	10.10	110075	49	
P	Orkney		ZA		-26.98	26.67	110052	23	
P	Qingnian		CN		36.84	115.71	110046	211	
P	Temecula		US		33.49	-117.15	110003	107	
P	An Nu‘mānīyah	An Nu'maniyah	IQ		32.56	45.41	110000	160	
P	Kufa		IQ		32.05	44.44	110000	160	
P	Lucapa		AO		-8.42	20.74	110000	32	
P	Noyabrsk		RU		63.19	75.44	110000	226	
P	Qal‘at Sukkar	Qal'at Sukkar	IQ		31.86	46.07	110000	160	
P	Ressano Garcia		MZ		-25.44	32.00	110000	36	
P	Sengerema		TZ		-2.67	32.65	110000	16	
P	Bataysk		RU		47.14	39.76	109962	275	
P	Pisa		IT		43.71	10.40	109960	281	
P	Linshui		CN		36.42	114.20	109955	211	
P	Kamagaya		JP		35.77	140.00	109932	218	
P	Sutton Coldfield		GB		52.57	-1.82	109899	268	
P	Hailun		CN		47.45	126.92	109881	211	
P	Maramag		PH		7.76	125.01	109864	194	
P	Kecskemét	Kecskemet	HU		46.91	19.69	109847	253	
P	Seversk		RU		56.60	84.89	109844	219	
P	Ciamis		ID		-7.33	108.35	109839	180	
P	Murrieta		US		33.55	-117.21	109830	107	
P	Brovary		UA		50.51	30.79	109806	265	
P	Santo Antônio de Jesus	Santo Antonio de Jesus	BR		-12.97	-39.26	109791	67	
P	Lak Si		TH		13.89	100.58	109770	163	
P	Wakefield		GB		53.68	-1.50	109766	268	
P	Centennial		US		39.58	-104.88	109741	85	
P	Shilong		CN		23.11	113.85	109733	211	
P	Richmond		US	CA	37.94	-122.35	109708	107	
P	Thới Lai	Thoi Lai	VN		10.07	105.56	109684	177	
P	Vilhena		BR		-12.74	-60.15	109651	130	
P	Pandit Deen Dayal Upadhyaya Nagar		IN		25.28	83.12	109650	187	
P	Didao		CN		45.35	130.84	109561	211	
P	Arsuz		TR		36.41	35.89	109550	261	
P	Pelabuhanratu		ID		-6.99	106.55	109523	180	
P	Marugame		JP		34.28	133.78	109513	218	
P	Arzamas		RU		55.40	43.84	109479	275	
P	Habikino		JP		34.55	135.59	109479	218	
P	Phalaborwa		ZA		-23.94	31.14	109468	23	
P	Walthamstow		GB		51.59	-0.02	109424	268	
P	Pueblo		US		38.25	-104.61	109412	85	
P	Ijebu-Igbo		NG		6.97	4.00	109261	29	
P	Sergiyev Posad		RU		56.31	38.14	109252	275	
P	Talisay		PH	06	10.74	122.97	109204	194	
P	San Juan		AR		-31.54	-68.53	109123	62	
P	Sehore		IN		23.20	77.08	109118	187	
P	Jianchang		CN		27.56	116.64	109108	211	
P	Hulan		CN		45.89	126.58	109104	211	
P	Matagalpa		NI		12.93	-85.92	109089	110	
P	Khlong Toei		TH		13.71	100.58	109041	163	
P	Leninsk-Kuznetsky		RU		54.66	86.17	109023	197	
P	Kiryū	Kiryu	JP		36.40	139.33	108991	218	
P	Handeni		TZ		-5.43	38.02	108968	16	
P	Balombo		AO		-12.35	14.77	108965	32	
P	Thunder Bay		CA		48.38	-89.25	108843	148	
P	Iwatsuki		JP		35.96	139.70	108833	218	
P	Pearland		US		29.56	-95.29	108821	79	
P	Dehui		CN		44.54	125.69	108818	211	
P	Pangkalanbuun		ID		-2.68	111.63	108814	202	
P	Waterbury		US		41.56	-73.05	108802	123	
P	Greeley		US		40.42	-104.71	108795	85	
P	Boulogne-Billancourt		FR		48.84	2.24	108782	277	
P	Baia Mare		RO		47.66	23.57	108759	252	
P	Kalisz		PL		51.76	18.09	108759	298	
P	Warīsān	Warisan	AE		25.17	55.41	108759	173	
P	Coronel Fabriciano		BR		-19.52	-42.63	108708	139	
P	Mascara		DZ		35.40	0.14	108629	3	
P	Maranguape		BR		-3.89	-38.69	108622	90	
P	Uromi		NG		6.70	6.33	108608	29	
P	Katumba		TZ		-9.23	33.62	108558	16	
P	Móng Cái	Mong Cai	VN		21.52	107.97	108553	163	
P	Kanpur Cantonment		IN		26.46	80.38	108534	187	
P	Komatsu		JP		36.40	136.45	108509	218	
P	West Covina		US		34.07	-117.94	108484	107	
P	Enterprise		US		36.03	-115.24	108481	107	
P	Bānsbāria	Bansbaria	IN		22.95	88.40	108474	187	
P	Girón	Giron	CO		7.07	-73.17	108466	72	
P	Baghlān	Baghlan	AF		36.13	68.71	108449	183	
P	Muriaé	Muriae	BR		-21.13	-42.37	108447	139	
P	Hanjia		CN		29.30	108.16	108430	211	
P	Trincomalee		LK		8.58	81.23	108420	169	
P	Santiago		PH		16.69	121.55	108414	194	
P	Taibai		CN		30.82	108.36	108387	211	
P	Dagenham		GB		51.55	0.17	108368	268	
P	Xuyong		CN		28.17	105.43	108352	211	
P	North Charleston		US		32.85	-79.97	108304	123	
P	Sohar		OM		24.35	56.71	108274	195	
P	Nehe		CN		48.48	124.87	108253	211	
P	Abu Gharaq		IQ		32.53	44.34	108212	160	
P	Oktyabrsky		RU		54.48	53.47	108200	226	
P	Tadpatri		IN		14.91	78.01	108171	187	
P	Birnin Kebbi		NG		12.45	4.20	108164	29	
P	Santa Cruz		PH		14.28	121.42	108145	194	
P	Everett		US		47.98	-122.20	108010	107	
P	An Nuhūd	An Nuhud	SD		12.70	28.43	108008	26	
P	Ŭllyul	Ullyul	KP		38.51	125.19	107997	203	
P	Rijeka		HR		45.33	14.44	107964	299	
P	Douliu		TW		23.71	120.54	107924	213	
P	Luis Eduardo Magalhães	Luis Eduardo Magalhaes	BR		-12.09	-45.79	107909	67	
P	Catbalogan		PH		11.78	124.89	107896	194	
P	College Station		US		30.63	-96.33	107889	79	
P	As Salţ	As Salt	JO		32.04	35.73	107874	155	
P	Mishima		JP		35.12	138.92	107851	218	
P	Baía Farta	Baia Farta	AO		-12.60	13.20	107841	32	
P	Jalpāiguri	Jalpaiguri	IN		26.52	88.73	107832	187	
P	Jalai Nur		CN		49.45	117.70	107828	211	
P	Tajimi		JP		35.32	137.13	107818	218	
P	Castelar		AR		-34.65	-58.64	107786	55	
P	Pompano Beach		US		26.24	-80.12	107762	123	
P	Coronel		CL		-37.03	-73.14	107759	137	
P	Bacabal		BR		-4.23	-44.78	107755	90	
P	Novo Gama		BR		-16.06	-48.04	107663	139	
P	Dusit		TH		13.78	100.52	107655	163	
P	Mandurah		AU		-32.53	115.72	107643	242	
P	Basingstoke		GB		51.26	-1.09	107642	268	
P	Bandırma	Bandirma	TR		40.35	27.98	107631	261	
P	Maidstone		GB		51.27	0.52	107627	268	
P	Tieli		CN		46.98	128.05	107621	211	
P	Umm Qaşr	Umm Qasr	IQ		30.04	47.92	107620	160	
P	Butterworth		MY		5.40	100.36	107591	189	
P	Shaping		CN		22.77	112.96	107589	211	
P	Labé	Labe	GN		11.32	-12.28	107571	14	
P	Chālūs	Chalus	IR		36.66	51.42	107490	216	
P	Koszalin		PL		54.19	16.17	107450	298	
P	Bolzano		IT		46.49	11.34	107436	281	
P	South Fulton		US		33.59	-84.67	107436	123	
P	Ubá	Uba	BR		-21.12	-42.94	107423	139	
P	Sherpur		BD		25.02	90.02	107419	171	
P	Obninsk		RU		55.11	36.61	107392	275	
P	Girardot City		CO		4.30	-74.81	107324	72	
P	Koblenz		DE		50.35	7.58	107319	249	
P	Itaperuna		BR		-21.20	-41.89	107246	139	
P	Siegen		DE		50.87	8.02	107242	249	
P	Mangalagiri		IN		16.43	80.57	107197	187	
P	Thohoyandou		ZA		-22.95	30.48	107144	23	
P	As Suwayq		OM		23.85	57.44	107143	195	
P	Norwalk		US		33.90	-118.08	107140	107	
P	Yên Vinh	Yen Vinh	VN		18.67	105.67	107082	163	
P	Mitrovicë	Mitrovice	XK		42.88	20.87	107045	248	
P	Yevpatoriya		UA		45.20	33.37	107040	286	
P	Pati		ID		-6.76	111.04	107028	180	
P	Elista		RU		46.31	44.26	106971	275	
P	Dera Murad Jamali		PK		28.55	68.22	106952	185	
P	Taungoo		MM		18.94	96.43	106945	225	
P	Bedford		GB		52.13	-0.47	106940	268	
P	Bagong Silangan		PH		14.71	121.11	106886	194	
P	Kangnyŏng	Kangnyong	KP		37.91	125.51	106827	203	
P	Catia La Mar		VE		10.61	-67.03	106822	76	
P	Boulder		US		40.01	-105.27	106803	85	
P	Anning		CN		24.92	102.48	106795	211	
P	Ituiutaba		BR		-18.97	-49.46	106775	139	
P	Rayong		TH		12.68	101.26	106737	163	
P	Sirte		LY		31.21	16.59	106705	48	
P	Kotri		PK		25.37	68.31	106615	185	
P	Cherëmushki	Cheremushki	RU		55.66	37.56	106587	275	
P	Broken Arrow		US		36.05	-95.79	106563	79	
P	Daly City		US		37.71	-122.46	106562	107	
P	Cikarang		ID		-6.26	107.15	106479	180	
P	Arlit		NE		18.74	7.39	106448	43	
P	Bahārestān	Baharestan	IR		32.49	51.77	106433	216	
P	Ba Đồn	Ba GJon	VN		17.75	106.42	106413	163	
P	Ranebennur		IN		14.62	75.63	106406	187	
P	Longjiang		CN		47.34	123.20	106384	211	
P	Hwado		KR		37.65	127.31	106358	210	
P	Buhe		CN		30.29	112.23	106347	211	
P	Hammamet		TN		36.40	10.62	106326	49	
P	Pindiga		NG		9.98	10.95	106322	29	
P	Berdyansk		UA		46.76	36.79	106311	265	
P	Toufen		TW		24.69	120.91	106310	213	
P	Mīāneh	Mianeh	IR		37.42	47.72	106291	216	
P	Dakhla		EH		23.68	-15.96	106277	19	
P	Paniqui		PH		15.67	120.58	106190	194	
P	Novotroitsk		RU		51.20	58.31	106186	226	
P	Bergisch Gladbach		DE		50.99	7.13	106184	249	
P	Rangamati		BD		22.64	92.19	106069	171	
P	Alchevsk		UA		48.47	38.80	106062	265	
P	Sơn La	Son La	VN		21.33	103.92	106052	163	
P	Mingachevir		AZ		40.76	47.06	106048	162	
P	Legnica		PL		51.21	16.16	106033	298	
P	Drammen		NO		59.74	10.20	106013	276	
P	Pare		ID		-7.77	112.20	106007	180	
P	Tokoza		ZA		-26.36	28.13	106000	23	
P	Balsas		BR		-7.53	-46.04	105974	90	
P	Sydney		CA		46.14	-60.18	105968	91	
P	Derbent		RU		42.07	48.29	105965	275	
P	Xinghua		CN		32.94	119.83	105918	211	
P	Khurja		IN		28.25	77.86	105909	187	
P	Mati		PH		6.96	126.22	105908	194	
P	Arjawinangun		ID		-6.65	108.41	105845	180	
P	Le Plateau-Mont-Royal		CA		45.53	-73.58	105813	148	
P	Funchal		PT		32.67	-16.93	105795	232	
P	Kishanganj		IN		26.10	87.96	105782	187	
P	Yautepec		MX		18.88	-99.07	105780	117	
P	Jataí	Jatai	BR		-17.88	-51.72	105729	139	
P	Azare		NG		11.67	10.19	105687	29	
P	Nantou		TW		23.92	120.66	105682	213	
P	Ipojuca		BR		-8.40	-35.06	105638	133	
P	Lahad Datu		MY		5.02	118.33	105622	190	
P	Subulussalam		ID		2.66	97.88	105553	180	
P	Paragominas		BR		-3.00	-47.35	105550	69	
P	Bukama		CD		-9.20	25.85	105530	33	
P	Ponnāni	Ponnani	IN		10.77	75.93	105512	187	
P	Tanza		PH		14.68	120.94	105510	194	
P	Inzai		JP		35.83	140.16	105463	218	
P	Bhairab Bāzār	Bhairab Bazar	BD		24.05	90.98	105457	171	
P	Hindaun		IN		26.73	77.04	105452	187	
P	Jamālpur	Jamalpur	IN		25.31	86.49	105434	187	
P	Abū Tīj	Abu Tij	EG		27.05	31.32	105418	12	
P	Coatepeque		GT		14.70	-91.86	105415	95	
P	Baraki		DZ		36.67	3.10	105402	3	
P	Robāţ Karīm	Robat Karim	IR		35.48	51.08	105393	216	
P	'Ākra	'Akra	IQ		36.73	43.88	105370	160	
P	Sandy Springs		US		33.92	-84.38	105330	123	
P	Burbank		US		34.18	-118.31	105319	107	
P	Taling Chan		TH		13.78	100.46	105299	163	
P	San Justo		AR		-34.68	-58.56	105274	55	
P	Hòa Bình	Hoa Binh	VN		20.82	105.34	105260	163	
P	Saint-Paul		RE		-21.01	55.27	105240	310	
P	Ourense		ES		42.34	-7.86	105233	270	
P	Nāgaur	Nagaur	IN		27.20	73.73	105218	187	
P	Riacho Fundo II		BR		-15.90	-48.05	105210	139	
P	Green Bay		US		44.52	-88.02	105207	79	
P	Mityana		UG		0.42	32.02	105200	25	
P	Jizan		SA		16.89	42.55	105198	207	
P	Texcoco de Mora		MX		19.51	-98.88	105165	117	
P	Bang Bon		TH		13.66	100.40	105161	163	
P	Nikopol		UA		47.57	34.39	105160	265	
P	Slovyansk		UA		48.85	37.60	105141	265	
P	Santa Maria		US		34.95	-120.44	105093	107	
P	San Francisco De Borja		PE		-12.09	-77.00	105076	106	
P	Yidu		CN		36.77	118.42	105070	211	
P	Nancy		FR		48.68	6.18	105058	277	
P	Kuala Krai		MY		5.53	102.20	105007	189	
P	Zhonghe		CN		28.45	108.99	105003	211	
P	Puyang Chengguanzhen		CN		35.71	115.03	104994	211	
P	Ikeda		JP		34.82	135.43	104993	218	
P	Waterloo		CA		43.47	-80.52	104986	148	
P	Ambala Sadar		IN		30.34	76.86	104974	187	
P	Chinautla		GT		14.70	-90.50	104972	95	
P	Salzgitter		DE		52.16	10.42	104970	249	
P	Ville-Marie		CA		45.50	-73.57	104944	148	
P	Bhiwadi		IN		28.21	76.86	104921	187	
P	Būndi	Bundi	IN		25.44	75.64	104919	187	
P	Miryalaguda		IN		16.87	79.56	104918	187	
P	Daxing		CN		39.74	116.33	104904	211	
P	Assis		BR		-22.66	-50.41	104858	139	
P	Santa Cruz do Capibaribe		BR		-7.96	-36.20	104854	133	
P	Yezhou		CN		30.60	109.72	104839	211	
P	Hidalgo del Parral		MX		26.93	-105.67	104836	80	
P	Saijō	Saijo	JP		33.92	133.18	104791	218	
P	Jena		DE		50.93	11.59	104712	249	
P	Wichita Falls		US		33.91	-98.49	104710	79	
P	Brantford		CA		43.13	-80.27	104688	148	
P	Gera		DE		50.88	12.08	104659	249	
P	Tuyên Quang	Tuyen Quang	VN		21.82	105.21	104645	163	
P	Al Fāw	Al Faw	IQ		29.97	48.47	104569	160	
P	Angoche		MZ		-16.23	39.91	104540	36	
P	Depok		ID	10	-7.76	110.43	104527	180	
P	Toride		JP		35.90	140.08	104524	218	
P	Mostar		BA		43.34	17.81	104518	284	
P	Mazyr		BY		52.04	29.22	104517	273	
P	Kamloops		CA		50.67	-120.32	104460	150	
P	Mazabuka		ZM		-15.86	27.75	104412	34	
P	Lakeland		US		28.04	-81.95	104401	123	
P	Zhezqazghan		KZ		47.79	67.71	104357	154	
P	Pailou		CN		30.80	108.39	104351	211	
P	Lo Prado		CL		-33.44	-70.73	104316	137	
P	Tizi Ouzou		DZ		36.71	4.05	104312	3	
P	Pulandian		CN		39.40	121.97	104277	211	
P	Helsingborg		SE		56.05	12.69	104250	289	
P	Abreu e Lima		BR		-7.91	-34.90	104248	133	
P	Kot Addu		PK		30.47	70.97	104217	185	
P	Bouaflé	Bouafle	CI		6.99	-5.74	104209	0	
P	Kara		TG		9.55	1.19	104207	31	
P	Clovis		US		36.83	-119.70	104180	107	
P	Kafue		ZM		-15.77	28.18	104174	34	
P	Campo Mourão	Campo Mourao	BR		-24.04	-52.38	104122	139	
P	Salaqi		CN		40.54	110.51	104090	211	
P	Kalulushi		ZM		-12.84	28.09	104046	34	
P	Lewisville		US		33.05	-96.99	104039	79	
P	Oued Zem		MA		32.86	-6.57	104029	13	
P	Kiselëvsk	Kiselevsk	RU		53.99	86.66	104000	197	
P	Soyībug	Soyibug	IN		34.08	74.71	104000	187	
P	Weldiya		ET		11.83	39.59	104000	2	
P	Jishu		CN		44.32	126.80	103988	211	
P	El Kelaa des Srarhna		MA		32.05	-7.41	103982	13	
P	Séguéla	Seguela	CI		7.96	-6.67	103980	0	
P	Ourinhos		BR		-22.98	-49.87	103970	139	
P	Totonicapán	Totonicapan	GT		14.91	-91.36	103952	95	
P	Ad-Damir		SD		17.60	33.97	103941	26	
P	Jagtiāl	Jagtial	IN		18.79	78.92	103930	187	
P	Woking		GB		51.32	-0.56	103900	268	
P	Roorkee		IN		29.87	77.89	103894	187	
P	Edéa	Edea	CM		3.80	10.13	103861	18	
P	Yuxi		CN		24.36	102.54	103829	211	
P	Lincoln		GB		53.23	-0.54	103813	268	
P	Poá	Poa	BR		-23.53	-46.34	103765	139	
P	Bashan		CN		27.77	116.05	103748	211	
P	Nkpor		NG		6.15	6.83	103733	29	
P	Berbérati	Berberati	CF		4.26	15.79	103713	6	
P	Sangla Hill		PK		31.72	73.38	103709	185	
P	Tongren		CN		35.51	102.02	103700	211	
P	Tyler		US		32.35	-95.30	103700	79	
P	Male		MV		4.18	73.51	103693	307	
P	El Cajon		US		32.79	-116.96	103679	107	
P	Piacenza		IT		45.05	9.69	103607	281	
P	Gardez		AF		33.60	69.23	103601	183	
P	Zhanaozen		KZ		43.34	52.86	103598	156	
P	Gangu Chengguanzhen		CN		34.74	105.33	103589	211	
P	Teziutlan		MX		19.82	-97.36	103583	117	
P	Kolda		SN		12.89	-14.94	103574	15	
P	Udgīr	Udgir	IN		18.39	77.12	103550	187	
P	San Mateo		US		37.56	-122.33	103536	107	
P	Viseu		PT		40.66	-7.91	103502	266	
P	Nagda		IN		23.46	75.42	103501	187	
P	Moers		DE		51.45	6.63	103487	249	
P	Brandon		US		27.94	-82.29	103483	123	
P	Buzău	Buzau	RO		45.15	26.83	103481	252	
P	Reus		ES		41.16	1.11	103477	270	
P	Prabumulih		ID		-3.43	104.23	103470	180	
P	Itabaiana		BR		-10.69	-37.43	103440	109	
P	Francistown		BW		-21.17	27.51	103417	21	
P	Isehara		JP		35.40	139.31	103401	218	
P	Queluz		PT		38.76	-9.25	103399	266	
P	Betūl	Betul	IN		21.90	77.90	103330	187	
P	Chikushino-shi		JP		33.50	130.52	103311	218	
P	Turgutlu		TR		38.50	27.70	103292	261	
P	Lida		BY		53.88	25.30	103262	273	
P	Taitung		TW		22.76	121.14	103260	213	
P	San		ML		13.30	-4.90	103227	5	
P	Jahānābād	Jahanabad	IN		25.21	84.99	103202	187	
P	Lethbridge		CA		49.70	-112.82	103197	88	
P	Velikiye Luki		RU		56.34	30.54	103149	275	
P	Kashipur		IN		29.21	78.96	103138	187	
P	Rialto		US		34.11	-117.37	103132	107	
P	West Bromwich		GB		52.52	-1.99	103112	268	
P	Ghazīpur	Ghazipur	IN		25.58	83.59	103095	187	
P	Tanjung Pandan		ID		-2.73	107.63	103062	180	
P	Ikere-Ekiti		NG		7.50	5.23	103054	29	
P	Hildesheim		DE		52.15	9.95	103052	249	
P	Kharian		PK		32.82	73.89	103036	185	
P	Bendigo		AU		-36.76	144.28	103034	241	
P	Rantauprapat		ID		2.10	99.83	103009	180	
P	Amaravati		IN		16.51	80.52	103000	187	
P	Nkayi		CG		-4.18	13.29	103000	10	
P	Pārsābād	Parsabad	IR		39.65	47.92	102996	216	
P	Lahān	Lahan	NP		26.72	86.48	102955	186	
P	Liberec		CZ		50.77	15.06	102951	279	
P	Nagapattinam		IN		10.76	79.84	102905	187	
P	Qurayyat		SA		31.33	37.34	102903	207	
P	Buxar		IN		25.58	83.98	102861	187	
P	Portmore		JM		17.97	-76.89	102861	102	
P	Santa Rosa		AR		-36.62	-64.29	102860	61	
P	Palma Soriano		CU		20.21	-75.99	102826	99	
P	Pushkino		RU		55.99	37.83	102816	275	
P	Khushāb	Khushab	PK		32.30	72.35	102793	185	
P	Lafiagi		NG		8.85	5.42	102779	29	
P	Caieiras		BR		-23.36	-46.74	102775	139	
P	Xincheng		CN		41.71	82.93	102752	221	
P	Pasrur		PK		32.26	74.66	102717	185	
P	Belawan		ID		3.78	98.68	102707	180	
P	Pano Aqil		PK		27.86	69.11	102701	185	
P	Piatra Neamţ	Piatra Neamt	RO		46.92	26.33	102688	252	
P	Cabudare		VE		10.03	-69.26	102686	76	
P	Erlangen		DE		49.59	11.01	102675	249	
P	Tepexpan		MX		19.61	-98.94	102667	117	
P	Tivaouane		SN		14.95	-16.82	102658	15	
P	Entebbe		UG		0.06	32.48	102600	25	
P	Davenport		US		41.52	-90.58	102582	79	
P	Darnah		LY		32.77	22.64	102581	48	
P	Dayrūţ	Dayrut	EG		27.56	30.81	102570	12	
P	Edison		US		40.52	-74.41	102548	123	
P	Curicó	Curico	CL		-34.98	-71.24	102438	137	
P	Kangsŏn	Kangson	KP		38.94	125.58	102436	203	
P	La Vega		DO		19.22	-70.53	102426	138	
P	Shāhzādpur	Shahzadpur	BD		24.18	89.60	102420	171	
P	Tulancingo		MX		20.08	-98.37	102406	117	
P	Yono		JP		35.88	139.63	102364	218	
P	Apatzingán	Apatzingan	MX		19.09	-102.36	102362	117	
P	Hillsboro		US		45.52	-122.99	102347	107	
P	Mormugao		IN		15.39	73.81	102345	187	
P	Seoni		IN		22.09	79.55	102343	187	
P	Shabqadar		PK		34.22	71.55	102340	185	
P	Sabanalarga		CO		10.63	-74.92	102334	72	
P	Jishou		CN		28.32	109.73	102332	211	
P	Ngong		KE		-1.35	36.67	102323	41	
P	Francisco Beltrão	Francisco Beltrao	BR		-26.08	-53.05	102312	139	
P	Artëm	Artem	RU		43.36	132.19	102300	223	
P	Sebeta		ET		8.92	38.62	102300	2	
P	Tsuyama		JP		35.05	134.00	102294	218	
P	Limerick		IE		52.66	-8.62	102287	256	
P	Aurangābād	Aurangabad	IN		24.75	84.37	102244	187	
P	Lampa		CL		-33.29	-70.88	102234	137	
P	Sungai Penuh		ID		-2.06	101.39	102224	180	
P	Ukhta		RU		63.57	53.69	102187	275	
P	Japeri		BR		-22.64	-43.65	102171	139	
P	Nakhon Si Thammarat		TH		8.43	99.97	102152	163	
P	Kani		JP		35.40	137.06	102143	218	
P	Shuifu		CN		28.63	104.41	102143	211	
P	Ōnojō	Onojo	JP		33.54	130.48	102085	218	
P	Kot Radha Kishan		PK		31.17	74.10	102057	185	
P	Al Jumayl		LY		32.85	12.06	102000	48	
P	Maldonado		UY		-34.90	-54.95	102000	120	
P	Venlo		NL		51.37	6.17	101988	244	
P	Mairiporã	Mairipora	BR		-23.32	-46.59	101937	139	
P	Novara		IT		45.45	8.62	101916	281	
P	Shūshtar	Shushtar	IR		32.05	48.85	101878	216	
P	Al-Musayab		IQ		32.78	44.29	101873	160	
P	Parintins		BR		-2.63	-56.74	101855	111	
P	Hedong		CN		23.92	115.78	101825	211	
P	Hinganghāt	Hinganghat	IN		20.55	78.84	101805	187	
P	Zonguldak		TR		41.45	31.79	101749	261	
P	Iğdır	Igdir	TR		39.92	44.05	101700	261	
P	Kawachi-Nagano		JP		34.44	135.58	101692	218	
P	Eastbourne		GB		50.77	0.28	101689	268	
P	Dhamtari		IN		20.71	81.55	101677	187	
P	Delta		CA		49.09	-123.05	101668	150	
P	Orsha		BY		54.51	30.40	101662	273	
P	Worcester		GB		52.19	-2.22	101659	268	
P	Las Cruces		US		32.31	-106.78	101643	85	
P	Székesfehérvár	Szekesfehervar	HU		47.19	18.41	101600	253	
P	Lagarto		BR		-10.92	-37.65	101579	109	
P	Bath		GB		51.38	-2.36	101557	268	
P	Sidi Slimane		MA		34.26	-5.93	101541	13	
P	Leme		BR		-22.19	-47.39	101537	139	
P	Iida		JP		35.52	137.82	101536	218	
P	Los Puertos de Altagracia		VE		10.71	-71.52	101527	76	
P	South Bend		US		41.68	-86.25	101516	101	
P	Kansk		RU		56.20	95.72	101502	188	
P	Chilliwack		CA		49.17	-121.95	101491	150	
P	Queenstown Estate		SG		1.29	103.80	101480	212	
P	Argenteuil		FR		48.95	2.25	101475	277	
P	Khanty-Mansiysk		RU		61.00	69.03	101466	226	
P	Isulan		PH		6.63	124.61	101455	194	
P	Mbaké	Mbake	SN		14.79	-15.91	101451	15	
P	Pavlohrad		UA		48.53	35.87	101430	265	
P	Mustafakemalpaşa	Mustafakemalpasa	TR		40.04	28.41	101412	261	
P	Burayu		ET		9.04	38.66	101400	2	
P	Chilakalūrupet	Chilakalurupet	IN		16.09	80.17	101398	187	
P	Malappuram		IN		11.04	76.08	101386	187	
P	Ébolowa	Ebolowa	CM		2.90	11.15	101363	18	
P	Dartmouth		CA		44.67	-63.58	101343	98	
P	Orihuela		ES		38.08	-0.94	101321	270	
P	Sangju		KR		36.42	128.16	101267	210	
P	Perling		MY		1.48	103.68	101263	189	
P	Albany		US		42.65	-73.76	101228	123	
P	São Cristóvão	Sao Cristovao	BR		-11.01	-37.21	101213	109	
P	Medina Estates		GH		5.67	-0.16	101207	1	
P	Chakwal		PK		32.93	72.85	101200	185	
P	Ngã Bảy	Nga Bay	VN		9.81	105.82	101192	177	
P	Gillingham		GB		51.39	0.55	101187	268	
P	Suruç	Suruc	TR		36.98	38.43	101178	261	
P	Huacheng		CN		24.07	115.61	101165	211	
P	Ocaña	Ocana	CO		8.24	-73.36	101158	72	
P	Hồng Ngự	Hong Ngu	VN		10.80	105.35	101155	177	
P	Daoukro		CI		7.06	-3.96	101136	0	
P	Tokuyama		JP		34.05	131.82	101133	218	
P	Ţimā	Tima	EG		26.91	31.43	101130	12	
P	Donghae City		KR		37.54	129.11	101128	210	
P	Standerton		ZA		-26.93	29.24	101101	23	
P	Kanoya		JP		31.38	130.85	101096	218	
P	Mokopane		ZA		-24.19	29.01	101090	23	
P	Dikirnis		EG		31.09	31.59	101082	12	
P	New Bedford		US		41.64	-70.93	101079	123	
P	Lāhījān	Lahijan	IR		37.20	50.01	101073	216	
P	Leuven		BE		50.88	4.70	101032	251	
P	Mezhdurechensk		RU		53.69	88.06	101026	197	
P	Bānswāra	Banswara	IN		23.54	74.44	101017	187	
P	Jolo		PH		6.05	121.00	101002	194	
P	Elbasan		AL		41.11	20.08	100903	291	
P	Ijok		MY		3.32	101.40	100899	189	
P	Vista		US		33.20	-117.24	100890	107	
P	Davie		US		26.06	-80.23	100882	123	
P	Errachidia		MA		31.93	-4.43	100870	13	
P	Twifu Praso		GH		5.61	-1.55	100851	1	
P	Red Deer		CA		52.27	-113.80	100844	88	
P	Solikamsk		RU		59.67	56.74	100812	226	
P	El Progreso		HN		15.40	-87.80	100810	146	
P	Chirmiri		IN		23.19	82.35	100800	187	
P	Barra do Piraí	Barra do Pirai	BR		-22.47	-43.83	100764	139	
P	Chikusei		JP		36.32	139.98	100753	218	
P	Sungailiat		ID		-1.85	106.12	100750	180	
P	Arezzo		IT		43.46	11.88	100734	281	
P	Calasiao		PH		16.01	120.36	100686	194	
P	Glazov		RU		58.14	52.66	100676	282	
P	Rosarito		MX		32.36	-117.05	100660	147	
P	Ahar		IR		38.48	47.07	100641	216	
P	Kallithéa	Kallithea	GR		37.95	23.70	100641	247	
P	Juan Díaz	Juan Diaz	PA		9.04	-79.44	100636	125	
P	Yên Bái	Yen Bai	VN		21.72	104.91	100631	163	
P	Grogol		ID		-7.60	110.82	100613	180	
P	Nāḩiyat al Iskandarīyah	Nahiyat al Iskandariyah	IQ		32.89	44.35	100600	160	
P	Puerto Barrios		GT		15.73	-88.60	100593	95	
P	Bakwa		CD		4.13	27.40	100575	33	
P	Itārsi	Itarsi	IN		22.61	77.76	100574	187	
P	Votuporanga		BR		-20.42	-49.97	100568	139	
P	Si Maha Phot		TH		13.97	101.51	100563	163	
P	Hà Tiên	Ha Tien	VN		10.38	104.49	100560	177	
P	Los Rastrojos		VE		10.03	-69.24	100497	76	
P	Masjed Soleymān	Masjed Soleyman	IR		31.94	49.30	100497	216	
P	Vasco da Gama		IN		15.40	73.82	100485	187	
P	Barakaldo		ES		43.30	-2.99	100435	270	
P	Ermelo		ZA		-26.53	29.98	100324	23	
P	Klagenfurt am Wörthersee	Klagenfurt am Woerthersee	AT		46.62	14.31	100316	295	
P	Linxi		CN		39.71	118.45	100316	211	
P	Tiébo	Tiebo	SN		14.63	-16.23	100289	15	
P	Gangtok		IN		27.33	88.61	100286	187	
P	Datia		IN		25.67	78.46	100284	187	
P	Sakado		JP		35.96	139.39	100275	218	
P	Sakata		JP		38.92	139.85	100273	218	
P	Ust’-Ilimsk	Ust'-Ilimsk	RU		58.00	102.66	100271	179	
P	Girona		ES		41.98	2.82	100266	270	
P	Renton		US		47.48	-122.22	100242	107	
P	Chust		UZ		41.00	71.24	100200	214	
P	Kalmunai		LK		7.41	81.83	100171	169	
P	Udine		IT		46.07	13.24	100170	281	
P	Xinzhai		CN		36.40	118.62	100168	211	
P	Phagwāra	Phagwara	IN		31.22	75.77	100146	187	
P	Izumisano		JP		34.42	135.32	100131	218	
P	Trier		DE		49.76	6.64	100129	249	
P	Ginowan		JP		26.26	127.76	100125	218	
P	Inda Silasē	Inda Silase	ET		14.10	38.28	100100	2	
P	Negara		ID		-8.36	114.62	100074	193	
P	Caçapava	Cacapava	BR		-23.10	-45.71	100071	139	
P	Qaşr Bin Ghashīr	Qasr Bin Ghashir	LY		32.68	13.18	100069	48	
P	Renala Khurd		PK		30.88	73.60	100054	185	
P	Punta Cana		DO		18.58	-68.40	100023	138	
P	Roanoke		US		37.27	-79.94	100011	123	
P	Airoli		IN		19.15	73.00	100000	187	
P	Alasia		NG		6.47	3.17	100000	29	
P	Bandar Mahkota Cheras		MY		3.05	101.80	100000	189	
P	Kangding		CN		30.00	101.96	100000	211	
P	Model Town		PK		31.48	74.33	100000	185	
P	Nyagatare		RW		-1.30	30.32	100000	27	
P	P’yŏngsŏng	P'yongsong	KP		39.25	125.87	100000	203	
P	Raja Jang		PK		31.22	74.25	100000	185	
P	Sabt Alalayah		SA		19.58	41.96	100000	207	
P	Sakiet ez Zit		TN		34.80	10.76	100000	49	
P	Sentul		MY		3.18	101.68	100000	189	
P	Seri Manjung		MY		4.20	100.67	100000	189	
P	Shahrak-e Pardīsān	Shahrak-e Pardisan	IR		34.56	50.80	100000	216	
P	Subotica		RS		46.10	19.67	100000	248	
P	Suifenhe		CN		44.40	131.15	100000	211	
P	Tājūrā’	Tajura'	LY		32.88	13.35	100000	48	
P	Yanjia		CN		29.83	107.00	100000	211	
P	Thimphu		BT		27.47	89.64	98676	217	
P	Bridgetown		BB		13.11	-59.62	98511	68	
P	Nouméa	Noumea	NC		-22.27	166.45	93060	323	
P	Fort-de-France		MQ		14.60	-61.07	89995	113	
P	Suva		FJ		-18.14	178.43	77366	314	
P	Luxembourg		LU		49.61	6.13	76684	269	
P	Mbabane		SZ		-26.32	31.13	76218	38	
P	Moroni		KM		-11.70	43.26	74749	304	
P	Gitega		BI		-3.43	29.92	64904	11	
P	Bandar Seri Begawan		BN		4.89	114.94	64409	167	
P	Cayenne		GF		4.94	-52.33	61550	77	
P	Kuwait City		KW		29.37	47.97	60064	191	
P	Honiara		SB		-9.43	159.95	56298	316	
P	Mamoudzou		YT		-12.78	45.23	54831	309	
P	São Tomé	Sao Tome	ST		0.34	6.73	53300	47	
P	Saint John’s	Saint John's	AG		17.12	-61.84	51737	53	
P	Port of Spain		TT		10.67	-61.52	49031	129	
P	Saipan		MP		15.21	145.75	48220	330	
P	Apia		WS		-13.83	-171.77	40407	311	
P	Tarawa		KI		1.33	172.98	40311	332	
P	Banjul		GM		13.45	-16.58	37274	7	
P	Port-Vila		VU		-17.74	168.31	35901	313	
P	Monaco		MC		43.74	7.42	32965	274	
P	Oranjestad		AW		12.52	-70.03	29998	65	
P	George Town		KY		19.29	-81.37	29370	78	
P	Saint Helier		JE		49.19	-2.10	28000	262	
P	Gibraltar		GI		36.14	-5.35	26544	257	
P	Papeete		PF		-17.53	-149.57	26357	331	
P	Douglas		IM		54.15	-4.48	26218	260	
P	Majuro		MH		7.09	171.38	25400	319	
P	Kingstown		VC		13.16	-61.23	24518	145	
P	Victoria		SC		-4.62	55.46	22881	306	
P	Nuku‘alofa	Nuku'alofa	TO		-21.14	-175.20	22400	333	
P	Andorra la Vella		AD		42.51	1.52	20430	245	
P	Castries		LC		14.00	-61.01	20000	143	
P	Charlotte Amalie		VI		18.34	-64.93	20000	144	
P	Roseau		DM		15.30	-61.39	16571	87	
P	Saint Peter Port		GG		49.46	-2.54	16488	258	
P	Nuuk		GL		64.18	-51.72	14798	124	
P	Belmopan		BZ		17.25	-88.76	13381	70	
P	Avarua		CK		-21.21	-159.78	13373	329	
P	Tórshavn	Torshavn	FO		62.01	-6.77	13200	231	
P	Basseterre		KN		17.30	-62.72	12920	142	
P	Pago Pago		AS		-14.28	-170.70	11500	324	
P	Basse-Terre		GP		16.00	-61.73	11472	94	
P	Mariehamn		AX		60.10	19.93	10682	272	
P	Kralendijk		BQ		12.15	-68.27	10620	104	
P	Road Town		VG		18.43	-64.62	8449	149	
P	Saint George's		GD		12.05	-61.75	7500	93	
P	Palikir		FM		6.92	158.16	6942	327	
P	Valletta		MT		35.90	14.51	6794	271	
P	Funafuti		TV		-8.52	179.19	6320	315	
P	Saint-Pierre		PM		46.78	-56.18	6200	118	
P	Gustavia		BL		17.90	-62.85	5988	140	
P	Marigot		MF		18.07	-63.08	5700	112	
P	Vaduz		LI		47.14	9.52	5197	293	
P	San Marino		SM		43.94	12.45	4500	283	
P	Cockburn Town		TC		21.46	-71.14	3720	92	
P	Longyearbyen		SJ		78.22	15.65	2368	152	
P	Stanley		FK		-51.69	-57.86	2213	236	
P	The Valley		AI		18.22	-63.06	2035	52	
P	Ciudad de la Paz		GQ		1.59	10.82	2000	35	
P	Philipsburg		SX		18.03	-63.05	1400	108	
P	Flying Fish Cove		CX		-10.42	105.68	1355	302	
P	Mata-Utu		WF		-13.28	-176.17	1200	334	
P	Yaren		NR		-0.55	166.93	1100	320	
P	Hagåtña	Hagatna	GU		13.48	144.75	1051	317	
P	Hamilton		BM		32.29	-64.78	902	228	
P	Kingston		NF		-29.05	167.97	880	322	
P	Vatican City		VA		41.90	12.45	829	294	
P	Jamestown		SH		-15.92	-5.72	637	235	
P	Alofi		NU		-19.05	-169.92	624	321	
P	West Island		CC		-12.16	96.82	120	303	
P	Adamstown		PN		-25.07	-130.10	46	326	
P	Port-aux-Français	Port-aux-Francais	TF		-49.35	70.22	45	305	
P	Grytviken		GS		-54.28	-36.51	2	234	
P	Ngerulmud		PW		7.50	134.62	0	325	
P	Plymouth		MS		16.71	-62.21	0	121	
